r,m,c,b,f,T,V
1214.360584,-4.27100590294e-24,0.302842519236,0.657956839984,0.81451948384,1.25759061277e-06,-0.00119717838714
1214.362598,4.24788901662e-06,0.302841875815,0.657956159611,0.814518931129,1.25761610269e-06,-0.00119717835331
1214.364613,8.49587413719e-06,0.302841232375,0.657955479216,0.8145183784,1.25770926233e-06,-0.0011971782518
1214.366627,1.27440655581e-05,0.302840588894,0.657954798776,0.814517825635,1.2578701005e-06,-0.00119717808262
1214.368641,1.69925734775e-05,0.302839945352,0.657954118266,0.814517272813,1.25809863322e-06,-0.00119717784574
1214.370655,2.12415081059e-05,0.302839301728,0.657953437664,0.814516719916,1.25839488466e-06,-0.00119717754114
1214.37267,2.54909796556e-05,0.302838658001,0.657952756944,0.814516166924,1.2587588852e-06,-0.00119717716879
1214.374684,2.97410983523e-05,0.302838014149,0.657952076084,0.814515613818,1.25919067303e-06,-0.00119717672865
1214.376698,3.39919744445e-05,0.302837370151,0.657951395059,0.814515060579,1.25969029444e-06,-0.00119717622067
1214.378712,3.82437181841e-05,0.302836725987,0.657950713846,0.814514507186,1.26025780167e-06,-0.0011971756448
1214.380727,4.24964398544e-05,0.302836081634,0.65795003242,0.814513953621,1.26089325546e-06,-0.00119717500099
1214.382741,4.67502497655e-05,0.302835437072,0.657949350758,0.814513399865,1.26159672393e-06,-0.00119717428915
1214.384755,5.10052582345e-05,0.302834792281,0.657948668836,0.814512845898,1.26236828141e-06,-0.00119717350922
1214.38677,5.52615756313e-05,0.302834147237,0.65794798663,0.8145122917,1.26320801114e-06,-0.00119717266111
1214.388784,5.95193123476e-05,0.302833501922,0.657947304116,0.814511737252,1.26411600307e-06,-0.00119717174474
1214.390798,6.37785787957e-05,0.302832856312,0.65794662127,0.814511182536,1.2650923539e-06,-0.00119717076
1214.392812,6.80394854566e-05,0.302832210388,0.657945938069,0.81451062753,1.26613716928e-06,-0.00119716970678
1214.394827,7.23021428272e-05,0.302831564127,0.657945254488,0.814510072217,1.26725056105e-06,-0.00119716858499
1214.396841,7.65666614465e-05,0.30283091751,0.657944570503,0.814509516576,1.26843264859e-06,-0.00119716739449
1214.398855,8.08331519285e-05,0.302830270513,0.657943886091,0.814508960589,1.2696835598e-06,-0.00119716613516
1214.400869,8.51017248983e-05,0.302829623118,0.657943201228,0.814508404235,1.27100342863e-06,-0.00119716480686
1214.402884,8.93724910539e-05,0.302828975301,0.657942515889,0.814507847496,1.27239239732e-06,-0.00119716340946
1214.404898,9.36455611617e-05,0.302828327042,0.657941830051,0.814507290351,1.27385061602e-06,-0.00119716194279
1214.406912,9.79210460052e-05,0.302827678319,0.657941143689,0.814506732782,1.27537824104e-06,-0.00119716040671
1214.408926,0.000102199056469,0.302827029112,0.65794045678,0.814506174769,1.2769754376e-06,-0.00119715880105
1214.410941,0.000106479703488,0.302826379399,0.657939769299,0.814505616291,1.27864237795e-06,-0.00119715712563
1214.412955,0.000110763098037,0.302825729158,0.657939081223,0.814505057331,1.28037924133e-06,-0.00119715538028
1214.414969,0.000115049351213,0.302825078369,0.657938392527,0.814504497868,1.28218621584e-06,-0.0011971535648
1214.416983,0.000119338574147,0.30282442701,0.657937703187,0.814503937882,1.28406349627e-06,-0.00119715167901
1214.418998,0.000123630878034,0.302823775059,0.65793701318,0.814503377355,1.28601128477e-06,-0.00119714972269
1214.421012,0.0001279263742,0.302823122496,0.65793632248,0.814502816266,1.28802979248e-06,-0.00119714769565
1214.423026,0.000132225173996,0.302822469299,0.657935631064,0.814502254595,1.29011923678e-06,-0.00119714559765
1214.42504,0.000136527388874,0.302821815446,0.657934938908,0.814501692324,1.29227984331e-06,-0.00119714342848
1214.427055,0.00014083313041,0.302821160916,0.657934245987,0.814501129433,1.29451184612e-06,-0.0011971411879
1214.429069,0.000145142510199,0.302820505688,0.657933552277,0.814500565901,1.29681548557e-06,-0.00119713887566
1214.431083,0.000149455639983,0.30281984974,0.657932857753,0.81450000171,1.29919101098e-06,-0.00119713649152
1214.433097,0.000153772631603,0.302819193051,0.657932162393,0.814499436839,1.30163867943e-06,-0.00119713403523
1214.435112,0.000158093596933,0.302818535599,0.65793146617,0.814498871268,1.30415875466e-06,-0.00119713150651
1214.437126,0.000162418648029,0.302817877362,0.657930769062,0.814498304979,1.30675150983e-06,-0.00119712890509
1214.43914,0.000166747897016,0.302817218319,0.657930071042,0.81449773795,1.30941722521e-06,-0.0011971262307
1214.441154,0.000171081456085,0.302816558449,0.657929372088,0.814497170163,1.31215618841e-06,-0.00119712348304
1214.443169,0.000175419437626,0.302815897729,0.657928672174,0.814496601597,1.3149686965e-06,-0.00119712066181
1214.445183,0.00017976195407,0.302815236138,0.657927971276,0.814496032232,1.3178550532e-06,-0.00119711776672
1214.447197,0.000184109117964,0.302814573655,0.65792726937,0.81449546205,1.32081557048e-06,-0.00119711479745
1214.449211,0.000188461042044,0.302813910258,0.657926566431,0.814494891029,1.32385056936e-06,-0.00119711175368
1214.451226,0.000192817839075,0.302813245924,0.657925862434,0.814494319149,1.32696037743e-06,-0.00119710863508
1214.45324,0.000197179621997,0.302812580633,0.657925157354,0.814493746391,1.33014533139e-06,-0.00119710544131
1214.455254,0.000201546503906,0.302811914362,0.657924451168,0.814493172735,1.33340577636e-06,-0.00119710217203
1214.457268,0.00020591859794,0.30281124709,0.65792374385,0.814492598161,1.33674206433e-06,-0.00119709882689
1214.459283,0.000210296017455,0.302810578794,0.657923035376,0.814492022648,1.34015455697e-06,-0.00119709540552
1214.461297,0.000214678875906,0.302809909453,0.65792232572,0.814491446176,1.34364362345e-06,-0.00119709190755
1214.463311,0.000219067286859,0.302809239045,0.657921614859,0.814490868726,1.34720964103e-06,-0.00119708833261
1214.465325,0.000223461364104,0.302808567548,0.657920902766,0.814490290277,1.35085299644e-06,-0.0011970846803
1214.46734,0.00022786122151,0.30280789494,0.657920189418,0.814489710808,1.35457408375e-06,-0.00119708095024
1214.469354,0.000232266973068,0.302807221199,0.657919474789,0.8144891303,1.35837330538e-06,-0.00119707714202
1214.471368,0.000236678733028,0.302806546303,0.657918758854,0.814488548733,1.36225107351e-06,-0.00119707325523
1214.473382,0.000241096615682,0.302805870229,0.657918041589,0.814487966085,1.3662078073e-06,-0.00119706928944
1214.475397,0.000245520735514,0.302805192956,0.657917322967,0.814487382337,1.37024393525e-06,-0.00119706524424
1214.477411,0.000249951207234,0.302804514462,0.657916602964,0.814486797468,1.37435989503e-06,-0.00119706111917
1214.479425,0.00025438814559,0.302803834723,0.657915881556,0.814486211458,1.37855613146e-06,-0.0011970569138
1214.481439,0.000258831665591,0.302803153719,0.657915158715,0.814485624286,1.38283309952e-06,-0.00119705262768
1214.483454,0.000263281882423,0.302802471426,0.657914434418,0.814485035932,1.38719126266e-06,-0.00119704826033
1214.485468,0.000267738911327,0.302801787823,0.657913708639,0.814484446374,1.39163109202e-06,-0.00119704381128
1214.487482,0.000272202867862,0.302801102886,0.657912981353,0.814483855594,1.39615306936e-06,-0.00119703928005
1214.489496,0.000276673867701,0.302800416594,0.657912252533,0.814483263569,1.40075768429e-06,-0.00119703466616
1214.491511,0.00028115202663,0.302799728924,0.657911522155,0.814482670279,1.405445435e-06,-0.0011970299691
1214.493525,0.000285637460769,0.302799039854,0.657910790194,0.814482075704,1.41021683024e-06,-0.00119702518837
1214.495539,0.000290130286302,0.302798349361,0.657910056622,0.814481479822,1.41507238632e-06,-0.00119702032344
1214.497553,0.000294630619608,0.302797657422,0.657909321416,0.814480882614,1.42001262914e-06,-0.0011970153738
1214.499568,0.000299138577371,0.302796964014,0.657908584548,0.814480284057,1.42503809471e-06,-0.00119701033889
1214.501582,0.000303654276319,0.302796269116,0.657907845994,0.814479684131,1.43014932663e-06,-0.00119700521819
1214.503596,0.000308177833462,0.302795572704,0.657907105727,0.814479082815,1.43534687912e-06,-0.00119700001113
1214.50561,0.00031270936606,0.302794874755,0.657906363722,0.814478480089,1.44063131578e-06,-0.00119699471716
1214.507625,0.000317248991434,0.302794175248,0.657905619953,0.81447787593,1.44600320837e-06,-0.00119698933569
1214.509639,0.000321796827247,0.302793474157,0.657904874393,0.814477270318,1.45146313972e-06,-0.00119698386615
1214.511653,0.000326352991306,0.302792771462,0.657904127017,0.814476663231,1.45701170116e-06,-0.00119697830794
1214.513667,0.00033091760161,0.302792067139,0.657903377798,0.81447605465,1.46264949378e-06,-0.00119697266046
1214.515682,0.000335490776485,0.302791361164,0.65790262671,0.814475444551,1.46837712938e-06,-0.00119696692311
1214.517696,0.000340072634377,0.302790653515,0.657901873728,0.814474832914,1.47419522821e-06,-0.00119696109525
1214.51971,0.000344663293919,0.302789944169,0.657901118823,0.814474219718,1.48010442057e-06,-0.00119695517626
1214.521724,0.000349262874133,0.302789233102,0.657900361972,0.814473604941,1.48610534784e-06,-0.00119694916549
1214.523739,0.0003538714941,0.302788520291,0.657899603146,0.814472988561,1.49219865962e-06,-0.0011969430623
1214.525753,0.000358489273188,0.302787805713,0.657898842319,0.814472370557,1.49838501666e-06,-0.00119693686602
1214.527767,0.000363116331098,0.302787089345,0.657898079464,0.814471750908,1.50466509015e-06,-0.00119693057599
1214.529781,0.000367752787586,0.302786371162,0.657897314556,0.814471129591,1.51103955982e-06,-0.00119692419152
1214.531796,0.000372398762789,0.302785651142,0.657896547567,0.814470506586,1.51750911751e-06,-0.00119691771191
1214.53381,0.000377054377097,0.302784929261,0.65789577847,0.81446988187,1.52407446471e-06,-0.00119691113648
1214.535824,0.000381719750984,0.302784205495,0.657895007239,0.814469255421,1.53073631226e-06,-0.0011969044645
1214.537838,0.000386395005381,0.302783479821,0.657894233846,0.814468627217,1.53749538353e-06,-0.00119689769525
1214.539853,0.000391080261379,0.302782752215,0.657893458265,0.814467997238,1.54435241093e-06,-0.001196890828
1214.541867,0.000395775640231,0.302782022653,0.657892680468,0.81446736546,1.55130813745e-06,-0.00119688386201
1214.543881,0.000400481263663,0.302781291112,0.657891900428,0.814466731861,1.55836331835e-06,-0.00119687679651
1214.545895,0.000405197253491,0.302780557566,0.657891118118,0.81446609642,1.56551871781e-06,-0.00119686963075
1214.54791,0.000409923731806,0.302779821994,0.657890333511,0.814465459114,1.57277511183e-06,-0.00119686236395
1214.549924,0.000414660821126,0.302779084369,0.657889546578,0.814464819921,1.58013328807e-06,-0.00119685499532
1214.551938,0.000419408644031,0.30277834467,0.657888757294,0.814464178818,1.58759404337e-06,-0.00119684752405
1214.553952,0.000424167323491,0.30277760287,0.657887965629,0.814463535783,1.59515818754e-06,-0.00119683994935
1214.555967,0.000428936982822,0.302776858946,0.657887171556,0.814462890795,1.60282654121e-06,-0.00119683227039
1214.557981,0.000433717745428,0.302776112874,0.657886375049,0.814462243829,1.61059993511e-06,-0.00119682448634
1214.559995,0.000438509735173,0.302775364628,0.657885576077,0.814461594864,1.61847921323e-06,-0.00119681659635
1214.562009,0.000443313076124,0.302774614186,0.657884774615,0.814460943876,1.62646522959e-06,-0.00119680859957
1214.564024,0.000448127892623,0.302773861522,0.657883970633,0.814460290844,1.63455885029e-06,-0.00119680049514
1214.566038,0.000452954309436,0.302773106612,0.657883164104,0.814459635744,1.6427609542e-06,-0.00119679228216
1214.568052,0.000457792451504,0.30277234943,0.657882354999,0.814458978554,1.65107243021e-06,-0.00119678395976
1214.570066,0.000462642444016,0.302771589953,0.657881543291,0.814458319249,1.6594941798e-06,-0.00119677552703
1214.572081,0.000467504412688,0.302770828155,0.65788072895,0.814457657809,1.66802711753e-06,-0.00119676698306
1214.574095,0.000472378483314,0.302770064012,0.657879911948,0.814456994208,1.67667216789e-06,-0.00119675832692
1214.576109,0.000477264782072,0.302769297499,0.657879092257,0.814456328425,1.68543026936e-06,-0.00119674955766
1214.578123,0.00048216343559,0.30276852859,0.657878269848,0.814455660435,1.69430237259e-06,-0.00119674067435
1214.580138,0.000487074570562,0.30276775726,0.657877444693,0.814454990216,1.70328943884e-06,-0.00119673167602
1214.582152,0.000491998314192,0.302766983485,0.657876616762,0.814454317745,1.71239244438e-06,-0.00119672256168
1214.584166,0.000496934794021,0.302766207239,0.657875786026,0.814453642996,1.72161237673e-06,-0.00119671333036
1214.58618,0.000501884137701,0.302765428497,0.657874952457,0.814452965948,1.73095023526e-06,-0.00119670398105
1214.588195,0.000506846473481,0.302764647233,0.657874116026,0.814452286576,1.74040703462e-06,-0.00119669451274
1214.590209,0.000511821929829,0.302763863422,0.657873276702,0.814451604857,1.74998380021e-06,-0.0011966849244
1214.592223,0.00051681063542,0.302763077038,0.657872434457,0.814450920766,1.75968157086e-06,-0.00119667521499
1214.594237,0.000521812719551,0.302762288055,0.657871589262,0.814450234281,1.76950140017e-06,-0.00119666538345
1214.596252,0.000526828311637,0.302761496449,0.657870741086,0.814449545376,1.77944435255e-06,-0.00119665542873
1214.598266,0.000531857541448,0.302760702192,0.6578698899,0.814448854029,1.78951150749e-06,-0.00119664534974
1214.60028,0.000536900539315,0.302759905259,0.657869035675,0.814448160214,1.79970395828e-06,-0.00119663514538
1214.602294,0.000541957435646,0.302759105625,0.65786817838,0.814447463907,1.81002280964e-06,-0.00119662481456
1214.604309,0.000547028361354,0.302758303262,0.657867317985,0.814446765085,1.8204691827e-06,-0.00119661435615
1214.606323,0.000552113447801,0.302757498145,0.657866454461,0.814446063722,1.83104421135e-06,-0.00119660376901
1214.608337,0.000557212826467,0.302756690248,0.657865587777,0.814445359795,1.84174904237e-06,-0.001196593052
1214.610351,0.000562326629411,0.302755879543,0.657864717904,0.814444653278,1.85258483872e-06,-0.00119658220395
1214.612366,0.00056745498896,0.302755066006,0.657863844809,0.814443944147,1.86355277596e-06,-0.00119657122368
1214.61438,0.000572598037806,0.302754249608,0.657862968464,0.814443232378,1.87465404451e-06,-0.00119656011002
1214.616394,0.000577755909167,0.302753430324,0.657862088837,0.814442517945,1.88588985074e-06,-0.00119654886174
1214.618408,0.000582928736492,0.302752608127,0.657861205898,0.814441800823,1.89726141306e-06,-0.00119653747763
1214.620423,0.000588116653546,0.30275178299,0.657860319615,0.814441080988,1.90876996622e-06,-0.00119652595645
1214.622437,0.000593319794763,0.302750954886,0.657859429958,0.814440358414,1.92041676066e-06,-0.00119651429696
1214.624451,0.000598538294679,0.302750123789,0.657858536896,0.814439633076,1.93220305921e-06,-0.00119650249789
1214.626465,0.000603772288318,0.30274928967,0.657857640398,0.814438904948,1.94413014264e-06,-0.00119649055795
1214.62848,0.00060902191127,0.302748452503,0.657856740431,0.814438174006,1.95619930626e-06,-0.00119647847585
1214.630494,0.000614287299213,0.302747612261,0.657855836965,0.814437440223,1.96841185886e-06,-0.00119646625028
1214.632508,0.000619568588468,0.302746768915,0.657854929969,0.814436703575,1.98076912829e-06,-0.00119645387991
1214.634522,0.00062486591578,0.30274592244,0.657854019409,0.814435964035,1.99327245583e-06,-0.00119644136341
1214.636537,0.000630179418034,0.302745072806,0.657853105255,0.814435221577,2.00592319804e-06,-0.0011964286994
1214.638551,0.00063550923287,0.302744219987,0.657852187475,0.814434476176,2.01872273064e-06,-0.00119641588652
1214.640565,0.000640855498194,0.302743363955,0.657851266036,0.814433727805,2.03167244227e-06,-0.00119640292338
1214.642579,0.000646218352182,0.302742504681,0.657850340906,0.814432976439,2.04477373912e-06,-0.00119638980856
1214.644594,0.00065159793378,0.302741642138,0.657849412054,0.814432222051,2.05802804548e-06,-0.00119637654065
1214.646608,0.000656994382089,0.302740776297,0.657848479445,0.814431464615,2.07143679899e-06,-0.0011963631182
1214.648622,0.000662407836647,0.302739907131,0.657847543049,0.814430704104,2.08500145696e-06,-0.00119634953976
1214.650636,0.000667838437696,0.302739034611,0.657846602832,0.814429940492,2.09872349333e-06,-0.00119633580385
1214.652651,0.000673286325571,0.302738158709,0.657845658761,0.814429173753,2.11260439655e-06,-0.00119632190898
1214.654665,0.000678751641239,0.302737279395,0.657844710803,0.814428403858,2.12664567625e-06,-0.00119630785364
1214.656679,0.00068423452622,0.302736396643,0.657843758926,0.814427630782,2.14084885733e-06,-0.00119629363631
1214.658693,0.000689735122187,0.302735510422,0.657842803095,0.814426854498,2.15521548147e-06,-0.00119627925544
1214.660708,0.000695253571514,0.302734620704,0.657841843278,0.814426074978,2.16974711036e-06,-0.00119626470946
1214.662722,0.000700790016932,0.302733727459,0.65784087944,0.814425292195,2.18444532234e-06,-0.00119624999681
1214.664736,0.000706344601605,0.30273283066,0.657839911549,0.814424506122,2.19931171348e-06,-0.00119623511588
1214.66675,0.000711917469353,0.302731930277,0.65783893957,0.814423716732,2.21434790075e-06,-0.00119622006506
1214.668765,0.000717508764279,0.302731026279,0.65783796347,0.814422923996,2.22955551568e-06,-0.00119620484271
1214.670779,0.000723118630874,0.302730118639,0.657836983214,0.814422127888,2.24493621129e-06,-0.00119618944717
1214.672793,0.000728747214455,0.302729207326,0.657835998767,0.814421328379,2.2604916598e-06,-0.00119617387678
1214.674807,0.000734394660465,0.302728292311,0.657835010097,0.814420525441,2.27622354903e-06,-0.00119615812985
1214.676822,0.000740061114944,0.302727373563,0.657834017167,0.814419719047,2.29213359029e-06,-0.00119614220466
1214.678836,0.000745746724625,0.302726451054,0.657833019944,0.814418909168,2.30822351242e-06,-0.00119612609948
1214.68085,0.000751451636353,0.302725524753,0.657832018392,0.814418095776,2.32449506165e-06,-0.00119610981257
1214.682864,0.000757175997757,0.302724594629,0.657831012476,0.814417278842,2.34095000886e-06,-0.00119609334215
1214.684879,0.000762919956987,0.302723660653,0.657830002162,0.814416458339,2.35759014112e-06,-0.00119607668644
1214.686893,0.000768683662359,0.302722722795,0.657828987414,0.814415634237,2.37441726546e-06,-0.00119605984362
1214.688907,0.000774467263117,0.302721781023,0.657827968196,0.814414806508,2.39143321335e-06,-0.00119604281187
1214.690921,0.000780270908827,0.302720835307,0.657826944473,0.814413975123,2.40863983191e-06,-0.00119602558933
1214.692936,0.000786094749379,0.302719885617,0.657825916209,0.814413140052,2.42603899152e-06,-0.00119600817414
1214.69495,0.00079193893561,0.302718931921,0.657824883368,0.814412301267,2.44363258506e-06,-0.0011959905644
1214.696964,0.000797803618534,0.302717974188,0.657823845914,0.814411458739,2.46142252207e-06,-0.00119597275819
1214.698978,0.000803688949706,0.302717012388,0.657822803812,0.814410612437,2.47941073808e-06,-0.00119595475359
1214.700993,0.00080959508153,0.302716046489,0.657821757023,0.814409762333,2.49759918891e-06,-0.00119593654864
1214.703007,0.000815522166523,0.302715076459,0.657820705512,0.814408908396,2.51598984895e-06,-0.00119591814135
1214.705021,0.000821470357969,0.302714102268,0.657819649242,0.814408050597,2.53458472036e-06,-0.00119589952973
1214.707035,0.000827439809822,0.302713123883,0.657818588176,0.814407188907,2.55338582372e-06,-0.00119588071176
1214.70905,0.000833430676224,0.302712141272,0.657817522277,0.814406323294,2.57239520167e-06,-0.00119586168538
1214.711064,0.000839443112147,0.302711154405,0.657816451507,0.814405453729,2.59161492187e-06,-0.00119584244854
1214.713078,0.000845477273024,0.302710163247,0.65781537583,0.814404580181,2.6110470742e-06,-0.00119582299913
1214.715092,0.000851533314785,0.302709167769,0.657814295208,0.81440370262,2.63069376992e-06,-0.00119580333505
1214.717107,0.000857611394163,0.302708167936,0.657813209603,0.814402821015,2.65055714796e-06,-0.00119578345417
1214.719121,0.000863711668229,0.302707163717,0.657812118976,0.814401935336,2.67063936492e-06,-0.0011957633543
1214.721135,0.00086983429452,0.302706155079,0.65781102329,0.814401045551,2.69094260596e-06,-0.00119574303328
1214.723149,0.000875979431569,0.302705141989,0.657809922507,0.81440015163,2.71146908003e-06,-0.00119572248889
1214.725164,0.000882147238061,0.302704124414,0.657808816588,0.814399253541,2.73222101583e-06,-0.00119570171891
1214.727178,0.000888337873393,0.302703102321,0.657807705494,0.814398351253,2.75320067317e-06,-0.00119568072106
1214.729192,0.000894551497801,0.302702075678,0.657806589186,0.814397444734,2.77441033314e-06,-0.00119565949307
1214.731206,0.000900788271648,0.30270104445,0.657805467627,0.814396533953,2.79585229942e-06,-0.00119563803263
1214.733221,0.000907048356244,0.302700008604,0.657804340775,0.814395618878,2.81752890798e-06,-0.00119561633741
1214.735235,0.000913331913516,0.302698968107,0.657803208592,0.814394699478,2.83944251428e-06,-0.00119559440505
1214.737249,0.000919639105598,0.302697922925,0.657802071039,0.814393775719,2.86159550022e-06,-0.00119557223316
1214.739263,0.000925970095726,0.302696873023,0.657800928075,0.81439284757,2.88399027908e-06,-0.00119554981933
1214.741278,0.000932325047526,0.302695818369,0.657799779661,0.814391914999,2.90662928326e-06,-0.00119552716112
1214.743292,0.000938704125009,0.302694758926,0.657798625757,0.814390977973,2.92951497619e-06,-0.00119550425608
1214.745306,0.000945107493316,0.302693694662,0.657797466321,0.814390036458,2.95264984951e-06,-0.0011954811017
1214.74732,0.000951535317802,0.302692625542,0.657796301314,0.814389090423,2.97603641575e-06,-0.00119545769547
1214.749335,0.000957987764466,0.30269155153,0.657795130695,0.814388139835,2.99967722213e-06,-0.00119543403485
1214.751349,0.000964465000317,0.302690472593,0.657793954423,0.814387184659,3.02357484071e-06,-0.00119541011726
1214.753363,0.0009709671925,0.302689388694,0.657792772457,0.814386224863,3.04773186747e-06,-0.0011953859401
1214.755377,0.000977494509072,0.302688299799,0.657791584755,0.814385260414,3.07215093516e-06,-0.00119536150074
1214.757392,0.00098404711889,0.302687205873,0.657790391276,0.814384291278,3.09683469879e-06,-0.00119533679652
1214.759406,0.000990625191033,0.30268610688,0.657789191979,0.81438331742,3.12178584252e-06,-0.00119531182476
1214.76142,0.000997228895555,0.302685002784,0.65778798682,0.814382338807,3.14700708214e-06,-0.00119528658273
1214.763434,0.00100385840309,0.30268389355,0.657786775759,0.814381355405,3.1725011629e-06,-0.0011952610677
1214.765449,0.00101051388482,0.302682779142,0.657785558754,0.81438036718,3.1982708565e-06,-0.00119523527688
1214.767463,0.0010171955129,0.302681659523,0.65778433576,0.814379374096,3.22431897106e-06,-0.00119520920747
1214.769477,0.0010239034599,0.302680534657,0.657783106736,0.81437837612,3.2506483363e-06,-0.00119518285663
1214.771491,0.00103063789891,0.302679404507,0.657781871638,0.814377373216,3.27726182019e-06,-0.00119515622151
1214.773506,0.00103739900423,0.302678269038,0.657780630424,0.81437636535,3.30416232026e-06,-0.00119512929918
1214.77552,0.00104418695032,0.302677128212,0.657779383051,0.814375352487,3.33135275917e-06,-0.00119510208674
1214.777534,0.0010510019125,0.302675981993,0.657778129473,0.81437433459,3.3588361011e-06,-0.00119507458122
1214.779548,0.00105784406705,0.302674830342,0.657776869648,0.814373311625,3.3866153361e-06,-0.00119504677962
1214.781563,0.00106471359044,0.302673673223,0.657775603532,0.814372283556,3.41469348364e-06,-0.00119501867892
1214.783577,0.00107161066024,0.302672510599,0.65777433108,0.814371250347,3.44307360588e-06,-0.00119499027606
1214.785591,0.00107853545473,0.302671342431,0.657773052248,0.814370211962,3.47175878842e-06,-0.00119496156795
1214.787605,0.00108548815248,0.302670168682,0.657771766992,0.814369168365,3.50075215191e-06,-0.00119493255147
1214.78962,0.00109246893331,0.302668989313,0.657770475265,0.81436811952,3.53005685778e-06,-0.00119490322345
1214.791634,0.00109947797753,0.302667804287,0.657769177024,0.814367065389,3.55967609064e-06,-0.00119487358071
1214.793648,0.0011065154659,0.302666613566,0.657767872222,0.814366005936,3.58961307675e-06,-0.00119484362002
1214.795662,0.00111358158051,0.302665417109,0.657766560814,0.814364941124,3.61987107797e-06,-0.00119481333811
1214.797677,0.0011206765037,0.30266421488,0.657765242755,0.814363870916,3.65045338237e-06,-0.0011947827317
1214.799691,0.00112780041855,0.302663006839,0.657763917998,0.814362795275,3.68136332453e-06,-0.00119475179745
1214.801705,0.00113495350937,0.302661792946,0.657762586496,0.814361714163,3.71260426956e-06,-0.00119472053199
1214.803719,0.00114213596059,0.302660573162,0.657761248204,0.814360627543,3.74417961342e-06,-0.00119468893192
1214.805734,0.00114934795773,0.302659347449,0.657759903075,0.814359535376,3.77609280108e-06,-0.0011946569938
1214.807748,0.00115658968725,0.302658115766,0.657758551061,0.814358437625,3.80834730428e-06,-0.00119462471415
1214.809762,0.00116386133587,0.302656878073,0.657757192115,0.814357334251,3.8409466336e-06,-0.00119459208946
1214.811776,0.00117116309144,0.30265563433,0.65775582619,0.814356225215,3.87389433965e-06,-0.00119455911617
1214.813791,0.00117849514252,0.302654384498,0.657754453238,0.81435511048,3.90719401204e-06,-0.0011945257907
1214.815805,0.0011858576783,0.302653128535,0.657753073211,0.814353990006,3.94084927369e-06,-0.00119449210942
1214.817819,0.0011932508891,0.302651866401,0.657751686061,0.814352863754,3.97486379528e-06,-0.00119445806865
1214.819833,0.00120067496571,0.302650598056,0.657750291739,0.814351731685,4.00924127392e-06,-0.0011944236647
1214.821848,0.0012081300996,0.302649323457,0.657748890197,0.814350593759,4.04398545822e-06,-0.00119438889382
1214.823862,0.00121561648357,0.302648042564,0.657747481385,0.814349449937,4.07910013358e-06,-0.00119435375221
1214.825876,0.00122313431066,0.302646755336,0.657746065255,0.814348300179,4.11458911734e-06,-0.00119431823606
1214.82789,0.0012306837749,0.30264546173,0.657744641757,0.814347144445,4.15045628265e-06,-0.00119428234149
1214.829905,0.00123826507147,0.302644161706,0.65774321084,0.814345982694,4.1867055339e-06,-0.0011942460646
1214.831919,0.00124587839572,0.30264285522,0.657741772456,0.814344814887,4.22334081402e-06,-0.00119420940143
1214.833933,0.00125352394431,0.302641542231,0.657740326553,0.814343640981,4.26036612261e-06,-0.001194172348
1214.835947,0.00126120191477,0.302640222696,0.657738873081,0.814342460937,4.29778548724e-06,-0.00119413490026
1214.837962,0.0012689125049,0.302638896572,0.65773741199,0.814341274714,4.33560298218e-06,-0.00119409705414
1214.839976,0.00127665591402,0.302637563817,0.657735943228,0.814340082269,4.37382273492e-06,-0.00119405880552
1214.84199,0.00128443234197,0.302636224388,0.657734466745,0.814338883562,4.41244890087e-06,-0.00119402015022
1214.844004,0.00129224198916,0.302634878241,0.657732982487,0.81433767855,4.45148569159e-06,-0.00119398108404
1214.846019,0.00130008505751,0.302633525332,0.657731490405,0.814336467191,4.49093736368e-06,-0.00119394160272
1214.848033,0.00130796174927,0.302632165619,0.657729990444,0.814335249445,4.53080820647e-06,-0.00119390170197
1214.850047,0.00131587226754,0.302630799057,0.657728482554,0.814334025267,4.57110257209e-06,-0.00119386137743
1214.852061,0.00132381681683,0.302629425601,0.65772696668,0.814332794615,4.61182484998e-06,-0.0011938206247
1214.854076,0.00133179560183,0.302628045209,0.657725442771,0.814331557447,4.65297946945e-06,-0.00119377943937
1214.85609,0.00133980882847,0.302626657834,0.657723910773,0.814330313719,4.6945709255e-06,-0.00119373781692
1214.858104,0.00134785670377,0.302625263432,0.657722370632,0.814329063387,4.73660374504e-06,-0.00119369575283
1214.860118,0.0013559394351,0.302623861958,0.657720822295,0.81432780641,4.77908250665e-06,-0.00119365324253
1214.862133,0.00136405723106,0.302622453367,0.657719265707,0.814326542742,4.82201184043e-06,-0.00119361028136
1214.864147,0.00137221030119,0.302621037613,0.657717700815,0.814325272339,4.86539642703e-06,-0.00119356686466
1214.866161,0.00138039885564,0.302619614651,0.657716127563,0.814323995158,4.90924099011e-06,-0.00119352298769
1214.868175,0.00138862310597,0.302618184435,0.657714545896,0.814322711153,4.95355031584e-06,-0.00119347864567
1214.87019,0.00139688326424,0.302616746918,0.657712955759,0.81432142028,4.99832922244e-06,-0.00119343383376
1214.872204,0.00140517954329,0.302615302054,0.657711357097,0.814320122495,5.04358259786e-06,-0.0011933885471
1214.874218,0.00141351215756,0.302613849796,0.657709749853,0.814318817751,5.08931537569e-06,-0.00119334278073
1214.876232,0.00142188132172,0.302612390098,0.657708133972,0.814317506004,5.13553253017e-06,-0.00119329652967
1214.878247,0.00143028725158,0.302610922912,0.657706509396,0.814316187208,5.18223911082e-06,-0.00119324978889
1214.880261,0.00143873016433,0.302609448192,0.65770487607,0.814314861316,5.22944020462e-06,-0.00119320255328
1214.882275,0.00144721027733,0.302607965889,0.657703233936,0.814313528283,5.27714094899e-06,-0.0011931548177
1214.88429,0.00145572780947,0.302606475955,0.657701582937,0.814312188062,5.3253465571e-06,-0.00119310657695
1214.886304,0.00146428298064,0.302604978343,0.657699923015,0.814310840607,5.37406227493e-06,-0.00119305782576
1214.888318,0.00147287601103,0.302603473004,0.657698254112,0.81430948587,5.42329341091e-06,-0.00119300855882
1214.890332,0.00148150712262,0.30260195989,0.657696576169,0.814308123804,5.47304534319e-06,-0.00119295877077
1214.892347,0.00149017653799,0.302600438952,0.657694889128,0.814306754362,5.52332348313e-06,-0.00119290845618
1214.894361,0.00149888448035,0.30259891014,0.657693192931,0.814305377497,5.57413331805e-06,-0.00119285760955
1214.896375,0.0015076311747,0.302597373406,0.657691487517,0.81430399316,5.62548039227e-06,-0.00119280622535
1214.898389,0.00151641684639,0.3025958287,0.657689772828,0.814302601303,5.67737029087e-06,-0.00119275429798
1214.900404,0.00152524172177,0.302594275973,0.657688048802,0.814301201877,5.72980868396e-06,-0.00119270182177
1214.902418,0.00153410602881,0.302592715173,0.657686315381,0.814299794835,5.78280128705e-06,-0.00119264879101
1214.904432,0.0015430099957,0.302591146251,0.657684572503,0.814298380126,5.83635386707e-06,-0.0011925951999
1214.906446,0.00155195385206,0.302589569156,0.657682820107,0.814296957702,5.89047227946e-06,-0.00119254104262
1214.908461,0.0015609378288,0.302587983837,0.657681058133,0.814295527513,5.9451624171e-06,-0.00119248631325
1214.910475,0.00156996215715,0.302586390244,0.657679286518,0.814294089509,6.00043024121e-06,-0.00119243100582
1214.912489,0.00157902706985,0.302584788325,0.657677505201,0.81429264364,6.05628178199e-06,-0.00119237511431
1214.914503,0.00158813280071,0.302583178028,0.65767571412,0.814291189857,6.11272313104e-06,-0.00119231863262
1214.916518,0.00159727958419,0.302581559301,0.657673913211,0.814289728107,6.16976043885e-06,-0.0011922615546
1214.918532,0.00160646765644,0.302579932093,0.657672102412,0.814288258341,6.22739993673e-06,-0.00119220387401
1214.920546,0.00161569725417,0.30257829635,0.65767028166,0.814286780507,6.28564789463e-06,-0.00119214558456
1214.92256,0.00162496861498,0.302576652021,0.657668450891,0.814285294554,6.34451067716e-06,-0.00119208667991
1214.924575,0.00163428197831,0.302574999051,0.657666610041,0.81428380043,6.40399470545e-06,-0.00119202715363
1214.926589,0.00164363758389,0.302573337389,0.657664759046,0.814282298083,6.46410645212e-06,-0.00119196699922
1214.928603,0.00165303567277,0.30257166698,0.657662897841,0.814280787461,6.5248524918e-06,-0.00119190621013
1214.930617,0.00166247648754,0.30256998777,0.657661026361,0.814279268511,6.58623944342e-06,-0.00119184477971
1214.932632,0.00167196027105,0.302568299707,0.65765914454,0.81427774118,6.64827399203e-06,-0.00119178270129
1214.934646,0.00168148726788,0.302566602734,0.657657252313,0.814276205415,6.7109629243e-06,-0.00119171996808
1214.93666,0.00169105772376,0.302564896798,0.657655349614,0.814274661163,6.77431306455e-06,-0.00119165657323
1214.938674,0.00170067188479,0.302563181844,0.657653436376,0.81427310837,6.83833132082e-06,-0.00119159250985
1214.940689,0.00171032999912,0.302561457816,0.657651512533,0.814271546982,6.90302469284e-06,-0.00119152777093
1214.942703,0.00172003231557,0.302559724659,0.657649578016,0.814269976944,6.96840021899e-06,-0.00119146234942
1214.944717,0.00172977908373,0.302557982318,0.657647632759,0.814268398203,7.03446504088e-06,-0.00119139623818
1214.946731,0.00173957055521,0.302556230735,0.657645676694,0.814266810702,7.10122637216e-06,-0.00119132943
1214.948746,0.00174940698205,0.302554469856,0.657643709752,0.814265214387,7.16869147677e-06,-0.00119126191758
1214.95076,0.00175928861743,0.302552699623,0.657641731864,0.814263609203,7.23686773443e-06,-0.00119119369358
1214.952774,0.0017692157164,0.302550919979,0.657639742962,0.814261995092,7.30576257935e-06,-0.00119112475053
1214.954788,0.00177918853426,0.302549130866,0.657637742975,0.814260372,7.37538351213e-06,-0.00119105508093
1214.956803,0.00178920732796,0.302547332229,0.657635731834,0.81425873987,7.44573815312e-06,-0.00119098467716
1214.958817,0.00179927235591,0.302545524008,0.657633709469,0.814257098644,7.5168341655e-06,-0.00119091353155
1214.960831,0.00180938387694,0.302543706146,0.657631675809,0.814255448267,7.58867930146e-06,-0.00119084163634
1214.962845,0.00181954215155,0.302541878583,0.657629630783,0.81425378868,7.66128141244e-06,-0.00119076898368
1214.96486,0.00182974744156,0.302540041262,0.65762757432,0.814252119825,7.73464841352e-06,-0.00119069556565
1214.966874,0.00184000000945,0.302538194123,0.657625506347,0.814250441646,7.80878830771e-06,-0.00119062137423
1214.968888,0.00185030011966,0.302536337107,0.657623426792,0.814248754082,7.8837092007e-06,-0.00119054640133
1214.970902,0.00186064803731,0.302534470154,0.657621335583,0.814247057077,7.95941924398e-06,-0.00119047063876
1214.972917,0.00187104402853,0.302532593205,0.657619232647,0.81424535057,8.03592671818e-06,-0.00119039407827
1214.974931,0.00188148836154,0.302530706198,0.65761711791,0.814243634502,8.11323997337e-06,-0.00119031671149
1214.976945,0.00189198130492,0.302528809074,0.657614991298,0.814241908814,8.19136742466e-06,-0.00119023852999
1214.978959,0.00190252312875,0.302526901771,0.657612852738,0.814240173445,8.2703176259e-06,-0.00119015952523
1214.980974,0.00191311410491,0.302524984228,0.657610702153,0.814238428335,8.35009918231e-06,-0.00119007968858
1214.982988,0.00192375450553,0.302523056383,0.65760853947,0.814236673424,8.43072078574e-06,-0.00118999901135
1214.985002,0.00193444460475,0.302521118176,0.657606364612,0.814234908651,8.51219126502e-06,-0.00118991748472
1214.987016,0.00194518467804,0.302519169542,0.657604177504,0.814233133954,8.59451949069e-06,-0.00118983509979
1214.989031,0.00195597500129,0.30251721042,0.657601978069,0.814231349271,8.67771444579e-06,-0.00118975184758
1214.991045,0.00196681585271,0.302515240747,0.65759976623,0.814229554541,8.7617852343e-06,-0.001189667719
1214.993059,0.00197770751134,0.30251326046,0.65759754191,0.8142277497,8.84674100391e-06,-0.00118958270486
1214.995073,0.00198865025706,0.302511269495,0.657595305032,0.814225934687,8.93259104305e-06,-0.00118949679589
1214.997088,0.00199964437207,0.302509267788,0.657593055517,0.814224109438,9.01934473098e-06,-0.00118940998271
1214.999102,0.00201069013906,0.302507255274,0.657590793286,0.81422227389,9.10701150847e-06,-0.00118932225584
1215.001116,0.00202178784206,0.302505231891,0.657588518261,0.814220427979,9.19560097441e-06,-0.00118923360571
1215.00313,0.00203293776722,0.302503197571,0.657586230362,0.81421857164,9.28512279221e-06,-0.00118914402265
1215.005145,0.00204414020096,0.302501152251,0.65758392951,0.81421670481,9.37558671081e-06,-0.00118905349687
1215.007159,0.00205539543163,0.302499095865,0.657581615623,0.814214827423,9.46700264175e-06,-0.00118896201849
1215.009173,0.00206670374922,0.302497028345,0.657579288621,0.814212939415,9.55938054395e-06,-0.00118886957753
1215.011187,0.00207806544419,0.302494949628,0.657576948422,0.814211040718,9.65273049287e-06,-0.0011887761639
1215.013202,0.00208948080898,0.302492859645,0.657574594946,0.814209131269,9.74706270472e-06,-0.00118868176739
1215.015216,0.00210095013752,0.302490758329,0.657572228109,0.814207210999,9.84238745805e-06,-0.00118858637771
1215.01723,0.0021124737244,0.302488645614,0.65756984783,0.814205279843,9.93871516078e-06,-0.00118848998444
1215.019244,0.00212405186659,0.302486521432,0.657567454024,0.814203337734,1.0036056351e-05,-0.00118839257706
1215.021259,0.00213568486175,0.302484385713,0.657565046609,0.814201384603,1.01344216199e-05,-0.00118829414492
1215.023273,0.00214737300873,0.302482238391,0.6575626255,0.814199420383,1.02338217357e-05,-0.0011881946773
1215.025287,0.00215911660878,0.302480079396,0.657560190612,0.814197445007,1.03342675511e-05,-0.00118809416333
1215.027301,0.00217091596354,0.302477908659,0.657557741861,0.814195458404,1.04357700004e-05,-0.00118799259203
1215.029316,0.00218277137639,0.30247572611,0.657555279161,0.814193460506,1.05383402075e-05,-0.00118788995231
1215.03133,0.00219468315273,0.30247353168,0.657552802426,0.814191451245,1.06419893539e-05,-0.00118778623297
1215.033344,0.0022066515983,0.302471325298,0.65755031157,0.814189430549,1.07467287349e-05,-0.00118768142269
1215.035358,0.00221867702111,0.302469106894,0.657547806505,0.814187398349,1.0852569831e-05,-0.00118757551002
1215.037373,0.00223075973068,0.302466876395,0.657545287144,0.814185354574,1.09595241665e-05,-0.00118746848339
1215.039387,0.00224290003703,0.302464633733,0.657542753399,0.814183299154,1.10676034171e-05,-0.00118736033113
1215.041401,0.00225509825284,0.302462378833,0.657540205182,0.814181232016,1.11768194188e-05,-0.00118725104142
1215.043415,0.00226735469172,0.302460111624,0.657537642403,0.81417915309,1.12871840544e-05,-0.00118714060232
1215.04543,0.00227966966824,0.302457832034,0.657535064974,0.814177062302,1.13987093996e-05,-0.00118702900179
1215.047444,0.00229204349964,0.302455539989,0.657532472803,0.814174959581,1.1511407644e-05,-0.00118691622763
1215.049458,0.00230447650371,0.302453235417,0.657529865801,0.814172844853,1.16252910517e-05,-0.00118680226753
1215.051472,0.00231696899977,0.302450918243,0.657527243876,0.814170718045,1.17403721034e-05,-0.00118668710904
1215.053487,0.00232952130955,0.302448588393,0.657524606938,0.814168579083,1.18566633546e-05,-0.0011865707396
1215.055501,0.00234213375513,0.302446245792,0.657521954893,0.814166427893,1.19741774706e-05,-0.00118645314649
1215.057515,0.00235480666075,0.302443890367,0.657519287649,0.8141642644,1.20929273388e-05,-0.00118633431687
1215.059529,0.00236754035255,0.302441522041,0.657516605114,0.814162088529,1.22129258956e-05,-0.00118621423777
1215.061544,0.00238033515716,0.302439140738,0.657513907193,0.814159900204,1.23341862313e-05,-0.00118609289606
1215.063558,0.00239319140359,0.302436746383,0.657511193792,0.814157699351,1.24567216329e-05,-0.00118597027851
1215.065572,0.00240610942246,0.302434338899,0.657508464816,0.814155485891,1.25805454435e-05,-0.00118584637173
1215.067586,0.0024190895451,0.302431918209,0.657505720171,0.814153259748,1.27056711937e-05,-0.00118572116217
1215.069601,0.00243213210563,0.302429484236,0.65750295976,0.814151020846,1.28321125788e-05,-0.00118559463617
1215.071615,0.00244523743897,0.302427036901,0.657500183487,0.814148769106,1.29598833541e-05,-0.0011854667799
1215.073629,0.00245840588134,0.302424576126,0.657497391256,0.814146504451,1.30889975181e-05,-0.00118533757942
1215.075643,0.00247163777175,0.302422101834,0.657494582967,0.814144226801,1.32194691709e-05,-0.00118520702059
1215.077658,0.00248493344963,0.302419613944,0.657491758524,0.814141936078,1.33513125144e-05,-0.00118507508917
1215.079672,0.00249829325639,0.302417112378,0.657488917828,0.814139632202,1.34845420107e-05,-0.00118494177075
1215.081686,0.00251171753578,0.302414597055,0.65748606078,0.814137315093,1.36191721833e-05,-0.00118480705077
1215.0837,0.00252520663189,0.302412067895,0.65748318728,0.814134984671,1.37552177051e-05,-0.00118467091451
1215.085715,0.00253876089144,0.302409524817,0.657480297227,0.814132640856,1.38926935006e-05,-0.00118453334711
1215.087729,0.00255238066285,0.30240696774,0.657477390521,0.814130283565,1.40316145358e-05,-0.00118439433353
1215.089743,0.00256606629511,0.302404396583,0.657474467061,0.814127912717,1.41719959813e-05,-0.00118425385861
1215.091757,0.00257981814026,0.302401811263,0.657471526743,0.81412552823,1.43138532202e-05,-0.00118411190699
1215.093772,0.00259363655139,0.302399211697,0.657468569466,0.814123130021,1.44572016826e-05,-0.00118396846317
1215.095786,0.00260752188268,0.302396597804,0.657465595127,0.814120718008,1.46020570631e-05,-0.00118382351149
1215.0978,0.00262147449137,0.302393969498,0.657462603621,0.814118292105,1.47484351992e-05,-0.00118367703611
1215.099814,0.00263549473531,0.302391326697,0.657459594844,0.81411585223,1.4896352016e-05,-0.00118352902104
1215.101829,0.0026495829741,0.302388669316,0.657456568692,0.814113398297,1.50458237375e-05,-0.0011833794501
1215.103843,0.0026637395701,0.302385997271,0.657453525057,0.814110930222,1.51968666711e-05,-0.00118322830696
1215.105857,0.00267796488605,0.302383310475,0.657450463835,0.814108447919,1.53494972656e-05,-0.00118307557512
1215.107871,0.00269225928716,0.302380608844,0.657447384919,0.814105951302,1.55037322733e-05,-0.00118292123789
1215.109886,0.0027066231408,0.302377892291,0.6574442882,0.814103440284,1.56595884927e-05,-0.00118276527841
1215.1119,0.00272105681486,0.302375160729,0.657441173571,0.814100914779,1.58170829265e-05,-0.00118260767965
1215.113914,0.0027355606801,0.302372414072,0.657438040924,0.814098374698,1.59762328489e-05,-0.00118244842439
1215.115928,0.00275013510895,0.302369652231,0.657434890148,0.814095819955,1.61370555766e-05,-0.00118228749524
1215.117943,0.00276478047465,0.30236687512,0.657431721134,0.814093250459,1.62995686952e-05,-0.00118212487463
1215.119957,0.00277949715369,0.302364082648,0.657428533771,0.814090666123,1.6463789998e-05,-0.00118196054479
1215.121971,0.00279428552344,0.302361274728,0.657425327948,0.814088066857,1.66297373434e-05,-0.00118179448776
1215.123985,0.00280914596279,0.302358451269,0.657422103554,0.81408545257,1.6797428925e-05,-0.00118162668541
1215.126,0.00282407885375,0.302355612183,0.657418860475,0.814082823172,1.69668830566e-05,-0.00118145711942
1215.128014,0.00283908457883,0.302352757377,0.657415598599,0.814080178572,1.71381181779e-05,-0.00118128577126
1215.130028,0.00285416352281,0.302349886762,0.657412317811,0.814077518679,1.73111530869e-05,-0.00118111262222
1215.132042,0.00286931607311,0.302347000246,0.657409017997,0.8140748434,1.74860066419e-05,-0.00118093765337
1215.134057,0.00288454261756,0.302344097737,0.657405699043,0.814072152643,1.76626978976e-05,-0.00118076084562
1215.136071,0.00289984354696,0.302341179142,0.657402360832,0.814069446314,1.78412462518e-05,-0.00118058217965
1215.138085,0.00291521925407,0.302338244369,0.657399003247,0.814066724319,1.8021671133e-05,-0.00118040163593
1215.140099,0.00293067013228,0.302335293324,0.657395626173,0.814063986565,1.82039922479e-05,-0.00118021919476
1215.142114,0.00294619657845,0.302332325913,0.65739222949,0.814061232957,1.83882295851e-05,-0.0011800348362
1215.144128,0.00296179899065,0.302329342042,0.65738881308,0.814058463399,1.85744031737e-05,-0.00117984854012
1215.146142,0.00297747776817,0.302326341616,0.657385376825,0.814055677795,1.87625334075e-05,-0.00117966028617
1215.148156,0.0029932333138,0.302323324539,0.657381920604,0.814052876049,1.89526408577e-05,-0.00117947005378
1215.150171,0.00300906603102,0.302320290716,0.657378444297,0.814050058064,1.91447461967e-05,-0.00117927782217
1215.152185,0.0030249763253,0.302317240049,0.657374947782,0.814047223743,1.93388705103e-05,-0.00117908357036
1215.154199,0.00304096460524,0.302314172442,0.657371430937,0.814044372986,1.95350349727e-05,-0.00117888727711
1215.156213,0.00305703127989,0.302311087797,0.657367893641,0.814041505697,1.97332609397e-05,-0.001178688921
1215.158228,0.00307317676109,0.302307986016,0.657364335768,0.814038621775,1.99335701839e-05,-0.00117848848035
1215.160242,0.00308940146311,0.302304867001,0.657360757196,0.81403572112,2.0135984507e-05,-0.00117828593327
1215.162256,0.00310570580082,0.302301730652,0.6573571578,0.814032803633,2.03405259981e-05,-0.00117808125764
1215.16427,0.00312209019254,0.302298576869,0.657353537454,0.814029869212,2.05472170994e-05,-0.00117787443109
1215.166285,0.00313855505823,0.302295405553,0.657349896031,0.814026917756,2.07560802829e-05,-0.00117766543104
1215.168299,0.00315510081883,0.302292216602,0.657346233405,0.814023949162,2.09671383974e-05,-0.00117745423468
1215.170313,0.00317172789904,0.302289009916,0.657342549448,0.814020963328,2.11804145551e-05,-0.00117724081891
1215.172327,0.00318843672455,0.302285785392,0.657338844032,0.814017960151,2.13959319332e-05,-0.00117702516043
1215.174342,0.00320522772272,0.302282542927,0.657335117026,0.814014939527,2.16137141734e-05,-0.0011768072357
1215.176356,0.00322210132454,0.30227928242,0.657331368303,0.814011901351,2.18337850554e-05,-0.00117658702089
1215.17837,0.00323905796151,0.302276003765,0.657327597729,0.814008845518,2.20561685136e-05,-0.00117636449197
1215.180384,0.00325609806771,0.30227270686,0.657323805175,0.814005771923,2.22808889775e-05,-0.00117613962464
1215.182399,0.00327322208025,0.3022693916,0.657319990508,0.814002680459,2.25079709262e-05,-0.00117591239431
1215.184413,0.00329043043668,0.302266057878,0.657316153595,0.81399957102,2.27374390973e-05,-0.00117568277619
1215.186427,0.00330772357793,0.30226270559,0.657312294302,0.813996443497,2.29693186978e-05,-0.0011754507452
1215.188441,0.00332510194716,0.302259334629,0.657308412495,0.813993297783,2.32036349412e-05,-0.00117521627597
1215.190456,0.00334256598826,0.302255944888,0.657304508037,0.81399013377,2.34404134195e-05,-0.00117497934293
1215.19247,0.00336011614903,0.30225253626,0.657300580794,0.813986951347,2.36796801005e-05,-0.00117473992018
1215.194484,0.00337775287867,0.302249108636,0.657296630628,0.813983750404,2.39214609736e-05,-0.00117449798157
1215.196498,0.00339547662775,0.302245661907,0.657292657402,0.813980530832,2.41657825332e-05,-0.00117425350069
1215.198513,0.00341328785083,0.302242195965,0.657288660977,0.813977292518,2.4412671492e-05,-0.00117400645083
1215.200527,0.00343118700323,0.302238710698,0.657284641213,0.813974035352,2.46621546758e-05,-0.00117375680501
1215.202541,0.00344917454254,0.302235205998,0.657280597971,0.813970759219,2.49142594837e-05,-0.00117350453598
1215.204555,0.00346725092993,0.302231681752,0.65727653111,0.813967464008,2.51690134011e-05,-0.00117324961616
1215.20657,0.00348541662704,0.30222813785,0.657272440488,0.813964149604,2.54264441471e-05,-0.00117299201775
1215.208584,0.00350367209876,0.302224574178,0.657268325962,0.813960815893,2.56865800132e-05,-0.00117273171259
1215.210598,0.00352201781248,0.302220990623,0.657264187389,0.81395746276,2.59494492638e-05,-0.00117246867225
1215.212612,0.00354045423665,0.302217387073,0.657260024625,0.813954090089,2.62150806396e-05,-0.00117220286804
1215.214627,0.00355898184339,0.302213763413,0.657255837524,0.813950697763,2.64835032429e-05,-0.0011719342709
1215.216641,0.00357760110676,0.302210119527,0.657251625942,0.813947285665,2.67547462454e-05,-0.0011716628515
1215.218655,0.00359631250189,0.302206455302,0.65724738973,0.813943853677,2.70288393216e-05,-0.00117138858023
1215.220669,0.0036151165082,0.30220277062,0.657243128742,0.813940401682,2.7305812487e-05,-0.00117111142711
1215.222684,0.00363401360624,0.302199065365,0.657238842828,0.813936929559,2.75856958107e-05,-0.00117083136189
1215.224698,0.00365300427846,0.30219533942,0.657234531841,0.813933437189,2.78685200071e-05,-0.001170548354
1215.226712,0.00367208901138,0.302191592667,0.657230195629,0.813929924452,2.81543159447e-05,-0.00117026237251
1215.228726,0.00369126829215,0.302187824987,0.657225834041,0.813926391225,2.84431146781e-05,-0.00116997338622
1215.230741,0.00371054261085,0.302184036261,0.657221446925,0.813922837388,2.873494795e-05,-0.00116968136357
1215.232755,0.00372991246094,0.302180226368,0.657217034129,0.813919262817,2.90298475247e-05,-0.00116938627266
1215.234769,0.00374937833644,0.302176395189,0.657212595499,0.81391566739,2.93278455068e-05,-0.00116908808129
1215.236783,0.00376894073518,0.302172542603,0.657208130881,0.813912050981,2.96289746463e-05,-0.0011687867569
1215.238798,0.00378860015751,0.302168668486,0.657203640118,0.813908413467,2.99332676517e-05,-0.00116848226658
1215.240812,0.0038083571046,0.302164772718,0.657199123054,0.813904754722,3.02407577484e-05,-0.00116817457711
1215.242826,0.0038282120821,0.302160855175,0.657194579532,0.813901074619,3.05514786641e-05,-0.00116786365487
1215.24484,0.00384816559719,0.302156915732,0.657190009394,0.813897373032,3.08654641091e-05,-0.00116754946593
1215.246855,0.00386821815865,0.302152954265,0.657185412481,0.813893649833,3.11827484953e-05,-0.001167231976
1215.248869,0.00388837027974,0.30214897065,0.657180788632,0.813889904894,3.15033665003e-05,-0.0011669111504
1215.250883,0.00390862247461,0.30214496476,0.657176137687,0.813886138085,3.18273529212e-05,-0.00116658695412
1215.252897,0.00392897526,0.302140936469,0.657171459483,0.813882349277,3.2154743354e-05,-0.00116625935178
1215.254912,0.00394942915666,0.302136885648,0.657166753857,0.813878538339,3.24855734636e-05,-0.00116592830758
1215.256926,0.00396998468593,0.302132812172,0.657162020647,0.813874705139,3.28198792162e-05,-0.00116559378543
1215.25894,0.0039906423728,0.30212871591,0.657157259686,0.813870849546,3.31576973645e-05,-0.0011652557488
1215.260954,0.00401140274493,0.302124596733,0.65715247081,0.813866971427,3.34990645558e-05,-0.00116491416078
1215.262969,0.00403226633156,0.302120454512,0.657147653851,0.813863070648,3.3844018122e-05,-0.00116456898411
1215.264983,0.00405323366581,0.302116289116,0.657142808643,0.813859147074,3.41925958442e-05,-0.00116422018109
1215.266997,0.00407430528302,0.302112100412,0.657137935015,0.81385520057,3.45448355581e-05,-0.00116386771366
1215.269011,0.00409548171982,0.30210788827,0.657133032798,0.813851231001,3.49007757924e-05,-0.00116351154337
1215.271026,0.00411676351766,0.302103652555,0.657128101823,0.81384723823,3.52604555173e-05,-0.00116315163132
1215.27304,0.00413815121925,0.302099393135,0.657123141917,0.813843222118,3.56239137257e-05,-0.00116278793824
1215.275054,0.00415964536948,0.302095109875,0.657118152907,0.813839182528,3.59911903125e-05,-0.00116242042446
1215.277068,0.00418124651787,0.30209080264,0.65711313462,0.813835119321,3.63623253334e-05,-0.00116204904985
1215.279083,0.0042029552146,0.302086471293,0.657108086882,0.813831032357,3.67373590656e-05,-0.00116167377389
1215.281097,0.00422477201321,0.3020821157,0.657103009516,0.813826921495,3.71163327449e-05,-0.00116129455564
1215.283111,0.00424669747105,0.302077735721,0.657097902346,0.813822786592,3.74992875725e-05,-0.00116091135371
1215.285125,0.0042687321461,0.30207333122,0.657092765195,0.813818627509,3.78862651984e-05,-0.00116052412629
1215.28714,0.00429087660068,0.302068902057,0.657087597883,0.8138144441,3.82773081632e-05,-0.00116013283114
1215.289154,0.00431313139993,0.302064448093,0.65708240023,0.813810236221,3.86724588794e-05,-0.00115973742554
1215.291168,0.00433549710995,0.302059969188,0.657077172057,0.813806003729,3.90717604684e-05,-0.00115933786639
1215.293182,0.00435797430187,0.302055465199,0.65707191318,0.813801746478,3.94752567251e-05,-0.00115893411007
1215.295197,0.0043805635486,0.302050935987,0.657066623418,0.81379746432,3.98829913539e-05,-0.00115852611252
1215.297211,0.00440326542482,0.302046381407,0.657061302586,0.813793157109,4.02950090382e-05,-0.00115811382928
1215.299225,0.00442608051031,0.302041801317,0.657055950498,0.813788824696,4.07113547801e-05,-0.00115769721532
1215.301239,0.00444900938586,0.302037195571,0.657050566969,0.813784466932,4.11320736957e-05,-0.00115727622523
1215.303254,0.00447205263514,0.302032564027,0.657045151812,0.813780083669,4.15572120192e-05,-0.00115685081308
1215.305268,0.00449521084642,0.302027906537,0.657039704838,0.813775674753,4.19868160102e-05,-0.00115642093245
1215.307282,0.00451848460864,0.302023222955,0.657034225858,0.813771240035,4.24209323176e-05,-0.00115598653648
1215.309296,0.00454187451484,0.302018513134,0.657028714681,0.813766779362,4.28596086679e-05,-0.00115554757778
1215.311311,0.00456538116092,0.302013776925,0.657023171116,0.81376229258,4.33028925742e-05,-0.00115510400847
1215.313325,0.00458900514495,0.30200901418,0.657017594969,0.813757779534,4.37508324732e-05,-0.00115465578019
1215.315339,0.00461274706908,0.302004224749,0.657011986048,0.813753240071,4.42034774317e-05,-0.00115420284404
1215.317353,0.00463660753808,0.30199940848,0.657006344156,0.813748674033,4.4660876488e-05,-0.00115374515063
1215.319368,0.00466058715815,0.301994565225,0.657000669098,0.813744081265,4.51230796505e-05,-0.00115328265007
1215.321382,0.00468468654094,0.301989694828,0.656994960677,0.813739461607,4.55901374983e-05,-0.0011528152919
1215.323396,0.00470890629957,0.301984797138,0.656989218694,0.813734814902,4.60621005714e-05,-0.00115234302518
1215.32541,0.00473324704957,0.301979872002,0.656983442949,0.81373014099,4.65390206742e-05,-0.00115186579843
1215.327425,0.00475770941174,0.301974919263,0.656977633242,0.81372543971,4.70209497631e-05,-0.00115138355958
1215.329439,0.00478229400762,0.301969938766,0.65697178937,0.8137207109,4.75079400504e-05,-0.0011508962561
1215.331453,0.00480700146252,0.301964930356,0.656965911132,0.813715954399,4.80000450911e-05,-0.00115040383484
1215.333467,0.00483183240612,0.301959893875,0.656959998321,0.813711170043,4.84973183009e-05,-0.00114990624211
1215.335482,0.00485678746875,0.301954829164,0.656954050734,0.813706357667,4.89998136887e-05,-0.0011494034237
1215.337496,0.00488186728568,0.301949736065,0.656948068163,0.813701517107,4.95075864972e-05,-0.00114889532479
1215.33951,0.00490707249536,0.301944614419,0.6569420504,0.813696648196,5.00206916934e-05,-0.00114838188998
1215.341524,0.00493240373733,0.301939464063,0.656935997236,0.813691750767,5.05391852199e-05,-0.00114786306334
1215.343539,0.00495786165681,0.301934284838,0.656929908462,0.813686824652,5.10631239249e-05,-0.00114733878831
1215.345553,0.00498344690103,0.301929076579,0.656923783865,0.813681869682,5.15925644382e-05,-0.00114680900774
1215.347567,0.00500916011921,0.301923839125,0.656917623233,0.813676885687,5.21275647614e-05,-0.00114627366393
1215.349581,0.00503500196638,0.30191857231,0.656911426351,0.813671872496,5.26681832713e-05,-0.00114573269852
1215.351596,0.00506097309865,0.30191327597,0.656905193005,0.813666829937,5.32144784306e-05,-0.00114518605256
1215.35361,0.00508707417544,0.301907949939,0.656898922977,0.813661757838,5.37665102735e-05,-0.00114463366653
1215.355624,0.00511330586131,0.30190259405,0.656892616051,0.813656656023,5.43243387724e-05,-0.00114407548018
1215.357638,0.00513966882165,0.301897208134,0.656886272007,0.813651524318,5.48880244028e-05,-0.00114351143275
1215.359653,0.00516616372644,0.301891792024,0.656879890625,0.813646362547,5.54576291101e-05,-0.00114294146278
1215.361667,0.00519279124876,0.30188634555,0.656873471684,0.813641170534,5.60332144837e-05,-0.00114236550817
1215.363681,0.00521955206443,0.301880868541,0.65686701496,0.8136359481,5.66148433229e-05,-0.0011417835062
1215.365695,0.00524644685367,0.301875360825,0.656860520229,0.813630695066,5.72025793335e-05,-0.00114119539346
1215.36771,0.00527347629972,0.301869822231,0.656853987265,0.813625411252,5.77964860362e-05,-0.00114060110588
1215.369724,0.0053006410874,0.301864252584,0.656847415843,0.813620096477,5.83966283132e-05,-0.00114000057879
1215.371738,0.00532794190775,0.301858651712,0.656840805734,0.813614750559,5.90030717841e-05,-0.00113939374674
1215.373752,0.00535537945338,0.301853019437,0.656834156708,0.813609373315,5.96158819153e-05,-0.00113878054367
1215.375767,0.00538295441973,0.301847355585,0.656827468535,0.813603964561,6.02351259534e-05,-0.00113816090282
1215.377781,0.00541066750808,0.301841659978,0.656820740982,0.813598524111,6.08608712571e-05,-0.00113753475668
1215.379795,0.00543851942063,0.301835932438,0.656813973816,0.813593051779,6.1493185471e-05,-0.00113690203711
1215.381809,0.0054665108638,0.301830172786,0.656807166803,0.813587547378,6.2132138127e-05,-0.00113626267524
1215.383824,0.00549464254894,0.301824380842,0.656800319706,0.813582010719,6.27777984368e-05,-0.00113561660141
1215.385838,0.00552291518816,0.301818556425,0.656793432288,0.813576441612,6.34302363972e-05,-0.00113496374536
1215.387852,0.00555132949912,0.301812699353,0.656786504309,0.813570839868,6.40895237211e-05,-0.00113430403598
1215.389867,0.00557988620309,0.301806809443,0.656779535529,0.813565205294,6.47557316012e-05,-0.00113363740147
1215.391881,0.00560858602254,0.301800886511,0.656772525707,0.813559537697,6.5428932578e-05,-0.00113296376931
1215.393895,0.00563742968638,0.301794930373,0.656765474599,0.813553836884,6.61092004143e-05,-0.00113228306615
1215.395909,0.00566641792577,0.301788940841,0.656758381961,0.813548102659,6.67966084391e-05,-0.00113159521792
1215.397924,0.00569555147414,0.30178291773,0.656751247547,0.813542334827,6.74912319113e-05,-0.00113090014982
1215.399938,0.00572483107146,0.301776860851,0.656744071109,0.81353653319,6.81931465188e-05,-0.00113019778616
1215.401952,0.00575425745891,0.301770770015,0.656736852399,0.81353069755,6.89024279696e-05,-0.00112948805056
1215.403966,0.0057838313814,0.301764645033,0.656729591166,0.813524827707,6.96191541886e-05,-0.00112877086581
1215.405981,0.00581355358968,0.301758485713,0.656722287158,0.81351892346,7.03434028795e-05,-0.00112804615387
1215.407995,0.00584342483542,0.301752291863,0.656714940123,0.813512984608,7.1075252399e-05,-0.00112731383592
1215.410009,0.00587344587543,0.30174606329,0.656707549806,0.813507010947,7.18147830876e-05,-0.00112657383232
1215.412023,0.00590361746997,0.3017397998,0.65670011595,0.813501002275,7.25620747881e-05,-0.00112582606258
1215.414038,0.00593394038261,0.301733501198,0.656692638298,0.813494958384,7.33172088284e-05,-0.00112507044539
1215.416052,0.00596441538166,0.301727167288,0.656685116591,0.813488879069,7.40802678976e-05,-0.00112430689857
1215.418066,0.00599504323893,0.301720797871,0.656677550567,0.813482764122,7.48513342185e-05,-0.00112353533907
1215.42008,0.00602582472797,0.301714392751,0.656669939966,0.813476613334,7.56304919299e-05,-0.00112275568307
1215.422095,0.00605676062939,0.301707951726,0.656662284522,0.813470426496,7.64178261223e-05,-0.00112196784575
1215.424109,0.00608785172556,0.301701474598,0.656654583972,0.813464203395,7.72134215347e-05,-0.00112117174147
1215.426123,0.006119098802,0.301694961164,0.656646838047,0.81345794382,7.80173654219e-05,-0.00112036728373
1215.428137,0.00615050265086,0.301688411221,0.656639046481,0.813451647556,7.88297450585e-05,-0.00111955438505
1215.430152,0.00618206406532,0.301681824566,0.656631209002,0.813445314389,7.96506480205e-05,-0.00111873295712
1215.432166,0.0062137838433,0.301675200994,0.65662332534,0.813438944103,8.0480164547e-05,-0.00111790291066
1215.43418,0.00624566278829,0.301668540298,0.65661539522,0.81343253648,8.13183842551e-05,-0.00111706415544
1215.436194,0.00627770170462,0.301661842272,0.65660741837,0.813426091302,8.21653978016e-05,-0.00111621660037
1215.438209,0.0063099014029,0.301655106708,0.656599394513,0.813419608348,8.30212982417e-05,-0.00111536015336
1215.440223,0.00634226269778,0.301648333396,0.65659132337,0.813413087399,8.38861777132e-05,-0.00111449472132
1215.442237,0.0063747864053,0.301641522125,0.656583204662,0.813406528231,8.47601302241e-05,-0.00111362021032
1215.444251,0.00640747334873,0.301634672685,0.656575038109,0.81339993062,8.56432514366e-05,-0.00111273652532
1215.446266,0.00644032435388,0.301627784862,0.656566823427,0.813393294342,8.65356362283e-05,-0.00111184357033
1215.44828,0.00647334024912,0.301620858442,0.656558560333,0.813386619171,8.74373822009e-05,-0.00111094124844
1215.450294,0.00650652187017,0.30161389321,0.65655024854,0.813379904879,8.83485874272e-05,-0.0011100294616
1215.452308,0.00653987005415,0.301606888951,0.65654188776,0.813373151238,8.92693498701e-05,-0.00110910811084
1215.454323,0.00657338564237,0.301599845446,0.656533477705,0.813366358016,9.01997706314e-05,-0.00110817709615
1215.456337,0.00660706948269,0.301592762477,0.656525018083,0.813359524983,9.11399503166e-05,-0.0011072363164
1215.458351,0.00664092242404,0.301585639825,0.656516508602,0.813352651907,9.20899903833e-05,-0.00110628566953
1215.460365,0.00667494532112,0.301578477268,0.656507948967,0.813345738552,9.30499949097e-05,-0.00110532505233
1215.46238,0.00670913903248,0.301571274585,0.656499338882,0.813338784684,9.4020067483e-05,-0.00110435436055
1215.464394,0.0067435044205,0.301564031552,0.65649067805,0.813331790066,9.50003132115e-05,-0.00110337348887
1215.466408,0.00677804235284,0.301556747944,0.656481966171,0.813324754459,9.59908394125e-05,-0.00110238233084
1215.468422,0.00681275370104,0.301549423537,0.656473202942,0.813317677625,9.69917524276e-05,-0.00110138077889
1215.470437,0.00684763933871,0.301542058102,0.656464388063,0.813310559322,9.80031613025e-05,-0.00110036872444
1215.472451,0.00688270014733,0.301534651412,0.656455521228,0.813303399309,9.90251763085e-05,-0.00109934605765
1215.474465,0.00691793701038,0.301527203238,0.656446602129,0.813296197341,0.000100057907036,-0.0010983126676
1215.476479,0.0069533508149,0.301519713349,0.65643763046,0.813288953175,0.000101101466642,-0.00109726844227
1215.478494,0.00698894245539,0.301512181512,0.656428605909,0.813281666562,0.000102155968124,-0.00109621326834
1215.480508,0.0070247128275,0.301504607496,0.656419528165,0.813274337256,0.000103221524765,-0.00109514703146
1215.482522,0.00706066283221,0.301496991066,0.656410396915,0.813266965008,0.000104298253622,-0.00109406961602
1215.484536,0.00709679337678,0.301489331985,0.656401211842,0.813259549567,0.000105386270635,-0.00109298090518
1215.486551,0.00713310536943,0.301481630017,0.656391972629,0.813252090681,0.000106485693128,-0.00109188078098
1215.488565,0.0071695997254,0.301473884925,0.656382678958,0.813244588096,0.000107596641786,-0.00109076912416
1215.490579,0.00720627736453,0.301466096468,0.656373330506,0.813237041558,0.000108719235747,-0.00108964581422
1215.492593,0.00724313920817,0.301458264407,0.656363926952,0.81322945081,0.000109853596752,-0.00108851072951
1215.494608,0.00728018618584,0.301450388498,0.65635446797,0.813221815595,0.000110999848791,-0.00108736374697
1215.496622,0.00731741922993,0.301442468499,0.656344953233,0.813214135653,0.000112158114505,-0.00108620474236
1215.498636,0.00735483927567,0.301434504165,0.656335382415,0.813206410724,0.000113328520395,-0.00108503359018
1215.50065,0.00739244726658,0.301426495251,0.656325755182,0.813198640544,0.000114511193445,-0.00108385016351
1215.502665,0.00743024414774,0.301418441508,0.656316071203,0.813190824852,0.000115706260297,-0.00108265433422
1215.504679,0.00746823086896,0.301410342689,0.656306330145,0.813182963381,0.00011691385205,-0.00108144597285
1215.506693,0.00750640838739,0.301402198543,0.65629653167,0.813175055864,0.000118134098849,-0.00108022494848
1215.508707,0.00754477766147,0.30139400882,0.656286675441,0.813167102034,0.000119367131962,-0.00107899112899
1215.510722,0.00758333965594,0.301385773267,0.656276761118,0.813159101621,0.000120613085994,-0.00107774438081
1215.512736,0.00762209534007,0.30137749163,0.656266788357,0.813151054353,0.000121872095563,-0.00107648456898
1215.51475,0.00766104568733,0.301369163653,0.656256756817,0.813142959958,0.00012314429608,-0.0010752115572
1215.516764,0.00770019167714,0.301360789081,0.656246666149,0.813134818161,0.000124429826839,-0.00107392520767
1215.518779,0.0077395342933,0.301352367654,0.656236516005,0.813126628686,0.000125728825237,-0.00107262538121
1215.520793,0.00777907452193,0.301343899114,0.656226306038,0.813118391257,0.000127041432496,-0.00107131193726
1215.522807,0.00781881335796,0.3013353832,0.656216035893,0.813110105593,0.000128367791417,-0.00106998473369
1215.524821,0.00785875179863,0.30132681965,0.656205705216,0.813101771414,0.000129708043582,-0.00106864362696
1215.526836,0.00789889084513,0.3013182082,0.656195313653,0.813093388438,0.000131062335649,-0.00106728847211
1215.52885,0.00793923150706,0.301309548586,0.656184860843,0.813084956381,0.000132430813788,-0.00106591912251
1215.530864,0.00797977479526,0.30130084054,0.656174346427,0.813076474958,0.000133813624391,-0.00106453543018
1215.532878,0.00802052172666,0.301292083795,0.656163770043,0.813067943881,0.000135210919207,-0.00106313724556
1215.534893,0.00806147332516,0.301283278082,0.656153131325,0.813059362862,0.000136622848089,-0.00106172441745
1215.536907,0.00810263061574,0.30127442313,0.656142429908,0.813050731611,0.000138049562722,-0.00106029679325
1215.538921,0.00814399463131,0.301265518667,0.656131665423,0.813042049836,0.00013949121953,-0.00105885421866
1215.540935,0.00818556640991,0.301256564419,0.656120837498,0.813033317242,0.000140947972395,-0.0010573965378
1215.54295,0.00822734699131,0.301247560112,0.656109945762,0.813024533535,0.00014241997884,-0.00105592359327
1215.544964,0.00826933742442,0.301238505469,0.656098989837,0.813015698417,0.000143907399454,-0.00105443522592
1215.546978,0.00831153876137,0.301229400212,0.656087969348,0.813006811591,0.000145410392586,-0.001052931275
1215.548992,0.00835395205752,0.301220244061,0.656076883915,0.812997872755,0.000146929122073,-0.00105141157819
1215.551007,0.00839657837749,0.301211036736,0.656065733156,0.812988881608,0.000148463752191,-0.00104987597133
1215.553021,0.00843941878769,0.301201777954,0.656054516687,0.812979837846,0.000150014446468,-0.00104832428869
1215.555035,0.0084824743598,0.301192467432,0.656043234122,0.812970741164,0.000151581374789,-0.00104675636284
1215.557049,0.00852574617379,0.301183104882,0.656031885072,0.812961591253,0.000153164705343,-0.00104517202446
1215.559064,0.00856923531103,0.30117369002,0.656020469148,0.812952387807,0.000154764607808,-0.00104357110267
1215.561078,0.00861294285994,0.301164222556,0.656008985956,0.812943130513,0.000156381256131,-0.00104195342476
1215.563092,0.00865686991413,0.301154702201,0.655997435101,0.812933819059,0.000158014824974,-0.00104031881621
1215.565106,0.00870101757184,0.301145128662,0.655985816186,0.812924453132,0.000159665488746,-0.00103866710074
1215.567121,0.00874538693795,0.301135501647,0.655974128811,0.812915032414,0.000161333428055,-0.0010369981002
1215.569135,0.00878997912235,0.30112582086,0.655962372574,0.812905556589,0.000163018820209,-0.00103531163462
1215.571149,0.00883479523746,0.301116086006,0.655950547071,0.812896025338,0.000164721847946,-0.00103360752228
1215.573163,0.00887983640563,0.301106296788,0.655938651895,0.812886438337,0.000166442696027,-0.00103188557941
1215.575178,0.00892510375175,0.301096452904,0.655926686637,0.812876795266,0.00016818154714,-0.00103014562045
1215.577192,0.00897059840518,0.301086554056,0.655914650887,0.812867095798,0.000169938591217,-0.00102838745798
1215.579206,0.00901632150469,0.301076599939,0.655902544229,0.812857339606,0.000171714017145,-0.00102661090247
1215.58122,0.00906227419049,0.301066590249,0.655890366248,0.812847526362,0.000173508013871,-0.00102481576264
1215.583235,0.00910845760952,0.301056524682,0.655878116527,0.812837655737,0.000175320777981,-0.00102300184515
1215.585249,0.00915487291662,0.30104640293,0.655865794643,0.812827727396,0.000177152502923,-0.00102116895458
1215.587263,0.00920152126781,0.301036224683,0.655853400174,0.812817741006,0.000179003384595,-0.0010193168937
1215.589277,0.009248403828,0.30102598963,0.655840932693,0.812807696231,0.000180873625584,-0.0010174454631
1215.591292,0.00929552176786,0.30101569746,0.655828391773,0.812797592733,0.000182763424394,-0.00101555446128
1215.593306,0.00934287625997,0.301005347859,0.655815776983,0.812787430172,0.000184672984643,-0.00101364368489
1215.59532,0.00939046848718,0.300994940511,0.65580308789,0.812777208206,0.000186602514138,-0.00101171292823
1215.597334,0.00943829963595,0.300984475098,0.655790324058,0.812766926492,0.00018855221706,-0.0010097619836
1215.599349,0.00948637089633,0.300973951302,0.655777485049,0.812756584683,0.000190522305416,-0.00100779064127
1215.601363,0.00953468346878,0.300963368802,0.655764570422,0.812746182433,0.000192512991501,-0.00100579868911
1215.603377,0.00958323855574,0.300952727275,0.655751579735,0.81273571939,0.000194524486194,-0.00100378591302
1215.605391,0.00963203736556,0.300942026398,0.655738512541,0.812725195206,0.000196557009463,-0.00100175209666
1215.607406,0.00968108111589,0.300931265845,0.655725368393,0.812714609524,0.000198610778397,-0.000999697021317
1215.60942,0.00973037102595,0.300920445287,0.655712146838,0.812703961991,0.000200686012088,-0.000997620466243
1215.611434,0.00977990832272,0.300909564397,0.655698847425,0.812693252248,0.000202782935118,-0.000995522208321
1215.613448,0.00982969423931,0.300898622843,0.655685469697,0.812682479936,0.000204901773623,-0.000993402022132
1215.615463,0.00987973001367,0.300887620292,0.655672013195,0.812671644694,0.000207042752237,-0.000991259679997
1215.617477,0.00993001689138,0.300876556411,0.655658477458,0.812660746157,0.000209206104828,-0.000989094951818
1215.619491,0.00998055612357,0.300865430861,0.655644862022,0.812649783961,0.000211392059877,-0.000986907605153
1215.621505,0.0100313489642,0.300854243306,0.655631166421,0.812638757738,0.000213600853599,-0.000984697405337
1215.62352,0.0100823966783,0.300842993407,0.655617390184,0.812627667118,0.0002158327248,-0.000982464115036
1215.625534,0.0101337005339,0.30083168082,0.65560353284,0.812616511729,0.00021808790886,-0.00098020749465
1215.627548,0.0101852618039,0.300820305203,0.655589593916,0.812605291198,0.000220366651529,-0.000977927302174
1215.629562,0.0102370817718,0.300808866211,0.655575572932,0.812594005148,0.000222669196597,-0.000975623292895
1215.631577,0.0102891617225,0.300797363497,0.655561469408,0.812582653202,0.000224995787587,-0.000973295219825
1215.633591,0.0103415029487,0.300785796712,0.655547282864,0.812571234979,0.000227346678947,-0.000970942833375
1215.635605,0.0103941067519,0.300774165505,0.655533012811,0.812559750096,0.000229722120062,-0.000968565881262
1215.637619,0.0104469744347,0.300762469525,0.655518658762,0.812548198171,0.000232122363584,-0.00096616410887
1215.639634,0.0105001073099,0.300750708415,0.655504220226,0.812536578816,0.000234547671651,-0.000963737258787
1215.641648,0.0105535066966,0.300738881821,0.655489696708,0.812524891641,0.000236998299944,-0.000961285070955
1215.643662,0.0106071739162,0.300726989384,0.655475087713,0.812513136258,0.000239474511342,-0.000958807282872
1215.645676,0.0106611103012,0.300715030745,0.655460392739,0.812501312271,0.000241976574479,-0.00095630362908
1215.647691,0.0107153171886,0.300703005541,0.655445611284,0.812489419287,0.000244504752212,-0.00095377384152
1215.649705,0.0107697959191,0.300690913409,0.655430742845,0.812477456907,0.000247059318597,-0.000951217649529
1215.651719,0.0108245478452,0.300678753983,0.65541578691,0.812465424731,0.00024964054764,-0.000948634779389
1215.653733,0.0108795743215,0.300666526895,0.655400742969,0.812453322359,0.000252248710857,-0.000946024954814
1215.655748,0.0109348767093,0.300654231777,0.65538561051,0.812441149385,0.000254884092791,-0.000943387896682
1215.657762,0.0109904563803,0.300641868256,0.655370389012,0.812428905403,0.000257546973244,-0.000940723322811
1215.659776,0.0110463147077,0.30062943596,0.655355077958,0.812416590004,0.000260237634744,-0.000938030948396
1215.66179,0.0111024530737,0.300616934513,0.655339676824,0.812404202778,0.000262956366899,-0.000935310485611
1215.663805,0.0111588728673,0.300604363537,0.655324185084,0.812391743311,0.000265703461917,-0.000932561643659
1215.665819,0.0112155754827,0.300591722655,0.655308602209,0.812379211188,0.000268479208933,-0.000929784128865
1215.667833,0.0112725623227,0.300579011483,0.655292927667,0.812366605991,0.000271283910373,-0.000926977644438
1215.669847,0.0113298347965,0.30056622964,0.655277160922,0.812353927298,0.000274117860163,-0.000924141890584
1215.671862,0.0113873943162,0.30055337674,0.655261301438,0.812341174689,0.000276981363271,-0.000921276564655
1215.673876,0.0114452423065,0.300540452396,0.655245348671,0.812328347738,0.000279874727971,-0.000918381360593
1215.67589,0.011503380195,0.300527456218,0.655229302078,0.812315446017,0.000282798257015,-0.000915455969418
1215.677904,0.0115618094153,0.300514387815,0.655213161113,0.812302469098,0.000285752268033,-0.00091250007908
1215.679919,0.0116205314125,0.300501246795,0.655196925223,0.812289416547,0.00028873707521,-0.000909513374052
1215.681933,0.0116795476334,0.300488032761,0.655180593856,0.81227628793,0.000291752991889,-0.000906495535894
1215.683947,0.0117388595334,0.300474745316,0.655164166455,0.812263082812,0.000294800347068,-0.000903446242833
1215.685961,0.0117984685777,0.300461384061,0.655147642459,0.812249800751,0.000297879461712,-0.000900365169637
1215.687976,0.0118583762329,0.300447948595,0.655131021306,0.812236441308,0.000300990661161,-0.000897251988097
1215.68999,0.0119185839768,0.300434438513,0.65511430243,0.812223004037,0.000304134284239,-0.000894106366413
1215.692004,0.0119790932943,0.30042085341,0.655097485259,0.812209488491,0.000307310659683,-0.000890927969396
1215.694018,0.0120399056728,0.300407192878,0.655080569222,0.812195894223,0.000310520126403,-0.000887716458731
1215.696033,0.0121010226123,0.300393456507,0.655063553743,0.812182220779,0.000313763031233,-0.000884471492312
1215.698047,0.0121624456174,0.300379643885,0.655046438242,0.812168467706,0.000317039711941,-0.00088119272471
1215.700061,0.0122241761973,0.300365754598,0.655029222137,0.812154634549,0.000320350522348,-0.000877879807156
1215.702075,0.0122862158741,0.300351788229,0.655011904841,0.812140720845,0.000323695815594,-0.000874532386965
1215.70409,0.0123485661721,0.30033774436,0.654994485765,0.812126726136,0.000327075940616,-0.000871150108173
1215.706104,0.0124112286235,0.300323622571,0.654976964317,0.812112649956,0.000330491265073,-0.000867732611188
1215.708118,0.0124742047715,0.300309422437,0.6549593399,0.812098491838,0.000333942148985,-0.00086427953249
1215.710132,0.0125374961616,0.300295143535,0.654941611915,0.812084251313,0.000337428956054,-0.000860790505211
1215.712147,0.0126011043487,0.300280785437,0.654923779759,0.812069927909,0.000340952059369,-0.000857265158625
1215.714161,0.0126650308961,0.300266347713,0.654905842827,0.812055521151,0.000344511835586,-0.00085370311817
1215.716175,0.012729277372,0.300251829933,0.654887800508,0.812041030564,0.000348108656508,-0.00085010400565
1215.718189,0.0127938453547,0.300237231661,0.654869652189,0.812026455665,0.000351742912638,-0.000846467438852
1215.720204,0.0128587364294,0.300222552461,0.654851397253,0.812011795972,0.000355414981339,-0.000842793031732
1215.722218,0.0129239521847,0.300207791897,0.654833035081,0.811997051002,0.000359125255778,-0.000839080394597
1215.724232,0.012989494223,0.300192949526,0.654814565048,0.811982220266,0.000362874133325,-0.000835329133383
1215.726246,0.0130553641504,0.300178024905,0.654795986528,0.811967303272,0.000366662002593,-0.000831538850307
1215.728261,0.0131215635791,0.30016301759,0.654777298891,0.811952299529,0.000370489273595,-0.000827709143648
1215.730275,0.0131880941344,0.300147927133,0.6547585015,0.811937208539,0.000374356350544,-0.000823839607247
1215.732289,0.0132549574435,0.300132753084,0.654739593719,0.811922029805,0.000378263635818,-0.000819929831218
1215.734303,0.0133221551431,0.300117494992,0.654720574907,0.811906762826,0.00038221155429,-0.000815979401417
1215.736318,0.0133896888808,0.3001021524,0.654701444417,0.811891407095,0.000386200518253,-0.000811987899283
1215.738332,0.0134575603058,0.300086724853,0.654682201602,0.811875962107,0.000390230945866,-0.000807954902449
1215.740346,0.0135257710796,0.300071211892,0.654662845809,0.811860427353,0.000394303274517,-0.000803879983955
1215.74236,0.013594322872,0.300055613055,0.654643376381,0.811844802318,0.000398417925983,-0.000799762712525
1215.744375,0.0136632173549,0.300039927878,0.654623792659,0.811829086489,0.000402575336462,-0.000795602652879
1215.746389,0.013732456215,0.300024155895,0.65460409398,0.811813279347,0.000406775953107,-0.000791399364896
1215.748403,0.0138020411436,0.300008296637,0.654584279675,0.81179738037,0.000411020208986,-0.000787152404224
1215.750417,0.0138719738371,0.299992349634,0.654564349075,0.811781389035,0.000415308560239,-0.000782861322233
1215.752432,0.0139422560064,0.299976314411,0.654544301504,0.811765304815,0.000419641461204,-0.000778525665304
1215.754446,0.0140128893651,0.299960190492,0.654524136283,0.81174912718,0.000424019359342,-0.000774144975626
1215.75646,0.0140838756349,0.299943977401,0.65450385273,0.811732855599,0.000428442729061,-0.000769718790757
1215.758474,0.0141552165504,0.299927674655,0.654483450158,0.811716489534,0.000432912032685,-0.000765246643251
1215.760489,0.0142269138484,0.299911281771,0.654462927878,0.811700028448,0.000437427737036,-0.000760728061384
1215.762503,0.014298969276,0.299894798265,0.654442285195,0.8116834718,0.00044199032341,-0.000756162568525
1215.764517,0.0143713845903,0.299878223647,0.654421521411,0.811666819044,0.00044660027475,-0.000751549683101
1215.766531,0.0144441615529,0.299861557427,0.654400635825,0.811650069635,0.000451258068952,-0.000746888918971
1215.768546,0.0145173019373,0.299844799111,0.65437962773,0.811633223021,0.000455964209408,-0.000742179784833
1215.77056,0.0145908075243,0.299827948205,0.654358496416,0.811616278649,0.000460719179469,-0.000737421784507
1215.772574,0.0146646800988,0.299811004209,0.65433724117,0.811599235963,0.000465523485146,-0.000732614417162
1215.774588,0.0147389214608,0.299793966624,0.654315861274,0.811582094403,0.000470377637779,-0.000727757176399
1215.776603,0.0148135334144,0.299776834945,0.654294356005,0.811564853406,0.000475282135002,-0.000722849551069
1215.778617,0.0148885177704,0.299759608667,0.654272724639,0.811547512409,0.00048023750528,-0.00071789102501
1215.780631,0.0149638763543,0.299742287282,0.654250966443,0.811530070841,0.000485244267605,-0.000712881076412
1215.782645,0.0150396109936,0.299724870277,0.654229080686,0.811512528131,0.000490302937492,-0.000707819178708
1215.78466,0.0151157235265,0.299707357141,0.654207066628,0.811494883705,0.000495414062836,-0.000702704799912
1215.786674,0.015192215803,0.299689747356,0.654184923526,0.811477136983,0.000500578172037,-0.000697537402411
1215.788688,0.0152690896751,0.299672040404,0.654162650636,0.811459287386,0.000505795801386,-0.000692316443739
1215.790702,0.0153463470085,0.299654235764,0.654140247205,0.811441334329,0.000511067514656,-0.000687041375597
1215.792717,0.0154239896776,0.29963633291,0.654117712477,0.811423277224,0.000516393851665,-0.000681711644174
1215.794731,0.0155020195599,0.299618331317,0.654095045696,0.811405115482,0.000521775372719,-0.000676326690574
1215.796745,0.0155804385485,0.299600230454,0.654072246097,0.811386848507,0.000527212653324,-0.000670885949742
1215.798759,0.0156592485422,0.29958202979,0.654049312911,0.811368475703,0.000532706247307,-0.000665388851224
1215.800774,0.0157384514452,0.299563728791,0.654026245368,0.81134999647,0.000538256741704,-0.000659834819132
1215.802788,0.0158180491777,0.299545326917,0.65400304269,0.811331410204,0.000543864719869,-0.000654223271239
1215.804802,0.015898043663,0.29952682363,0.653979704097,0.811312716297,0.000549530754131,-0.000648553619974
1215.806816,0.0159784368333,0.299508218387,0.653956228805,0.811293914142,0.000555255455681,-0.000642825271881
1215.808831,0.0160592306352,0.29948951064,0.653932616023,0.811275003122,0.000561039416827,-0.000637037627146
1215.810845,0.0161404270175,0.299470699843,0.653908864957,0.811255982623,0.000566883233874,-0.000631190080505
1215.812859,0.0162220279405,0.299451785443,0.65388497481,0.811236852024,0.000572787531109,-0.000625282020477
1215.814873,0.0163040353761,0.299432766888,0.653860944778,0.8112176107,0.000578752921536,-0.000619312829241
1215.816888,0.0163864513001,0.29941364362,0.653836774055,0.811198258026,0.000584780019823,-0.000613281883264
1215.818902,0.0164692777022,0.299394415079,0.653812461828,0.811178793372,0.000590869473657,-0.00060718855239
1215.820916,0.0165525165802,0.299375080703,0.653788007281,0.811159216102,0.000597021900432,-0.000601032200282
1215.82293,0.016636169936,0.299355639928,0.653763409594,0.811139525582,0.000603237950103,-0.000594812184695
1215.824945,0.0167202397885,0.299336092185,0.653738667941,0.811119721169,0.000609518279341,-0.000588527856315
1215.826959,0.0168047281611,0.299316436902,0.653713781491,0.81109980222,0.000615863523603,-0.000582178559797
1215.828973,0.0168896370846,0.299296673507,0.653688749412,0.811079768089,0.000622274362824,-0.000575763633433
1215.830987,0.0169749686059,0.299276801422,0.653663570862,0.811059618122,0.000628751461786,-0.000569282408333
1215.833002,0.0170607247744,0.299256820069,0.653638244999,0.811039351667,0.000635295479159,-0.000562734209589
1215.835016,0.0171469076508,0.299236728865,0.653612770973,0.811018968066,0.000641907120283,-0.000556118355399
1215.83703,0.0172335193095,0.299216527223,0.653587147931,0.810998466655,0.000648587060558,-0.000549434156837
1215.839044,0.0173205618267,0.299196214557,0.653561375016,0.810977846772,0.000655335986029,-0.000542680918809
1215.841059,0.0174080372936,0.299175790275,0.653535451364,0.810957107747,0.000662154622082,-0.000535857938829
1215.843073,0.0174959478113,0.299155253783,0.653509376106,0.810936248907,0.000669043657615,-0.000528964507416
1215.845087,0.0175842954843,0.299134604484,0.653483148373,0.810915269578,0.000676003810699,-0.000521999908653
1215.847101,0.0176730824342,0.299113841777,0.653456767286,0.810894169079,0.000683035820556,-0.000514963418802
1215.849116,0.0177623107888,0.299092965059,0.653430231961,0.810872946727,0.000690140393299,-0.000507854307291
1215.85113,0.0178519826821,0.299071973726,0.653403541514,0.810851601837,0.000697318282907,-0.000500671836661
1215.853144,0.0179421002655,0.299050867167,0.653376695051,0.810830133716,0.000704570236604,-0.000493415261412
1215.855158,0.018032665694,0.29902964477,0.653349691676,0.810808541671,0.000711896984239,-0.000486083829285
1215.857173,0.0181236811324,0.29900830592,0.653322530487,0.810786825004,0.000719299311762,-0.00047867678057
1215.859187,0.018215148761,0.29898685,0.653295210576,0.810764983013,0.000726777975943,-0.00047119334749
1215.861201,0.0183070707631,0.298965276387,0.653267731032,0.810743014994,0.000734333736608,-0.000463632755403
1215.863215,0.0183994493342,0.298943584458,0.65324009094,0.810720920237,0.000741967401157,-0.000455994221744
1215.86523,0.0184922866834,0.298921773584,0.653212289374,0.810698698028,0.000749679745688,-0.000448276955924
1215.867244,0.0185855850227,0.298899843136,0.65318432541,0.810676347652,0.000757471558887,-0.000440480160208
1215.869258,0.0186793465805,0.29887779248,0.653156198115,0.810653868387,0.000765343672264,-0.000432603028407
1215.871272,0.0187735735936,0.298855620979,0.653127906551,0.810631259509,0.000773296871881,-0.000424644746534
1215.873287,0.0188682683036,0.298833327993,0.653099449777,0.81060852029,0.000781331990641,-0.000416604493131
1215.875301,0.0189634329709,0.298810912879,0.653070826843,0.810585649998,0.000789449869872,-0.000408481437794
1215.877315,0.0190590698604,0.298788374991,0.653042036797,0.810562647896,0.000797651318354,-0.000400274742499
1215.879329,0.0191551812455,0.298765713679,0.653013078682,0.810539513246,0.000805937209103,-0.000391983561185
1215.881344,0.0192517694172,0.298742928291,0.652983951533,0.810516245301,0.000814308391291,-0.000383607038713
1215.883358,0.0193488366692,0.298720018171,0.652954654382,0.810492843316,0.000822765703806,-0.000375144312331
1215.885372,0.0194463853078,0.298696982659,0.652925186256,0.810469306538,0.00083131005288,-0.000366594510589
1215.887387,0.0195444176541,0.298673821094,0.652895546172,0.81044563421,0.000839942299118,-0.000357956753028
1215.889401,0.0196429360312,0.29865053281,0.652865733149,0.810421825573,0.000848663317506,-0.000349230151415
1215.891415,0.019741942779,0.298627117138,0.652835746195,0.810397879865,0.000857474039453,-0.00034041380817
1215.893429,0.0198414402481,0.298603573406,0.652805584313,0.810373796314,0.000866375341119,-0.000331506816894
1215.895444,0.0199414307924,0.298579900939,0.652775246506,0.810349574152,0.000875368140288,-0.000322508263058
1215.897458,0.0200419167854,0.298556099057,0.652744731763,0.810325212601,0.000884453384258,-0.00031341722227
1215.899472,0.0201429006067,0.298532167079,0.652714039073,0.81030071088,0.000893631970102,-0.000304232761511
1215.901486,0.0202443846431,0.298508104321,0.65268316742,0.810276068206,0.000902904863943,-0.000294953939086
1215.903501,0.0203463713004,0.298483910092,0.652652115779,0.81025128379,0.000912273020256,-0.000285579803148
1215.905515,0.0204488629881,0.2984595837,0.652620883122,0.810226356839,0.000921737366484,-0.000276109393338
1215.907529,0.0205518621267,0.298435124452,0.652589468414,0.810201286558,0.000931298911124,-0.000266541739902
1215.909543,0.0206553711539,0.298410531647,0.652557870615,0.810176072143,0.000940958617979,-0.000256875862921
1215.911558,0.0207593925099,0.298385804583,0.652526088679,0.81015071279,0.000950717452563,-0.000247110773858
1215.913572,0.0208639286496,0.298360942556,0.652494121555,0.810125207691,0.000960576455254,-0.000237245474093
1215.915586,0.0209689820418,0.298335944854,0.652461968185,0.810099556029,0.00097053660606,-0.000227278954968
1215.9176,0.0210745551582,0.298310810768,0.652429627506,0.810073756989,0.00098059891397,-0.000217210198905
1215.919615,0.0211806504893,0.29828553958,0.65239709845,0.810047809747,0.000990764443767,-0.000207038177573
1215.921629,0.0212872705344,0.29826013057,0.652364379941,0.810021713476,0.00100103419245,-0.000196761852861
1215.923643,0.0213944177982,0.298234583018,0.6523314709,0.809995467347,0.00101140922449,-0.000186380177256
1215.925657,0.0215020948057,0.298208896194,0.652298370239,0.809969070522,0.00102189061483,-0.000175892091995
1215.927672,0.021610304087,0.29818306937,0.652265076866,0.809942522162,0.00103247938888,-0.000165296528731
1215.929686,0.0217190481817,0.298157101814,0.652231589684,0.809915821424,0.00104317666486,-0.000154592409007
1215.9317,0.0218283296484,0.298130992786,0.652197907587,0.809888967457,0.00105398352397,-0.000143778642951
1215.933714,0.0219381510486,0.298104741547,0.652164029465,0.809861959411,0.00106490103064,-0.000132854131132
1215.935729,0.0220485149577,0.298078347354,0.652129954204,0.809834796426,0.00107593034652,-0.000121817763178
1215.937743,0.0221594239673,0.298051809457,0.652095680678,0.80980747764,0.00108707256419,-0.000110668417406
1215.939757,0.0222708806711,0.298025127107,0.652061207762,0.809780002188,0.00109832879571,-9.94049623677e-05
1215.941771,0.0223828876813,0.297998299548,0.65202653432,0.809752369198,0.00110970023417,-8.80262548745e-05
1215.943786,0.0224954476215,0.297971326021,0.65199165921,0.809724577794,0.00112118798944,-7.65311406673e-05
1215.9458,0.0226085631194,0.297944205765,0.651956581288,0.809696627097,0.00113279323088,-6.49184552831e-05
1215.947814,0.0227222368233,0.297916938014,0.651921299398,0.809668516221,0.00114451716914,-5.3187021882e-05
1215.949828,0.022836471389,0.297889521998,0.651885812382,0.809640244277,0.00115636093914,-4.13356528015e-05
1215.951843,0.0229512694796,0.297861956946,0.651850119075,0.809611810372,0.00116832577545,-2.93631494949e-05
1215.953857,0.0230666337792,0.297834242078,0.651814218304,0.809583213605,0.00118041289333,-1.72683006937e-05
1215.955871,0.0231825669761,0.297806376615,0.651778108892,0.809554453074,0.00119262347008,-5.04988441119e-06
1215.957885,0.0232990717714,0.297778359774,0.651741789653,0.809525527872,0.00120495878659,7.29333320232e-06
1215.9599,0.0234161508797,0.297750190765,0.651705259398,0.809496437084,0.00121742006876,1.97625980695e-05
1215.961914,0.0235338070259,0.297721868798,0.651668516928,0.809467179795,0.00123000855383,3.23591679051e-05
1215.963928,0.0236520429477,0.297693393077,0.651631561041,0.809437755081,0.00124272555935,4.50843125813e-05
1215.965942,0.0237708613971,0.297664762801,0.651594390523,0.809408162014,0.00125557232742,5.79393144882e-05
1215.967957,0.0238902651298,0.29763597717,0.651557004162,0.809378399665,0.0012685501415,7.09254672023e-05
1215.969971,0.0240102569221,0.297607035375,0.651519400731,0.809348467096,0.00128166036184,8.40440778135e-05
1215.971985,0.0241308395598,0.297577936606,0.651481579001,0.809318363364,0.0012949042474,9.72964656327e-05
1215.973999,0.0242520158348,0.29754868005,0.651443537738,0.809288087525,0.00130828315428,0.00011068396173
1215.976014,0.0243737885607,0.297519264886,0.651405275695,0.809257638626,0.00132179845155,0.000124207911238
1215.978028,0.0244961605571,0.297489690293,0.651366791624,0.809227015711,0.00133545143336,0.000137869671278
1215.980042,0.0246191346534,0.297459955446,0.65132808427,0.809196217821,0.00134924352802,0.000151670611606
1215.982056,0.0247427137,0.297430059513,0.651289152366,0.809165243988,0.00136317610695,0.000165612116235
1215.984071,0.0248669005505,0.297400001662,0.651249994646,0.80913409324,0.00137725051482,0.000179695581123
1215.986085,0.0249916980734,0.297369781055,0.651210609832,0.809102764604,0.0013914682367,0.000193922415889
1215.988099,0.0251171091548,0.297339396848,0.651170996638,0.809071257096,0.00140583065374,0.000208294044281
1215.990113,0.0252431366833,0.297308848198,0.651131153777,0.809039569732,0.00142033917354,0.000222811902226
1215.992128,0.0253697835672,0.297278134255,0.65109107995,0.80900770152,0.00143499532008,0.0002374774403
1215.994142,0.0254970527274,0.297247254164,0.651050773852,0.808975651463,0.00144980049273,0.000252292122898
1215.996156,0.0256249470893,0.297216207069,0.651010234174,0.808943418562,0.00146475617594,0.000267257427134
1215.99817,0.0257534696005,0.297184992108,0.650969459596,0.808911001808,0.00147986391205,0.00028237484556
1216.000185,0.0258826232169,0.297153608414,0.650928448792,0.80887840019,0.00149512512979,0.000297645884197
1216.002199,0.0260124109021,0.297122055119,0.650887200434,0.808845612693,0.0015105414018,0.000313072062653
1216.004213,0.0261428356425,0.297090331349,0.650845713177,0.808812638293,0.00152611426955,0.000328654916372
1216.006227,0.0262739004291,0.297058436225,0.650803985678,0.808779475962,0.00154184521699,0.000344395994146
1216.008242,0.0264056082667,0.297026368867,0.650762016583,0.808746124671,0.00155773587105,0.000360296859531
1216.010256,0.0265379621749,0.296994128388,0.650719804531,0.80871258338,0.0015737877937,0.000376359091132
1216.01227,0.026670965184,0.296961713899,0.650677348154,0.808678851046,0.00159000253928,0.000392584282181
1216.014284,0.0268046203387,0.296929124504,0.650634646077,0.808644926622,0.00160638178675,0.00040897404108
1216.016299,0.0269389306989,0.296896359306,0.650591696916,0.808610809051,0.00162292710228,0.000425529991773
1216.018313,0.0270738993283,0.296863417403,0.650548499284,0.808576497279,0.00163964010905,0.000442253772114
1216.020327,0.0272095293131,0.296830297888,0.650505051782,0.808541990238,0.00165652253981,0.000459147036747
1216.022341,0.0273458237498,0.296796999849,0.650461353004,0.808507286859,0.00167357597611,0.000476211455508
1216.024356,0.0274827857412,0.296763522373,0.650417401542,0.808472386068,0.00169080213922,0.00049344871283
1216.02637,0.0276204184139,0.296729864539,0.650373195973,0.808437286783,0.00170820276629,0.00051086051061
1216.028384,0.0277587249007,0.296696025425,0.650328734872,0.808401987919,0.00172577948196,0.000528448565621
1216.030398,0.027897708345,0.296662004104,0.650284016805,0.808366488384,0.00174353410469,0.00054621461032
1216.032413,0.028037371913,0.296627799642,0.650239040328,0.80833078708,0.00176146836633,0.000564160394842
1216.034427,0.0281777187742,0.296593411104,0.650193803993,0.808294882906,0.00177958395683,0.000582287684144
1216.036441,0.0283187521142,0.29655883755,0.650148306344,0.808258774753,0.00179788276884,0.00060059826011
1216.038455,0.0284604751375,0.296524078034,0.650102545913,0.808222461507,0.00181636653951,0.000619093922129
1216.04047,0.0286028910514,0.296489131609,0.650056521231,0.808185942049,0.001835037042,0.000637776484693
1216.042484,0.0287460030843,0.29645399732,0.650010230816,0.808149215254,0.00185389621664,0.000656647780424
1216.044498,0.0288898144783,0.296418674209,0.649963673179,0.80811227999,0.00187294581811,0.000675709659052
1216.046512,0.0290343284801,0.296383161317,0.649916846828,0.808075135124,0.0018921877228,0.00069496398606
1216.048527,0.0291795483606,0.296347457674,0.649869750257,0.808037779511,0.00191162388841,0.000714412646018
1216.050541,0.0293254773993,0.296311562311,0.649822381953,0.808000212003,0.00193125610317,0.000734057540163
1216.052555,0.029472118884,0.296275474254,0.649774740402,0.80796243145,0.00195108636295,0.000753900586523
1216.054569,0.0296194761273,0.296239192521,0.649726824071,0.807924436688,0.00197111661437,0.000773943722712
1216.056584,0.0297675524465,0.296202716129,0.649678631428,0.807886226555,0.00199134871783,0.000794188902819
1216.058598,0.0299163511737,0.296166044091,0.64963016093,0.807847799879,0.00201178473277,0.000814638099177
1216.060612,0.0300658756569,0.296129175412,0.649581411025,0.807809155485,0.00203242662772,0.000835293302715
1216.062626,0.0302161292557,0.296092109097,0.649532380154,0.807770292188,0.00205327637452,0.000856156522377
1216.064641,0.0303671153448,0.296054844143,0.649483066751,0.807731208802,0.00207433607812,0.000877229785865
1216.066655,0.0305188373156,0.296017379543,0.649433469237,0.807691904129,0.00209560771071,0.000898515140026
1216.068669,0.0306712985634,0.295979714288,0.649383586033,0.807652376973,0.00211709331501,0.000920014648864
1216.070683,0.0308245025073,0.295941847362,0.649333415545,0.807612626125,0.00213879509023,0.000941730397078
1216.072698,0.0309784525781,0.295903777744,0.649282956171,0.807572650372,0.0021607150108,0.000963664488084
1216.074712,0.0311331522126,0.295865504411,0.649232206308,0.807532448499,0.00218285525224,0.000985819043272
1216.076726,0.0312886048737,0.295827026334,0.649181164334,0.807492019278,0.0022052180092,0.00100819620554
1216.07874,0.0314448140303,0.295788342479,0.649129828626,0.807451361481,0.00222780530839,0.00103079813608
1216.080755,0.0316017831632,0.29574945181,0.649078197554,0.807410473872,0.00225061945626,0.0010536270154
1216.082769,0.0317595157771,0.295710353281,0.64902626947,0.807369355205,0.00227366262853,0.00107668504574
1216.084783,0.0319180153806,0.295671045847,0.648974042729,0.807328004235,0.00229693693624,0.00109997444754
1216.086797,0.0320772854991,0.295631528457,0.648921515671,0.807286419707,0.00232044478278,0.00112349746208
1216.088812,0.0322373296785,0.295591800051,0.648868686627,0.807244600357,0.00234418834018,0.0011472563521
1216.090826,0.0323981514674,0.295551859571,0.648815553923,0.807202544921,0.00236816982956,0.00117125339892
1216.09284,0.0325597544372,0.29551170595,0.648762115876,0.807160252124,0.0023923917121,0.0011954909061
1216.094854,0.0327221421737,0.295471338117,0.648708370789,0.807117720685,0.00241685617374,0.00121997119818
1216.096869,0.0328853182675,0.295430754999,0.648654316965,0.807074949322,0.00244156557449,0.00124469661904
1216.098883,0.0330492863352,0.295389955513,0.648599952691,0.807031936739,0.00246652238868,0.00126966953595
1216.100897,0.0332140500024,0.295348938576,0.648545276248,0.806988681638,0.00249172883922,0.0012948923366
1216.102911,0.0333796129036,0.2953077031,0.648490285911,0.806945182716,0.00251718744826,0.00132036742926
1216.104926,0.0335459786996,0.295266247988,0.648434979939,0.80690143866,0.00254290066149,0.00134609724617
1216.10694,0.0337131510561,0.295224572142,0.648379356589,0.806857448152,0.00256887079641,0.00137208423976
1216.108954,0.0338811336547,0.29518267446,0.648323414107,0.80681320987,0.00259510045052,0.00139833088474
1216.110968,0.0340499301939,0.295140553832,0.648267150729,0.806768722482,0.00262159208805,0.00142483967861
1216.112983,0.0342195443842,0.295098209146,0.648210564684,0.806723984651,0.00264834818838,0.00145161314085
1216.114997,0.0343899799527,0.295055639284,0.648153654191,0.806678995035,0.00267537139211,0.0014786538139
1216.117011,0.0345612406434,0.29501284312,0.648096417456,0.80663375228,0.00270266416121,0.00150596426355
1216.119025,0.0347333302051,0.294969819531,0.648038852685,0.806588255034,0.00273022905164,0.00153354707656
1216.12104,0.0349062524116,0.294926567381,0.647980958066,0.806542501932,0.00275806884271,0.00156140486494
1216.123054,0.0350800110489,0.294883085533,0.647922731782,0.806496491602,0.00278618598142,0.00158954026352
1216.125068,0.0352546099096,0.294839372847,0.64786417201,0.806450222673,0.00281458320369,0.00161795592907
1216.127082,0.0354300528136,0.294795428173,0.647805276909,0.806403693757,0.0028432632683,0.00164665454455
1216.129097,0.0356063435876,0.294751250361,0.647746044636,0.806356903466,0.00287222868465,0.00167563881523
1216.131111,0.0357834860704,0.294706838254,0.647686473339,0.806309850405,0.00290148236541,0.00170491146988
1216.133125,0.0359614841264,0.294662190688,0.64762656115,0.806262533168,0.00293102702747,0.00173447526373
1216.135139,0.0361403416237,0.294617306498,0.647566306198,0.806214950349,0.002960865289,0.00176433297416
1216.137154,0.0363200624487,0.294572184512,0.647505706603,0.806167100529,0.00299100018926,0.00179448740386
1216.139168,0.0365006505088,0.294526823552,0.647444760469,0.806118982284,0.00302143442517,0.00182494138167
1216.141182,0.0366821097146,0.294481222438,0.647383465898,0.806070594187,0.00305217076066,0.00185569775894
1216.143196,0.0368644440007,0.294435379983,0.647321820977,0.806021934798,0.00308321230406,0.00188675941404
1216.145211,0.0370476573166,0.294389294993,0.647259823786,0.805973002673,0.00311456175761,0.00191812925084
1216.147225,0.0372317536172,0.294342966275,0.647197472397,0.805923796365,0.0031462220724,0.00194981019663
1216.149239,0.0374167368845,0.294296392625,0.647134764869,0.805874314412,0.00317819636035,0.00198180520709
1216.151253,0.03760261111,0.294249572835,0.647071699251,0.805824555351,0.00321048736224,0.00201411726265
1216.153268,0.0377893802946,0.294202505697,0.647008273589,0.805774517713,0.00324309824952,0.00204674936865
1216.155282,0.0379770484667,0.29415518999,0.646944485909,0.805724200015,0.00327603207647,0.00207970455949
1216.157296,0.03816561966,0.294107624494,0.646880334236,0.805673600774,0.00330929170852,0.00211298589396
1216.15931,0.0383550979247,0.294059807982,0.646815816582,0.805622718497,0.00334288040872,0.00214659645786
1216.161325,0.0385454873286,0.294011739222,0.646750930948,0.805571551685,0.00337680123748,0.00218053936447
1216.163339,0.0387367919526,0.293963416977,0.646685675327,0.805520098831,0.00341105727474,0.00221481775372
1216.165353,0.0389290158943,0.293914840004,0.646620047701,0.805468358422,0.00344565184308,0.00224943479318
1216.167367,0.0391221632694,0.293866007055,0.646554046041,0.805416328934,0.00348058798159,0.00228439367869
1216.169382,0.0393162381986,0.293816916879,0.646487668312,0.805364008842,0.00351586886691,0.00231969763135
1216.171396,0.0395112448285,0.293767568217,0.646420912464,0.80531139661,0.00355149799422,0.00235534990271
1216.17341,0.0397071873184,0.293717959806,0.64635377644,0.805258490693,0.00358747836987,0.00239135377186
1216.175424,0.0399040698349,0.293668090379,0.646286258175,0.805205289546,0.00362381341469,0.00242771254425
1216.177439,0.0401018965727,0.293617958662,0.646218355586,0.805151791609,0.00366050657632,0.00246442955697
1216.179453,0.0403006717335,0.293567563376,0.646150066589,0.805097995317,0.00369756093434,0.00250150817385
1216.181467,0.0405003995321,0.29351690324,0.646081389086,0.805043899102,0.00373498014842,0.00253895178706
1216.183481,0.0407010842093,0.293465976961,0.646012320965,0.804989501381,0.00377276758724,0.00257676382055
1216.185496,0.0409027300103,0.293414783248,0.64594286011,0.80493480057,0.00381092647041,0.00261494772489
1216.18751,0.0411053411988,0.293363320802,0.645873004393,0.804879795076,0.00384946062283,0.00265350698104
1216.189524,0.0413089220608,0.293311588316,0.64580275167,0.804824483295,0.00388837336569,0.00269244510134
1216.191538,0.0415134768854,0.293259584482,0.645732099797,0.804768863622,0.00392766811174,0.00273176562511
1216.193553,0.0417190099865,0.293207307985,0.645661046612,0.80471293444,0.00396734876694,0.00277147212413
1216.195567,0.0419255256936,0.293154757503,0.645589589941,0.804656694124,0.00400741864132,0.00281156820065
1216.197581,0.0421330283418,0.293101931713,0.645517727608,0.804600141047,0.00404788140007,0.00285205748502
1216.199595,0.042341522294,0.293048829282,0.645445457419,0.804543273566,0.00408874093463,0.00289294364152
1216.20161,0.0425510119232,0.292995448875,0.64537277717,0.804486090037,0.00413000059161,0.00293423036407
1216.203624,0.042761501612,0.292941789151,0.645299684653,0.804428588809,0.00417166433601,0.00297592137636
1216.205638,0.0429729957713,0.292887848761,0.64522617764,0.804370768217,0.00421373595551,0.00301802043676
1216.207652,0.0431854988179,0.292833626355,0.645152253899,0.804312626594,0.00425621896186,0.00306053133281
1216.209667,0.0433990151849,0.292779120575,0.645077911186,0.804254162264,0.00429911743442,0.00310345788422
1216.211681,0.0436135493243,0.292724330058,0.645003147244,0.804195373543,0.00434243512831,0.00314680394352
1216.213695,0.0438291057011,0.292669253436,0.644927959809,0.804136258739,0.00438617584868,0.00319057339499
1216.215709,0.0440456887974,0.292613889336,0.644852346603,0.804076816153,0.00443034375615,0.00323477015581
1216.217724,0.0442633031144,0.292558236378,0.644776305335,0.804017044076,0.00447494256377,0.0032793981768
1216.219738,0.0444819531579,0.29250229318,0.644699833711,0.803956940795,0.00451997618834,0.00332446143885
1216.221752,0.0447016434607,0.29244605835,0.644622929419,0.803896504588,0.00456544900034,0.00336996395905
1216.223766,0.0449223785685,0.292389530493,0.644545590137,0.803835733721,0.00461136465499,0.00341590978717
1216.225781,0.0451441630343,0.292332708212,0.644467813538,0.80377462646,0.00465772740082,0.00346230300432
1216.227795,0.0453670014401,0.292275590097,0.644389597274,0.803713181056,0.00470454151704,0.00350914772911
1216.229809,0.045590898375,0.292218174739,0.644310938994,0.803651395756,0.00475181074292,0.00355644811189
1216.231823,0.0458158584413,0.292160460723,0.644231836335,0.803589268798,0.00479953964996,0.00360420833657
1216.233838,0.0460418862683,0.292102446623,0.644152286918,0.803526798411,0.0048477323802,0.00365243262467
1216.235852,0.0462689864892,0.292044131014,0.644072288357,0.803463982818,0.00489639285296,0.00370112522925
1216.237866,0.0464971637567,0.291985512464,0.643991838255,0.803400820235,0.00494552585523,0.00375029043928
1216.23988,0.0467264227458,0.291926589533,0.6439109342,0.803337308864,0.00499513543708,0.00379993258081
1216.241895,0.0469567681347,0.291867360778,0.643829573774,0.803273446907,0.00504522577379,0.00385005601177
1216.243909,0.0471882046269,0.29180782475,0.643747754544,0.803209232553,0.00509580174532,0.00390066512836
1216.245923,0.0474207369418,0.291747979993,0.643665474064,0.803144663982,0.00514686736184,0.00395176436275
1216.247937,0.0476543698043,0.291687825049,0.643582729885,0.803079739372,0.00519842713937,0.00400335818017
1216.249952,0.0478891079678,0.291627358451,0.643499519537,0.803014456885,0.005250485912,0.00405545108587
1216.251966,0.0481249561957,0.291566578727,0.643415840541,0.80294881468,0.00530304771848,0.00410804761994
1216.25398,0.0483619192611,0.291505484404,0.643331690413,0.802882810909,0.0053561174829,0.00416115235744
1216.255994,0.0486000019659,0.291444073996,0.643247066648,0.802816443709,0.00540969986406,0.00421476991426
1216.258009,0.0488392091177,0.291382346018,0.643161966735,0.802749711215,0.00546379912109,0.00426890494046
1216.260023,0.049079545541,0.291320298976,0.643076388152,0.802682611554,0.00551842031829,0.0043235621239
1216.262037,0.0493210160787,0.291257931372,0.642990328363,0.802615142841,0.0055735680125,0.00437874619086
1216.264051,0.0495636255875,0.291195241701,0.642903784822,0.802547303185,0.00562924686681,0.00443446190489
1216.266066,0.0498073789409,0.291132228456,0.64281675497,0.802479090686,0.00568546205814,0.00449071406796
1216.26808,0.0500522810317,0.291068890118,0.642729236233,0.802410503434,0.00574221807047,0.00454750752147
1216.270094,0.0502983367573,0.29100522517,0.642641226036,0.802341539515,0.0057995196883,0.0046048471419
1216.272108,0.0505455510423,0.290941232085,0.64255272178,0.802272197004,0.00585737234075,0.00466273784803
1216.274123,0.050793928824,0.290876909329,0.64246372086,0.802202473965,0.00591578041629,0.0047211845968
1216.276137,0.0510434750471,0.29081225537,0.642374220664,0.802132368462,0.00597474915024,0.00478019238167
1216.278151,0.0512941946855,0.290747268661,0.642284218556,0.802061878539,0.0060342838119,0.00483976623975
1216.280165,0.0515460927202,0.290681947655,0.642193711898,0.80199100224,0.00609438888345,0.00489991124517
1216.28218,0.051799174145,0.2906162908,0.642102698039,0.801919737599,0.00615507003701,0.00496063251102
1216.284194,0.0520534439809,0.290550296534,0.64201117431,0.801848082639,0.00621633231558,0.00502193519417
1216.286208,0.0523089072529,0.290483963295,0.641919138037,0.801776035377,0.0062781804324,0.00508382448806
1216.288222,0.0525655690049,0.290417289512,0.641826586532,0.801703593821,0.00634062034037,0.00514630562781
1216.290237,0.0528234343035,0.290350273607,0.641733517089,0.801630755967,0.00640365692091,0.00520938389151
1216.292251,0.0530825082183,0.290282914003,0.641639927001,0.80155751981,0.00646729522659,0.00527306459421
1216.294265,0.0533427958439,0.29021520911,0.64154581354,0.80148388333,0.00653154131365,0.00533735309521
1216.296279,0.0536043022907,0.290147157336,0.641451173967,0.801409844497,0.00659639997635,0.00540225479542
1216.298294,0.0538670326744,0.290078757084,0.641356005538,0.801335401281,0.00666187672736,0.00546777513391
1216.300308,0.0541309921391,0.290010006751,0.641260305486,0.801260551635,0.00672797752569,0.00553391959597
1216.302322,0.0543961858384,0.289940904726,0.641164071038,0.801185293505,0.00679470718237,0.00560069370703
1216.304336,0.0546626189382,0.289871449396,0.641067299412,0.801109624833,0.0068620718758,0.00566810303359
1216.306351,0.0549302966247,0.289801639141,0.640969987806,0.801033543547,0.00693007678805,0.00573615318651
1216.308365,0.0551992240983,0.289731472335,0.64087213341,0.800957047568,0.00699872777845,0.0058048498189
1216.310379,0.0554694065741,0.289660947348,0.640773733401,0.80088013481,0.00706803054742,0.00587419862661
1216.312393,0.055740849283,0.289590062542,0.640674784945,0.800802803174,0.00713799075977,0.00594420534878
1216.314408,0.0560135574705,0.289518816276,0.640575285194,0.800725050558,0.00720861399686,0.00601487576772
1216.316422,0.0562875363983,0.289447206902,0.640475231287,0.800646874847,0.00727990667669,0.0060862157097
1216.318436,0.0565627913472,0.289375232766,0.640374620349,0.800568273915,0.00735187413969,0.00615823104611
1216.32045,0.0568393276023,0.289302892211,0.6402734495,0.800489245635,0.00742452216583,0.00623092768847
1216.322465,0.0571171504753,0.289230183571,0.64017171584,0.800409787865,0.0074978574482,0.00630431159663
1216.324479,0.0573962652902,0.289157105177,0.640069416457,0.800329898453,0.00757188517518,0.00637838877391
1216.326493,0.0576766773783,0.289083655355,0.639966548433,0.800249575246,0.00764661173923,0.00645316526531
1216.328507,0.0579583920989,0.289009832423,0.639863108829,0.800168816072,0.00772204356897,0.00652864716555
1216.330522,0.0582414148182,0.288935634695,0.639759094697,0.800087618757,0.00779818595301,0.00660484061141
1216.332536,0.0585257509153,0.28886106048,0.639654503082,0.800005981118,0.00787504587445,0.00668175178395
1216.33455,0.0588114057947,0.288786108079,0.639549331003,0.799923900957,0.00795262940176,0.00675938691395
1216.336564,0.0590983848654,0.288710775792,0.63944357548,0.799841376074,0.00803094211961,0.00683775227361
1216.338579,0.0593866935545,0.28863506191,0.639337233515,0.799758404256,0.00810999137653,0.00691685418239
1216.340593,0.0596763373105,0.288558964717,0.639230302091,0.799674983281,0.00818978297326,0.00699669900835
1216.342607,0.0599673215851,0.288482482498,0.63912277819,0.799591110921,0.00827032294426,0.00707729316128
1216.344621,0.0602596518538,0.288405613526,0.639014658774,0.799506784936,0.00835161874803,0.00715864310096
1216.346636,0.0605533336071,0.28832835607,0.638905940791,0.799422003076,0.00843367602371,0.00724075533407
1216.34865,0.060848372341,0.288250708398,0.638796621183,0.799336763089,0.00851650142682,0.00732363641031
1216.350664,0.0611447735779,0.288172668767,0.638686696872,0.799251062703,0.00860010223781,0.00740729293132
1216.352678,0.0614425428497,0.28809423543,0.638576164769,0.799164899644,0.00868448407379,0.0074917315439
1216.354693,0.0617416856976,0.288015406638,0.638465021779,0.799078271631,0.00876965434579,0.00757695894009
1216.356707,0.0620422076893,0.287936180632,0.638353264781,0.798991176365,0.00885561988882,0.00766298186454
1216.358721,0.0623441143975,0.287856555649,0.638240890652,0.798903611546,0.00894238655301,0.00774980710581
1216.360735,0.0626474114099,0.287776529923,0.638127896255,0.798815574864,0.00902996230533,0.00783744150067
1216.36275,0.0629521043372,0.287696101679,0.638014278432,0.798727063993,0.00911835358452,0.00792589193773
1216.364764,0.0632581987932,0.28761526914,0.637900034022,0.798638076606,0.00920756666457,0.00801516534925
1216.366778,0.0635657004123,0.287534030522,0.637785159846,0.798548610363,0.00929760978085,0.00810526871867
1216.368792,0.0638746148463,0.287452384033,0.637669652709,0.798458662912,0.00938848909414,0.00819620907961
1216.370807,0.0641849477509,0.287370327882,0.637553509413,0.7983682319,0.00948021149525,0.0082879935101
1216.372821,0.0644967048062,0.287287860266,0.637436726735,0.798277314956,0.00957278516331,0.00838062914175
1216.374835,0.0648098917041,0.287204979382,0.637319301445,0.798185909703,0.00966621611631,0.0084741231544
1216.376849,0.065124514143,0.287121683419,0.637201230303,0.798094013758,0.0097605120764,0.00856848277405
1216.378864,0.0654405778474,0.287037970559,0.637082510049,0.798001624724,0.00985568080183,0.00866371528158
1216.380878,0.0657580885481,0.286953838983,0.636963137413,0.797908740195,0.00995172841154,0.00875982800435
1216.382892,0.0660770519876,0.286869286866,0.636843109117,0.797815357761,0.0100486634256,0.00885682831856
1216.384907,0.0663974739321,0.286784312372,0.636722421858,0.797721474994,0.0101464930447,0.00895472365509
1216.386921,0.0667193601516,0.286698913668,0.636601072331,0.797627089465,0.0102452237667,0.0090535214904
1216.388935,0.0670427164328,0.286613088911,0.636479057215,0.797532198732,0.0103448645863,0.00915322935279
1216.390949,0.067367548582,0.286526836252,0.636356373169,0.797436800341,0.0104454222785,0.00925385482386
1216.392964,0.0676938624083,0.286440153841,0.63623301685,0.797340891834,0.0105469039369,0.0093554055309
1216.394978,0.0680216637423,0.286353039819,0.636108984894,0.79724447074,0.0106493186659,0.0094578891558
1216.396992,0.0683509584286,0.286265492322,0.635984273923,0.797147534578,0.0107526729652,0.00956131343165
1216.399006,0.0686817523162,0.286177509485,0.635858880555,0.797050080863,0.010856974766,0.00966568613841
1216.401021,0.0690140512782,0.286089089433,0.635732801383,0.796952107094,0.0109622328712,0.00977101511255
1216.403035,0.0693478611964,0.286000230288,0.635606032993,0.796853610762,0.0110684537036,0.0098773082396
1216.405049,0.0696831879605,0.285910930168,0.635478571961,0.796754589354,0.0111756462202,0.00998457345415
1216.407063,0.0700200374841,0.285821187184,0.63535041484,0.79665504034,0.0112838185423,0.0100928187478
1216.409078,0.0703584156853,0.285730999441,0.635221558179,0.796554961184,0.0113929773768,0.0102020521595
1216.411092,0.0706983284954,0.285640365044,0.635091998512,0.796454349344,0.0115031324205,0.0103122817803
1216.413106,0.071039781866,0.285549282086,0.634961732352,0.796353202259,0.0116142911831,0.0104235157572
1216.41512,0.0713827817517,0.285457748662,0.634830756211,0.796251517371,0.0117264609248,0.010535762284
1216.417135,0.0717273341249,0.285365762857,0.634699066578,0.796149292103,0.011839651672,0.0106490296096
1216.419149,0.0720734449734,0.285273322753,0.63456665993,0.79604652387,0.0119538704903,0.0107633260366
1216.421163,0.0724211202885,0.285180426427,0.634433532739,0.795943210082,0.012069125465,0.0108786599151
1216.423177,0.0727703660825,0.285087071951,0.634299681452,0.795839348136,0.0121854264901,0.0109950396524
1216.425192,0.0731211883781,0.284993257391,0.634165102509,0.795734935417,0.0123027803786,0.0111124737075
1216.427206,0.0734735932037,0.284898980812,0.63402979234,0.795629969309,0.0124211963421,0.0112309705882
1216.42922,0.0738275866098,0.284804240269,0.633893747352,0.795524447177,0.0125406836248,0.0113505388608
1216.431234,0.0741831746528,0.284709033815,0.633756963947,0.795418366381,0.0126612491316,0.0114711871407
1216.433249,0.0745403633988,0.2846133595,0.633619438513,0.795311724273,0.0127829031501,0.0115929240953
1216.435263,0.0748991589341,0.284517215364,0.633481167417,0.79520451819,0.012905654081,0.0117157584494
1216.437277,0.0752595673481,0.284420599447,0.633342147024,0.795096745466,0.0130295093134,0.011839698976
1216.439291,0.0756215947448,0.284323509783,0.633202373679,0.794988403422,0.0131544797504,0.0119647545028
1216.441306,0.0759852472441,0.2842259444,0.63306184371,0.794879489368,0.0132805731362,0.0120909339132
1216.44332,0.0763505309685,0.284127901324,0.632920553443,0.794770000608,0.0134077976484,0.0122182461387
1216.445334,0.0767174520584,0.284029378574,0.632778499182,0.794659934434,0.0135361642874,0.0123467001678
1216.447348,0.0770860166659,0.283930374163,0.632635677216,0.794549288128,0.0136656803539,0.0124763050422
1216.449363,0.0774562309465,0.283830886106,0.632492083831,0.794438058967,0.0137963551525,0.0126070698529
1216.451377,0.0778281010758,0.283730912407,0.632347715289,0.794326244212,0.0139281991996,0.0127390037492
1216.453391,0.0782016332361,0.283630451066,0.632202567842,0.794213841118,0.0140612196313,0.0128721159314
1216.455405,0.0785768336166,0.283529500083,0.632056637736,0.794100846932,0.0141954271422,0.0130064156505
1216.45742,0.0789537084256,0.28342805745,0.631909921191,0.793987258886,0.0143308312274,0.0131419122164
1216.459434,0.079332263875,0.283326121154,0.631762414423,0.793873074208,0.0144674393672,0.0132786149878
1216.461448,0.0797125061873,0.283223689181,0.631614113634,0.793758290116,0.0146052632392,0.0134165333768
1216.463462,0.0800944416012,0.283120759509,0.631465015006,0.793642903812,0.0147443114161,0.0135556768527
1216.465477,0.0804780763577,0.283017330115,0.631315114718,0.793526912498,0.0148845921004,0.013696054933
1216.467491,0.0808634167118,0.282913398969,0.631164408928,0.79341031336,0.0150261173713,0.0138376771911
1216.469505,0.0812504689306,0.282808964037,0.63101289378,0.793293103573,0.0151688951161,0.0139805532551
1216.471519,0.0816392392839,0.282704023285,0.630860565415,0.79317528031,0.0153129346391,0.0141246928014
1216.473534,0.0820297340577,0.282598574669,0.63070741995,0.793056840728,0.0154582477686,0.0142701055641
1216.475548,0.0824219595459,0.282492616143,0.630553453491,0.792937781976,0.0156048419767,0.0144168013296
1216.477562,0.0828159220468,0.28238614566,0.630398662138,0.792818101197,0.0157527280892,0.0145647899333
1216.479576,0.0832116278754,0.282279161163,0.630243041968,0.792697795517,0.0159019169555,0.0147140812694
1216.481591,0.0836090833511,0.282171660597,0.63008658905,0.792576862058,0.0160524161159,0.0148646852814
1216.483605,0.0840082948003,0.2820636419,0.629929299444,0.792455297936,0.0162042378432,0.0150166119643
1216.485619,0.0844092685647,0.281955103006,0.629771169185,0.792333100246,0.0163573917365,0.0151698713706
1216.487633,0.0848120109882,0.281846041845,0.629612194308,0.792210266085,0.0165118859534,0.0153244736007
1216.489648,0.0852165284248,0.281736456345,0.62945237083,0.792086792535,0.0166677335633,0.0154804288085
1216.491662,0.0856228272404,0.281626344427,0.629291694749,0.791962676667,0.0168249431785,0.0156377472036
1216.493676,0.0860309138026,0.281515704012,0.629130162061,0.791837915548,0.0169835239985,0.0157964390423
1216.49569,0.0864407944918,0.281404533016,0.628967768741,0.791712506232,0.0171434891595,0.0159565146371
1216.497705,0.086852475696,0.281292829348,0.628804510752,0.791586445762,0.0173048465862,0.0161179843525
1216.499719,0.0872659638063,0.28118059092,0.628640384051,0.791459731176,0.0174676069913,0.0162808586008
1216.501733,0.0876812652269,0.281067815633,0.628475384573,0.791332359498,0.0176317827612,0.0164451478509
1216.503747,0.0880983863669,0.28095450139,0.628309508243,0.791204327744,0.0177973815246,0.0166108626211
1216.505762,0.0885173336397,0.280840646089,0.62814275098,0.791075632926,0.0179644158707,0.0167780134787
1216.507776,0.0889381134716,0.280726247622,0.627975108678,0.790946272036,0.0181328966845,0.0169466110473
1216.50979,0.0893607322908,0.280611303882,0.627806577228,0.790816242065,0.0183028320097,0.0171166659973
1216.511804,0.0897851965327,0.280495812756,0.627637152507,0.790685539994,0.0184742357373,0.01728818905
1216.513819,0.0902115126427,0.280379772127,0.627466830373,0.790554162788,0.0186471173916,0.0174611909811
1216.515833,0.0906396870677,0.280263179877,0.62729560668,0.790422107411,0.0188214859566,0.0176356826118
1216.517847,0.0910697262632,0.280146033884,0.627123477266,0.790289370813,0.018997355809,0.0178116748159
1216.519861,0.0915016366917,0.280028332021,0.62695043795,0.790155949934,0.019174735445,0.0179891785186
1216.521876,0.0919354248176,0.279910072161,0.626776484551,0.79002184171,0.0193536353156,0.0181682046904
1216.52389,0.0923710971147,0.279791252171,0.626601612866,0.789887043061,0.0195340693703,0.0183487643552
1216.525904,0.0928086600609,0.279671869918,0.62642581868,0.789751550899,0.0197160454543,0.0185308685855
1216.527918,0.093248120137,0.279551923264,0.626249097775,0.789615362135,0.0198995760672,0.018714528499
1216.529933,0.0936894838325,0.279431410069,0.626071445906,0.789478473657,0.0200846737151,0.0188997552673
1216.531947,0.0941327576394,0.279310328188,0.625892858827,0.789340882354,0.0202713462668,0.0190865601071
1216.533961,0.0945779480534,0.279188675478,0.625713332278,0.789202585105,0.0204596081599,0.0192749542819
1216.535975,0.0950250615776,0.279066449788,0.625532861981,0.789063578773,0.0206494700815,0.0194649491074
1216.53799,0.0954741047164,0.278943648968,0.625351443653,0.78892386022,0.0208409406866,0.019656555942
1216.540004,0.0959250839789,0.278820270863,0.625169072996,0.788783426294,0.0210340354404,0.0198497861928
1216.542018,0.0963780058795,0.278696313318,0.624985745696,0.788642273834,0.02122876358,0.0200446513155
1216.544032,0.0968328769335,0.278571774174,0.624801457435,0.788500399673,0.0214251351338,0.020241162808
1216.546047,0.0972897036614,0.278446651269,0.624616203878,0.788357800632,0.0216231655763,0.0204393322174
1216.548061,0.0977484925869,0.27832094244,0.624429980675,0.788214473522,0.0218228631126,0.0206391711364
1216.550075,0.0982092502348,0.278194645521,0.624242783474,0.788070415151,0.0220242397943,0.0208406911992
1216.552089,0.0986719831346,0.278067758344,0.624054607901,0.78792562231,0.0222273099704,0.0210439040893
1216.554104,0.0991366978175,0.277940278738,0.623865449575,0.787780091785,0.0224320813577,0.0212488215324
1216.556118,0.0996034008159,0.277812204533,0.623675304106,0.787633820356,0.0226385685295,0.0214554552962
1216.558132,0.100072098666,0.277683533552,0.623484167086,0.787486804787,0.0228467836673,0.0216638171962
1216.560146,0.100542797905,0.27755426362,0.623292034099,0.787339041838,0.0230567349858,0.0218739190873
1216.562161,0.101015505071,0.277424392558,0.623098900721,0.787190528262,0.023268438776,0.0220857728671
1216.564175,0.101490226704,0.277293918187,0.622904762508,0.787041260796,0.0234819052506,0.0222993904784
1216.566189,0.101966969345,0.277162838326,0.622709615012,0.786891236175,0.0236971438466,0.0225147839014
1216.568203,0.102445739536,0.277031150789,0.622513453773,0.786740451122,0.023914171438,0.0227319651597
1216.570218,0.102926543821,0.276898853394,0.622316274313,0.786588902349,0.0241329967318,0.0229509463181
1216.572232,0.10340938874,0.276765943952,0.622118072154,0.786436586567,0.0243536311117,0.0231717394783
1216.574246,0.103894280838,0.276632420276,0.621918842798,0.78628350047,0.0245760907692,0.0233943567846
1216.57626,0.104381226657,0.276498280177,0.621718581736,0.786129640747,0.0248003834297,0.0236188104194
1216.578275,0.104870232739,0.276363521463,0.621517284458,0.785975004079,0.0250265232201,0.0238451126011
1216.580289,0.105361305627,0.276228141943,0.62131494643,0.785819587136,0.0252545242467,0.0240732755894
1216.582303,0.105854451861,0.276092139424,0.621111563115,0.785663386581,0.0254843941853,0.0243033116789
1216.584317,0.106349677982,0.275955511712,0.620907129966,0.78550639907,0.0257161497452,0.0245352332
1216.586332,0.106846990526,0.27581825661,0.620701642419,0.785348621246,0.0259498024335,0.0247690525219
1216.588346,0.107346396032,0.275680371924,0.620495095907,0.785190049748,0.0261853609254,0.0250047820461
1216.59036,0.107847901034,0.275541855455,0.62028748585,0.785030681205,0.0264228432516,0.0252424342095
1216.592374,0.108351512063,0.275402705007,0.620078807652,0.784870512235,0.0266622588319,0.0254820214846
1216.594389,0.108857235651,0.27526291838,0.619869056716,0.784709539453,0.0269036181466,0.0257235563741
1216.596403,0.109365078325,0.275122493376,0.619658228429,0.784547759461,0.0271469391406,0.0259670514153
1216.598417,0.109875046607,0.274981427795,0.619446318167,0.784385168853,0.0273922297263,0.0262125191777
1216.600431,0.110387147022,0.274839719436,0.619233321302,0.78422176422,0.0276395030755,0.0264599722591
1216.602446,0.110901386084,0.274697366099,0.61901923319,0.784057542137,0.0278887754867,0.0267094232906
1216.60446,0.111417770306,0.274554365584,0.618804049179,0.783892499176,0.0281400541143,0.0269608849318
1216.606474,0.111936306201,0.27441071569,0.618587764612,0.783726631903,0.0283933554977,0.0272143698696
1216.608488,0.112457000271,0.274266414214,0.618370374812,0.783559936867,0.0286486928613,0.0274698908214
1216.610503,0.112979859016,0.274121458958,0.618151875102,0.783392410617,0.0289060739553,0.0277274605299
1216.612517,0.113504888934,0.273975847718,0.617932260794,0.783224049693,0.0291655175741,0.0279870917642
1216.614531,0.11403209651,0.273829578295,0.617711527185,0.783054850622,0.0294270341468,0.0282487973204
1216.616545,0.114561488233,0.273682648488,0.617489669569,0.78288480993,0.0296906330085,0.0285125900171
1216.61856,0.115093070578,0.273535056097,0.617266683229,0.782713924131,0.0299563336475,0.028778482698
1216.620574,0.115626850017,0.273386798921,0.617042563436,0.782542189729,0.030224144338,0.0290464882298
1216.622588,0.116162833018,0.273237874762,0.616817305458,0.782369603228,0.0304940769844,0.0293166194996
1216.624602,0.116701026037,0.273088281421,0.61659090455,0.782196161117,0.0307661500357,0.0295888894171
1216.626617,0.117241435525,0.2729380167,0.616363355956,0.782021859878,0.0310403703314,0.0298633109117
1216.628631,0.11778406793,0.272787078401,0.616134654919,0.781846695992,0.031316753426,0.0301398969307
1216.630645,0.118328929683,0.272635464329,0.615904796667,0.781670665924,0.0315953148137,0.0304186604413
1216.632659,0.118876027214,0.272483172288,0.615673776422,0.781493766135,0.0318760611746,0.0306996144265
1216.634674,0.119425366944,0.272330200084,0.615441589399,0.781315993081,0.0321590114828,0.0309827718856
1216.636688,0.119976955281,0.272176545524,0.615208230801,0.781137343206,0.0324441775826,0.0312681458336
1216.638702,0.120530798628,0.272022206417,0.614973695828,0.780957812951,0.0327315674241,0.0315557492987
1216.640716,0.121086903379,0.271867180571,0.61473797967,0.780777398747,0.0330212016716,0.0318455953224
1216.642731,0.121645275911,0.2717114658,0.614501077505,0.780596097016,0.0333130892264,0.0321376969582
1216.644745,0.122205922603,0.271555059915,0.614262984513,0.78041390418,0.033607240399,0.03243206727
1216.646759,0.122768849812,0.271397960731,0.614023695858,0.780230816646,0.0339036756243,0.0327287193314
1216.648773,0.12333406389,0.271240166065,0.613783206699,0.780046830816,0.0342024016554,0.0330276662247
1216.650788,0.123901571179,0.271081673734,0.613541512191,0.77986194309,0.0345034323603,0.0333289210391
1216.652802,0.124471378005,0.27092248156,0.613298607477,0.779676149853,0.0348067858226,0.0336324968703
1216.654816,0.125043490684,0.270762587365,0.613054487696,0.77948944749,0.0351124676707,0.0339384068187
1216.65683,0.125617915525,0.270601988973,0.612809147982,0.779301832376,0.0354204962361,0.0342466639885
1216.658845,0.126194658813,0.270440684212,0.612562583456,0.779113300879,0.0357308853192,0.0345572814863
1216.660859,0.126773726831,0.270278670912,0.612314789239,0.778923849361,0.0360436412608,0.0348702724199
1216.662873,0.127355125847,0.270115946903,0.612065760445,0.778733474179,0.0363587853342,0.0351856498972
1216.664887,0.127938862105,0.269952510023,0.611815492175,0.778542171678,0.0366763274456,0.0355034270244
1216.666902,0.12852494185,0.269788358108,0.611563979533,0.778349938205,0.0369962759832,0.0358236169054
1216.668916,0.129113371304,0.269623488998,0.611311217613,0.778156770094,0.0373186530403,0.0361462326399
1216.67093,0.129704156672,0.269457900539,0.6110572015,0.777962663673,0.0376434655051,0.0364712873218
1216.672944,0.130297304153,0.269291590576,0.610801926279,0.777767615268,0.0379707251362,0.0367987940394
1216.674959,0.130892819922,0.269124556959,0.610545387027,0.777571621194,0.0383004525016,0.0371287658717
1216.676973,0.131490710139,0.268956797543,0.610287578815,0.777374677762,0.038632652452,0.0374612158882
1216.678987,0.132090980957,0.268788310183,0.610028496711,0.777176781279,0.0389673415634,0.0377961571488
1216.681001,0.132693638498,0.268619092741,0.609768135775,0.776977928041,0.0393045362972,0.0381336026988
1216.683016,0.133298688876,0.268449143082,0.609506491065,0.776778114343,0.0396442411913,0.038473565571
1216.68503,0.13390613819,0.268278459072,0.609243557634,0.776577336472,0.0399864773132,0.0388160587833
1216.687044,0.13451599251,0.268107038587,0.608979330528,0.776375590707,0.0403312560922,0.0391610953343
1216.689058,0.135128257899,0.2679348795,0.608713804791,0.776172873326,0.0406785836768,0.0395086882066
1216.691073,0.135742940398,0.267761979692,0.608446975464,0.775969180599,0.0410284832849,0.0398588503621
1216.693087,0.136360046021,0.267588337051,0.60817883758,0.775764508788,0.0413809622786,0.0402115947393
1216.695101,0.136979580778,0.267413949463,0.607909386172,0.775558854155,0.0417360298756,0.0405669342564
1216.697115,0.137601550647,0.267238814824,0.607638616267,0.775352212952,0.042093708858,0.0409248818049
1216.69913,0.138225961584,0.267062931034,0.60736652289,0.775144581426,0.0424540035999,0.0412854502489
1216.701144,0.13885281954,0.266886295994,0.607093101063,0.774935955823,0.042816927983,0.041648652428
1216.703158,0.139482130426,0.266708907616,0.606818345803,0.774726332378,0.0431825015081,0.0420145011476
1216.705172,0.14011390014,0.266530763812,0.606542252126,0.774515707326,0.0435507269419,0.0423830091836
1216.707187,0.140748134566,0.266351862501,0.606264815045,0.774304076895,0.0439216240269,0.0427541892805
1216.709201,0.141384839546,0.266172201609,0.605986029569,0.774091437306,0.0442952064061,0.0431280541434
1216.711215,0.142024020917,0.265991779067,0.605705890706,0.773877784778,0.0446714776996,0.0435046164441
1216.713229,0.14266568449,0.265810592808,0.605424393462,0.773663115526,0.0450504614582,0.043883888816
1216.715244,0.143309836039,0.265628640777,0.605141532841,0.773447425757,0.0454321660031,0.0442658838481
1216.717258,0.143956481331,0.265445920921,0.604857303845,0.773230711676,0.0458165975874,0.0446506140924
1216.719272,0.1446056261,0.265262431192,0.604571701474,0.773012969483,0.046203780724,0.0450380920539
1216.721286,0.145257276049,0.265078169553,0.604284720728,0.772794195374,0.0465937195989,0.0454283301901
1216.723301,0.145911436874,0.264893133968,0.603996356604,0.772574385539,0.0469864248515,0.0458213409158
1216.725315,0.146568114225,0.264707322412,0.6037066041,0.772353536167,0.0473819188274,0.0462171365909
1216.727329,0.147227313733,0.264520732865,0.603415458212,0.772131643439,0.0477802028961,0.0466157295245
1216.729343,0.147889041014,0.26433336331,0.603122913936,0.771908703536,0.0481812939931,0.0470171319767
1216.731358,0.148553301634,0.264145211745,0.602828966268,0.771684712631,0.0485852088693,0.0474213561445
1216.733372,0.149220101147,0.263956276169,0.602533610203,0.771459666898,0.0489919483794,0.0478284141721
1216.735386,0.149889445083,0.263766554588,0.602236840738,0.771233562503,0.0494015353006,0.0482383181455
1216.7374,0.150561338922,0.26357604502,0.601938652867,0.771006395611,0.0498139795768,0.048651080082
1216.739415,0.151235788137,0.263384745487,0.601639041589,0.770778162382,0.0502292841009,0.0490667119423
1216.741429,0.151912798165,0.263192654018,0.601338001901,0.770548858974,0.0506474743671,0.0494852256192
1216.743443,0.152592374399,0.262999768654,0.601035528801,0.77031848154,0.0510685548141,0.0499066329325
1216.745457,0.153274522226,0.262806087439,0.600731617289,0.770087026232,0.0514925322963,0.0503309456406
1216.747472,0.153959246985,0.262611608429,0.600426262367,0.769854489198,0.0519194315912,0.0507581754232
1216.749486,0.15464655398,0.262416329687,0.600119459038,0.769620866581,0.0523492530793,0.0511883338846
1216.7515,0.155336448505,0.262220249282,0.599811202306,0.769386154525,0.052782009669,0.0516214325607
1216.753514,0.156028935795,0.262023365296,0.59950148718,0.769150349168,0.0532177216635,0.0520574828983
1216.755529,0.156724021065,0.261825675819,0.599190308669,0.768913446647,0.0536563872218,0.0524964962676
1216.757543,0.157421709508,0.261627178944,0.598877661785,0.768675443097,0.0540980268647,0.0529384839604
1216.759557,0.158122006256,0.261427872782,0.598563541544,0.768436334647,0.0545426530358,0.0533834571717
1216.761571,0.158824916427,0.261227755448,0.598247942966,0.768196117428,0.0549902649244,0.0538314270176
1216.763586,0.159530445106,0.261026825064,0.59793086107,0.767954787568,0.0554408879319,0.0542824045233
1216.7656,0.160238597319,0.26082507977,0.597612290884,0.76771234119,0.0558945273773,0.0547364006133
1216.767614,0.160949378087,0.260622517707,0.597292227438,0.767468774418,0.0563511858142,0.0551934261279
1216.769628,0.161662792376,0.260419137029,0.596970665763,0.767224083374,0.0568108897668,0.0556534918043
1216.771643,0.162378845108,0.260214935905,0.596647600902,0.766978264176,0.0572736390131,0.0561166082759
1216.773657,0.163097541197,0.260009912504,0.596323027893,0.766731312942,0.0577394417596,0.0565827860856
1216.775671,0.163818885488,0.259804065014,0.595996941787,0.766483225789,0.0582083215427,0.0570520356601
1216.777685,0.164542882796,0.259597391632,0.595669337638,0.766233998832,0.0586802743498,0.0575243673216
1216.7797,0.165269537919,0.25938989056,0.595340210501,0.765983628184,0.0591553165202,0.0579997912916
1216.781714,0.165998855579,0.259181560019,0.595009555444,0.765732109958,0.0596334641248,0.0584783176653
1216.783728,0.166730840482,0.258972398236,0.594677367538,0.765479440266,0.0601147123861,0.0589599564319
1216.785742,0.167465497298,0.258762403449,0.594343641855,0.765225615217,0.0605990851523,0.0594447174672
1216.787757,0.168202830629,0.258551573911,0.594008373485,0.764970630921,0.0610865894713,0.0599326105136
1216.789771,0.168942845064,0.258339907884,0.593671557514,0.764714483489,0.0615772231364,0.0604236452048
1216.791785,0.16968554514,0.258127403639,0.593333189039,0.764457169028,0.0620710133997,0.0609178310456
1216.793799,0.170430935335,0.257914059467,0.592993263169,0.764198683647,0.0625679600185,0.0614151774049
1216.795814,0.171179020116,0.257699873661,0.592651775013,0.763939023454,0.0630680658514,0.0619156935366
1216.797828,0.171929803882,0.257484844533,0.592308719693,0.763678184556,0.0635713570705,0.0624193885502
1216.799842,0.172683290983,0.257268970408,0.591964092339,0.763416163061,0.0640778280537,0.0629262714188
1216.801856,0.173439485758,0.257052249617,0.591617888085,0.763152955078,0.0645874894264,0.0634363509913
1216.803871,0.174198392462,0.25683468051,0.591270102081,0.762888556715,0.0651003614002,0.063949635958
1216.805885,0.174960015319,0.25661626145,0.590920729482,0.762622964079,0.0656164353823,0.0644661348739
1216.807899,0.175724358526,0.256396990805,0.59056976545,0.762356173281,0.0661357317546,0.0649858561555
1216.809913,0.176491426194,0.256176866969,0.590217205164,0.76208818043,0.0666582604022,0.0655088080517
1216.811928,0.177261222418,0.255955888339,0.589863043807,0.761818981637,0.0671840139852,0.0660349986747
1216.813942,0.178033751242,0.255734053327,0.589507276572,0.761548573012,0.0677130190697,0.0665644359814
1216.815956,0.178809016634,0.255511360368,0.589149898669,0.76127695067,0.0682452762046,0.067097127757
1216.81797,0.179587022552,0.255287807898,0.588790905312,0.761004110723,0.0687807823163,0.0676330816453
1216.819985,0.180367772881,0.255063394374,0.58843029173,0.760730049286,0.0693195652745,0.0681723051168
1216.821999,0.181151271446,0.254838118271,0.588068053165,0.760454762478,0.0698616183765,0.0687148054698
1216.824013,0.181937522059,0.254611978069,0.587704184864,0.760178246414,0.0704069457481,0.0692605898529
1216.826027,0.18272652844,0.25438497227,0.587338682094,0.759900497216,0.0709555712588,0.0698096652239
1216.828042,0.183518294271,0.254157099392,0.586971540134,0.759621511007,0.071507483241,0.0703620383707
1216.830056,0.184312823205,0.253928357957,0.586602754266,0.759341283908,0.0720626961817,0.0709177159179
1216.83207,0.1851101188,0.253698746518,0.5862323198,0.759059812048,0.0726212242063,0.0714767042865
1216.834084,0.185910184587,0.253468263634,0.585860232051,0.758777091555,0.0731830545929,0.0720390097287
1216.836099,0.186713024053,0.253236907875,0.585486486343,0.758493118559,0.0737482113468,0.0726046383155
1216.838113,0.187518640591,0.253004677843,0.585111078029,0.758207889195,0.0743166968907,0.0731735959076
1216.840127,0.188327037579,0.25277157214,0.584734002461,0.757921399599,0.0748885017301,0.073745888195
1216.842141,0.189138218325,0.252537589389,0.584355255014,0.75763364591,0.0754636540911,0.0743215206657
1216.844156,0.189952186058,0.252302728237,0.583974831082,0.757344624273,0.0760421469622,0.0749004985967
1216.84617,0.190768943996,0.252066987335,0.583592726061,0.757054330831,0.0766239772532,0.0754828270876
1216.848184,0.191588495261,0.251830365359,0.583208935376,0.756762761736,0.0772091716614,0.0760685110155
1216.850198,0.19241084292,0.251592861005,0.582823454466,0.756469913139,0.077797716226,0.076657555049
1216.852213,0.193235990017,0.251354472972,0.582436278776,0.756175781198,0.0783896176805,0.0772499636679
1216.854227,0.194063939488,0.251115199993,0.582047403783,0.755880362073,0.078984894976,0.0778457411118
1216.856241,0.194894694233,0.25087504081,0.581656824973,0.755583651929,0.0795835303047,0.078444891416
1216.858255,0.195728257112,0.250633994178,0.581264537846,0.755285646933,0.0801855427155,0.0790474184088
1216.86027,0.196564630875,0.250392058884,0.580870537931,0.754986343261,0.0807909378904,0.0796533256683
1216.862284,0.197403818251,0.25014923372,0.580474820766,0.754685737089,0.0813996995632,0.0802626165692
1216.864298,0.198245821903,0.249905517499,0.580077381907,0.7543838246,0.0820118545084,0.0808752942573
1216.866312,0.199090644396,0.249660909062,0.579678216942,0.754080601981,0.0826273964564,0.0814913616249
1216.868327,0.199938288282,0.249415407254,0.57927732146,0.753776065425,0.0832463144959,0.0821108213582
1216.870341,0.200788756019,0.249169010948,0.578874691082,0.753470211128,0.0838686369109,0.0827336758898
1216.872355,0.201642049989,0.248921719039,0.578470321451,0.753163035295,0.0844943481761,0.0833599274029
1216.874369,0.202498172554,0.248673530428,0.578064208215,0.752854534132,0.0851234464207,0.083989577864
1216.876384,0.203357125965,0.24842444405,0.577656347061,0.752544703854,0.0857559547281,0.0846226289654
1216.878398,0.204218912417,0.248174458855,0.577246733691,0.752233540682,0.0863918512517,0.085259082155
1216.880412,0.205083534073,0.247923573803,0.576835363818,0.751921040839,0.0870311471097,0.085898938649
1216.882426,0.205950992973,0.247671787891,0.576422233195,0.751607200561,0.087673852966,0.0865421993728
1216.884441,0.206821291124,0.247419100127,0.576007337586,0.751292016083,0.0883199456117,0.0871888650137
1216.886455,0.207694430477,0.247165509532,0.575590672774,0.750975483651,0.0889694480357,0.0878389360035
1216.888469,0.208570412863,0.246911015166,0.575172234581,0.750657599518,0.0896223560771,0.0884924124781
1216.890484,0.209449240096,0.246655616093,0.574752018837,0.75033835994,0.0902786505518,0.0891492943353
1216.892498,0.210330913902,0.246399311404,0.574330021399,0.750017761184,0.090938359617,0.0898095811915
1216.894512,0.211215435906,0.24614210022,0.573906238159,0.749695799524,0.0916014672055,0.0904732723693
1216.896526,0.212102807719,0.245883981665,0.573480665016,0.749372471238,0.0922679621196,0.0911403669472
1216.898541,0.212993030836,0.245624954899,0.573053297908,0.749047772614,0.0929378704627,0.0918108636966
1216.900555,0.213886106678,0.245365019104,0.572624132799,0.74872169995,0.0936111674322,0.0924847611029
1216.902569,0.214782036639,0.24510417347,0.57219316566,0.748394249546,0.0942878540522,0.0931620573936
1216.904583,0.215680821981,0.244842417227,0.571760392514,0.748065417716,0.0949679466187,0.0938427504688
1216.906598,0.216582463919,0.244579749618,0.571325809396,0.747735200779,0.095651415512,0.0945268379514
1216.908612,0.217486963619,0.244316169902,0.570889412361,0.747403595062,0.0963382770263,0.0952143171849
1216.910626,0.218394322111,0.244051677379,0.570451197513,0.747070596906,0.0970285308182,0.0959051851747
1216.91264,0.219304540397,0.243786271357,0.570011160967,0.746736202653,0.0977221491829,0.0965994386543
1216.914655,0.220217619402,0.243519951168,0.569569298863,0.746400408657,0.0984191579085,0.0972970740503
1216.916669,0.221133559928,0.243252716179,0.569125607391,0.746063211287,0.0991195417343,0.0979980874516
1216.918683,0.22205236276,0.242984565765,0.568680082745,0.745724606912,0.0998232795923,0.0987024746736
1216.920697,0.222974028569,0.242715499334,0.56823272116,0.745384591916,0.100530399014,0.0994102311958
1216.922712,0.223898557932,0.242445516322,0.567783518911,0.745043162695,0.101240873241,0.100121352168
1216.924726,0.224825951403,0.242174616174,0.567332472276,0.744700315646,0.10195469237,0.100835832458
1216.92674,0.225756209398,0.241902798376,0.566879577591,0.744356047185,0.102671877372,0.10155366657
1216.928754,0.226689332269,0.241630062432,0.566424831214,0.744010353737,0.103392393681,0.102274848692
1216.930769,0.227625320326,0.24135640786,0.565968229519,0.743663231731,0.104116247374,0.102999372711
1216.932783,0.22856417373,0.241081834224,0.565509768938,0.743314677616,0.104843443998,0.103727232136
1216.934797,0.229505892602,0.2408063411,0.56504944592,0.742964687846,0.10557394733,0.104458420167
1216.936811,0.230450476997,0.240529928083,0.564587256939,0.742613258884,0.106307777974,0.105192929677
1216.938826,0.231397926824,0.240252594813,0.564123198527,0.742260387212,0.107044923177,0.105930753158
1216.94084,0.232348241969,0.239974340938,0.563657267224,0.741906069317,0.107785351686,0.106671882799
1216.942854,0.233301422217,0.239695166137,0.563189459613,0.741550301699,0.108529090341,0.107416310427
1216.944868,0.234257467229,0.239415070125,0.562719772326,0.741193080875,0.109276111763,0.108164027499
1216.946883,0.235216376647,0.239134052625,0.562248202,0.740834403363,0.110026394497,0.10891502516
1216.948897,0.236178149979,0.238852113399,0.56177474533,0.740474265704,0.110779962751,0.109669294169
1216.950911,0.23714278664,0.23856925224,0.561299399048,0.740112664449,0.111536778486,0.110426824924
1216.952925,0.238110286018,0.238285468948,0.560822159897,0.739749596154,0.112296835162,0.111187607501
1216.95494,0.239080647338,0.238000763373,0.560343024686,0.739385057399,0.113060144912,0.111951631565
1216.956954,0.240053869772,0.237715135381,0.55986199025,0.739019044772,0.113826663877,0.112718886436
1216.958968,0.241029952434,0.237428584857,0.559379053444,0.738651554869,0.114596404064,0.113489361088
1216.960982,0.242008894277,0.237141111734,0.558894211194,0.738282584311,0.115369357294,0.114263044074
1216.962997,0.242990694219,0.236852715959,0.558407460438,0.737912129722,0.116145482097,0.115039923613
1216.965011,0.24397535109,0.236563397501,0.557918798154,0.737540187743,0.116924801927,0.115819987547
1216.967025,0.244962863573,0.236273156381,0.557428221382,0.737166755035,0.117707290491,0.116603223303
1216.969039,0.245953230328,0.23598199262,0.556935727169,0.736791828263,0.118492914421,0.117389617973
1216.971054,0.246946449889,0.235689906284,0.556441312622,0.736415404113,0.119281699179,0.118179158242
1216.973068,0.247942520672,0.235396897473,0.555944974894,0.736037479288,0.120073604602,0.118971830391
1216.975082,0.248941441069,0.235102966293,0.555446711152,0.735658050496,0.120868610842,0.119767620363
1216.977096,0.249943209313,0.234808112902,0.554946518631,0.73527711447,0.12166673535,0.120566513661
1216.979111,0.250947823557,0.234512337481,0.554444394601,0.734894667956,0.122467928625,0.121368495407
1216.981125,0.25195528191,0.234215640227,0.553940336353,0.734510707707,0.123272190063,0.122173550364
1216.983139,0.252965582304,0.233918021388,0.553434341255,0.734125230506,0.124079518488,0.12298166284
1216.985153,0.253978722628,0.23361948123,0.552926406696,0.733738233141,0.124889862516,0.123792816778
1216.987168,0.25499470069,0.233320020041,0.5524165301,0.733349712416,0.125703238935,0.124606995732
1216.989182,0.256013514132,0.233019638162,0.551904708967,0.732959665162,0.126519624608,0.125424182804
1216.991196,0.257035160571,0.232718335943,0.551390940806,0.732568088213,0.127338974212,0.126244360739
1216.99321,0.258059637501,0.232416113768,0.550875223185,0.732174978426,0.128161311919,0.127067511858
1216.995225,0.25908694228,0.232112972068,0.550357553733,0.731780332681,0.12898659716,0.127893618044
1216.997239,0.260117072242,0.231808911281,0.549837930091,0.73138414786,0.129814796396,0.128722660822
1216.999253,0.261150024565,0.231503931891,0.549316349969,0.730986420875,0.130645930579,0.129554621261
1217.001267,0.262185796322,0.231198034418,0.548792811129,0.730587148655,0.131479946539,0.130389480015
1217.003282,0.263224384554,0.23089121939,0.548267311347,0.730186328136,0.132316828538,0.131227217366
1217.005296,0.264265786119,0.230583487393,0.547739848485,0.729783956284,0.133156583114,0.132067813118
1217.00731,0.265309997809,0.230274839034,0.547210420435,0.729380030079,0.133999150649,0.132911246681
1217.009324,0.266357016341,0.229965274943,0.546679025124,0.728974546514,0.134844543452,0.133757497061
1217.011339,0.267406838294,0.229654795795,0.546145660548,0.728567502607,0.135692717199,0.134606542813
1217.013353,0.268459460153,0.229343402291,0.545610324744,0.728158895394,0.13654366159,0.135458362076
1217.015367,0.269514878307,0.229031095165,0.545073015796,0.727748721928,0.137397353644,0.136312932565
1217.017381,0.270573089038,0.228717875186,0.544533731841,0.727336979282,0.138253764986,0.137170231564
1217.019396,0.271634088523,0.228403743151,0.543992471065,0.726923664548,0.139112881604,0.138030235927
1217.02141,0.272697872839,0.228088699895,0.543449231704,0.726508774838,0.139974667788,0.138892922079
1217.023424,0.273764437955,0.227772746281,0.542904012045,0.726092307283,0.140839113172,0.139758266014
1217.025438,0.274833779738,0.227455883209,0.542356810427,0.725674259036,0.141706180573,0.140626243291
1217.027453,0.275905893948,0.22713811161,0.541807625239,0.725254627268,0.142575853421,0.141496829035
1217.029467,0.276980776241,0.226819432449,0.541256454925,0.724833409171,0.143448104467,0.142369997938
1217.031481,0.278058422164,0.226499846725,0.540703297978,0.724410601959,0.144322907313,0.143245724254
1217.033495,0.279138827162,0.226179355469,0.540148152947,0.723986202865,0.145200235109,0.1441239818
1217.03551,0.28022198657,0.225857959748,0.539591018433,0.723560209143,0.146080061411,0.145004743955
1217.037524,0.281307895616,0.225535660661,0.539031893092,0.72313261807,0.146962359344,0.145887983661
1217.039538,0.282396549423,0.225212459343,0.538470775632,0.722703426944,0.147847101597,0.146773673419
1217.041552,0.283487943005,0.224888356962,0.537907664818,0.722272633083,0.148734260425,0.147661785291
1217.043567,0.284582071265,0.224563354721,0.537342559469,0.721840233828,0.149623808177,0.148552290897
1217.045581,0.285678929002,0.224237453857,0.536775458459,0.721406226543,0.150515714687,0.149445161418
1217.047595,0.286778510904,0.223910655641,0.536206360719,0.720970608614,0.151409951796,0.150340367591
1217.049609,0.287880811548,0.22358296138,0.535635265235,0.720533377447,0.152306488074,0.151237879714
1217.051624,0.288985825404,0.223254372417,0.535062171052,0.720094530474,0.153205294006,0.152137667639
1217.053638,0.290093546832,0.222924890126,0.534487077268,0.719654065149,0.154106339848,0.153039700781
1217.055652,0.291203970081,0.222594515921,0.533909983044,0.719211978948,0.155009594978,0.153943948107
1217.057666,0.292317089289,0.222263251247,0.533330887594,0.718768269371,0.155915026064,0.154850378144
1217.059681,0.293432898483,0.221931097588,0.532749790192,0.718322933942,0.156822601581,0.155758958977
1217.061695,0.294551391581,0.221598056461,0.532166690173,0.717875970209,0.157732290032,0.156669658247
1217.063709,0.295672562388,0.221264129419,0.531581586927,0.717427375743,0.158644059288,0.157582443153
1217.065723,0.296796404596,0.220929318053,0.530994479908,0.716977148139,0.159557874317,0.158497280453
1217.067738,0.297922911789,0.220593623987,0.530405368625,0.716525285018,0.160473701473,0.159414136461
1217.069752,0.299052077435,0.220257048882,0.529814252651,0.716071784024,0.161391507507,0.160332977052
1217.071766,0.30018389489,0.219919594436,0.529221131618,0.715616642827,0.162311258694,0.161253767658
1217.07378,0.301318357399,0.219581262381,0.52862600522,0.715159859121,0.163232918517,0.162176473272
1217.075795,0.302455458093,0.219242054489,0.528028873213,0.714701430626,0.164156451102,0.163101058447
1217.077809,0.30359518999,0.218901972564,0.527429735411,0.714241355087,0.165081821454,0.164027487296
1217.079823,0.304737545994,0.218561018449,0.526828591696,0.713779630275,0.166008994156,0.164955723494
1217.081837,0.305882518896,0.218219194024,0.526225442007,0.713316253986,0.166937931446,0.16588573028
1217.083852,0.307030101371,0.217876501204,0.525620286351,0.712851224043,0.167868595106,0.166817470455
1217.085866,0.308180285984,0.217532941942,0.525013124794,0.712384538296,0.16880094841,0.167750906385
1217.08788,0.309333065181,0.217188518228,0.524403957468,0.711916194618,0.169734954212,0.168686000003
1217.089894,0.310488431298,0.216843232088,0.52379278457,0.711446190913,0.170670573589,0.169622712808
1217.091909,0.311646376552,0.216497085585,0.523179606358,0.71097452511,0.171607766036,0.170561005867
1217.093923,0.312806893048,0.21615008082,0.522564423158,0.710501195163,0.172546493057,0.171500839817
1217.095937,0.313969972776,0.215802219932,0.52194723536,0.710026199058,0.173486715795,0.172442174867
1217.097951,0.315135607608,0.215453505095,0.521328043419,0.709549534804,0.174428394101,0.173384970798
1217.099966,0.316303789304,0.215103938521,0.520706847857,0.70907120044,0.175371485403,0.174329186966
1217.10198,0.317474509507,0.21475352246,0.520083649262,0.708591194032,0.176315949349,0.175274782304
1217.103994,0.318647759744,0.214402259201,0.519458448287,0.708109513675,0.177261745398,0.17622171532
1217.106008,0.319823531426,0.214050151067,0.518831245653,0.707626157491,0.178208832101,0.177169944105
1217.108023,0.32100181585,0.213697200421,0.518202042149,0.707141123632,0.179157165067,0.178119426331
1217.110037,0.322182604196,0.213343409664,0.517570838631,0.706654410278,0.180106701997,0.179070119256
1217.112051,0.323365887527,0.212988781234,0.516937636022,0.706166015637,0.181057400698,0.180021979721
1217.114065,0.324551656791,0.212633317606,0.516302435315,0.705675937947,0.182009218351,0.180974964158
1217.11608,0.32573990282,0.212277021293,0.515665237569,0.705184175475,0.182962109002,0.181929028589
1217.118094,0.326930616328,0.211919894848,0.515026043914,0.704690726518,0.183916028324,0.182884128632
1217.120108,0.328123787914,0.21156194086,0.51438485555,0.704195589403,0.184870932505,0.183840219498
1217.122122,0.329319408061,0.211203161956,0.513741673744,0.703698762485,0.185826777286,0.184797255999
1217.124137,0.330517467134,0.210843560802,0.513096499833,0.70320024415,0.186783515428,0.185755192548
1217.126151,0.331717955384,0.210483140101,0.512449335227,0.702700032816,0.187741100488,0.186713983163
1217.128165,0.332920862942,0.210121902594,0.511800181404,0.702198126929,0.18869948708,0.187673581468
1217.130179,0.334126179825,0.209759851062,0.511149039912,0.701694524966,0.189658629437,0.188633940699
1217.132194,0.335333895934,0.209396988323,0.510495912373,0.701189225437,0.19061847932,0.189595013706
1217.134208,0.336544001051,0.209033317231,0.509840800479,0.70068222688,0.191578988092,0.190556752954
1217.136222,0.337756484843,0.208668840683,0.509183705991,0.700173527866,0.19254010884,0.191519110532
1217.138236,0.338971336861,0.208303561609,0.508524630746,0.699663126997,0.193501794284,0.192482038148
1217.140251,0.340188546538,0.207937482981,0.507863576651,0.699151022908,0.194463995306,0.193445487142
1217.142265,0.341408103193,0.207570607808,0.507200545686,0.698637214262,0.195426661178,0.194409408481
1217.144279,0.342629996026,0.207202939136,0.506535539903,0.698121699759,0.196389743452,0.195373752769
1217.146293,0.343854214122,0.206834480052,0.505868561428,0.697604478126,0.197353193391,0.196338470248
1217.148308,0.345080746451,0.206465233679,0.505199612459,0.697085548127,0.198316960955,0.197303510804
1217.150322,0.346309581864,0.206095203179,0.50452869527,0.696564908555,0.199280993607,0.198268823965
1217.152336,0.347540709099,0.205724391752,0.503855812206,0.696042558238,0.20024524131,0.199234358915
1217.15435,0.348774116776,0.205352802637,0.503180965687,0.695518496035,0.201209653928,0.200200064488
1217.156365,0.3500097934,0.20498043911,0.502504158208,0.69499272084,0.202174180454,0.201165889182
1217.158379,0.351247727361,0.204607304487,0.501825392337,0.694465231579,0.203138766843,0.202131781154
1217.160393,0.352487906933,0.20423340212,0.501144670718,0.693936027211,0.204103361413,0.203097688231
1217.162407,0.353730320274,0.203858735401,0.50046199607,0.693405106731,0.205067912698,0.204063557912
1217.164422,0.354974955427,0.20348330776,0.499777371187,0.692872469164,0.206032368677,0.205029337376
1217.166436,0.35622180032,0.203107122663,0.499090798937,0.692338113571,0.206996674115,0.20599497348
1217.16845,0.357470842768,0.202730183617,0.498402282265,0.691802039049,0.207960775629,0.20696041277
1217.170464,0.358722070469,0.202352494166,0.497711824192,0.691264244726,0.2089246205,0.207925601484
1217.172479,0.359975471007,0.201974057891,0.497019427815,0.690724729767,0.209888155651,0.208890485557
1217.174493,0.361231031853,0.201594878412,0.496325096306,0.690183493369,0.210851324979,0.209855010625
1217.176507,0.362488740362,0.201214959388,0.495628832915,0.689640534766,0.211814073355,0.210819122033
1217.178521,0.363748583778,0.200834304513,0.494930640967,0.689095853226,0.212776346886,0.211782764837
1217.180536,0.365010549228,0.200452917521,0.494230523866,0.688549448053,0.213738091403,0.212745883813
1217.18255,0.366274623729,0.200070802183,0.49352848509,0.688001318585,0.214699250265,0.21370842346
1217.184564,0.367540794184,0.19968796231,0.492824528197,0.687451464196,0.215659766558,0.214670328005
1217.186578,0.368809047381,0.199304401746,0.492118656821,0.686899884296,0.216619585301,0.215631541412
1217.188593,0.37007937,0.198920124377,0.491410874672,0.686346578331,0.217578651257,0.216592007384
1217.190607,0.371351748605,0.198535134124,0.490701185541,0.685791545783,0.218536907407,0.217551669373
1217.192621,0.372626169649,0.198149434947,0.489989593294,0.685234786168,0.2194942952,0.21851047058
1217.194635,0.373902619476,0.197763030843,0.489276101876,0.68467629904,0.220450758596,0.21946835397
1217.19665,0.375181084316,0.197375925844,0.48856071531,0.68411608399,0.221406241384,0.220425262267
1217.198664,0.376461550289,0.196988124023,0.487843437697,0.683554140645,0.222360686146,0.22138113797
1217.200678,0.377744003405,0.196599629488,0.487124273216,0.682990468668,0.223314033031,0.222335923354
1217.202692,0.379028429565,0.196210446384,0.486403226125,0.682425067759,0.224266224917,0.223289560479
1217.204707,0.380314814558,0.195820578893,0.48568030076,0.681857937656,0.225217204718,0.224241991193
1217.206721,0.381603144065,0.195430031235,0.484955501536,0.681289078134,0.226166914595,0.225193157143
1217.208735,0.382893403657,0.195038807665,0.484228832948,0.680718489004,0.227115293748,0.226142999778
1217.210749,0.3841855788,0.194646912476,0.483500299566,0.680146170116,0.228062283953,0.227091460359
1217.212764,0.385479654848,0.194254349997,0.482769906043,0.679572121356,0.229007827352,0.228038479961
1217.214778,0.386775617049,0.193861124592,0.482037657109,0.67899634265,0.229951865666,0.228983999487
1217.216792,0.388073450544,0.193467240665,0.481303557573,0.678418833959,0.230894337506,0.229927959667
1217.218806,0.389373140367,0.193072702652,0.480567612325,0.677839595285,0.231835183527,0.230870301071
1217.220821,0.390674671446,0.192677515028,0.479829826331,0.677258626666,0.232774345211,0.231810964113
1217.222835,0.391978028603,0.192281682302,0.47909020464,0.67667592818,0.233711763828,0.232749889061
1217.224849,0.393283196556,0.19188520902,0.478348752377,0.67609149994,0.234647377755,0.23368701604
1217.226863,0.394590159916,0.191488099762,0.477605474748,0.675505342103,0.235581126523,0.234622285042
1217.228878,0.395898903192,0.191090359147,0.476860377038,0.67491745486,0.236512951065,0.235555635936
1217.230892,0.397209410788,0.190691991825,0.476113464612,0.674327838443,0.237442792192,0.23648700847
1217.232906,0.398521667005,0.190293002484,0.475364742914,0.673736493122,0.238370588408,0.23741634228
1217.23492,0.399835656043,0.189893395846,0.474614217467,0.673143419207,0.239296278122,0.238343576903
1217.236935,0.401151361998,0.189493176669,0.473861893875,0.672548617046,0.240219801835,0.239268651777
1217.238949,0.402468768866,0.189092349744,0.473107777819,0.671952087028,0.241141099959,0.240191506252
1217.240963,0.40378786054,0.188690919898,0.472351875062,0.67135382958,0.242060111304,0.241112079601
1217.242977,0.405108620815,0.188288891991,0.471594191445,0.670753845169,0.242976773342,0.242030311021
1217.244992,0.406431033387,0.18788627092,0.470834732888,0.670152134302,0.24389102621,0.242946139647
1217.247006,0.407755081849,0.187483061612,0.470073505392,0.669548697525,0.244802810039,0.243859504557
1217.24902,0.409080749701,0.187079269032,0.469310515037,0.668943535424,0.245712063946,0.244770344781
1217.251034,0.410408020341,0.186674898175,0.46854576798,0.668336648627,0.246618724845,0.245678599308
1217.253049,0.411736877071,0.186269954072,0.467779270462,0.667728037798,0.24752273251,0.246584207096
1217.255063,0.413067303099,0.185864441787,0.467011028798,0.667117703646,0.248424026925,0.247487107078
1217.257077,0.414399281533,0.185458366417,0.466241049386,0.666505646917,0.249322547509,0.248387238171
1217.259091,0.41573279539,0.185051733091,0.465469338701,0.665891868398,0.250218230999,0.249284539286
1217.261106,0.41706782759,0.184644546971,0.464695903298,0.665276368917,0.251111016819,0.250178949333
1217.26312,0.41840436096,0.184236813253,0.463920749812,0.664659149344,0.252000844933,0.251070407233
1217.265134,0.419742378236,0.183828537163,0.463143884954,0.664040210587,0.252887655073,0.251958851924
1217.267148,0.421081862058,0.183419723962,0.462365315516,0.663419553596,0.253771384169,0.252844222369
1217.269163,0.422422794978,0.18301037894,0.461585048368,0.662797179363,0.254651971318,0.253726457566
1217.271177,0.423765159456,0.18260050742,0.460803090459,0.66217308892,0.255529356596,0.254605496557
1217.273191,0.425108937862,0.182190114757,0.460019448815,0.661547283339,0.25640348006,0.255481278435
1217.275205,0.426454112477,0.181779206336,0.459234130543,0.660919763735,0.257274279202,0.256353742353
1217.27722,0.427800665494,0.181367787574,0.458447142826,0.660290531264,0.258141692988,0.257222827533
1217.279234,0.429148579017,0.180955863918,0.457658492925,0.659659587123,0.259005661781,0.258088473275
1217.281248,0.430497835066,0.180543440847,0.456868188181,0.65902693255,0.259866124859,0.258950618963
1217.283262,0.431848415571,0.180130523867,0.45607623601,0.658392568825,0.260723021556,0.259809204078
1217.285277,0.433200302382,0.179717118519,0.455282643908,0.65775649727,0.261576291311,0.260664168205
1217.287291,0.434553477259,0.179303230368,0.454487419446,0.657118719247,0.262425874334,0.261515451039
1217.289305,0.435907921884,0.178888865014,0.453690570274,0.656479236162,0.263271709673,0.262362992397
1217.291319,0.437263617854,0.178474028082,0.45289210412,0.655838049462,0.264113738351,0.263206732226
1217.293334,0.438620546682,0.178058725229,0.452092028786,0.655195160634,0.264951899186,0.264046610613
1217.295348,0.439978689805,0.177642962139,0.451290352153,0.65455057121,0.265786133926,0.264882567789
1217.297362,0.441338028577,0.177226744526,0.450487082177,0.653904282762,0.266616381315,0.265714544144
1217.299376,0.442698544273,0.17681007813,0.449682226891,0.653256296905,0.267442583743,0.266542480233
1217.301391,0.44406021809,0.176392968721,0.448875794405,0.652606615295,0.268264680032,0.267366316783
1217.303405,0.445423031149,0.175975422096,0.448067792902,0.651955239631,0.269082613134,0.268185994706
1217.305419,0.446786964495,0.175557444079,0.447258230644,0.651302171656,0.269896322097,0.269001455103
1217.307433,0.448151999095,0.175139040522,0.446447115966,0.650647413152,0.270705750358,0.269812639277
1217.309448,0.449518115844,0.174720217303,0.445634457278,0.649990965944,0.271510837341,0.270619488741
1217.311462,0.450885295564,0.174300980327,0.444820263067,0.649332831902,0.272311526889,0.271421945225
1217.313476,0.452253519002,0.173881335524,0.444004541891,0.648673012937,0.27310775895,0.272219950684
1217.31549,0.453622766835,0.173461288853,0.443187302386,0.648011511,0.273899477698,0.273013447313
1217.317505,0.45499301967,0.173040846295,0.44236855326,0.647348328089,0.274686623743,0.273802377547
1217.319519,0.456364258045,0.172620013859,0.441548303296,0.646683466242,0.275469141528,0.274586684077
1217.321533,0.457736462427,0.172198797577,0.440726561347,0.646016927538,0.276246972461,0.275366309856
1217.323547,0.459109613218,0.171777203509,0.439903336344,0.645348714103,0.277020061184,0.276141198107
1217.325562,0.460483690752,0.171355237735,0.439078637287,0.644678828103,0.277788350041,0.276911292331
1217.327576,0.4618586753,0.170932906362,0.438252473251,0.644007271746,0.278551783811,0.277676536321
1217.32959,0.463234547065,0.170510215521,0.437424853381,0.643334047284,0.279310305899,0.278436874164
1217.331604,0.464611286189,0.170087171364,0.436595786896,0.642659157012,0.280063861168,0.279192250254
1217.333619,0.465988872752,0.16966378007,0.435765283085,0.641982603268,0.280812394208,0.279942609297
1217.335633,0.467367286771,0.169240047836,0.434933351307,0.641304388431,0.281555849939,0.280687896326
1217.337647,0.468746508206,0.168815980886,0.434100000996,0.640624514925,0.282294174178,0.281428056701
1217.339661,0.470126516953,0.168391585464,0.433265241652,0.639942985215,0.283027311975,0.282163036125
1217.341676,0.471507292856,0.167966867836,0.432429082847,0.639259801811,0.283755210321,0.282892780647
1217.34369,0.472888815698,0.167541834289,0.431591534224,0.638574967264,0.284477814546,0.283617236675
1217.345704,0.474271065206,0.167116491132,0.430752605491,0.637888484169,0.285195072186,0.284336350982
1217.347718,0.475654021056,0.166690844694,0.429912306431,0.637200355163,0.285906930562,0.285050070713
1217.349733,0.477037662868,0.166264901326,0.42907064689,0.636510582927,0.286613337624,0.285758343397
1217.351747,0.478421970209,0.165838667397,0.428227636785,0.635819170184,0.287314239694,0.286461116952
1217.353761,0.479806922595,0.165412149297,0.4273832861,0.635126119701,0.28800958576,0.287158339695
1217.355775,0.481192499494,0.164985353436,0.426537604888,0.634431434286,0.288699325378,0.287849960349
1217.35779,0.482578680323,0.164558286242,0.425690603264,0.633735116793,0.289383408079,0.288535928052
1217.359804,0.483965444453,0.164130954161,0.424842291416,0.633037170117,0.290061781792,0.289216192367
1217.361818,0.485352771205,0.163703363659,0.423992679593,0.632337597194,0.290734396936,0.289890703283
1217.363832,0.486740639858,0.163275521218,0.423141778111,0.631636401007,0.291401204748,0.290559411233
1217.365847,0.488129029646,0.162847433341,0.422289597352,0.63093358458,0.292062156708,0.291222267092
1217.367861,0.489517919758,0.162419106544,0.421436147762,0.630229150978,0.292717202661,0.291879222193
1217.369875,0.490907289343,0.161990547363,0.420581439851,0.629523103312,0.293366294514,0.292530228329
1217.371889,0.492297117509,0.161561762348,0.419725484193,0.628815444734,0.294009386148,0.293175237763
1217.373904,0.493687383324,0.161132758067,0.418868291424,0.62810617844,0.294646428256,0.293814203237
1217.375918,0.495078065818,0.160703541104,0.418009872245,0.627395307668,0.295277375197,0.294447077975
1217.377932,0.496469143984,0.160274118056,0.417150237418,0.626682835698,0.295902180903,0.295073815696
1217.379946,0.497860596778,0.159844495538,0.416289397766,0.625968765855,0.296520800944,0.295694370618
1217.381961,0.499252403124,0.159414680176,0.415427364174,0.625253101504,0.297133186793,0.296308697464
1217.383975,0.500644541909,0.158984678613,0.414564147589,0.624535846055,0.297739295458,0.296916751473
1217.385989,0.502036991991,0.158554497505,0.413699759015,0.62381700296,0.298339085064,0.297518488405
1217.388004,0.503429732195,0.158124143522,0.412834209519,0.623096575713,0.298932505289,0.298113864549
1217.390018,0.504822741318,0.157693623344,0.411967510225,0.622374567851,0.299519522646,0.298702836727
1217.392032,0.506215998127,0.157262943669,0.411099672317,0.621650982953,0.300100083518,0.299285362304
1217.394046,0.507609481363,0.156832111202,0.410230707036,0.620925824642,0.300674157029,0.299861399194
1217.396061,0.50900316974,0.156401132662,0.40936062568,0.620199096582,0.30124169187,0.300430905868
1217.398075,0.510397041947,0.15597001478,0.408489439607,0.61947080248,0.30180265445,0.300993841355
1217.400089,0.511791076652,0.155538764297,0.407617160227,0.618740946085,0.302357000775,0.301550165256
1217.402103,0.513185252499,0.155107387965,0.406743799009,0.618009531189,0.302904690109,0.302099837744
1217.404118,0.51457954811,0.154675892547,0.405869367476,0.617276561626,0.303445688109,0.302642819576
1217.406132,0.515973942091,0.154244284814,0.404993877207,0.616542041271,0.303979948366,0.303179072094
1217.408146,0.517368413026,0.153812571548,0.404117339833,0.615805974043,0.304507442427,0.303708557234
1217.41016,0.518762939484,0.153380759538,0.403239767039,0.615068363901,0.305028122941,0.30423123753
1217.412175,0.520157500019,0.152948855585,0.402361170565,0.614329214849,0.305541962322,0.304747076122
1217.414189,0.521552073167,0.152516866494,0.401481562201,0.613588530929,0.306048917102,0.30525603676
1217.416203,0.522946637455,0.152084799082,0.400600953788,0.612846316229,0.306548956033,0.305758083812
1217.418217,0.524341171396,0.151652660169,0.399719357222,0.612102574876,0.307042043369,0.306253182266
1217.420232,0.525735653493,0.151220456586,0.398836784444,0.611357311039,0.307528141624,0.306741297737
1217.422246,0.52713006224,0.150788195167,0.39795324745,0.610610528929,0.308007223196,0.307222396473
1217.42426,0.528524376121,0.150355882755,0.397068758282,0.6098622328,0.308479247156,0.30769644536
1217.426274,0.529918573617,0.149923526196,0.396183329031,0.609112426945,0.308944189706,0.308163411925
1217.428289,0.5313126332,0.149491132343,0.395296971837,0.6083611157,0.309402010853,0.308623264345
1217.430303,0.532706533342,0.149058708054,0.394409698886,0.607608303442,0.309852686394,0.309075971447
1217.432317,0.534100252507,0.148626260191,0.393521522412,0.60685399459,0.310296181259,0.309521502715
1217.434331,0.535493769163,0.148193795619,0.392632454693,0.606098193601,0.310732467152,0.309959828296
1217.436346,0.536887061775,0.147761321207,0.391742508054,0.605340904978,0.311161516482,0.310390919
1217.43836,0.538280108809,0.147328843829,0.390851694864,0.604582133261,0.311583296417,0.310814746311
1217.440374,0.539672888734,0.146896370359,0.389960027536,0.603821883032,0.311997785421,0.311231282384
1217.442388,0.541065380025,0.146463907674,0.389067518526,0.603060158914,0.312404949308,0.311640500054
1217.444403,0.542457561158,0.146031462655,0.388174180333,0.602296965572,0.312804768717,0.312042372837
1217.446417,0.54384941062,0.145599042182,0.387280025497,0.601532307708,0.313197211756,0.312436874935
1217.448431,0.545240906902,0.145166653136,0.386385066602,0.600766190068,0.31358225789,0.312823981241
1217.450445,0.546632028506,0.144734302401,0.385489316269,0.599998617437,0.31395988054,0.313203667339
1217.45246,0.548022753945,0.144301996858,0.384592787161,0.59922959464,0.314330055449,0.31357590951
1217.454474,0.549413061742,0.14386974339,0.383695491978,0.598459126542,0.314692762556,0.313940684737
1217.456488,0.550802930434,0.143437548879,0.382797443462,0.597687218048,0.315047975007,0.314297970701
1217.458502,0.552192338573,0.143005420205,0.38189865439,0.596913874105,0.315395676783,0.314647745793
1217.460517,0.553581264726,0.142573364247,0.380999137575,0.596139099696,0.315735841377,0.31498998911
1217.462531,0.554969687477,0.142141387881,0.38009890587,0.595362899847,0.31606845381,0.315324680462
1217.464545,0.556357585428,0.141709497983,0.379197972161,0.594585279623,0.316393490664,0.31565180037
1217.466559,0.557744937201,0.141277701425,0.378296349369,0.593806244126,0.316710935558,0.315971330073
1217.468574,0.559131721439,0.140846005074,0.377394050449,0.593025798499,0.317020770102,0.316283251528
1217.470588,0.560517916808,0.140414415795,0.37649108839,0.592243947926,0.317322975368,0.316587547412
1217.472602,0.561903501997,0.13998294045,0.375587476214,0.591460697626,0.31761753794,0.316884201125
1217.474616,0.563288455718,0.139551585893,0.374683226975,0.59067605286,0.317904438061,0.317173196792
1217.476631,0.564672756712,0.139120358978,0.373778353756,0.589890018928,0.318183664841,0.317454519261
1217.478645,0.566056383746,0.138689266548,0.372872869672,0.589102601165,0.31845520018,0.317728154111
1217.480659,0.567439315616,0.138258315445,0.371966787869,0.588313804949,0.318719032781,0.317994087648
1217.482673,0.568821531148,0.137827512502,0.371060121519,0.587523635694,0.318975149168,0.318252306908
1217.484688,0.570203009199,0.137396864546,0.370152883825,0.586732098851,0.319223536987,0.318502799659
1217.486702,0.57158372866,0.136966378397,0.369245088016,0.585939199913,0.319464184651,0.3187455544
1217.488716,0.572963668454,0.136536060867,0.368336747347,0.585144944406,0.319697081301,0.318980560367
1217.49073,0.57434280754,0.136105918762,0.3674278751,0.584349337898,0.3199222176,0.319207807524
1217.492745,0.575721124914,0.135675958878,0.366518484582,0.583552385993,0.320139584017,0.319427286575
1217.494759,0.577098599609,0.135246188002,0.365608589124,0.582754094331,0.320349171808,0.319638988954
1217.496773,0.578475210697,0.134816612912,0.364698202081,0.581954468592,0.320550973348,0.319842906834
1217.498787,0.579850937291,0.134387240377,0.36378733683,0.581153514491,0.320744981714,0.32003903312
1217.500802,0.581225758545,0.133958077156,0.362876006771,0.580351237781,0.32093119058,0.320227361454
1217.502816,0.582599653656,0.133529129997,0.361964225326,0.579547644252,0.32110959417,0.320407886213
1217.50483,0.583972601864,0.133100405638,0.361052005935,0.578742739729,0.321280187748,0.320580602508
1217.506844,0.585344582457,0.132671910804,0.360139362059,0.577936530077,0.32144296729,0.320745506185
1217.508859,0.586715574766,0.132243652211,0.35922630718,0.577129021194,0.321597929435,0.320902593822
1217.510873,0.588085558171,0.131815636561,0.358312854794,0.576320219015,0.321745071415,0.321051862733
1217.512887,0.589454512103,0.131387870543,0.357399018418,0.575510129512,0.32188439138,0.321193310961
1217.514901,0.590822416041,0.130960360834,0.356484811584,0.574698758692,0.322015888208,0.321326937282
1217.516916,0.592189249517,0.1305331141,0.35557024784,0.573886112598,0.322139561428,0.321452741201
1217.51893,0.593554992113,0.130106136988,0.354655340749,0.573072197308,0.322255411307,0.321570722953
1217.520944,0.594919623468,0.129679436136,0.353740103889,0.572257018935,0.322363438877,0.321680883498
1217.522958,0.596283123274,0.129253018165,0.352824550849,0.57144058363,0.322463645879,0.321783224523
1217.524973,0.59764547128,0.128826889681,0.351908695235,0.570622897575,0.322556034759,0.32187774844
1217.526987,0.599006647293,0.128401057275,0.35099255066,0.569803966989,0.322640608731,0.321964458382
1217.529001,0.600366631178,0.127975527524,0.350076130751,0.568983798124,0.322717371668,0.322043358202
1217.531015,0.60172540286,0.127550306985,0.349159449146,0.568162397269,0.322786328225,0.322114452471
1217.53303,0.603082942325,0.127125402203,0.348242519489,0.567339770746,0.322847483719,0.322177746477
1217.535044,0.60443922962,0.126700819703,0.347325355436,0.566515924909,0.32290084421,0.322233246221
1217.537058,0.605794244858,0.126276565994,0.34640797065,0.565690866148,0.32294641648,0.322280958415
1217.539072,0.607147968214,0.125852647566,0.345490378801,0.564864600888,0.322984207954,0.322320890478
1217.541087,0.60850037993,0.125429070894,0.344572593564,0.564037135583,0.323014226891,0.322353050538
1217.543101,0.609851460314,0.125005842431,0.343654628621,0.563208476725,0.323036482055,0.322377447421
1217.545115,0.611201189743,0.124582968613,0.34273649766,0.562378630835,0.323050983184,0.322394090658
1217.547129,0.61254954866,0.124160455857,0.34181821437,0.561547604471,0.323057740356,0.322402990473
1217.549144,0.613896517583,0.12373831056,0.340899792445,0.560715404219,0.323056764784,0.322404157784
1217.551158,0.615242077098,0.123316539098,0.33998124558,0.559882036702,0.323048067845,0.322397604199
1217.553172,0.616586207862,0.122895147829,0.339062587474,0.559047508572,0.323031662209,0.322383342014
1217.555186,0.61792889061,0.122474143088,0.338143831824,0.558211826515,0.323007560546,0.322361384206
1217.557201,0.619270106147,0.122053531192,0.337224992328,0.557374997246,0.322975776959,0.322331744431
1217.559215,0.620609835356,0.121633318432,0.336306082685,0.556537027516,0.322936325408,0.322294437021
1217.561229,0.621948059196,0.121213511081,0.335387116589,0.555697924104,0.322889221397,0.322249476979
1217.563243,0.623284758703,0.120794115389,0.334468107735,0.554857693821,0.322834480181,0.322196879975
1217.565258,0.624619914994,0.120375137583,0.333549069812,0.554016343509,0.322772118623,0.322136662342
1217.567272,0.625953509264,0.119956583866,0.332630016507,0.553173880041,0.322702153285,0.322068841072
1217.569286,0.627285522789,0.119538460422,0.331710961501,0.552330310322,0.322624602344,0.321993433809
1217.5713,0.628615936926,0.119120773406,0.330791918471,0.551485641284,0.322539483678,0.32191045885
1217.573315,0.629944733116,0.118703528953,0.329872901085,0.550639879893,0.322446816726,0.321819935135
1217.575329,0.631271892885,0.118286733172,0.328953923008,0.54979303314,0.322346620708,0.321721882242
1217.577343,0.632597397841,0.117870392148,0.328034997892,0.548945108051,0.322238916256,0.321616320388
1217.579357,0.63392122968,0.117454511941,0.327116139385,0.548096111679,0.322123723961,0.321503270419
1217.581372,0.635243370184,0.117039098585,0.326197361123,0.547246051104,0.32200106558,0.321382753805
1217.583386,0.636563801223,0.116624158091,0.325278676733,0.54639493344,0.321870963107,0.321254792637
1217.5854,0.637882504755,0.11620969644,0.32436009983,0.545542765825,0.321733439347,0.321119409621
1217.587414,0.639199462829,0.115795719591,0.323441644018,0.544689555429,0.321588517724,0.320976628072
1217.589429,0.640514657584,0.115382233474,0.322523322888,0.543835309448,0.321436222037,0.320826471909
1217.591443,0.64182807125,0.114969243991,0.321605150018,0.542980035107,0.321276577135,0.32066896565
1217.593457,0.643139686149,0.11455675702,0.320687138973,0.542123739659,0.321109607795,0.320504134403
1217.595471,0.644449484698,0.11414477841,0.3197693033,0.541266430384,0.320935340245,0.320332003867
1217.597486,0.645757449407,0.113733313981,0.318851656535,0.540408114591,0.320753800241,0.320152600319
1217.5995,0.647063562882,0.113322369526,0.317934212194,0.539548799614,0.320565015345,0.319965950613
1217.601514,0.648367807823,0.112911950811,0.317016983777,0.538688492816,0.320369012294,0.319772082171
1217.603528,0.64967016703,0.11250206357,0.316099984768,0.537827201584,0.320165819928,0.31957102298
1217.605543,0.650970623399,0.112092713511,0.315183228629,0.536964933334,0.319955465977,0.319362801581
1217.607557,0.652269159923,0.111683906311,0.314266728806,0.536101695506,0.319737980496,0.319147447069
1217.609571,0.653565759696,0.111275647617,0.313350498723,0.535237495569,0.319513392223,0.318924989082
1217.611585,0.654860405913,0.110867943049,0.312434551784,0.534372341015,0.319281732359,0.318695457795
1217.6136,0.656153081869,0.110460798193,0.311518901371,0.533506239362,0.319043030673,0.318458883916
1217.615614,0.65744377096,0.110054218607,0.310603560844,0.532639198154,0.318797319433,0.318215298679
1217.617628,0.658732456686,0.109648209817,0.30968854354,0.531771224959,0.318544629468,0.317964733834
1217.619642,0.660019122649,0.10924277732,0.308773862773,0.53090232737,0.318284994033,0.317707221644
1217.621657,0.661303752556,0.108837926578,0.307859531832,0.530032513006,0.318018445047,0.317442794879
1217.623671,0.662586330218,0.108433663026,0.30694556398,0.529161789508,0.31774501666,0.317171486803
1217.625685,0.663866839553,0.108029992064,0.306031972455,0.528290164541,0.317464741923,0.316893331177
1217.627699,0.665145264584,0.107626919061,0.305118770469,0.527417645796,0.317177655785,0.316608362241
1217.629714,0.666421589442,0.107224449354,0.304205971206,0.526544240986,0.31688379247,0.316316614717
1217.631728,0.667695798365,0.106822588246,0.303293587822,0.525669957847,0.316583187628,0.316018123795
1217.633742,0.668967875699,0.106421341008,0.302381633444,0.524794804137,0.316275876703,0.315712925131
1217.635756,0.6702378059,0.10602071288,0.301470121171,0.52391878764,0.315961895938,0.315401054834
1217.637771,0.671505573534,0.105620709065,0.300559064071,0.523041916159,0.315641282032,0.315082549465
1217.639785,0.672771163276,0.105221334735,0.29964847518,0.522164197521,0.31531407176,0.314757446026
1217.641799,0.674034559913,0.104822595028,0.298738367506,0.521285639575,0.314980303051,0.314425781954
1217.643813,0.675295748344,0.104424495047,0.297828754021,0.52040625019,0.31464001321,0.314087595115
1217.645828,0.67655471358,0.104027039861,0.296919647668,0.519526037259,0.314293241321,0.313742923793
1217.647842,0.677811440745,0.103630234505,0.296011061352,0.518645008694,0.313940025241,0.313391806685
1217.649856,0.679065915075,0.103234083979,0.295103007949,0.517763172428,0.313580405126,0.313034282895
1217.65187,0.680318121923,0.102838593249,0.294195500297,0.516880536417,0.313214419408,0.312670391924
1217.653885,0.681568046754,0.102443767245,0.293288551198,0.515997108633,0.312842109229,0.312300173664
1217.655899,0.68281567515,0.102049610862,0.29238217342,0.515112897074,0.312463513629,0.31192366839
1217.657913,0.684060992808,0.101656128959,0.291476379695,0.514227909751,0.312078674642,0.311540916752
1217.659927,0.685303985542,0.101263326359,0.290571182714,0.513342154701,0.311687631949,0.311151959768
1217.661942,0.68654463928,0.100871207851,0.289666595133,0.512455639976,0.311290428378,0.310756838817
1217.663956,0.687782940072,0.100479778187,0.288762629569,0.511568373649,0.310887104295,0.310355595632
1217.66597,0.689018874083,0.100089042082,0.287859298598,0.510680363811,0.310477703217,0.309948272288
1217.667984,0.690252427596,0.0996990042145,0.286956614759,0.509791618571,0.310062266237,0.309534911201
1217.669999,0.691483587013,0.0993096692274,0.286054590548,0.508902146058,0.309640837455,0.309115555115
1217.672013,0.692712338858,0.0989210417263,0.285153238421,0.508011954418,0.309213458742,0.308690247098
1217.674027,0.69393866977,0.0985331262798,0.284252570793,0.507121051814,0.308780174667,0.30825903053
1217.676041,0.695162566513,0.0981459274193,0.283352600034,0.506229446426,0.308341027931,0.307821949101
1217.678056,0.696384015968,0.097759449639,0.282453338474,0.505337146454,0.307896063456,0.307379046798
1217.68007,0.697603005138,0.0973736973955,0.281554798398,0.504444160112,0.307445324832,0.306930367902
1217.682084,0.698819521148,0.0969886751081,0.280656992047,0.503550495632,0.306988857213,0.306475956976
1217.684098,0.700033551244,0.0966043871579,0.279759931619,0.502656161262,0.306526705138,0.30601585886
1217.686113,0.701245082796,0.0962208378884,0.278863629264,0.501761165265,0.306058913927,0.305550118664
1217.688127,0.702454103293,0.0958380316048,0.277968097089,0.500865515922,0.305585528925,0.305078781757
1217.690141,0.70366060035,0.0954559725743,0.277073347152,0.499969221528,0.305106595795,0.304601893762
1217.692155,0.704864561705,0.0950746650257,0.276179391466,0.499072290392,0.304622160446,0.304119500548
1217.69417,0.706065975217,0.0946941131493,0.275286241995,0.498174730841,0.304132269025,0.303631648221
1217.696184,0.707264828871,0.0943143210968,0.274393910658,0.497276551215,0.303636967909,0.30313838312
1217.698198,0.708461110776,0.0939352929811,0.273502409321,0.496377759868,0.303136303697,0.302639751804
1217.700212,0.709654809165,0.0935570328765,0.272611749804,0.495478365169,0.302630323204,0.302135801047
1217.702227,0.710845912395,0.0931795448181,0.271721943878,0.4945783755,0.30211907345,0.301626577834
1217.704241,0.712034408949,0.092802832802,0.27083300326,0.493677799258,0.301602601658,0.301112129345
1217.706255,0.713220287436,0.0924269007852,0.269944939621,0.49277664485,0.30108095524,0.300592502957
1217.708269,0.714403536588,0.0920517526853,0.269057764578,0.491874920701,0.300554181794,0.300067746228
1217.710284,0.715584145265,0.0916773923807,0.268171489696,0.490972635244,0.300022329096,0.299537906897
1217.712298,0.716762102452,0.0913038237102,0.26728612649,0.490069796928,0.299485445089,0.29900303287
1217.714312,0.717937397259,0.0909310504729,0.266401686421,0.489166414211,0.29894357788,0.298463172217
1217.716326,0.719110018924,0.0905590764284,0.265518180897,0.488262495566,0.29839677573,0.297918373162
1217.718341,0.720279956812,0.0901879052967,0.264635621272,0.487358049475,0.297845087048,0.297368684077
1217.720355,0.721447200412,0.0898175407577,0.263754018847,0.486453084433,0.297288560383,0.296814153474
1217.722369,0.722611739342,0.0894479864517,0.262873384867,0.485547608945,0.296727244414,0.296254829998
1217.724383,0.723773563347,0.0890792459786,0.261993730523,0.484641631528,0.296161187948,0.295690762419
1217.726398,0.724932662297,0.0887113228987,0.261115066951,0.483735160707,0.295590439909,0.295121999627
1217.728412,0.726089026191,0.088344220732,0.260237405229,0.482828205021,0.295015049332,0.294548590621
1217.730426,0.727242645155,0.0879779429583,0.259360756382,0.481920773016,0.294435065354,0.293970584504
1217.73244,0.728393509443,0.0876124930172,0.258485131374,0.481012873248,0.293850537211,0.293388030477
1217.734455,0.729541609435,0.0872478743082,0.257610541114,0.480104514282,0.293261514226,0.29280097783
1217.736469,0.730686935639,0.0868840901903,0.256736996455,0.479195704695,0.292668045793,0.292209475935
1217.738483,0.731829478692,0.0865211439821,0.255864508189,0.478286453069,0.292070181381,0.29161357424
1217.740497,0.732969229357,0.0861590389619,0.254993087051,0.477376767996,0.291467970539,0.29101332226
1217.742512,0.734106178526,0.0857977783675,0.254122743716,0.476466658077,0.290861462878,0.290408769574
1217.744526,0.735240317217,0.0854373653963,0.253253488802,0.47555613192,0.290250708062,0.289799965814
1217.74654,0.736371636577,0.0850778032051,0.252385332865,0.474645198141,0.289635755803,0.289186960661
1217.748554,0.737500127882,0.0847190949101,0.251518286401,0.473733865363,0.289016655853,0.288569803835
1217.750569,0.738625782534,0.0843612435871,0.250652359847,0.472822142217,0.288393457999,0.287948545093
1217.752583,0.739748592062,0.0840042522711,0.249787563579,0.471910037339,0.287766212056,0.287323234217
1217.754597,0.740868548125,0.0836481239569,0.24892390791,0.470997559372,0.287134967858,0.286693921011
1217.756611,0.741985642508,0.0832928615982,0.248061403094,0.470084716968,0.286499775253,0.286060655296
1217.758626,0.743099867123,0.0829384681084,0.247200059322,0.469171518782,0.285860684099,0.285423486896
1217.76064,0.744211214013,0.0825849463602,0.246339886721,0.468257973474,0.285217744252,0.28478246564
1217.762654,0.745319675345,0.0822322991856,0.245480895358,0.467344089713,0.284571005564,0.284137641351
1217.764668,0.746425243415,0.0818805293761,0.244623095236,0.466429876169,0.283920517877,0.283489063841
1217.766683,0.747527910645,0.0815296396826,0.243766496295,0.46551534152,0.283266331013,0.282836782904
1217.768697,0.748627669586,0.0811796328153,0.242911108411,0.464600494447,0.282608494771,0.282180848311
1217.770711,0.749724512915,0.0808305114437,0.242056941397,0.463685343635,0.281947058918,0.281521309802
1217.772725,0.750818433436,0.0804822781971,0.241204005,0.462769897774,0.281282073187,0.280858217081
1217.77474,0.75190942408,0.0801349356638,0.240352308905,0.461854165556,0.280613587267,0.280191619812
1217.776754,0.752997477904,0.0797884863919,0.23950186273,0.460938155679,0.279941650799,0.279521567608
1217.778768,0.754082588094,0.0794429328888,0.238652676029,0.460021876841,0.279266313371,0.27884811003
1217.780782,0.755164747959,0.0790982776215,0.237804758291,0.459105337745,0.278587624509,0.278171296579
1217.782797,0.756243950935,0.0787545230167,0.236958118938,0.458188547097,0.277905633674,0.277491176691
1217.784811,0.757320190587,0.0784116714605,0.236112767328,0.457271513603,0.277220390256,0.276807799728
1217.786825,0.758393460602,0.0780697252986,0.235268712751,0.456354245973,0.276531943554,0.276121214979
1217.788839,0.759463754794,0.0777286868366,0.234425964431,0.455436752917,0.275840342785,0.275431471648
1217.790854,0.760531067103,0.0773885583396,0.233584531527,0.454519043148,0.27514563709,0.274738618852
1217.792868,0.761595391594,0.0770493420327,0.232744423128,0.453601125379,0.274447875518,0.274042705615
1217.794882,0.762656722455,0.0767110401006,0.23190564826,0.452683008324,0.273747107015,0.273343780863
1217.796896,0.763715054001,0.0763736546882,0.231068215877,0.451764700699,0.273043380427,0.272641893415
1217.798911,0.764770380672,0.0760371879001,0.230232134869,0.450846211218,0.272336744489,0.271937091984
1217.800925,0.765822697028,0.0757016418009,0.229397414056,0.449927548596,0.27162724782,0.271229425168
1217.802939,0.766871997757,0.0753670184154,0.228564062191,0.449008721548,0.270914938922,0.270518941444
1217.804953,0.76791827767,0.0750333197286,0.227732087959,0.448089738789,0.27019986617,0.269805689168
1217.806968,0.768961531699,0.0747005476855,0.226901499976,0.447170609032,0.26948207781,0.269089716564
1217.808982,0.7700017549,0.0743687041916,0.22607230679,0.446251340989,0.268761621955,0.268371071722
1217.810996,0.771038942454,0.0740377911128,0.225244516878,0.445331943371,0.268038546577,0.267649802595
1217.81301,0.772073089662,0.0737078102752,0.224418138651,0.444412424888,0.267312899505,0.266925956991
1217.815025,0.773104191946,0.0733787634657,0.223593180449,0.443492794246,0.26658472842,0.26619958257
1217.817039,0.774132244853,0.0730506524318,0.222769650544,0.442573060151,0.265854080849,0.26547072684
1217.819053,0.775157244049,0.0727234788816,0.221947557136,0.441653231305,0.265121004162,0.264739437151
1217.821067,0.776179185321,0.0723972444841,0.221126908359,0.440733316409,0.264385545567,0.264005760692
1217.823082,0.777198064578,0.0720719508692,0.220307712274,0.439813324158,0.263647752107,0.263269744487
1217.825096,0.778213877849,0.0717475996277,0.219489976874,0.438893263246,0.262907670651,0.262531435388
1217.82711,0.779226621281,0.0714241923118,0.218673710081,0.437973142363,0.262165347898,0.261790880074
1217.829124,0.780236291142,0.0711017304345,0.217858919747,0.437052970194,0.261420830366,0.261048125046
1217.831139,0.78124288382,0.0707802154706,0.217045613654,0.436132755422,0.26067416439,0.260303216621
1217.833153,0.78224639582,0.0704596488559,0.216233799512,0.435212506724,0.259925396119,0.259556200931
1217.835167,0.783246823767,0.070140031988,0.215423484963,0.434292232771,0.259174571512,0.258807123919
1217.837181,0.784244164402,0.0698213662261,0.214614677577,0.433371942232,0.25842173632,0.258056031331
1217.839196,0.785238414585,0.0695036528912,0.213807384853,0.432451643769,0.257666936098,0.257302968718
1217.84121,0.786229571291,0.0691868932661,0.213001614219,0.431531346038,0.256910216208,0.25654798143
1217.843224,0.787217631615,0.0688710885957,0.212197373033,0.430611057691,0.256151621812,0.255791114609
1217.845238,0.788202592766,0.0685562400871,0.211394668582,0.429690787373,0.255391197861,0.255032413193
1217.847253,0.789184452067,0.0682423489095,0.21059350808,0.428770543721,0.254628989093,0.254271921904
1217.849267,0.79016320696,0.0679294161947,0.209793898672,0.427850335367,0.253865040033,0.253509685253
1217.851281,0.791138855,0.067617443037,0.208995847431,0.426930170938,0.253099394985,0.25274574753
1217.853295,0.792111393855,0.0673064304933,0.208199361358,0.42601005905,0.252332098033,0.251980152806
1217.85531,0.793080821308,0.0669963795833,0.207404447384,0.425090008314,0.251563193035,0.251212944924
1217.857324,0.794047135256,0.0666872912898,0.206611112368,0.424170027332,0.250792723624,0.250444167503
1217.859338,0.795010333708,0.0663791665584,0.205819363097,0.4232501247,0.250020733198,0.24967386393
1217.861352,0.795970414786,0.0660720062983,0.205029206287,0.422330309004,0.249247264924,0.248902077357
1217.863367,0.796927376723,0.0657658113819,0.204240648583,0.421410588821,0.248472361732,0.248128850704
1217.865381,0.797881217864,0.065460582645,0.203453696557,0.420490972722,0.247696066313,0.247354226649
1217.867395,0.798831936663,0.0651563208873,0.202668356712,0.419571469266,0.246918421116,0.246578247628
1217.869409,0.799779531688,0.0648530268724,0.201884635477,0.418652087005,0.246139468344,0.245800955835
1217.871424,0.800724001613,0.0645507013275,0.20110253921,0.417732834479,0.245359249957,0.245022393217
1217.873438,0.801665345223,0.0642493449443,0.200322074198,0.416813720221,0.244577807576,0.24424260147
1217.875452,0.802603561411,0.0639489583788,0.199543246657,0.415894752752,0.243795183163,0.243461622042
1217.877466,0.80353864918,0.0636495422513,0.198766062729,0.414975940583,0.243011416876,0.242679496124
1217.879481,0.804470607637,0.0633510971467,0.197990528488,0.414057292214,0.2422265508,0.241896264653
1217.881495,0.805399436,0.063053623615,0.197216649933,0.413138816136,0.241440624696,0.241111968307
1217.883509,0.80632513359,0.0627571221708,0.196444432994,0.412220520827,0.240653679679,0.240326647505
1217.885523,0.807247699837,0.062461593294,0.195673883529,0.411302414755,0.239865755488,0.239540342404
1217.887538,0.808167134273,0.0621670374299,0.194905007323,0.410384506374,0.239076892164,0.238753092895
1217.889552,0.809083436538,0.0618734549891,0.194137810091,0.40946680413,0.238287129483,0.237964938605
1217.891566,0.809996606374,0.0615808463479,0.193372297477,0.408549316453,0.237496506387,0.237175918892
1217.893581,0.810906643627,0.0612892118485,0.192608475053,0.407632051763,0.236705062653,0.236386072847
1217.895595,0.811813548247,0.060998551799,0.19184634832,0.406715018466,0.235912836196,0.235595439287
1217.897609,0.812717320284,0.0607088664737,0.191085922707,0.405798224956,0.235119866683,0.234804056757
1217.899623,0.813617959893,0.0604201561132,0.190327203573,0.404881679614,0.234326191096,0.234011963529
1217.901638,0.814515467327,0.0601324209249,0.189570196206,0.403965390806,0.233531848888,0.233219197599
1217.903652,0.815409842942,0.0598456610825,0.188814905823,0.403049366888,0.232736876202,0.232425796685
1217.905666,0.816301087192,0.0595598767271,0.188061337568,0.402133616197,0.231941312171,0.231631798228
1217.90768,0.817189200633,0.0592750679666,0.187309496517,0.40121814706,0.231145192192,0.230837239389
1217.909695,0.818074183916,0.0589912348761,0.186559387674,0.400302967787,0.230348554975,0.230042157047
1217.911709,0.818956037794,0.0587083774983,0.185811015972,0.399388086676,0.229551435266,0.229246587799
1217.913723,0.819834763114,0.0584264958438,0.185064386275,0.398473512007,0.228753871248,0.228450567962
1217.915737,0.820710360821,0.0581455898906,0.184319503375,0.397559252048,0.227955897109,0.227654133566
1217.917752,0.821582831959,0.0578656595851,0.183576371994,0.39664531505,0.227157550406,0.226857320356
1217.919766,0.822452177663,0.0575867048418,0.182834996784,0.395731709247,0.226358864858,0.226060163792
1217.92178,0.823318399165,0.0573087255436,0.182095382327,0.39481844286,0.225559877298,0.225262699048
1217.923794,0.824181497792,0.0570317215423,0.181357533135,0.393905524093,0.224760621071,0.224464961009
1217.925809,0.825041474964,0.0567556926581,0.18062145365,0.392992961132,0.223961132186,0.223666984273
1217.927823,0.825898332193,0.0564806386807,0.179887148245,0.392080762148,0.223161443701,0.222868803148
1217.929837,0.826752071084,0.0562065593687,0.179154621222,0.391168935295,0.222361590713,0.222070451654
1217.931851,0.827602693335,0.0559334544503,0.178423876815,0.390257488711,0.22156160608,0.221271963519
1217.933866,0.828450200733,0.0556613236233,0.177694919188,0.389346430514,0.22076152389,0.220473372183
1217.93588,0.829294595155,0.0553901665553,0.176967752435,0.388435768807,0.219961376892,0.219674710792
1217.937894,0.83013587857,0.055119982884,0.176242380582,0.387525511675,0.219161198076,0.218876012204
1217.939908,0.830974053035,0.0548507722175,0.175518807587,0.386615667183,0.218361020141,0.218077308983
1217.941923,0.831809120694,0.0545825341341,0.174797037338,0.38570624338,0.217560874965,0.217278633402
1217.943937,0.83264108378,0.0543152681829,0.174077073654,0.384797248295,0.216760795165,0.216480017442
1217.945951,0.833469944613,0.0540489738839,0.173358920287,0.383888689941,0.215960811577,0.215681492791
1217.947965,0.834295705598,0.0537836507281,0.17264258092,0.382980576308,0.215160956643,0.214883090846
1217.94998,0.835118369228,0.0535192981779,0.171928059168,0.382072915371,0.214361260254,0.214084842709
1217.951994,0.835937938078,0.0532559156672,0.171215358579,0.381165715083,0.213561754576,0.213286779194
1217.954008,0.836754414809,0.0529935026016,0.170504482632,0.380258983379,0.212762468654,0.212488930817
1217.956022,0.837567802165,0.0527320583586,0.16979543474,0.379352728173,0.211963434283,0.211691327806
1217.958037,0.838378102975,0.0524715822878,0.169088218246,0.378446957359,0.211164679752,0.210894000094
1217.960051,0.839185320146,0.0522120737114,0.16838283643,0.377541678812,0.210366236398,0.210096977325
1217.962065,0.839989456671,0.0519535319238,0.167679292501,0.376636900386,0.209568131847,0.209300288847
1217.964079,0.84079051562,0.0516959561926,0.166977589605,0.375732629914,0.208770396883,0.208503963719
1217.966094,0.841588500146,0.0514393457581,0.166277730817,0.374828875209,0.207973058562,0.20770803071
1217.968108,0.84238341348,0.0511836998339,0.165579719151,0.373925644062,0.207176147029,0.206912518295
1217.970122,0.843175258932,0.0509290176071,0.16488355755,0.373022944242,0.206379688857,0.20611745466
1217.972136,0.843964039889,0.0506752982385,0.164189248895,0.3721207835,0.205583713468,0.205322867701
1217.974151,0.844749759819,0.0504225408626,0.163496795999,0.37121916956,0.204788247042,0.204528785024
1217.976165,0.845532422261,0.0501707445881,0.16280620161,0.370318110129,0.203993318191,0.203735233946
1217.978179,0.846312030835,0.0499199084979,0.16211746841,0.369417612889,0.203198952787,0.202942241495
1217.980193,0.847088589235,0.0496700316498,0.161430599019,0.3685176855,0.202405178556,0.202149834413
1217.982208,0.847862101227,0.0494211130758,0.16074559599,0.367618335602,0.201612021145,0.201358039151
1217.984222,0.848632570654,0.0491731517832,0.16006246181,0.366719570807,0.200819507313,0.200566881876
1217.986236,0.84940000143,0.0489261467545,0.159381198904,0.36582139871,0.200027662567,0.199776388469
1217.98825,0.850164397544,0.0486800969475,0.158701809632,0.364923826879,0.199236512621,0.198986584525
1217.990265,0.850925763054,0.0484350012956,0.158024296291,0.36402686286,0.198446082903,0.198197495354
1217.992279,0.851684102091,0.0481908587081,0.157348661114,0.363130514175,0.197656398073,0.197409145984
1217.994293,0.852439418855,0.0479476680704,0.15667490627,0.362234788322,0.196867483452,0.196621561158
1217.996307,0.853191717617,0.0477054282442,0.156003033865,0.361339692777,0.196079362719,0.195834765339
1217.998322,0.853941002716,0.0474641380676,0.155333045943,0.360445234989,0.195292061004,0.195048782708
1218.000336,0.854687278561,0.0472237963554,0.154664944485,0.359551422385,0.194505601098,0.194263637166
1218.00235,0.855430549625,0.0469844018997,0.153998731408,0.358658262367,0.193720007851,0.193479352335
1218.004364,0.856170820452,0.0467459534693,0.153334408571,0.357765762311,0.192935303261,0.192695951559
1218.006379,0.85690809565,0.0465084498106,0.152671977766,0.356873929568,0.192151511817,0.191913457904
1218.008393,0.857642379892,0.0462718896477,0.152011440728,0.355982771467,0.191368654808,0.191131894161
1218.010407,0.858373677918,0.0460362716825,0.151352799128,0.355092295309,0.190586756286,0.190351282844
1218.012421,0.85910199453,0.0458015945948,0.150696054577,0.35420250837,0.18980583692,0.189571646197
1218.014436,0.859827334593,0.0455678570429,0.150041208624,0.353313417901,0.189025920242,0.188793006187
1218.01645,0.860549703038,0.0453350576634,0.14938826276,0.352425031126,0.188247026391,0.188015384513
1218.018464,0.861269104855,0.0451031950718,0.148737218413,0.351537355244,0.187469178302,0.1872388026
1218.020478,0.861985545097,0.0448722678623,0.148088076952,0.350650397428,0.186692395668,0.186463281606
1218.022493,0.862699028875,0.0446422746085,0.147440839688,0.349764164824,0.185916700754,0.185688842421
1218.024507,0.863409561364,0.0444132138633,0.14679550787,0.348878664552,0.185142112888,0.184915505669
1218.026521,0.864117147794,0.0441850841591,0.14615208269,0.347993903705,0.184368653595,0.184143291705
1218.028535,0.864821793457,0.0439578840083,0.14551056528,0.34710988935,0.183596341919,0.183372220624
1218.03055,0.865523503702,0.0437316119033,0.144870956714,0.346226628524,0.182825198574,0.182602312256
1218.032564,0.866222283933,0.0435062663165,0.144233258007,0.345344128241,0.182055242399,0.18183358617
1218.034578,0.866918139614,0.0432818457012,0.143597470117,0.344462395485,0.181286493231,0.181066061675
1218.036592,0.867611076262,0.043058348491,0.142963593944,0.343581437212,0.18051896978,0.18029975782
1218.038607,0.868301099451,0.0428357731008,0.142331630331,0.342701260353,0.179752690942,0.179534693398
1218.040621,0.868988214808,0.0426141179263,0.141701580063,0.341821871808,0.178987675353,0.178770886946
1218.042635,0.869672428014,0.0423933813447,0.141073443868,0.340943278452,0.178223940961,0.178008356746
1218.044649,0.870353744805,0.0421735617149,0.14044722242,0.340065487129,0.17746150631,0.177247120827
1218.046664,0.871032170967,0.0419546573772,0.139822916333,0.339188504656,0.17670038847,0.176487196966
1218.048678,0.871707712338,0.0417366666544,0.13920052617,0.338312337822,0.175940605813,0.175728602689
1218.050692,0.87238037481,0.0415195878511,0.138580052433,0.337436993387,0.17518217462,0.174971355277
1218.052706,0.873050164321,0.0413034192546,0.137961495573,0.336562478081,0.174425113019,0.174215471759
1218.054721,0.873717086862,0.0410881591347,0.137344855984,0.335688798606,0.173669436583,0.173460968922
1218.056735,0.874381148472,0.0408738057441,0.136730134005,0.334815961636,0.172915163125,0.172707863306
1218.058749,0.875042355238,0.0406603573187,0.136117329923,0.333943973813,0.172162307597,0.171956171211
1218.060763,0.875700713296,0.0404478120776,0.135506443968,0.333072841753,0.171410887423,0.171205908694
1218.062778,0.876356228827,0.0402361682233,0.134897476319,0.332202572039,0.170660917016,0.170457091574
1218.064792,0.877008908062,0.0400254239423,0.1342904271,0.331333171226,0.169912413346,0.169709735431
1218.066806,0.877658757273,0.0398155774046,0.133685296382,0.330464645841,0.169165390363,0.168963855608
1218.06882,0.87830578278,0.0396066267649,0.133082084183,0.329597002377,0.168419864517,0.168219467216
1218.070835,0.878949990948,0.0393985701617,0.13248079047,0.3287302473,0.167675849374,0.16747658513
1218.072849,0.879591388185,0.0391914057184,0.131881415156,0.327864387045,0.166933360801,0.166735223994
1218.074863,0.880229980941,0.0389851315432,0.131283958103,0.326999428016,0.166192412056,0.165995398224
1218.076877,0.88086577571,0.0387797457291,0.130688419123,0.326135376586,0.165453018359,0.165257122005
1218.078892,0.881498779028,0.0385752463543,0.130094797974,0.325272239099,0.164715192733,0.164520409298
1218.080906,0.882128997471,0.0383716314826,0.129503094365,0.324410021868,0.163978949695,0.163785273836
1218.08292,0.882756437656,0.0381688991632,0.128913307954,0.323548731173,0.163244302103,0.163051729132
1218.084934,0.88338110624,0.0379670474312,0.128325438348,0.322688373266,0.162511263713,0.162319788474
1218.086949,0.884003009921,0.0377660743076,0.127739485106,0.321828954365,0.161779847287,0.161589464932
1218.088963,0.884622155433,0.0375659777999,0.127155447736,0.320970480659,0.161050065766,0.160860771357
1218.090977,0.88523854955,0.0373667559018,0.126573325697,0.320112958303,0.160321931867,0.160133720383
1218.092991,0.885852199082,0.0371684065937,0.125993118399,0.319256393424,0.15959545771,0.159408324429
1218.095006,0.886463110877,0.0369709278427,0.125414825204,0.318400792114,0.158870655954,0.158684595701
1218.09702,0.887071291819,0.0367743176031,0.124838445425,0.317546160434,0.158147537961,0.157962546192
1218.099034,0.887676748827,0.0365785738164,0.124263978328,0.316692504416,0.157426116261,0.157242187686
1218.101048,0.888279488856,0.0363836944114,0.12369142313,0.315839830055,0.156706401542,0.15652353176
1218.103063,0.888879518894,0.0361896773049,0.123120779002,0.314988143319,0.155988406138,0.15580658978
1218.105077,0.889476845964,0.035996520401,0.122552045068,0.31413745014,0.155272140141,0.155091372912
1218.107091,0.890071477122,0.0358042215923,0.121985220404,0.313287756419,0.154557615627,0.154377892114
1218.109105,0.890663419455,0.0356127787593,0.121420304041,0.312439068024,0.153844842163,0.153666158146
1218.11112,0.891252680084,0.0354221897711,0.120857294965,0.311591390793,0.153133831512,0.152956181565
1218.113134,0.89183926616,0.0352324524853,0.120296192114,0.310744730528,0.152424592787,0.152247972732
1218.115148,0.892423184866,0.0350435647485,0.119736994382,0.309899093001,0.151717137376,0.151541541811
1218.117162,0.893004443414,0.0348555243961,0.119179700618,0.309054483948,0.151011474015,0.150836898769
1218.119177,0.893583049047,0.0346683292527,0.118624309626,0.308210909074,0.150307613656,0.150134053382
1218.121191,0.894159009034,0.0344819771324,0.118070820167,0.307368374052,0.149605564726,0.149433015232
1218.123205,0.894732330677,0.0342964658389,0.117519230957,0.30652688452,0.148905337692,0.148733793715
1218.125219,0.895303021301,0.0341117931655,0.116969540667,0.305686446084,0.148206940736,0.148036398034
1218.127234,0.895871088262,0.0339279568956,0.116421747928,0.304847064316,0.147510383785,0.147340837208
1218.129248,0.896436538941,0.0337449548026,0.115875851325,0.304008744754,0.146815674844,0.146647120071
1218.131262,0.896999380745,0.0335627846504,0.115331849402,0.303171492904,0.146122823248,0.145955255273
1218.133276,0.897559621108,0.0333814441933,0.11478974066,0.302335314237,0.145431836889,0.145265251282
1218.135291,0.898117267487,0.0332009311762,0.11424952356,0.301500214192,0.14474272446,0.144577116387
1218.137305,0.898672327365,0.0330212433352,0.113711196518,0.300666198172,0.144055493801,0.143890858699
1218.139319,0.899224808249,0.0328423783971,0.11317475791,0.299833271549,0.143370152919,0.14320648615
1218.141333,0.899774717668,0.0326643340801,0.112640206074,0.299001439658,0.142686709644,0.142524006499
1218.143348,0.900322063174,0.0324871080938,0.112107539303,0.298170707801,0.142005171294,0.141843427332
1218.145362,0.900866852343,0.0323106981395,0.111576755852,0.297341081249,0.141325545677,0.14116475606
1218.147376,0.901409092771,0.0321351019102,0.111047853935,0.296512565234,0.14064783948,0.140487999928
1218.14939,0.901948792076,0.0319603170908,0.110520831729,0.295685164957,0.139972060427,0.139813166009
1218.151405,0.902485957895,0.0317863413584,0.109995687368,0.294858885583,0.139298214646,0.139140261212
1218.153419,0.903020597889,0.0316131723824,0.10947241895,0.294033732245,0.138626309722,0.138469292278
1218.155433,0.903552719734,0.0314408078246,0.108951024533,0.293209710039,0.13795635129,0.137800265785
1218.157447,0.904082331128,0.0312692453397,0.108431502136,0.292386824027,0.137288346742,0.137133188151
1218.159462,0.904609439786,0.0310984825749,0.107913849742,0.291565079239,0.136622301288,0.13646806563
1218.161476,0.905134053443,0.0309285171706,0.107398065295,0.290744480667,0.135958222075,0.13580490432
1218.16349,0.905656179849,0.0307593467604,0.106884146703,0.28992503327,0.13529611395,0.135143710159
1218.165504,0.906175826773,0.0305909689711,0.106372091834,0.289106741972,0.134635983762,0.134484488932
1218.167519,0.906693002,0.0304233814229,0.105861898523,0.288289611662,0.133977836063,0.133827246267
1218.169533,0.90720771333,0.0302565817301,0.105353564568,0.287473647195,0.133321677353,0.133171987641
1218.171547,0.90771996858,0.0300905675004,0.104847087728,0.286658853391,0.132667511945,0.132518718379
1218.173561,0.908229775581,0.0299253363356,0.104342465731,0.285845235033,0.132015345949,0.131867443657
1218.175576,0.908737142179,0.0297608858319,0.103839696265,0.285032796873,0.131365183498,0.131218168503
1218.17759,0.909242076233,0.0295972135795,0.103338776987,0.284221543623,0.130717030262,0.130570897798
1218.179604,0.909744585618,0.0294343171633,0.102839705517,0.283411479965,0.130070890251,0.129925636277
1218.181618,0.91024467822,0.0292721941627,0.102342479442,0.282602610541,0.129426768652,0.129282388533
1218.183633,0.910742361937,0.029110842152,0.101847096313,0.281794939962,0.12878466941,0.128641159017
1218.185647,0.911237644681,0.0289502587004,0.10135355365,0.280988472801,0.128144597186,0.128001952037
1218.187661,0.911730534375,0.0287904413723,0.100861848938,0.280183213598,0.127506555911,0.127364771764
1218.189675,0.912221038953,0.0286313877273,0.100371979628,0.279379166856,0.126870549679,0.126729622233
1218.19169,0.91270916636,0.0284730953204,0.0998839431418,0.278576337042,0.126236582447,0.126096507338
1218.193704,0.913194924551,0.0283155617023,0.0993977368652,0.27777472859,0.125604657742,0.125465430843
1218.195718,0.91367832149,0.0281587844192,0.0989133581538,0.276974345897,0.124974779534,0.124836396375
1218.197732,0.914159365153,0.0280027610134,0.098430804331,0.276175193326,0.124346950833,0.124209407433
1218.199747,0.914638063521,0.0278474890232,0.0979500726889,0.275377275202,0.123721175568,0.123584467382
1218.201761,0.915114424587,0.0276929659829,0.0974711604884,0.274580595818,0.123097456297,0.12296157946
1218.203775,0.915588456351,0.0275391894234,0.0969940649597,0.273785159428,0.122475796859,0.122340746777
1218.205789,0.916060166819,0.0273861568718,0.0965187833028,0.272990970253,0.121856199415,0.121721972316
1218.207804,0.916529564006,0.027233865852,0.0960453126871,0.272198032477,0.121238667671,0.121105258936
1218.209818,0.916996655934,0.0270823138846,0.0955736502526,0.271406350249,0.12062320345,0.120490609373
1218.211832,0.917461450629,0.0269314984871,0.0951037931096,0.270615927683,0.120009810274,0.11987802624
1218.213846,0.917923956125,0.0267814171739,0.0946357383392,0.269826768857,0.119398489687,0.11926751203
1218.215861,0.918384180462,0.0266320674569,0.0941694829937,0.269038877812,0.118789244983,0.118659069115
1218.217875,0.918842131682,0.026483446845,0.093705024097,0.268252258556,0.11818207748,0.118052699751
1218.219889,0.919297817834,0.0263355528448,0.0932423586447,0.267466915059,0.117576990203,0.117448406077
1218.221903,0.919751246972,0.0261883829603,0.0927814836042,0.266682851257,0.116973984255,0.116846190114
1218.223918,0.920202427151,0.0260419346935,0.0923223959157,0.265900071049,0.116373062201,0.116246053773
1218.225932,0.920651366432,0.0258962055438,0.0918650924917,0.265118578299,0.115774225416,0.11564799885
1218.227946,0.921098072878,0.0257511930091,0.0914095702182,0.264338376836,0.115177476206,0.115052027028
1218.22996,0.921542554555,0.0256068945852,0.0909558259541,0.263559470452,0.114582815775,0.114458139883
1218.231975,0.92198481953,0.0254633077661,0.0905038565321,0.262781862904,0.113990245474,0.11386633888
1218.233989,0.922424875874,0.0253204300443,0.0900536587589,0.262005557913,0.113399766549,0.113276625376
1218.236003,0.922862731658,0.0251782589108,0.0896052294154,0.261230559166,0.112811380143,0.112689000624
1218.238017,0.923298394955,0.0250367918553,0.0891585652569,0.260456870312,0.112225087295,0.112103465768
1218.240032,0.923731873837,0.0248960263661,0.0887136630137,0.259684494965,0.111640889341,0.111520021852
1218.242046,0.924163176378,0.0247559599305,0.0882705193912,0.258913436704,0.11105878751,0.110938669813
1218.24406,0.924592310652,0.0246165900349,0.0878291310703,0.258143699071,0.110478782525,0.110359410491
1218.246074,0.925019284733,0.0244779141648,0.0873894947078,0.257375285575,0.10990087501,0.109782244623
1218.248089,0.925444106692,0.0243399298048,0.0869516069361,0.256608199687,0.109325066145,0.109207172846
1218.250103,0.925866784601,0.0242026344392,0.0865154643646,0.255842444843,0.10875135343,0.108634195701
1218.252117,0.926287326531,0.0240660255515,0.0860810635787,0.255078024444,0.108179742235,0.10806331363
1218.254131,0.926705740549,0.023930100625,0.0856484011412,0.254314941854,0.107610228544,0.107494526982
1218.256146,0.927122034722,0.0237948571428,0.085217473592,0.253553200402,0.10704281478,0.10692783601
1218.25816,0.927536217114,0.0236602925876,0.0847882774486,0.252792803383,0.106477502901,0.106363240873
1218.260174,0.927948295784,0.0235264044423,0.084360809206,0.252033754054,0.105914285965,0.105800741639
1218.262188,0.928358278792,0.0233931901898,0.083935065338,0.251276055639,0.105353171435,0.105240338283
1218.264203,0.928766174192,0.0232606473133,0.0835110422961,0.250519711324,0.104794158718,0.104682030692
1218.266217,0.929171990033,0.0231287732961,0.0830887365106,0.249764724261,0.104237243039,0.104125818663
1218.268231,0.929575734363,0.0229975656221,0.0826681443915,0.249011097567,0.103682423748,0.103571701905
1218.270245,0.929977415223,0.0228670217757,0.0822492623274,0.248258834322,0.103129707252,0.103019680041
1218.27226,0.930377040651,0.0227371392419,0.0818320866864,0.247507937572,0.102579089202,0.102469752606
1218.274274,0.930774618678,0.0226079155065,0.0814166138169,0.246758410327,0.10203056479,0.101921919054
1218.276288,0.931170157332,0.022479348056,0.0810028400473,0.246010255563,0.101484138809,0.101376178753
1218.278302,0.931563664634,0.0223514343781,0.0805907616861,0.245263476217,0.100939811848,0.100832530988
1218.280317,0.931955148599,0.0222241719613,0.0801803750226,0.244518075196,0.100397578718,0.100290974964
1218.282331,0.932344617235,0.0220975582954,0.0797716763275,0.243774055367,0.0998574367758,0.0997515098038
1218.284345,0.932732078545,0.0219715908716,0.0793646618524,0.243031419565,0.0993193922058,0.0992141345519
1218.286359,0.933117540524,0.0218462671821,0.0789593278303,0.242290170589,0.0987834410253,0.0986788481736
1218.288374,0.933501011161,0.0217215847209,0.0785556704761,0.241550311202,0.098249577874,0.0981456495569
1218.290388,0.933882498436,0.0215975409834,0.0781536859871,0.240811844133,0.0977178049176,0.0976145375134
1218.292402,0.934262010322,0.0214741334666,0.0777533705426,0.240074772076,0.0971881241432,0.0970855107787
1218.294416,0.934639554784,0.0213513596695,0.0773547203044,0.239339097689,0.0966605299887,0.0965585680136
1218.296431,0.93501513978,0.0212292170927,0.0769577314176,0.238604823595,0.0961350182866,0.0960337078059
1218.298445,0.935388773257,0.0211077032389,0.0765624000104,0.237871952386,0.0956115944024,0.0955109286702
1218.300459,0.935760463154,0.0209868156127,0.0761687221939,0.237140486612,0.0950902549988,0.094990229049
1218.302473,0.936130217402,0.0208665517208,0.0757766940634,0.236410428795,0.0945709943664,0.0944716073142
1218.304488,0.936498043922,0.0207469090724,0.0753863116983,0.23568178142,0.0940538121065,0.0939550617681
1218.306502,0.936863950625,0.0206278851787,0.0749975711618,0.234954546935,0.0935387113366,0.0934405906432
1218.308516,0.937227945412,0.0205094775535,0.0746104685015,0.234228727756,0.0930256863117,0.0929281921041
1218.31053,0.937590036175,0.0203916837129,0.0742249997504,0.233504326264,0.0925147317612,0.0924178642483
1218.312545,0.937950230795,0.0202745011756,0.0738411609259,0.232781344805,0.0920058517093,0.0919096051067
1218.314559,0.938308537141,0.0201579274632,0.0734589480309,0.232059785692,0.0914990437058,0.0914034126446
1218.316573,0.938664963073,0.0200419600997,0.0730783570536,0.231339651201,0.0909943017322,0.0908992847625
1218.318587,0.93901951644,0.0199265966122,0.0726993839684,0.230620943576,0.0904916233179,0.0903972192977
1218.320602,0.939372205079,0.0198118345304,0.0723220247355,0.229903665026,0.0899910120461,0.0898972140238
1218.322616,0.939723036814,0.0196976713873,0.0719462753011,0.229187817725,0.0894924622965,0.0893992666524
1218.32463,0.94007201946,0.0195841047189,0.0715721315984,0.228473403815,0.0889959680724,0.0889033748339
1218.326644,0.940419160817,0.019471132064,0.0711995895472,0.227760425401,0.0885015316057,0.0884095361585
1218.328659,0.940764468676,0.0193587509651,0.0708286450543,0.227048884557,0.0880091515395,0.0879177481561
1218.330673,0.941107950812,0.0192469589678,0.0704592940136,0.226338783321,0.0875188215829,0.087428008298
1218.332687,0.941449614991,0.019135753621,0.070091532307,0.225630123698,0.0870305376385,0.0869403139975
1218.334701,0.941789468963,0.0190251324771,0.0697253558039,0.224922907659,0.0865443031673,0.0864546626106
1218.336716,0.942127520466,0.0189150930921,0.0693607603614,0.224217137141,0.0860601129433,0.0859710514364
1218.33873,0.942463777224,0.0188056330255,0.0689977418253,0.223512814049,0.0855779605785,0.0854894777187
1218.340744,0.94279824695,0.0186967498405,0.06863629603,0.222809940252,0.0850978461283,0.0850099386461
1218.342758,0.94313093734,0.0185884411041,0.068276418798,0.222108517588,0.0846197695013,0.084532431353
1218.344773,0.943461856077,0.0184807043871,0.0679181059413,0.221408547858,0.0841437241681,0.0840569529202
1218.346787,0.943791010832,0.0183735372641,0.067561353261,0.220710032835,0.0836697048053,0.083583500376
1218.348801,0.944118409258,0.0182669373136,0.0672061565477,0.220012974254,0.0831977142364,0.0831120706965
1218.350815,0.944444058997,0.0181609021184,0.0668525115813,0.21931737382,0.0827277478627,0.0826426608063
1218.35283,0.944767967674,0.0180554292651,0.0665004141319,0.218623233201,0.0822597990748,0.0821752675799
1218.354844,0.9450901429,0.0179505163445,0.0661498599599,0.217930554038,0.0817938658064,0.0817098878418
1218.356858,0.94541059227,0.0178461609518,0.0658008448157,0.217239337934,0.0813299489957,0.0812465183671
1218.358872,0.945729323364,0.0177423606862,0.0654533644405,0.21654958646,0.0808680420324,0.0807851558826
1218.360887,0.946046343749,0.0176391131515,0.0651074145663,0.215861301157,0.0804081387252,0.0803257970673
1218.362901,0.946361660972,0.0175364159556,0.0647629909161,0.215174483531,0.079950240813,0.0798684385532
1218.364915,0.946675282568,0.0174342667112,0.0644200892041,0.214489135055,0.079494344523,0.0794130769258
1218.366929,0.946987216054,0.0173326630353,0.0640787051361,0.213805257172,0.0790404431658,0.0789597087247
1218.368944,0.947297468933,0.017231602549,0.0637388344106,0.213122851294,0.0785885350525,0.0785083304463
1218.370958,0.947606048686,0.0171310828801,0.0634004727144,0.212441918789,0.0781386124727,0.0780589385371
1218.372972,0.947912962784,0.0170311016585,0.0630636157305,0.211762461007,0.0776906835419,0.0776115294058
1218.374986,0.948218218682,0.0169316565193,0.0627282591341,0.211084479266,0.0772447307672,0.0771660994175
1218.377001,0.948521823808,0.016832745105,0.0623943985887,0.210407974834,0.0768007556823,0.0767226448888
1218.379015,0.948823785588,0.0167343650592,0.062062029756,0.209732948971,0.0763587623233,0.0762811621023
1218.381029,0.94912411142,0.0166365140326,0.0617311482879,0.209059402892,0.0759187323975,0.075841647295
1218.383043,0.949422808684,0.0165391896819,0.0614017498277,0.208387337773,0.0754806718209,0.0754040966613
1218.385058,0.949719884755,0.0164423896652,0.0610738300172,0.207716754782,0.0750445788827,0.0749685063623
1218.387072,0.950015346976,0.0163461116493,0.060747384487,0.207047655032,0.0746104381627,0.074534872513
1218.389086,0.950309202678,0.0162503533053,0.0604224088629,0.206380039611,0.0741782579738,0.0741031911912
1218.391101,0.950601459181,0.0161551123067,0.0600988987675,0.205713909591,0.0737480292901,0.0736734584414
1218.393115,0.950892123773,0.0160603863366,0.0597768498129,0.205049265988,0.0733197430301,0.0732456702624
1218.395129,0.951181203734,0.0159661730807,0.0594562576088,0.204386109801,0.0728934071484,0.0728198226212
1218.397143,0.951468706329,0.0158724702291,0.05913711776,0.203724442005,0.0724690064602,0.0723959114495
1218.399158,0.951754638791,0.0157792754809,0.0588194258629,0.203064263523,0.0720465388605,0.0719739326366
1218.401172,0.952039008347,0.0156865865369,0.0585031775121,0.202405575266,0.071626009361,0.0715538820431
1218.403186,0.952321822203,0.0155944011045,0.0581883682966,0.201748378113,0.0712074002947,0.0711357554927
1218.4052,0.952603087537,0.0155027168989,0.0578749937989,0.201092672893,0.0707907145497,0.0707195487712
1218.407215,0.952882811525,0.0154115316367,0.0575630496004,0.200438460433,0.0703759526165,0.0703052576374
1218.409229,0.95316100131,0.0153208430432,0.0572525312759,0.19978574151,0.0699630978212,0.0698928778118
1218.411243,0.953437664017,0.0152306488496,0.0569434343959,0.19913451687,0.0695521561654,0.069482404982
1218.413257,0.953712806764,0.0151409467888,0.0566357545298,0.198484787249,0.0691431221346,0.0690738348091
1218.415272,0.953986436635,0.0150517346045,0.0563294872404,0.197836553328,0.0687359833274,0.0686671629156
1218.417286,0.9542585607,0.0149630100436,0.056024628088,0.197189815768,0.0683307468768,0.0682623848963
1218.4193,0.954529186019,0.0148747708571,0.0557211726312,0.196544575215,0.0679274004816,0.067859496318
1218.421314,0.954798319613,0.0147870148062,0.0554191164228,0.195900832256,0.0675259384911,0.0674584927114
1218.423329,0.955065968499,0.0146997396543,0.0551184550145,0.195258587472,0.0671263663073,0.0670593695822
1218.425343,0.955332139674,0.0146129431709,0.0548191839555,0.194617841411,0.0667286676976,0.0666621224072
1218.427357,0.955596840101,0.0145266231348,0.0545212987907,0.193978594575,0.0663328425073,0.0662667466303
1218.429371,0.95586007674,0.0144407773262,0.0542247950646,0.193340847461,0.0659388927079,0.0658732376728
1218.431386,0.956121856523,0.0143554035339,0.0539296683184,0.192704600523,0.0655468014213,0.0654815909255
1218.4334,0.956382186356,0.0142704995541,0.053635914091,0.19206985418,0.0651565722105,0.0650918017505
1218.435414,0.95664107314,0.0141860631844,0.0533435279208,0.191436608843,0.0647682022151,0.0647038654883
1218.437428,0.956898523742,0.0141020922332,0.0530525053432,0.190804864874,0.0643816770098,0.0643177774482
1218.439443,0.95715454501,0.0140185845137,0.0527628418924,0.190174622611,0.0639970021943,0.0639335329153
1218.441457,0.957409143786,0.0139355378423,0.052474533102,0.189545882379,0.0636141687613,0.0635511271527
1218.443471,0.957662326869,0.0138529500466,0.0521875745034,0.18891864445,0.0632331676558,0.0631705553933
1218.445485,0.957914101053,0.0137708189573,0.0519019616276,0.188292909083,0.0628540041891,0.0627918128491
1218.4475,0.958164473112,0.01368914241,0.0516176900048,0.187668676514,0.0624766641896,0.0624148947091
1218.449514,0.958413449785,0.0136079182513,0.051334755164,0.18704594693,0.0621011445012,0.0620397961347
1218.451528,0.958661037807,0.0135271443296,0.0510531526342,0.186424720512,0.061727447971,0.0616665122686
1218.453542,0.958907243884,0.0134468185008,0.0507728779438,0.185804997406,0.0613555583651,0.0612950382297
1218.455557,0.959152074694,0.01336693863,0.0504939266212,0.185186777719,0.0609854767475,0.060925369112
1218.457571,0.959395536912,0.0132875025837,0.0502162941945,0.184570061551,0.0606172021773,0.0605574999927
1218.459585,0.959637637177,0.0132085082386,0.0499399761919,0.18395484896,0.0602507192834,0.0601914259241
1218.461599,0.959878382106,0.013129953478,0.0496649681424,0.183341139974,0.0598860317624,0.0598271419375
1218.463614,0.960117778311,0.0130518361874,0.0493912655745,0.182728934614,0.059523133645,0.0594646430475
1218.465628,0.960355832363,0.012974154264,0.0491188640182,0.182118232851,0.0591620131757,0.0591039242441
1218.467642,0.960592550821,0.0128969056093,0.0488477590037,0.181509034638,0.0588026750144,0.0587449804997
1218.469656,0.960827940229,0.0128200881288,0.048577946062,0.180901339912,0.0584451075144,0.0583878067695
1218.471671,0.961062007094,0.01274369974,0.0483094207257,0.180295148562,0.0580893046107,0.0580323979854
1218.473685,0.961294757914,0.0126677383624,0.0480421785279,0.179690460468,0.0577352695222,0.0576787490644
1218.475699,0.961526199166,0.0125922019226,0.0477762150031,0.179087275482,0.0573829873291,0.0573268549054
1218.477713,0.961756337291,0.0125170883574,0.047511525688,0.178485593414,0.0570324565943,0.0569767103865
1218.479728,0.961985178726,0.0124423956053,0.0472481061199,0.17788541407,0.0566836776742,0.0566283103725
1218.481742,0.962212729878,0.0123681216142,0.0469859518383,0.177286737218,0.0563366351338,0.0562816497093
1218.483756,0.962438997126,0.0122942643401,0.0467250583851,0.176689562594,0.0559913306662,0.0559367232251
1218.48577,0.962663986844,0.0122208217406,0.0464654213028,0.176093889928,0.0556477605965,0.0555935257356
1218.487785,0.962887705369,0.0121477917853,0.0462070361375,0.175499718906,0.0553059115687,0.0552520520372
1218.489799,0.963110159019,0.0120751724489,0.0459498984374,0.174907049192,0.0549657869937,0.0549122969118
1218.491813,0.9633313541,0.0120029617095,0.0456940037516,0.174315880439,0.0546273780717,0.0545742551286
1218.493827,0.963551296882,0.0119311575575,0.0454393476342,0.173726212253,0.0542906759624,0.0542379214387
1218.495842,0.963769993621,0.0118597579865,0.0451859256401,0.173138044229,0.0539556838469,0.0539032905807
1218.497856,0.963987450555,0.0117887609959,0.0449337333271,0.172551375942,0.0536223886299,0.0535703572803
1218.49987,0.964203673886,0.0117181645963,0.0446827662577,0.171966206922,0.0532907864212,0.0532391162466
1218.501884,0.96441866981,0.0116479668007,0.0444330199954,0.171382536694,0.0529608783546,0.0529095621784
1218.503899,0.964632444493,0.0115781656299,0.0441844901076,0.170800364754,0.0526326496368,0.0525816897606
1218.505913,0.964845004073,0.0115087591148,0.0439371721663,0.170219690562,0.0523060999168,0.052255493664
1218.507927,0.965056354682,0.0114397452875,0.0436910617446,0.169640513573,0.0519812271805,0.0519309685501
1218.509941,0.965266502415,0.0113711221912,0.0434461544209,0.169062833204,0.0516580173793,0.0516081090663
1218.511956,0.965475453347,0.0113028878761,0.0432024457778,0.168486648846,0.0513364723707,0.0512869098484
1218.51397,0.965683213544,0.0112350403946,0.0429599313988,0.167911959885,0.0510165859645,0.0509673655234
1218.515984,0.965889789032,0.0111675778118,0.0427186068749,0.16733876566,0.050698347149,0.0506494707043
1218.517998,0.966095185821,0.0111004981969,0.0424784677995,0.166767065499,0.0503817585958,0.050333219995
1218.520013,0.966299409911,0.0110337996236,0.0422395097688,0.166196858713,0.050066809405,0.0500186079903
1218.522027,0.966502467258,0.0109674801781,0.0420017283867,0.165628144571,0.0497534933239,0.0497056292724
1218.524041,0.966704363812,0.010901537949,0.0417651192585,0.165060922334,0.0494418118356,0.049394278416
1218.526055,0.9669051055,0.010835971032,0.0415296779943,0.164495191241,0.0491317513387,0.0490845499863
1218.52807,0.967104698213,0.0107707775336,0.0412954002117,0.163930950492,0.048823309447,0.048776438538
1218.530084,0.967303147837,0.0107059555621,0.0410622815291,0.163368199285,0.0485164852757,0.0484699386191
1218.532098,0.967500460228,0.0106415032354,0.0408303175718,0.162806936784,0.0482112648182,0.0481650447681
1218.534112,0.967696641212,0.0105774186801,0.0405995039715,0.162247162126,0.0479076483038,0.0478617515149
1218.536127,0.967891696611,0.0105137000245,0.0403698363609,0.161688874443,0.0476056315127,0.0475600533837
1218.538141,0.968085632208,0.0104503454089,0.0401413103819,0.161132072827,0.0473052021881,0.0472599448888
1218.540155,0.968278453767,0.0103873529794,0.0399139216806,0.160576756353,0.0470063619969,0.0469614205384
1218.542169,0.968470167043,0.0103247208851,0.0396876659056,0.160022924086,0.0467091024835,0.0466644748348
1218.544184,0.96866077775,0.0102624472884,0.0394625387158,0.159470575051,0.0464134151585,0.0463691022715
1218.546198,0.968850291588,0.0102005303544,0.0392385357725,0.158919708263,0.0461193015088,0.0460752973373
1218.548212,0.969038714243,0.0101389682543,0.039015652742,0.158370322718,0.0458267495378,0.0457830545152
1218.550226,0.969226051359,0.0100777591711,0.0387938853004,0.157822417376,0.0455357548767,0.0454923682806
1218.552241,0.969412308578,0.0100169012899,0.0385732291253,0.157275991194,0.0452463173275,0.0452032331055
1218.554255,0.969597491511,0.00995639280405,0.0383536799018,0.156731043099,0.0449584235089,0.0449156434557
1218.556269,0.969781605739,0.0098962319169,0.0381352333236,0.15618757199,0.0446720719975,0.0446295937916
1218.558283,0.969964656838,0.00983641683331,0.0379178850857,0.155645576764,0.044387260003,0.0443450785704
1218.560298,0.970146650348,0.00977694576923,0.0377016308932,0.155105056282,0.0441039747822,0.0440620922437
1218.562312,0.970327591788,0.00971781694774,0.0374864664576,0.154566009385,0.043822216751,0.0437806292588
1218.564326,0.970507486666,0.0096590285943,0.0372723874926,0.154028434907,0.0435419796815,0.0435006840608
1218.56634,0.970686340454,0.00960057894701,0.0370593897241,0.153492331646,0.0432632533621,0.0432222510893
1218.568355,0.970864158605,0.00954246624835,0.0368474688819,0.152957698388,0.0429860388921,0.0429453247814
1218.570369,0.971040946563,0.00948468874519,0.0366366207,0.152424533905,0.0427103261716,0.0426698995719
1218.572383,0.971216709727,0.00942724469704,0.036426840925,0.151892836933,0.0424361089377,0.042395969891
1218.574397,0.971391453493,0.00937013236577,0.0362181253058,0.151362606202,0.0421633873191,0.0421235301679
1218.576412,0.97156518323,0.00931335002038,0.0360104695984,0.150833840423,0.0418921490076,0.0418525748291
1218.578426,0.971737904275,0.00925689594093,0.0358038695701,0.150306538276,0.0416223909454,0.0415830982983
1218.58044,0.971909621959,0.00920076840897,0.0355983209898,0.149780698434,0.0413541113207,0.0413150949985
1218.582454,0.97208034158,0.00914496571589,0.0353938196366,0.149256319547,0.0410872975127,0.0410485593506
1218.584469,0.972250068412,0.00908948616165,0.0351903612986,0.14873340024,0.040821948632,0.0407834857735
1218.586483,0.972418807722,0.00903432804794,0.034987941766,0.148211939133,0.0405580601338,0.0405198686866
1218.588497,0.972586564737,0.00897948968845,0.0347865568415,0.147691934813,0.0402956208592,0.040257702507
1218.590511,0.972753344668,0.00892496940253,0.0345862023345,0.147173385855,0.0400346311137,0.0399969816517
1218.592526,0.972919152716,0.00887076551276,0.0343868740576,0.146656290822,0.0397750828835,0.0397377005378
1218.59454,0.973083994041,0.00881687635448,0.0341885678379,0.146140648245,0.0395169681282,0.0394798535813
1218.596554,0.973247873791,0.00876330026625,0.0339912795059,0.145626456647,0.039260287016,0.0392234351989
1218.598568,0.973410797099,0.0087100355923,0.0337950048987,0.145113714535,0.0390050286414,0.0389684398078
1218.600583,0.973572769058,0.00865708068875,0.033599739867,0.144602420387,0.0387511883668,0.038714861825
1218.602597,0.973733794756,0.00860443391349,0.0334054802638,0.144092572674,0.0384987649876,0.038462695669
1218.604611,0.973893879254,0.00855209363286,0.0332122219517,0.14358416985,0.038247746482,0.0382119357591
1218.606625,0.974053027584,0.00850005822295,0.0330199608051,0.143077210338,0.0379981306442,0.0379625765151
1218.60864,0.97421124477,0.00844832606132,0.0328286927,0.142571692564,0.0377499141554,0.0377146123594
1218.610654,0.974368535803,0.00839689553646,0.0326384135257,0.142067614921,0.037503085538,0.0374680377151
1218.612668,0.974524905653,0.00834576504385,0.03244911918,0.141564975789,0.0372576441067,0.0372228470075
1218.614682,0.97468035928,0.00829493298131,0.0322608055636,0.14106377354,0.0370135837398,0.0369790346641
1218.616697,0.974834901607,0.00824439775904,0.0320734685926,0.140564006517,0.036770895054,0.0367365951143
1218.618711,0.974988537543,0.00819415779153,0.0318871041885,0.140065673052,0.0365295779346,0.0364955227902
1218.620725,0.975141271982,0.00814421149758,0.031701708278,0.139568771466,0.0362896231071,0.0362558121268
1218.622739,0.97529310978,0.00809455730833,0.0315172768039,0.139073300051,0.036051024438,0.0360174575614
1218.624754,0.975444055787,0.00804519365721,0.0313338057117,0.138579257096,0.0358137810298,0.0357804535349
1218.626768,0.975594114827,0.00799611898462,0.031151290956,0.138086640869,0.0355778818206,0.0355447944914
1218.628782,0.975743291695,0.00794733174171,0.0309697285055,0.137595449617,0.0353433233131,0.0353104748782
1218.630796,0.975891591178,0.00789883038109,0.0307891143308,0.137105681581,0.0351101030355,0.0350774891466
1218.632811,0.976039018034,0.00785061336495,0.0306094444151,0.136617334982,0.0348782096908,0.0348458317517
1218.634825,0.976185576994,0.00780267916375,0.0304307147529,0.13613040802,0.0346476415659,0.0346154971525
1218.636839,0.976331272785,0.00775502624969,0.030252921341,0.135644898893,0.0344183939714,0.0343864798124
1218.638853,0.976476110095,0.00770765310654,0.0300760601917,0.135160805772,0.0341904568234,0.0341587741993
1218.640868,0.976620093598,0.0076605582236,0.0299001273252,0.134678126815,0.0339638293951,0.0339323747856
1218.642882,0.976763227954,0.00761374009325,0.0297251187657,0.134196860175,0.0337385041837,0.0337072760487
1218.644896,0.976905517788,0.00756719722022,0.0295510305548,0.133717003976,0.0335144736665,0.0334834724707
1218.64691,0.977046967713,0.00752092811235,0.0293778587383,0.133238556336,0.0332917370158,0.0332609585391
1218.648925,0.977187582325,0.00747493128293,0.0292055993696,0.132761515361,0.0330702843907,0.0330397287469
1218.650939,0.977327366185,0.00742920525672,0.0290342485188,0.132285879132,0.0328501110563,0.0328197775923
1218.652953,0.977466323848,0.00738374856017,0.028863802258,0.131811645728,0.0326312150788,0.0326010995795
1218.654967,0.977604459842,0.00733855972786,0.0286942566712,0.131338813209,0.032413585728,0.0323836892184
1218.656982,0.977741778667,0.00729363730375,0.028525607856,0.130867379616,0.0321972202613,0.0321675410251
1218.658996,0.977878284819,0.0072489798332,0.0283578519122,0.130397342986,0.0319821150387,0.0319526495218
1218.66101,0.978013982759,0.00720458587205,0.0281909849546,0.129928701337,0.0317682597915,0.0317390092373
1218.663024,0.97814887693,0.00716045398282,0.0280250031084,0.129461452669,0.0315556530257,0.0315266147068
1218.665039,0.978282971764,0.00711658273032,0.0278599025019,0.128995594982,0.0313442888383,0.0313154604722
1218.667053,0.978416271659,0.00707297069114,0.0276956792812,0.128531126249,0.0311341586804,0.0311055410825
1218.669067,0.978548780999,0.00702961644602,0.0275323295986,0.128068044435,0.0309252615327,0.0308968510937
1218.671081,0.978680504154,0.0069865185798,0.0273698496127,0.127606347499,0.03071758895,0.0306893850688
1218.673096,0.978811445459,0.00694367568908,0.0272082355001,0.127146033374,0.0305111350371,0.0304831375786
1218.67511,0.978941609241,0.00690108637265,0.0270474834406,0.12668709999,0.0303058981511,0.030278103201
1218.677124,0.979070999805,0.00685874923595,0.0268875896246,0.126229545264,0.0301018684158,0.0300742765219
1218.679138,0.979199621426,0.00681666289462,0.0267285502581,0.125773367094,0.0298990420877,0.0298716521349
1218.681153,0.979327478374,0.00677482596573,0.0265703615496,0.125318563374,0.0296974162603,0.0296702246416
1218.683167,0.97945457489,0.00673323707543,0.0264130197218,0.124865131981,0.0294969808863,0.0294699886518
1218.685181,0.97958091519,0.00669189485773,0.0262565210098,0.124413070778,0.0292977336795,0.0292709387837
1218.687195,0.979706503485,0.00665079794828,0.0261008616514,0.123962377625,0.0290996699526,0.0290730696637
1218.68921,0.979831343952,0.00660994499371,0.0259460379022,0.12351305036,0.0289027806579,0.0288763759271
1218.691224,0.979955440751,0.00656933464586,0.0257920460258,0.123065086814,0.0287070643191,0.0286808522176
1218.693238,0.980078798035,0.00652896555953,0.0256388822911,0.12261848481,0.0285125139897,0.0284864931879
1218.695252,0.980201419916,0.00648883640118,0.0254865429857,0.122173242152,0.0283191227093,0.0282932934999
1218.697267,0.980323310501,0.0064489458402,0.025335024402,0.121729356637,0.0281268889317,0.0281012478245
1218.699281,0.980444473879,0.00640929255114,0.0251843228412,0.121286826054,0.0279358038389,0.0279103508418
1218.701295,0.980564914106,0.00636987521936,0.0250344346223,0.120845648174,0.027745862737,0.0277205972415
1218.703309,0.98068463523,0.00633069253184,0.024885356067,0.120405820763,0.0275570631989,0.0275319817228
1218.705324,0.980803641279,0.00629174318319,0.0247370835097,0.119967341575,0.0273693957071,0.0273444989945
1218.707338,0.980921936252,0.00625302587687,0.0245896132999,0.119530208349,0.0271828571886,0.0271581437755
1218.709352,0.981039524141,0.00621453931766,0.0244429417894,0.119094418821,0.0269974438532,0.0269729107942
1218.711366,0.981156408913,0.00617628222018,0.0242970653466,0.11865997071,0.0268131465739,0.0267887947895
1218.713381,0.981272594509,0.00613825330536,0.0241519803509,0.118226861728,0.0266299632958,0.0266057905105
1218.715395,0.981388084867,0.00610045129624,0.0240076831851,0.117795089578,0.0264478884209,0.0264238927161
1218.717409,0.981502883891,0.00606287492694,0.0238641702514,0.11736465195,0.0262669142239,0.0262430961765
1218.719423,0.981616995469,0.00602552293547,0.0237214379589,0.116935546525,0.0260870390439,0.0260633956718
1218.721438,0.981730423482,0.00598839406366,0.0235794827229,0.116507770977,0.0259082552532,0.0258847859928
1218.723452,0.981843171772,0.00595148706438,0.0234383009787,0.116081322966,0.0257305572772,0.0257072619418
1218.725466,0.981955244177,0.00591480069254,0.0232978891649,0.115656200146,0.025553942965,0.0255308183313
1218.72748,0.982066644515,0.00587833370928,0.023158243731,0.115232400161,0.0253784035563,0.025355449985
1218.729495,0.982177376574,0.00584208488526,0.023019361144,0.114809920642,0.0252039352192,0.0251811517382
1218.731509,0.982287444139,0.00580605299248,0.0228812378728,0.114388759217,0.0250305348008,0.0250079184368
1218.733523,0.982396850967,0.00577023681141,0.0227438704019,0.113968913503,0.0248581934203,0.0248357449385
1218.735537,0.982505600792,0.00573463512986,0.022607255229,0.113550381102,0.0246869084291,0.0246646261128
1218.737552,0.982613697345,0.00569924673718,0.0224713888545,0.113133159618,0.0245166752585,0.0244945568399
1218.739566,0.982721144323,0.00566407043294,0.0223362677975,0.112717246637,0.0243474858472,0.0243255320124
1218.74158,0.982827945409,0.00562910502155,0.0222018885863,0.112302639741,0.0241793382076,0.0241575465348
1218.743594,0.982934104278,0.0055943493102,0.0220682477539,0.111889336504,0.0240122259751,0.0239905953228
1218.745609,0.983039624569,0.00555980211689,0.0219353418536,0.111477334489,0.0238461427772,0.0238246733049
1218.747623,0.983144509914,0.00552546226238,0.0218031674437,0.111066631251,0.0236810865819,0.0236597754213
1218.749637,0.983248763931,0.00549132857221,0.0216717210917,0.110657224342,0.0235170495424,0.0234958966242
1218.751651,0.983352390204,0.00545739988195,0.0215409993836,0.110249111298,0.0233540271149,0.023333031879
1218.753666,0.983455392314,0.00542367502866,0.0214109989085,0.109842289654,0.0231920165747,0.0231711761625
1218.75568,0.983557773821,0.00539015285652,0.0212817162689,0.109436756934,0.0230310095322,0.0230103244643
1218.757694,0.983659538257,0.00535683221788,0.0211531480826,0.109032510654,0.0228710027533,0.0228504717871
1218.759708,0.983760689151,0.0053237119663,0.0210252909703,0.108629548324,0.0227119924363,0.0226916131456
1218.761723,0.983861230005,0.00529079096449,0.0208981415697,0.108227867447,0.0225539705205,0.0225337435676
1218.763737,0.983961164302,0.00525806808097,0.0207716965301,0.107827465516,0.0223969345974,0.0223768580941
1218.765751,0.984060495517,0.00522554218619,0.0206459525042,0.107428340021,0.0222408794356,0.022220951778
1218.767765,0.984159227096,0.0051932121609,0.0205209061652,0.10703048844,0.0220857981097,0.0220660196865
1218.76978,0.984257362471,0.00516107688939,0.0203965541927,0.106633908247,0.0219316885371,0.0219120568993
1218.771794,0.984354905067,0.00512913525951,0.0202728932736,0.106238596911,0.0217785438825,0.0217590585089
1218.773808,0.984451858273,0.00509738616927,0.0201499201148,0.10584455189,0.0216263589507,0.0216070196221
1218.775822,0.984548225474,0.0050658285186,0.020027631427,0.105451770637,0.0214751312801,0.0214559353583
1218.777837,0.984644010038,0.0050344612131,0.019906023932,0.105060250601,0.0213248531487,0.0213058008503
1218.779851,0.984739215304,0.00500328316724,0.0197850943694,0.104669989221,0.0211755207634,0.0211566112452
1218.781865,0.984833844607,0.00497229329663,0.0196648394812,0.104280983931,0.0210271308769,0.0210083617027
1218.783879,0.984927901261,0.00494149052474,0.0195452560251,0.103893232161,0.0208796756876,0.0208610473968
1218.785894,0.985021388555,0.00491087378176,0.0194263407722,0.103506731329,0.0207331523566,0.0207146635155
1218.787908,0.985114309775,0.0048804419993,0.0193080904968,0.103121478856,0.0205875565234,0.0205692052596
1218.789922,0.985206668179,0.00485019411837,0.0191905019921,0.102737472148,0.0204428810538,0.0204246678448
1218.791936,0.985298467009,0.00482012908441,0.0190735720604,0.10235470861,0.0202991236466,0.0202810465005
1218.793951,0.985389709501,0.00479024584543,0.0189572975094,0.101973185643,0.0201562785279,0.0201383364695
1218.795965,0.985480398859,0.00476054335935,0.0188416751669,0.101592900637,0.0200143399205,0.0199965330097
1218.797979,0.98557053828,0.00473102058661,0.0187267018663,0.101213850981,0.0198733054995,0.0198556313927
1218.799993,0.985660130947,0.00470167649205,0.0186123744498,0.100836034058,0.0197331683289,0.0197156269037
1218.802008,0.985749180014,0.00467251004969,0.018498689779,0.100459447244,0.0195939240973,0.0195765148436
1218.804022,0.98583768863,0.00464352023491,0.018385644718,0.100084087911,0.0194555699417,0.0194382905263
1218.806036,0.985925659926,0.00461470602962,0.0182732361448,0.0997099534257,0.0193180985111,0.0193009492806
1218.80805,0.986013097009,0.00458606642318,0.0181614609532,0.0993370411493,0.0191815065456,0.0191644864505
1218.810065,0.986100002981,0.00455760040611,0.0180503160392,0.0989653484402,0.0190457903407,0.019028897393
1218.812079,0.986186380919,0.00452930697722,0.0179397983167,0.09859487265,0.0189109428215,0.018894177481
1218.814093,0.986272233885,0.00450118514066,0.0178299047106,0.0982256111251,0.0187769613942,0.0187603221019
1218.816107,0.986357564933,0.00447323390238,0.0177206321499,0.0978575612106,0.0186438412351,0.0186273266567
1218.818122,0.98644237709,0.00444545227767,0.0176119775836,0.0974907202434,0.0185115761832,0.0184951865625
1218.820136,0.986526673371,0.0044178392851,0.0175039379676,0.0971250855577,0.018380163914,0.0183638972506
1218.82215,0.986610456783,0.00439039394645,0.017396510265,0.0967606544849,0.018249598349,0.0182334541668
1218.824164,0.986693730301,0.00436311529279,0.0172896914588,0.0963974243488,0.0181198747095,0.0181038527727
1218.826179,0.986776496899,0.00433600235689,0.0171834785359,0.096035392472,0.017990990383,0.0179750885441
1218.828193,0.986858759532,0.00430905417676,0.0170778684945,0.0956745561727,0.0178629386045,0.0178471569718
1218.830207,0.98694052113,0.00428226979842,0.0169728583502,0.0953149127631,0.0177357157165,0.0177200535624
1218.832221,0.987021784621,0.00425564826896,0.0168684451214,0.0949564595546,0.0176093184974,0.0175937738366
1218.834236,0.98710255291,0.0042291886426,0.0167646258418,0.0945991938532,0.0174837401342,0.0174683133308
1218.83625,0.987182828884,0.0042028899797,0.0166613975589,0.0942431129605,0.0173589777349,0.0173436675968
1218.838264,0.987262615423,0.00417675134186,0.016558757323,0.0938882141773,0.0172350272116,0.0172198322007
1218.840278,0.987341915386,0.00415077179927,0.0164567022032,0.0935344947982,0.0171118822925,0.0170968027248
1218.842293,0.987420731613,0.00412495042612,0.016355229278,0.0931819521154,0.0169895405211,0.0169745747665
1218.844307,0.987499066943,0.00409928629893,0.0162543356309,0.0928305834192,0.0168679967082,0.0168531439376
1218.846321,0.987576924182,0.00407377850322,0.0161540183656,0.0924803859945,0.0167472456657,0.0167325058669
1218.848335,0.987654306132,0.00404842612679,0.0160542745912,0.0921313571244,0.0166272849292,0.0166126561973
1218.85035,0.987731215582,0.00402322826142,0.0159551014254,0.0917834940896,0.0165081084082,0.0164935905873
1218.852364,0.987807655295,0.00399818400723,0.0158564960053,0.0914367941659,0.0163897120817,0.0163753047118
1218.854378,0.987883628029,0.00397329246557,0.0157584554705,0.0910912546284,0.0162720930732,0.01625779426
1218.856392,0.987959136526,0.00394855274367,0.0156609769742,0.0907468727487,0.0161552449795,0.016141054937
1218.858407,0.988034183506,0.00392396395554,0.0155640576852,0.0904036457949,0.0160391646189,0.0160250824644
1218.860421,0.988108771685,0.00389952521622,0.0154676947746,0.0900615710343,0.015923848465,0.0159098725778
1218.862435,0.988182903757,0.00387523564826,0.0153718854308,0.0897206457304,0.0158092903455,0.0157954210295
1218.864449,0.9882565824,0.00385109437904,0.0152766268535,0.0893808671442,0.0156954876139,0.0156817235876
1218.866464,0.988329810287,0.00382710053753,0.015181916246,0.089042232536,0.0155824358764,0.0155687760346
1218.868478,0.988402590067,0.0038032532612,0.0150877508315,0.088704739162,0.0154701296924,0.0154565741702
1218.870492,0.988474924377,0.00377955169042,0.01499412784,0.0883683842771,0.0153585666377,0.0153451138092
1218.872506,0.988546815846,0.0037559949685,0.0149010445083,0.088033165135,0.0152477413463,0.0152343907814
1218.874521,0.988618267078,0.00373258224711,0.014808498093,0.0876990789856,0.0151376494756,0.0151244009338
1218.876535,0.988689280671,0.00370931267948,0.0147164858542,0.0873661230784,0.015028288386,0.0150151401283
1218.878549,0.988759859209,0.00368618542353,0.0146250050634,0.0870342946609,0.0149196521866,0.0149066042422
1218.880563,0.988830005254,0.00366319964442,0.0145340530091,0.086703590978,0.0148117374257,0.01479878917
1218.882578,0.988899721364,0.00364035450827,0.0144436269821,0.0863740092741,0.0147045409978,0.0146916908207
1218.884592,0.988969010078,0.00361764918763,0.0143537242886,0.0860455467915,0.0145980569874,0.0145853051195
1218.886606,0.989037873917,0.00359508286057,0.014264342248,0.0857182007706,0.0144922825539,0.0144796280084
1218.888621,0.9891063154,0.00357265470628,0.0141754781825,0.0853919684514,0.0143872139248,0.0143746554437
1218.890635,0.98917433702,0.00355036391167,0.0140871294328,0.0850668470718,0.0142828456218,0.0142703833987
1218.892649,0.989241941261,0.00352820966727,0.0139992933484,0.0847428338685,0.0141791751558,0.0141668078628
1218.894663,0.9893091306,0.00350619116568,0.0139119672838,0.0844199260778,0.0140761979045,0.01406392484
1218.896678,0.989375907488,0.0034843076076,0.0138251486133,0.0840981209337,0.0139739092499,0.0139617303518
1218.898692,0.98944227437,0.00346255819578,0.0137388347161,0.0837774156701,0.0138723067075,0.0138602204349
1218.900706,0.989508233681,0.00344094213656,0.0136530229802,0.0834578075199,0.0137713849627,0.0137593911413
1218.90272,0.989573787832,0.00341945864373,0.013567710812,0.0831392937144,0.0136711403217,0.0136592385405
1218.904735,0.98963893923,0.00339810693221,0.0134828956206,0.082821871485,0.0135715699884,0.0135597587167
1218.906749,0.989703690267,0.00337688622221,0.0133985748281,0.082505538062,0.013472668417,0.0134609477704
1218.908763,0.989768043315,0.00335579574,0.0133147458716,0.0821902906747,0.0133744325799,0.0133628018187
1218.910777,0.989832000743,0.00333483471277,0.0132314061906,0.0818761265526,0.0132768591846,0.0132653169936
1218.912792,0.989895564902,0.00331400237446,0.0131485532414,0.0815630429241,0.0131799428782,0.0131684894437
1218.914806,0.989958738126,0.00329329796333,0.013066184491,0.0812510370173,0.0130836810613,0.0130723153342
1218.91682,0.990021522747,0.00327272071908,0.01298429741,0.08094010606,0.0129880697761,0.0129767908447
1218.918834,0.990083921072,0.00325226988898,0.012902889488,0.0806302472797,0.0128931042524,0.0128819121724
1218.920849,0.990145935401,0.00323194472294,0.0128219582215,0.0803214579037,0.0127987820745,0.0127876755298
1218.922863,0.990207568025,0.00321174447349,0.0127415011132,0.0800137351591,0.0127050985385,0.0126940771448
1218.924877,0.990268821212,0.00319166840063,0.012661515685,0.0797070762728,0.0126120497413,0.0126011132628
1218.926891,0.990329697228,0.00317171576576,0.0125819994622,0.0794014784721,0.0125196331096,0.0125087801438
1218.928906,0.990390198322,0.00315188583448,0.012502949981,0.0790969389837,0.0124278435429,0.012417074064
1218.93092,0.990450326726,0.00313217787886,0.0124243647939,0.0787934550352,0.0123366778424,0.0123259913167
1218.932934,0.990510084668,0.00311259117182,0.0123462414557,0.0784910238536,0.0122461330824,0.0122355282096
1218.934948,0.99056947436,0.00309312499205,0.0122685775359,0.0781896426667,0.0121562041556,0.0121456810674
1218.936963,0.990628497997,0.00307377862312,0.0121913706166,0.0778893087025,0.0120668883487,0.0120564462309
1218.938977,0.990687157771,0.00305455134966,0.0121146182826,0.0775900191891,0.011978182228,0.0119678200556
1218.940991,0.990745455853,0.00303544246314,0.0120383181366,0.0772917713554,0.0118900810376,0.0118797989145
1218.943005,0.990803394405,0.0030164512583,0.0119624677895,0.0769945624308,0.0118025823475,0.0117923791958
1218.94502,0.990860975582,0.0029975770317,0.0118870648571,0.0766983896447,0.0117156820747,0.0117055573032
1218.947034,0.990918201518,0.00297881908714,0.011812106974,0.0764032502281,0.0116293761428,0.0116193296573
1218.949048,0.99097507434,0.00296017673023,0.0117375917795,0.076109141412,0.0115436621351,0.0115336926942
1218.951062,0.991031596165,0.00294164926979,0.0116635169215,0.075816060428,0.0114585354425,0.0114486428651
1218.953077,0.991087769092,0.0029232360213,0.0115898800652,0.0755240045093,0.0113739927164,0.0113641766387
1218.955091,0.991143595214,0.00290493630122,0.0115166788784,0.0752329708894,0.0112900313083,0.0112802904983
1218.957105,0.991199076611,0.00288674943072,0.0114439110414,0.0749429568026,0.0112066464407,0.0111969809431
1218.959119,0.991254215345,0.00286867473637,0.0113715742488,0.074653959485,0.0111238352922,0.0111142444894
1218.961134,0.991309013479,0.00285071154557,0.0112996661974,0.0743659761727,0.011041594839,0.0110320776676
1218.963148,0.991363473052,0.00283285919171,0.0112281845999,0.0740790041037,0.0109599204648,0.0109504770251
1218.965162,0.991417596096,0.00281511701205,0.0111571271794,0.0737930405172,0.0108788096892,0.0108694391251
1218.967176,0.991471384637,0.00279748434508,0.0110864916621,0.0735080826527,0.0107982589835,0.0107889605455
1218.969191,0.991524840679,0.00277996053609,0.0110162757926,0.0732241277521,0.0107182641934,0.0107090378814
1218.971205,0.991577966222,0.00276254493267,0.0109464773217,0.0729411730584,0.0106388229901,0.0106296677429
1218.973219,0.991630763256,0.00274523688472,0.0108770940063,0.0726592158152,0.0105599312781,0.0105508467552
1218.975233,0.991683233752,0.00272803574884,0.0108081236215,0.0723782532687,0.0104815855842,0.0104725715609
1218.977248,0.991735379677,0.00271094088282,0.0107395639456,0.0720982826659,0.0104037834671,0.0103948388169
1218.979262,0.991787202985,0.00269395164821,0.0106714127669,0.0718193012552,0.0103265205352,0.0103176451958
1218.981276,0.991838705614,0.00267706741228,0.0106036678897,0.0715413062878,0.0102497938697,0.010240987387
1218.98329,0.991889889501,0.00266028754308,0.01053632712,0.071264295015,0.0101736007662,0.0101648620941
1218.985305,0.991940756563,0.00264361141374,0.0104693882779,0.0709882646907,0.0100979368384,0.0100892660371
1218.987319,0.991991308707,0.00262703840177,0.0104028491955,0.070713212571,0.0100227995522,0.010014195952
1218.989333,0.992041547837,0.00261056788558,0.0103367077072,0.0704391359125,0.00994818582024,0.00993964858901
1218.991347,0.992091475836,0.00259419924967,0.0102709616644,0.070166031975,0.00987409153798,0.00986562071512
1218.993362,0.992141094582,0.00257793188142,0.0102056089263,0.06989389802,0.00980051439891,0.00979210911263
1218.995376,0.992190405943,0.00256176516982,0.0101406473566,0.0696227313099,0.0097274508246,0.00971911057828
1218.99739,0.992239411771,0.00254569851031,0.0100760748369,0.0693525291106,0.0096548972446,0.00964662192586
1218.999404,0.992288113913,0.00252973129989,0.010011889253,0.0690832886895,0.00958285137156,0.00957463998361
1219.001419,0.992336514205,0.00251386293843,0.00994808849886,0.0688150073154,0.00951130923122,0.00950316159484
1219.003433,0.992384614466,0.00249809283168,0.00988467048481,0.0685476822609,0.00944026782387,0.00943218361962
1219.005447,0.992432416513,0.00248242038627,0.0098216331236,0.0682813107993,0.00936972469223,0.00936170293195
1219.007461,0.99247992215,0.00246684501298,0.00975897433968,0.0680158902067,0.00929967574247,0.00929171642162
1219.009476,0.992527133164,0.0024513661274,0.00969669207096,0.0677514177625,0.00923011838985,0.00922222099451
1219.01149,0.992574051344,0.00243598314581,0.00963478425735,0.0674878907466,0.00916104989724,0.00915321357025
1219.013504,0.992620678458,0.00242069548984,0.00957324885377,0.0672253064428,0.00909246630447,0.00908469108487
1219.015518,0.992667016268,0.00240550258448,0.00951208382477,0.0669636621374,0.00902436529823,0.00901665048963
1219.017533,0.992713066529,0.00239040385586,0.00945128713809,0.0667029551175,0.00895674376183,0.00894908874974
1219.019547,0.99275883098,0.00237539873609,0.0093908567784,0.0664431826751,0.00888959810016,0.00888200284709
1219.021561,0.992804311351,0.00236048665932,0.00933079073628,0.0661843421037,0.00882292612501,0.00881538977797
1219.023575,0.992849509369,0.00234566706176,0.00927108700812,0.0659264306984,0.008756724293,0.00874924655307
1219.02559,0.992894426741,0.00233093938549,0.00921174360716,0.0656694457594,0.00869098954193,0.00868357019967
1219.027604,0.99293906517,0.00231630307368,0.00915275854975,0.0654133845876,0.00862571960547,0.00861835775882
1219.029618,0.992983426351,0.0023017575728,0.00909412986171,0.065158244487,0.00856091072194,0.0085536062866
1219.031632,0.993027511962,0.00228730233439,0.00903585558344,0.064904022766,0.00849656026394,0.00848931285514
1219.033647,0.993071323678,0.00227293681064,0.00897793375733,0.0646507167336,0.00843266577143,0.00842547455004
1219.035661,0.993114863163,0.00225866045827,0.0089203624387,0.0643983237029,0.0083692234961,0.00836208847253
1219.037675,0.993158132067,0.00224447273782,0.00886313969408,0.0641468409909,0.00830623111411,0.00829915173913
1219.039689,0.993201132037,0.00223037311065,0.00880626359234,0.063896265915,0.00824368588008,0.00823666147979
1219.041704,0.993243864706,0.00221636104348,0.00874973221794,0.0636465957981,0.008181584271,0.00817461484057
1219.043718,0.993286331697,0.00220243600555,0.00869354366273,0.0633978279657,0.00811992414579,0.00811300898193
1219.045732,0.993328534629,0.00218859746757,0.0086376960228,0.0631499597445,0.0080587023909,0.00805184107808
1219.047746,0.993370475105,0.00217484490586,0.00858218741075,0.0629029884671,0.00799791590172,0.00799110831939
1219.049761,0.993412154722,0.00216117779817,0.00852701594336,0.0626569114678,0.00793756255975,0.00793080790992
1219.051775,0.99345357507,0.00214759562477,0.00847217974473,0.0624117260833,0.00787763895682,0.00787093706798
1219.053789,0.993494737723,0.00213409787109,0.00841767695429,0.0621674296562,0.00781814243401,0.00781149302775
1219.055803,0.993535644253,0.00212068402333,0.00836350571372,0.0619240195298,0.00775907075054,0.00775247303656
1219.057818,0.993576296219,0.00210735357137,0.00830966417558,0.0616814930515,0.00770042041535,0.00769387435664
1219.059832,0.993616695171,0.0020941060093,0.00825615050488,0.0614398475735,0.00764218909531,0.0076356942654
1219.061846,0.993656842652,0.00208094083184,0.00820296286856,0.061199080449,0.00758437434334,0.00757793005322
1219.06386,0.993696740194,0.00206785753837,0.00815009944745,0.0609591890364,0.00752697277923,0.00752057902592
1219.065875,0.99373638932,0.00205485563128,0.0080975584313,0.0607201706977,0.00746998228532,0.00746363850364
1219.067889,0.993775791547,0.00204193461393,0.00804533801282,0.0604820227963,0.00741340013212,0.00740710581964
1219.069903,0.99381494838,0.00202909399494,0.00799343640046,0.060244742702,0.007357223227,0.00735097832286
1219.071917,0.993853861314,0.00201633328472,0.00794185180805,0.0600083277868,0.00730144955548,0.00729525337575
1219.073932,0.993892531842,0.00200365199551,0.00789058245491,0.059772775425,0.00724607606997,0.00723992835427
1219.075946,0.99393096144,0.00199104964468,0.00783962657587,0.0595380829977,0.00719110009318,0.00718500064991
1219.07796,0.993969151581,0.0019785257506,0.00778898240869,0.059304247887,0.00713651955835,0.00713046766709
1219.079974,0.994007103728,0.00196607983448,0.00773864819986,0.0590712674791,0.00708233125924,0.00707632682426
1219.081989,0.994044819332,0.00195371142202,0.00768862220937,0.058839139166,0.00702853285835,0.00702257555491
1219.084003,0.994082299841,0.00194142003949,0.00763890269901,0.0586078603407,0.00697512214838,0.00696921130507
1219.086017,0.994119546693,0.00192920521712,0.00758948794257,0.0583774284014,0.00692209594139,0.00691623153542
1219.088031,0.994156561312,0.0019170664885,0.00754037622417,0.0581478407512,0.00686945213894,0.00686363372085
1219.090046,0.994193345124,0.00190500338795,0.00749156583007,0.0579190947943,0.00681718832344,0.00681141534882
1219.09206,0.994229899537,0.00189301545446,0.00744305506093,0.0576911879415,0.0067653014867,0.00675957392175
1219.094074,0.994266225954,0.00188110222929,0.00739484222424,0.0574641176069,0.00671378967686,0.00670810695552
1219.096088,0.994302325774,0.00186926325491,0.00734692563137,0.0572378812064,0.00666265020307,0.00665701197871
1219.098103,0.99433820038,0.00185749807877,0.00729930360893,0.0570124761634,0.00661188038378,0.00660628653502
1219.100117,0.994373851152,0.00184580624957,0.00725197448738,0.0567878999032,0.00656147829134,0.00655592818082
1219.102131,0.994409279464,0.00183418731818,0.00720493660391,0.0565641498544,0.00651144101792,0.00650593448569
1219.104145,0.994444486674,0.00182264084001,0.00715818830982,0.0563412234526,0.00646176622887,0.00645630303396
1219.10616,0.994479474139,0.00181116637117,0.00711172795852,0.0561191181346,0.00641245191035,0.00640703142213
1219.108174,0.994514243207,0.00179976347097,0.00706555391336,0.0558978313422,0.0063634950989,0.00635811726051
1219.110188,0.994548795213,0.0017884317024,0.0070196645492,0.0556773605231,0.00631489371501,0.00630955817344
1219.112202,0.994583131492,0.00177717062901,0.00697405824266,0.0554577031262,0.00626664559469,0.00626135179729
1219.114217,0.994617253364,0.00176597981845,0.00692873338309,0.0552388566067,0.00621874786629,0.00621349578266
1219.116231,0.994651162145,0.00175485884097,0.00688368836807,0.0550208184245,0.00617119862103,0.00616598779342
1219.118245,0.994684859144,0.0017438072677,0.00683892159791,0.0548035860408,0.00612399548704,0.00611882550552
1219.120259,0.994718345658,0.00173282467435,0.00679443148731,0.0545871569247,0.00607713581863,0.00607200660936
1219.122274,0.994751622979,0.00172191063822,0.00675021645597,0.054371528548,0.0060306177921,0.00602552880783
1219.124288,0.994784692395,0.00171106473817,0.00670627492858,0.0541566983853,0.00598443880072,0.00597938981623
1219.126302,0.994817555179,0.00170028655761,0.00666260534409,0.053942663919,0.00593859652148,0.0059335873642
1219.128316,0.994850212601,0.00168957568076,0.00661920614411,0.0537294226332,0.00589308909748,0.00588811919321
1219.130331,0.994882665925,0.00167893169437,0.00657607577826,0.0535169720164,0.00584791380842,0.00584298305769
1219.132345,0.994914916401,0.00166835418908,0.0065332127085,0.0533053095644,0.00580306859613,0.00579817672583
1219.134359,0.994946965278,0.00165784275607,0.00649061539849,0.0530944327736,0.0057585515034,0.00575369797739
1219.136373,0.994978813797,0.00164739698994,0.00644828232284,0.0528843391472,0.00571435983079,0.00570954460553
1219.138388,0.995010463186,0.00163701648826,0.0064062119656,0.0526750261936,0.00567049170804,0.00566571441647
1219.140402,0.995041914674,0.00162670084919,0.00636440281281,0.0524664914227,0.00562694502482,0.0056222052279
1219.142416,0.995073169476,0.00161644967504,0.00632285336367,0.052258732352,0.00558371722487,0.00557901487128
1219.14443,0.9951042288,0.00160626257004,0.0062815621236,0.052051746503,0.0055408065554,0.0055361411903
1219.146445,0.995135093854,0.00159613913951,0.00624052760159,0.0518455313992,0.00549821070526,0.00549358204035
1219.148459,0.99516576583,0.00158607899311,0.00619974832056,0.0516400845727,0.00545592737251,0.00545133529061
1219.150473,0.995196245917,0.00157608174158,0.0061592228069,0.0514354035577,0.00541395482886,0.0054093988218
1219.152487,0.995226535299,0.00156614699758,0.0061189495932,0.0512314858924,0.00537229060512,0.00536777052675
1219.154502,0.995256635147,0.00155627437771,0.00607892722491,0.051028329123,0.00533093266867,0.00532644831171
1219.156516,0.995286546631,0.00154646349919,0.00603915424935,0.0508259307968,0.00528987923191,0.00528543009404
1219.15853,0.995316270912,0.00153671398203,0.005999629223,0.0506242884672,0.00524912778997,0.00524471380369
1219.160544,0.995345809141,0.00152702544946,0.00596035071277,0.050423399694,0.0052086765096,0.0052042973834
1219.162559,0.995375162467,0.00151739752518,0.00592131728718,0.0502232620383,0.00516852349549,0.00516417878681
1219.164573,0.99540433203,0.00150782983647,0.00588252752638,0.0500238730687,0.00512866631866,0.00512435598056
1219.166587,0.995433318961,0.0014983220129,0.00584398001799,0.0498252303587,0.00508910328101,0.00508482694331
1219.168601,0.995462124389,0.00148887368478,0.0058056733521,0.0496273314836,0.00504983233589,0.00504558966472
1219.170616,0.995490749432,0.00147948448643,0.00576760613195,0.0494301740272,0.0050108512315,0.00500664214757
1219.17263,0.995519195202,0.00147015405354,0.00572977696529,0.0492337555767,0.00497215833988,0.00496798240596
1219.174644,0.995547462809,0.00146088202318,0.00569218446442,0.049038073722,0.00493375144271,0.00492960846526
1219.176658,0.995575553348,0.00145166803637,0.00565482725461,0.0488431260622,0.00489562853827,0.00489151836383
1219.178673,0.995603467915,0.00144251173483,0.00561770396353,0.0486489101978,0.00485778797911,0.00485371015076
1219.180687,0.995631207597,0.00143341276252,0.00558081322617,0.0484554237347,0.00482022746704,0.00481618188685
1219.182701,0.995658773471,0.00142437076675,0.00554415368871,0.0482626642863,0.00478294520629,0.00477893164538
1219.184715,0.995686166613,0.0014153853953,0.00550772399885,0.0480706294673,0.00474593947924,0.00474195751007
1219.18673,0.99571338809,0.00140645629895,0.00547152281428,0.0478793168992,0.00470920800933,0.00470525757675
1219.188744,0.99574043896,0.00139758313106,0.00543554880123,0.0476887242099,0.00467274914838,0.00466882995309
1219.190758,0.995767320282,0.00138876554551,0.00539980062773,0.0474988490284,0.00463656106862,0.00463267275707
1219.192772,0.9957940331,0.00138000319977,0.00536427697376,0.0473096889926,0.00460064160746,0.00459678411911
1219.194787,0.995820578456,0.00137129575299,0.00532897652496,0.0471212417441,0.00456498921082,0.00456116218069
1219.196801,0.995846957389,0.00136264286529,0.00529389797018,0.0469335049272,0.00452960190487,0.00452580509378
1219.198815,0.995873170924,0.00135404420055,0.00525904001089,0.0467464761954,0.00449447772464,0.00449071102282
1219.200829,0.995899220086,0.00134549942358,0.00522440135175,0.0465601532046,0.0044596151398,0.00445587814262
1219.202844,0.995925105893,0.00133700820087,0.00518998070298,0.0463745336149,0.00442501206282,0.0044213046389
1219.204858,0.995950829354,0.00132857020234,0.00515577678648,0.0461896150951,0.00439066673737,0.00438698870945
1219.206872,0.995976391473,0.00132018509846,0.00512178832584,0.0460053953153,0.00435657759356,0.00435292856206
1219.208886,0.996001793252,0.00131185256209,0.00508801405292,0.045821871952,0.00432274252248,0.00431912241579
1219.210901,0.996027035679,0.00130357226891,0.00505445270906,0.0456390426889,0.00428915992335,0.00428556850122
1219.212915,0.996052119745,0.00129534389504,0.00502110303701,0.0454569052108,0.00425582815028,0.00425226505874
1219.214929,0.996077046428,0.00128716711967,0.00498796379006,0.0452754572108,0.00422274515692,0.00421921034035
1219.216943,0.996101816703,0.00127904162399,0.00495503372825,0.0450946963871,0.00418990944946,0.00418640260887
1219.218958,0.996126431541,0.00127096708983,0.00492231161386,0.0449146204399,0.0041573192731,0.00415384013695
1219.220972,0.996150891903,0.00126294320252,0.00488979622104,0.0447352270785,0.00412497272026,0.004121521209
1219.222986,0.996175198746,0.00125496964857,0.00485748632802,0.0445565140157,0.00409286835492,0.00408944411959
1219.225,0.996199353024,0.00124704611571,0.00482538071714,0.0443784789677,0.00406100429808,0.00405760717336
1219.227015,0.996223355679,0.00123917229504,0.00479347818244,0.0442011196597,0.00402937883561,0.00402600868654
1219.229029,0.996247207654,0.00123134787835,0.00476177752015,0.0440244338192,0.00399799052165,0.00399464698501
1219.231043,0.996270909883,0.00122357255931,0.00473027753306,0.0438484191788,0.00396683742219,0.00396352040508
1219.233057,0.996294463293,0.00121584603453,0.00469897703411,0.0436730734793,0.00393591798303,0.0039326272942
1219.235072,0.996317868809,0.00120816800103,0.00466787483758,0.0434983944629,0.00390523071028,0.00390196600917
1219.237086,0.996341127348,0.00120053815842,0.00463696976674,0.0433243798792,0.00387477369126,0.00387153491758
1219.2391,0.996364239821,0.00119295620856,0.0046062606526,0.0431510274842,0.00384454548755,0.00384133239755
1219.241114,0.996387207135,0.00118542185375,0.00457574632776,0.0429783350353,0.00381454452716,0.00381135683646
1219.243129,0.996410030192,0.00117793479943,0.0045454256356,0.0428063002989,0.00378476898804,0.00378160663271
1219.245143,0.996432709885,0.00117049475246,0.00451529742459,0.0426349210461,0.00375521750716,0.00375208019457
1219.247157,0.996455247107,0.00116310142058,0.00448536054609,0.0424641950499,0.00372588840747,0.00372277593969
1219.249171,0.99647764274,0.00115575451476,0.00445561386283,0.0422941200937,0.00369678002023,0.00369369229675
1219.251186,0.996499897665,0.00114845374681,0.00442605624039,0.0421246939629,0.00366789100478,0.00366482770369
1219.2532,0.996522012756,0.00114119882996,0.00439668654939,0.0419559144477,0.00363921960337,0.00363618060816
1219.255214,0.99654398888,0.00113398948045,0.00436750367091,0.041787779347,0.0036107643086,0.00360774946849
1219.257228,0.996565826902,0.00112682541496,0.00433850648758,0.0416202864614,0.00358252375456,0.00357953275193
1219.259243,0.996587527681,0.00111970635229,0.00430969388947,0.0414534335981,0.00355449617208,0.00355152893573
1219.261257,0.996609092067,0.00111263201364,0.00428106477513,0.0412872185716,0.00352668017508,0.00352373650736
1219.263271,0.99663052091,0.00110560212061,0.00425261804442,0.0411216391979,0.00349907434496,0.00349615396298
1219.265285,0.996651815052,0.00109861639746,0.00422435260665,0.0409566933013,0.00347167696411,0.00346877980906
1219.2673,0.99667297533,0.00109167457018,0.00419626737718,0.0407923787117,0.00344448673104,0.00344161256163
1219.269314,0.996694002578,0.00108477636534,0.00416836127342,0.0406286932606,0.00341750214981,0.00341465074547
1219.271328,0.996714897622,0.0010779215125,0.00414063322338,0.0404656347896,0.00339072161141,0.00338789289575
1219.273342,0.996735661284,0.00107110974227,0.00411308215879,0.0403032011434,0.0033641438619,0.00336133755663
1219.275357,0.996756294383,0.00106434078631,0.00408570701501,0.0401413901703,0.00333776731655,0.00333498328117
1219.277371,0.99677679773,0.00105761437921,0.00405850673795,0.0399801997282,0.00331159051575,0.00330882863271
1219.279385,0.996797172132,0.00105093025613,0.00403148027544,0.039819627677,0.00328561220231,0.00328287218307
1219.281399,0.996817418393,0.00104428815389,0.00400462658122,0.039659671882,0.00325983075458,0.00325711251334
1219.283414,0.996837537309,0.00103768781184,0.00397794461809,0.0395003302171,0.003234244837,0.00323154821441
1219.285428,0.996857529674,0.00103112896968,0.00395143335011,0.0393416005574,0.00320885316049,0.00320617788544
1219.287442,0.996877396276,0.00102461136937,0.00392509174934,0.0391834807857,0.00318365412361,0.00318100013511
1219.289456,0.996897137896,0.0010181347548,0.0038989187948,0.0390259687914,0.0031586464816,0.00315601358138
1219.291471,0.996916755315,0.00101169887026,0.00387291346692,0.0388690624654,0.00313382889094,0.00313121685038
1219.293485,0.996936249305,0.00100530346273,0.00384707475579,0.0387127597076,0.0031091998222,0.00310660857795
1219.295499,0.996955620635,0.00099894828045,0.00382140165605,0.0385570584229,0.00308475809104,0.00308218740864
1219.297513,0.996974870071,0.000992633072399,0.00379589316494,0.0384019565182,0.00306050227925,0.00305795199523
1219.299528,0.99699399837,0.000986357590366,0.00377054828985,0.0382474519108,0.00303643097626,0.00303390100022
1219.301542,0.997013006287,0.000980121586852,0.00374536604074,0.0380935425203,0.0030125430183,0.00301003309429
1219.303556,0.997031894575,0.000973924815604,0.00372034543204,0.0379402262707,0.00298883693075,0.0029863469566
1219.30557,0.997050663976,0.000967767032958,0.00369548548758,0.0377875010957,0.00296531142767,0.00296284127575
1219.307585,0.997069315234,0.000961647995638,0.00367078523256,0.0376353649301,0.00294196533022,0.00293951474816
1219.309599,0.997087849084,0.000955567462193,0.00364624369879,0.0374838157154,0.00291879715914,0.00291636607903
1219.311613,0.997106266259,0.000949525193271,0.00362185992571,0.0373328514009,0.00289580572302,0.00289339398255
1219.313627,0.997124567486,0.000943520949835,0.00359763295389,0.0371824699371,0.00287298980735,0.00287059718052
1219.315642,0.997142753489,0.000937554495173,0.00357356183237,0.037032669283,0.00285034797528,0.00284797440379
1219.317656,0.997160824985,0.000931625594055,0.00354964561557,0.0368834474034,0.00282787910235,0.00282552439162
1219.31967,0.997178782691,0.00092573401175,0.00352588335974,0.0367348022646,0.0028055819199,0.00280324589089
1219.321684,0.997196627314,0.000919879516127,0.00350227413061,0.0365867318431,0.00278345507602,0.00278113765765
1219.323699,0.997214359561,0.000914061875952,0.00347881699718,0.0364392341188,0.00276149748539,0.00275919845577
1219.325713,0.997231980135,0.00090828086089,0.00345551103176,0.0362923070747,0.00273970781664,0.00273742705695
1219.327727,0.997249489731,0.000902536243161,0.003432355316,0.0361459487041,0.00271808483316,0.00271582224187
1219.329741,0.997266889041,0.000896827795461,0.0034093489333,0.0360001570019,0.0026966274507,0.00269438279865
1219.331756,0.997284178756,0.000891155291919,0.00338649097232,0.0358549299685,0.00267533431393,0.00267310752349
1219.33377,0.997301359558,0.000885518508861,0.0033637805298,0.0357102656132,0.00265420428243,0.0026519952212
1219.335784,0.997318432129,0.000879917222913,0.00334121670357,0.0355661619463,0.00263323625159,0.00263104470377
1219.337798,0.997335397143,0.000874351212645,0.00331879859864,0.0354226169858,0.00261242888474,0.00261025479155
1219.339813,0.997352255273,0.000868820258298,0.00329652532617,0.0352796287565,0.00259178111268,0.002589624313
1219.341827,0.997369007187,0.00086332414046,0.00327439599861,0.0351371952846,0.00257129179354,0.00256915210365
1219.343841,0.997385653547,0.000857862642043,0.00325240973698,0.0349953146054,0.00255095964792,0.00254883700759
1219.345855,0.997402195013,0.000852435547051,0.00323056566637,0.034853984759,0.00253078365503,0.00252867787645
1219.34787,0.997418632242,0.000847042640115,0.00320886291417,0.0347132037879,0.00251076262066,0.00250867356906
1219.349884,0.997434965884,0.0008416837083,0.00318730061683,0.0345729697446,0.00249089535745,0.00248882295274
1219.351898,0.997451196586,0.000836358539286,0.00316587791303,0.0344332806841,0.00247118086325,0.00246912490191
1219.353912,0.997467324993,0.000831066921825,0.00314459394549,0.034294134666,0.00245161790506,0.00244957829839
1219.355927,0.997483351742,0.000825808646908,0.00312344786524,0.034155529759,0.00243220539183,0.00243018203224
1219.357941,0.997499277471,0.000820583505857,0.00310243882453,0.0340174640335,0.00241294231329,0.00241093500031
1219.359955,0.997515102811,0.000815391291573,0.00308156598152,0.0338799355664,0.00239382743635,0.00239183610709
1219.361969,0.997530828389,0.000810231798766,0.00306082850112,0.0337429424421,0.00237485974357,0.0023728842649
1219.363984,0.997546454829,0.000805104822417,0.00304022554925,0.0336064827467,0.00235603820125,0.00235407839268
1219.365998,0.997561982752,0.000800010159516,0.00301975629935,0.0334705545742,0.00233736161114,0.00233541741724
1219.368012,0.997577412773,0.000794947608331,0.00299941992965,0.0333351560248,0.0023188290088,0.00231690027269
1219.370026,0.997592745506,0.000789916967559,0.00297921561998,0.0332002852001,0.00230043932328,0.00229852589978
1219.372041,0.997607981558,0.000784918038141,0.00295914255861,0.0330659402117,0.00228219142278,0.00228029324721
1219.374055,0.997623121534,0.000779950621793,0.0029391999367,0.0329321191745,0.002264084375,0.00226220127047
1219.376069,0.997638166037,0.000775014521004,0.00291938694835,0.0327988202069,0.00224611706541,0.00224424893185
1219.378083,0.997653115663,0.000770109540468,0.00289970279594,0.0326660414371,0.00222828845108,0.00222643520145
1219.380098,0.997667971006,0.000765235485291,0.00288014668341,0.0325337809949,0.00221059760351,0.0022087590558
1219.382112,0.997682732657,0.000760392161811,0.00286071781936,0.032402037016,0.00219304339333,0.00219121947844
1219.384126,0.997697401201,0.000755579378266,0.00284141541955,0.0322708076443,0.00217562485223,0.00217381546038
1219.38614,0.997711977222,0.000750796943147,0.00282223870071,0.032140091025,0.00215834103942,0.00215654599886
1219.388155,0.997726461299,0.000746044666625,0.00280318688594,0.0320098853111,0.00214119084243,0.00213941009836
1219.390169,0.997740854008,0.000741322360309,0.00278425920377,0.0318801886618,0.0021241733488,0.00212240677035
1219.392183,0.997755155921,0.000736629836111,0.00276545488389,0.0317509992381,0.00210728759291,0.0021055350325
1219.394198,0.997769367607,0.000731966907941,0.00274677316358,0.03162231521,0.0020905325078,0.00208879390979
1219.396212,0.997783489631,0.000727333390656,0.00272821328371,0.031494134752,0.00207390721984,0.00207218243381
1219.398226,0.997797522554,0.000722729099647,0.00270977448721,0.0313664560409,0.00205741072727,0.00205569964232
1219.40024,0.997811466935,0.00071815385241,0.00269145602499,0.0312392772637,0.00204104203448,0.00203934458046
1219.402255,0.997825323328,0.000713607466964,0.00267325714998,0.0311125966097,0.0020248002844,0.00202311629948
1219.404269,0.997839092285,0.000709089762256,0.00265517711865,0.0309864122724,0.00200868444925,0.00200701385704
1219.406283,0.997852774354,0.000704600559162,0.00263721519484,0.0308607224549,0.00199269360774,0.00199103631792
1219.408297,0.997866370079,0.000700139678843,0.00261937064346,0.0307355253615,0.00197682689948,0.00197518275274
1219.410312,0.997879880002,0.000695706943818,0.00260164273466,0.0306108192028,0.00196108329935,0.00195945223876
1219.412326,0.997893304659,0.000691302178166,0.00258403074454,0.0304866021973,0.00194546194347,0.00194384385997
1219.41434,0.997906644587,0.000686925206202,0.0025665339501,0.0303628725645,0.00192996195665,0.00192835670607
1219.416354,0.997919900315,0.000682575853967,0.00254915163499,0.0302396285323,0.00191458234239,0.00191298987356
1219.418369,0.997933072372,0.000678253948607,0.00253188308709,0.0301168683341,0.00189932227875,0.00189774246523
1219.420383,0.997946161283,0.000673959317633,0.00251472759569,0.029994590205,0.00188418086549,0.0018826135896
1219.422397,0.997959167569,0.000669691790493,0.00249768445755,0.0298727923899,0.00186915715809,0.00186760236202
1219.424411,0.997972091748,0.000665451197299,0.00248075297197,0.0297514731367,0.00185425036103,0.00185270790373
1219.426426,0.997984934335,0.000661237368831,0.00246393244084,0.029630630697,0.00183945954425,0.0018379293418
1219.42844,0.997997695842,0.000657050137766,0.00244722217337,0.0295102633317,0.0018247838318,0.00182326581003
1219.430454,0.998010376777,0.000652889337136,0.00243062148014,0.0293903693036,0.00181022243343,0.00180871644774
1219.432468,0.998022977647,0.000648754801035,0.00241412967586,0.0292709468809,0.00179577441065,0.00179428040031
1219.434483,0.998035498952,0.000644646365191,0.00239774608155,0.0291519943401,0.00178143894533,0.00177995681955
1219.436497,0.998047941194,0.00064056386555,0.00238147001907,0.0290335099589,0.00176721524056,0.0017657448626
1219.438511,0.998060304867,0.000636507139506,0.0023653008159,0.0289154920223,0.00175310237285,0.00175164369284
1219.440525,0.998072590464,0.000632476025687,0.00234923780434,0.0287979388218,0.00173909956797,0.00173765247966
1219.44254,0.998084798477,0.000628470362986,0.00233328031768,0.0286808486504,0.00172520601293,0.00172377039778
1219.444554,0.998096929392,0.000624489992013,0.00231742769592,0.0285642198099,0.00171142082047,0.0017099966282
1219.446568,0.998108983691,0.000620534754192,0.00230167928222,0.0284480506064,0.00169774324748,0.00169633035759
1219.448582,0.998120961858,0.000616604491411,0.00228603442154,0.0283323393485,0.00168417245657,0.00168277077793
1219.450597,0.99813286437,0.000612699047363,0.00227049246589,0.0282170843545,0.00167070761573,0.00166931708752
1219.452611,0.998144691701,0.000608818266196,0.00225505276907,0.0281022839448,0.00165734799643,0.00165596848992
1219.454625,0.998156444324,0.000604961992855,0.00223971468796,0.0279879364444,0.0016440927443,0.00164272419418
1219.456639,0.998168122707,0.000601130073944,0.00222447758597,0.027874040187,0.00163094108476,0.00162958341546
1219.458654,0.998179727318,0.00059732235631,0.00220934082743,0.0277605935078,0.00161789228905,0.00161654537393
1219.460668,0.998191258619,0.000593538687974,0.00219430378129,0.0276475947481,0.00160494550707,0.00160360929546
1219.462682,0.998202717071,0.000589778918294,0.00217936582173,0.0275350422569,0.00159210000899,0.00159077441165
1219.464696,0.998214103132,0.000586042896831,0.00216452632374,0.0274229343839,0.00157935505732,0.00157803995905
1219.466711,0.998225417256,0.000582330474634,0.00214978466813,0.0273112694873,0.0015667098254,0.00156540517999
1219.468725,0.998236659895,0.000578641503698,0.00213514023948,0.0272000459303,0.00155416361666,0.00155286932221
1219.470739,0.998247831499,0.000574975836337,0.00212059242356,0.0270892620781,0.0015417156772,0.00154043163835
1219.472753,0.998258932513,0.000571333326524,0.00210614061273,0.0269789163049,0.00152936522106,0.0015280913869
1219.474768,0.998269963381,0.00056771382881,0.0020917842016,0.0268690069884,0.00151711157337,0.00151584783137
1219.476782,0.998280924545,0.000564117198315,0.00207752258703,0.0267595325093,0.00150495396026,0.00150370024028
1219.478796,0.998291816441,0.000560543291792,0.00206335517233,0.0266504912577,0.00149289164872,0.00149164788789
1219.48081,0.998302639506,0.0005569919663,0.00204928136203,0.0265418816253,0.00148092396981,0.00147969005321
1219.482825,0.998313394173,0.000553463079811,0.00203530056424,0.0264337020091,0.00146905014555,0.00146782602041
1219.484839,0.99832408087,0.000549956491699,0.00202141219265,0.0263259508141,0.00145726948779,0.00145605507914
1219.486853,0.998334700026,0.000546472061528,0.0020076156617,0.0262186264465,0.0014455813247,0.00144437652362
1219.488867,0.998345252065,0.000543009650105,0.00199391039074,0.0261117273195,0.00143398489145,0.0014327896534
1219.490882,0.998355737408,0.000539569119301,0.00198029580336,0.0260052518526,0.00142247953441,0.00142129377318
1219.492896,0.998366156477,0.00053615033121,0.00196677132403,0.0258991984665,0.00141106457183,0.00140988819217
1219.49491,0.998376509686,0.000532753149404,0.00195333638308,0.0257935655909,0.00139973926775,0.00139857222498
1219.496924,0.998386797451,0.000529377438155,0.00193999041366,0.0256883516591,0.00138850299346,0.00138734519103
1219.498939,0.998397020183,0.000526023062133,0.00192673285046,0.0255835551072,0.00137735505117,0.0013762064143
1219.500953,0.99840717829,0.00052268988756,0.00191356313438,0.0254791743803,0.00136629474773,0.00136515522413
1219.502967,0.99841727218,0.000519377781046,0.00190048070787,0.0253752079259,0.00135532146715,0.00135419095436
1219.504981,0.998427302257,0.000516086609889,0.00188748501611,0.0252716541954,0.001344434501,0.00134331294352
1219.506996,0.99843726892,0.000512816242811,0.00187457550998,0.0251685116492,0.00133363320051,0.00133252053533
1219.50901,0.998447172571,0.000509566548744,0.00186175164119,0.0250657787486,0.0013229169514,0.0013218130778
1219.511024,0.998457013606,0.000506337397626,0.00184901286547,0.0249634539611,0.00131228505029,0.00131118992376
1219.513038,0.998466792416,0.000503128660546,0.00183635864317,0.0248615357613,0.00130173688338,0.00130065043096
1219.515053,0.998476509396,0.000499940208766,0.00182378843533,0.0247600226247,0.00129127183173,0.00129019396135
1219.517067,0.998486164934,0.000496771914826,0.00181130170809,0.0246589130349,0.00128088921117,0.0012798198818
1219.519081,0.998495759416,0.00049362365208,0.0017988979309,0.0245582054804,0.00127058843428,0.00126952756378
1219.521095,0.998505293227,0.000490495294153,0.00178657657426,0.0244578984512,0.00126036887181,0.00125931638293
1219.52311,0.998514766748,0.0004873867161,0.00177433711443,0.0243579904465,0.00125022987149,0.00124918571989
1219.525124,0.998524180359,0.000484297793467,0.00176217902963,0.0242584799685,0.00124017086367,0.00123913495954
1219.527138,0.998533534438,0.00048122840229,0.00175010180008,0.0241593655222,0.00123019120614,0.00122916349104
1219.529152,0.998542829358,0.000478178420011,0.00173810491163,0.0240606456219,0.0012202902875,0.00121927070843
1219.531167,0.998552065493,0.000475147724329,0.00172618785119,0.0239623187832,0.00121046754422,0.00120945600976
1219.533181,0.998561243212,0.000472136193731,0.00171435010883,0.0238643835269,0.0012007223328,0.00119971879749
1219.535195,0.998570362884,0.000469143707906,0.00170259117948,0.0237668383813,0.00119105407668,0.00119005847874
1219.537209,0.998579424873,0.000466170146706,0.00169091055873,0.0236696818759,0.00118146221188,0.00118047446451
1219.539224,0.998588429543,0.000463215391052,0.00167930774648,0.0235729125471,0.00117194610633,0.00117096617031
1219.541238,0.998597377255,0.000460279322777,0.00166778224632,0.0234765289371,0.00116250521063,0.00116153301604
1219.543252,0.998606268368,0.000457361823903,0.00165633356262,0.0233805295892,0.00115313895514,0.00115217442541
1219.545266,0.998615103238,0.000454462777727,0.00164496120488,0.0232849130554,0.00114384673076,0.00114288982674
1219.547281,0.998623882219,0.000451582068142,0.00163366468505,0.0231896778912,0.00113462800814,0.00113367865241
1219.549295,0.998632605664,0.000448719579381,0.00162244351645,0.0230948226546,0.00112548220738,0.00112454033867
1219.551309,0.998641273921,0.000445875197014,0.00161129721781,0.0230003459123,0.00111640875266,0.00111547432633
1219.553323,0.99864988734,0.000443048806942,0.00160022530921,0.0229062462331,0.00110740712556,0.00110648006
1219.555338,0.998658446265,0.000440240295656,0.00158922731314,0.02281252219,0.00109847673997,0.00109755698828
1219.557352,0.998666951039,0.000437449550868,0.00157830275704,0.022719172364,0.00108961705438,0.00108870456417
1219.559366,0.998675402005,0.000434676460473,0.00156745116911,0.0226261953373,0.00108082755319,0.00107992224427
1219.56138,0.9986837995,0.000431920913226,0.00155667208103,0.0225335896979,0.00107210765559,0.00107120948932
1219.563395,0.998692143862,0.000429182798872,0.00154596502853,0.0224413540405,0.0010634568474,0.0010625657642
1219.565409,0.998700435426,0.000426462007304,0.00153532954794,0.0223494869609,0.00105487461112,0.00105399053733
1219.567423,0.998708674524,0.000423758429511,0.00152476518006,0.0222579870622,0.00104636038164,0.00104548328132
1219.569437,0.998716861487,0.000421071957181,0.00151427146853,0.0221668529524,0.00103791366573,0.00103704347267
1219.571452,0.998724996644,0.000418402482235,0.00150384795798,0.0220760832412,0.00102953393979,0.00102867059142
1219.573466,0.998733080321,0.000415749897818,0.00149349419799,0.0219856765464,0.00102122066373,0.00102036412181
1219.57548,0.998741112842,0.000413114097498,0.00148320973992,0.0218956314892,0.0010129733589,0.00101212355169
1219.577494,0.998749094531,0.000410494975265,0.00147299413683,0.0218059466933,0.00100479149358,0.00100394837254
1219.579509,0.998757025706,0.000407892426312,0.0014628469467,0.0217166207911,0.000996674559314,0.000995838079928
1219.581523,0.998764906688,0.000405306346056,0.00145276772845,0.0216276524164,0.000988622083371,0.000987792172865
1219.583537,0.998772737793,0.000402736630585,0.00144275604374,0.0215390402077,0.00098063353452,0.000979810154055
1219.585551,0.998780519334,0.000400183177023,0.00143281145848,0.0214507828111,0.000972708431412,0.000971891530146
1219.587566,0.998788251624,0.000397645882631,0.00142293353915,0.0213628788732,0.000964846302378,0.000964035811069
1219.58958,0.998795934975,0.000395124645587,0.00141312185598,0.0212753270476,0.000957046626044,0.000956242510572
1219.591594,0.998803569693,0.000392619364851,0.00140337598242,0.0211881259933,0.000949308942433,0.000948511146096
1219.593608,0.998811156088,0.000390129939546,0.00139369549262,0.0211012743703,0.000941632777085,0.000940841238321
1219.595623,0.998818694462,0.000387656269888,0.00138407996518,0.0210147708467,0.000934017626931,0.0009332323118
1219.597637,0.998826185119,0.000385198256604,0.00137452898084,0.0209286140942,0.000926463048119,0.000925683894522
1219.599651,0.998833628359,0.000382755800712,0.00136504212153,0.0208428027867,0.000918968559976,0.000918195517746
1219.601665,0.998841024483,0.000380328804377,0.00135561897389,0.0207573356063,0.000911533685291,0.00091076671657
1219.60368,0.998848373786,0.000377917170048,0.00134625912576,0.0206722112373,0.000904157989584,0.000903397029314
1219.605694,0.998855676565,0.000375520800678,0.00133696216705,0.0205874283676,0.000896840988919,0.000896085997646
1219.607708,0.998862933113,0.000373139600271,0.00132772769199,0.0205029856931,0.000889582232682,0.000888833166949
1219.609722,0.998870143721,0.000370773472983,0.00131855529548,0.0204188819105,0.000882381289734,0.000881638085666
1219.611737,0.99887730868,0.00036842232371,0.00130944457543,0.0203351157221,0.00087523768135,0.000874500305695
1219.613751,0.998884428276,0.000366086058196,0.00130039513331,0.0202516858366,0.000868150978314,0.000867419382447
1219.615765,0.998891502797,0.000363764582313,0.00129140657108,0.0201685909637,0.000861120749343,0.000860394874309
1219.617779,0.998898532528,0.00036145780287,0.00128247849459,0.0200858298199,0.000854146528546,0.000853426343206
1219.619794,0.998905517749,0.000359165627277,0.0012736105122,0.0200034011265,0.000847227903372,0.000846513354336
1219.621808,0.998912458744,0.000356887963143,0.00126480223306,0.0199213036061,0.000840364439268,0.000839655475867
1219.623822,0.998919355789,0.000354624719127,0.00125605327072,0.0198395359895,0.000833555690013,0.000832852279521
1219.625836,0.998926209164,0.00035237580425,0.00124736324018,0.0197580970099,0.000826801254983,0.000826103340065
1219.627851,0.998933019143,0.000350141127894,0.00123873175799,0.0196769854037,0.000820100694884,0.000819408235295
1219.629865,0.998939786,0.000347920600473,0.00123015844496,0.019596199915,0.000813453587958,0.000812766546486
1219.631879,0.998946510008,0.000345714132591,0.0012216429227,0.0195157392893,0.000806859539127,0.000806177857777
1219.633893,0.998953191437,0.000343521635431,0.00121318481521,0.0194356022767,0.000800318110641,0.000799641756434
1219.635908,0.998959830555,0.00034134302106,0.0012047837502,0.0193557876341,0.000793828901871,0.000793157833036
1219.637922,0.998966427631,0.000339178201664,0.00119643935585,0.0192762941194,0.000787391519665,0.000786725680923
1219.639936,0.998972982928,0.000337027090213,0.00118815126361,0.0191971204966,0.000781005534694,0.000780344896647
1219.64195,0.998979496712,0.00033488960035,0.00117991910776,0.019118265535,0.000774670563195,0.000774015079866
1219.643965,0.998985969244,0.000332765645857,0.00117174252312,0.0190397280049,0.000768386211088,0.000767735832961
1219.645979,0.998992400784,0.000330655141449,0.00116362114843,0.0189615066841,0.000762152063655,0.000761506761567
1219.647993,0.998998791591,0.000328558002283,0.00115555462427,0.018883600354,0.000755967750097,0.00075532747421
1219.650007,0.999005141923,0.000326474143764,0.00114754259225,0.0188060077976,0.00074983287288,0.000749197582162
1219.652022,0.999011452035,0.000324403482278,0.0011395846981,0.0187287278062,0.000743747037412,0.000743116699923
1219.654036,0.999017722181,0.000322345934457,0.00113168058854,0.0186517591728,0.000737709880868,0.000737084444697
1219.65605,0.999023952613,0.000320301417363,0.00112382991213,0.0185751006939,0.000731721004405,0.000731100436504
1219.658064,0.999030143582,0.000318269848958,0.00111603232116,0.0184987511734,0.000725780034068,0.00072516429848
1219.660079,0.999036295338,0.000316251147336,0.0011082874685,0.0184227094162,0.000719886610546,0.000719275656332
1219.662093,0.999042408128,0.000314245231223,0.00110059500966,0.0183469742322,0.0007140403399,0.000713434138671
1219.664107,0.999048482198,0.000312252020072,0.00109295460319,0.0182715444376,0.000708240864953,0.00070763937705
1219.666121,0.999054517793,0.000310271433445,0.00108536590811,0.018196418849,0.000702487827324,0.000701891005527
1219.668136,0.999060515156,0.00030830339171,0.00107782858679,0.0181215962902,0.000696780843555,0.000696188661126
1219.67015,0.999066474527,0.000306347815745,0.00107034230379,0.0180470755887,0.00069111956974,0.000690531983614
1219.672164,0.999072396148,0.0003044046266,0.00106290672436,0.0179728555738,0.00068550364611,0.000684920615256
1219.674178,0.999078280257,0.000302473746225,0.00105552151753,0.017898935082,0.000679932704688,0.000679354201293
1219.676193,0.99908412709,0.00030055509688,0.00104818635364,0.0178253129527,0.000674406411322,0.00067383238952
1219.678207,0.999089936883,0.000298648601135,0.00104090090433,0.0177519880277,0.000668924403762,0.000668354830276
1219.680221,0.99909570987,0.000296754182441,0.00103366484496,0.0176789591562,0.000663486332998,0.000662921176812
1219.682235,0.999101446284,0.000294871764414,0.00102647785156,0.0176062251888,0.000658091869927,0.000657531084783
1219.68425,0.999107146356,0.000293001271165,0.00101933960226,0.0175337849804,0.000652740654409,0.000652184212461
1219.686264,0.999112810315,0.000291142627561,0.00101224977838,0.0174616373923,0.000647432353927,0.000646880220899
1219.688278,0.99911843839,0.000289295758573,0.00100520806167,0.0173897812865,0.000642166641738,0.000641618773461
1219.690292,0.999124030807,0.000287460589842,0.000998214136697,0.0173182155311,0.000636943164855,0.000636399536202
1219.692307,0.999129587791,0.000285637047586,0.000991267690467,0.0172469389988,0.000631761604083,0.000631222177777
1219.694321,0.999135109567,0.00028382505814,0.000984368410491,0.0171759505635,0.000626621632931,0.000626086369125
1219.696335,0.999140596357,0.00028202454864,0.000977515987648,0.0171052491059,0.00062152291008,0.000620991783906
1219.698349,0.999146048381,0.0002802354466,0.000970710114412,0.0170348335102,0.000616465126771,0.000615938098205
1219.700364,0.999151465861,0.000278457679745,0.000963950484163,0.0169647026622,0.000611447954888,0.000610924990401
1219.702378,0.999156849014,0.000276691176642,0.000957236793825,0.0168948554552,0.000606471068809,0.00060595214158
1219.704392,0.999162198057,0.000274935866066,0.000950568741207,0.0168252907843,0.000601534166517,0.000601019235085
1219.706406,0.999167513205,0.000273191677163,0.000943946025688,0.0167560075479,0.000596636919838,0.000596125956619
1219.708421,0.999172794674,0.000271458539846,0.000937368349892,0.0166870046511,0.000591779019185,0.00059127199449
1219.710435,0.999178042675,0.000269736384143,0.000930835416931,0.016618281,0.000586960165993,0.000586457039161
1219.712449,0.99918325742,0.000268025140625,0.000924346932209,0.0165498355057,0.000582180036568,0.000581680783518
1219.714463,0.99918843912,0.000266324740481,0.000917902603763,0.0164816670846,0.000577438334505,0.000576942922912
1219.716478,0.999193587984,0.000264635114997,0.000911502140027,0.0164137746541,0.000572734762773,0.000572243154786
1219.718492,0.999198704219,0.000262956196145,0.000905145252352,0.0163461571377,0.000568069006232,0.000567581179064
1219.720506,0.99920378803,0.000261287916338,0.000898831653951,0.016278813463,0.000563440779057,0.000562956697961
1219.72252,0.999208839625,0.000259630208132,0.00089256105866,0.0162117425588,0.000558849784033,0.000558369415782
1219.724535,0.999213859205,0.000257983004858,0.000886333183581,0.0161449433609,0.000554295718223,0.000553819039317
1219.726549,0.999218846973,0.000256346240107,0.000880147746943,0.0160784148075,0.000549778303779,0.000549305277495
1219.728563,0.999223803131,0.000254719847738,0.000874004468101,0.0160121558393,0.000545297242484,0.000544827841363
1219.730577,0.999228727879,0.000253103762365,0.000867903069619,0.0159461654039,0.000540852246139,0.000540386444406
1219.732592,0.999233621414,0.000251497918741,0.000861843274656,0.0158804424501,0.000536443041392,0.000535980802114
1219.734606,0.999238483935,0.000249902252043,0.000855824808172,0.0158149859308,0.000532069332387,0.000531610632165
1219.73662,0.999243315637,0.000248316698098,0.000849847397886,0.0157497948047,0.000527730843815,0.000527275654556
1219.738634,0.999248116716,0.000246741192816,0.000843910771888,0.0156848680315,0.000523427304838,0.000522975591218
1219.740649,0.999252887365,0.000245175672688,0.000838014660713,0.015620204576,0.000519158425637,0.000518710166323
1219.742663,0.999257627776,0.00024362007469,0.000832158796994,0.015555803408,0.000514923941445,0.000514479106218
1219.744677,0.999262338141,0.000242074335906,0.000826342913796,0.0154916634979,0.000510723582374,0.000510282139152
1219.746691,0.999267018649,0.0002405383941,0.000820566747102,0.0154277838226,0.000506557067935,0.000506118995649
1219.748706,0.99927166949,0.000239012187362,0.000814830034269,0.0153641633623,0.000502424141765,0.000501989408251
1219.75072,0.999276290852,0.000237495653962,0.000809132513436,0.0153008010987,0.000498324533538,0.000497893111418
1219.752734,0.99928088292,0.000235988732891,0.000803473925801,0.0152376960204,0.000494257975024,0.000493829841866
1219.754748,0.99928544588,0.000234491363316,0.000797854013331,0.0151748471177,0.000490224215538,0.000489799338196
1219.756763,0.999289979916,0.000233003484722,0.00079227251934,0.0151122533839,0.000486222985446,0.000485801340971
1219.758777,0.999294485211,0.000231525037253,0.000786729189953,0.0150499138188,0.000482254029008,0.000481835592934
1219.760791,0.999298961947,0.000230055961148,0.000781223771709,0.0149878274228,0.000478317098784,0.000477901838618
1219.762805,0.999303410305,0.000228596197111,0.00077575601313,0.0149259932012,0.000474411929149,0.000473999824579
1219.76482,0.999307830463,0.000227145686377,0.000770325665004,0.0148644101641,0.000470538274735,0.000470129299428
1219.766834,0.999312222601,0.000225704370261,0.000764932478468,0.0148030773226,0.000466695889926,0.000466290013518
1219.768848,0.999316586896,0.000224272190667,0.000759576207171,0.0147419936935,0.000462884516075,0.000462481719268
1219.770862,0.999320923523,0.000222849089874,0.000754256606371,0.0146811582972,0.00045910391626,0.00045870417101
1219.772877,0.999325232658,0.000221435010287,0.000748973431864,0.0146205701554,0.000455353845415,0.000454957124814
1219.774891,0.999329514475,0.000220029894969,0.00074372644226,0.0145602282963,0.00045163405453,0.000451240338821
1219.776905,0.999333769147,0.00021863368721,0.000738515397144,0.0145001317505,0.000447944313197,0.000447553572951
1219.778919,0.999337996845,0.000217246330526,0.000733340057069,0.0144402795504,0.000444284376293,0.000443896588894
1219.780934,0.999342197741,0.000215867769081,0.000728200185357,0.0143806707354,0.000440654006276,0.000440269150362
1219.782948,0.999346372003,0.000214497947156,0.000723095545844,0.0143213043457,0.00043705297669,0.000436671022742
1219.784962,0.9993505198,0.000213136809396,0.000718025903915,0.0142621794252,0.000433481044804,0.000433101973242
1219.786976,0.9993546413,0.000211784301001,0.000712991027337,0.0142032950235,0.000429937983173,0.000429561770997
1219.788991,0.999358736669,0.000210440367244,0.000707990684194,0.014144650191,0.000426423567823,0.000426050186755
1219.791005,0.999362806072,0.000209104953889,0.000703024644681,0.0140862439828,0.000422937561093,0.000422566993126
1219.793019,0.999366849674,0.000207778007124,0.000698092680795,0.0140280754586,0.000419479743894,0.000419111964533
1219.795033,0.999370867639,0.000206459473222,0.000693194564911,0.0139701436787,0.000416049893579,0.000415684876979
1219.797048,0.999374860127,0.00020514929904,0.000688330071915,0.0139124477096,0.000412647779953,0.000412285508359
1219.799062,0.999378827301,0.000203847431714,0.000683498977877,0.0138549866205,0.0004092731907,0.00040891363825
1219.801076,0.999382769321,0.000202553818534,0.00067870105954,0.0137977594824,0.000405925903465,0.000405569047821
1219.80309,0.999386686346,0.000201268407405,0.000673936096285,0.0137407653723,0.000402605697652,0.000402251520117
1219.805105,0.999390578534,0.000199991146384,0.000669203868151,0.0136840033691,0.000399312365704,0.000398960839752
1219.807119,0.999394446042,0.000198721983801,0.00066450415634,0.0136274725544,0.000396045686376,0.000395696792972
1219.809133,0.999398289027,0.000197460868547,0.000659836744475,0.0135711720156,0.000392805448819,0.000392459167832
1219.811147,0.999402107644,0.000196207749594,0.000655201416531,0.0135151008411,0.000389591448439,0.000389247753877
1219.813162,0.999405902047,0.000194962576315,0.000650597958194,0.0134592581233,0.00038640346752,0.000386062342335
1219.815176,0.999409672389,0.000193725298534,0.000646026157102,0.0134036429596,0.000383241303389,0.000382902726136
1219.81719,0.999413418823,0.000192495866145,0.000641485801189,0.0133482544479,0.00038010475336,0.000379768699665
1219.819204,0.9994171415,0.000191274229543,0.000636976680554,0.0132930916915,0.000376993605412,0.000376660059018
1219.821219,0.99942084057,0.000190060339447,0.000632498586681,0.0132381537972,0.000373907663615,0.000373576601881
1219.823233,0.999424516183,0.000188854146683,0.000628051311514,0.0131834398729,0.000370846726254,0.000370518127387
1219.825247,0.999428168487,0.000187655602637,0.000623634649421,0.0131289490324,0.000367810588923,0.000367484436386
1219.827261,0.999431797631,0.000186464658891,0.000619248395607,0.0130746803917,0.000364799061017,0.000364475331206
1219.829276,0.999435403759,0.000185281267222,0.000614892346114,0.013020633069,0.000361811941328,0.000361490615645
1219.83129,0.999438987019,0.000184105379957,0.000610566299358,0.0129668061881,0.000358849034397,0.000358530095179
1219.833304,0.999442547555,0.000182936949527,0.000606270054205,0.0129131988742,0.000355910153048,0.000355593576679
1219.835318,0.999446085511,0.00018177592867,0.000602003410849,0.0128598102558,0.000352995098366,0.000352680868519
1219.837333,0.99944960103,0.000180622270601,0.000597766171532,0.0128066394666,0.000350103682816,0.000349791780683
1219.839347,0.999453094254,0.000179475928598,0.000593558138772,0.0127536856409,0.000347235721565,0.000346926124483
1219.841361,0.999456565324,0.00017833685636,0.000589379116899,0.0127009479177,0.000344391019939,0.000344083712787
1219.843375,0.99946001438,0.000177205007941,0.000585228911791,0.0126484254398,0.000341569397038,0.000341264359957
1219.84539,0.999463441562,0.000176080337477,0.000581107329656,0.0125961173511,0.000338770669511,0.000338467881674
1219.847404,0.999466847009,0.000174962799598,0.000577014178856,0.0125440228007,0.00033599464867,0.000335694095184
1219.849418,0.999470230857,0.000173852349173,0.000572949268773,0.0124921409405,0.000333241159075,0.000332942819131
1219.851432,0.999473593244,0.000172748941203,0.000568912409366,0.012440470924,0.000330510018094,0.000330213873477
1219.853447,0.999476934305,0.000171652531216,0.000564903412861,0.0123890119103,0.000327801044565,0.000327507079741
1219.855461,0.999480254177,0.000170563074869,0.000560922092048,0.0123377630602,0.000325114067022,0.000324822260744
1219.857475,0.999483552992,0.000169480528051,0.000556968260722,0.0122867235369,0.000322448904144,0.000322159240658
1219.859489,0.999486830884,0.000168404847132,0.00055304173475,0.0122358925091,0.000319805382387,0.000319517845157
1219.861504,0.999490087986,0.000167335988551,0.000549142330307,0.0121852691464,0.000317183332935,0.00031689790115
1219.863518,0.999493324429,0.00016627390909,0.000545269865036,0.0121348526222,0.000314582577533,0.000314299236939
1219.865532,0.999496540345,0.000165218565915,0.000541424158256,0.0120846421141,0.000312002949096,0.00031172168224
1219.867546,0.999499735863,0.000164169916252,0.000537605029539,0.0120346368007,0.000309444280673,0.000309165067971
1219.869561,0.999502911112,0.000163127917759,0.000533812300321,0.0119848358652,0.000306906398648,0.000306629226471
1219.871575,0.999506066221,0.000162092528367,0.000530045793221,0.0119352384943,0.000304389141334,0.000304113991397
1219.873589,0.999509201318,0.000161063706097,0.000526305331257,0.0118858438754,0.000301892342949,0.0003016191976
1219.875603,0.999512316528,0.000160041409454,0.000522590739528,0.0118366512018,0.000299415835911,0.000299144681359
1219.877618,0.999515411979,0.000159025597106,0.000518901843849,0.0117876596683,0.000296959462877,0.000296690280175
1219.879632,0.999518487795,0.000158016227888,0.000515238470753,0.0117388684721,0.000294523058888,0.000294255832765
1219.881646,0.999521544101,0.000157013261108,0.000511600448817,0.0116902768156,0.000292106463357,0.000291841179239
1219.88366,0.999524581019,0.000156016656159,0.000507987606995,0.0116418839021,0.000289709521887,0.000289446160859
1219.885675,0.999527598674,0.000155026372701,0.000504399775388,0.0115936889385,0.000287332071641,0.000287070620136
1219.887689,0.999530597187,0.000154042370797,0.000500836785851,0.0115456911359,0.000284973958261,0.000284714400907
1219.889703,0.999533576679,0.000153064610566,0.000497298470477,0.0114978897064,0.000282635029493,0.000282377348117
1219.891718,0.999536537272,0.000152093052486,0.000493784662909,0.0114502838662,0.000280315126038,0.000280059307991
1219.893732,0.999539479083,0.000151127657341,0.000490295198127,0.0114028728352,0.000278014098813,0.000277760127998
1219.895746,0.999542402233,0.00015016838598,0.000486829911385,0.0113556558341,0.000275731797069,0.000275479656691
1219.89776,0.99954530684,0.000149215199679,0.00048338863979,0.0113086320886,0.000273468066305,0.000273217743926
1219.899775,0.999548193021,0.000148268059915,0.00047997122132,0.0112618008269,0.000271222761845,0.000270974240709
1219.901789,0.999551060893,0.000147326928281,0.000476577494453,0.0112151612784,0.000268995733878,0.000268748999142
1219.903803,0.999553910572,0.000146391766816,0.000473207299605,0.0111687126782,0.000266786833819,0.000266541872611
1219.905817,0.999556742174,0.000145462537672,0.000469860477681,0.0111224542625,0.000264595920298,0.000264352715582
1219.907832,0.999559555812,0.000144539203199,0.000466536870442,0.01107638527,0.000262422844867,0.000262181383637
1219.909846,0.9995623516,0.000143621726157,0.000463236321431,0.0110305049443,0.000260267464913,0.000260027733601
1219.91186,0.999565129653,0.000142710069368,0.00045995867445,0.0109848125299,0.000258129641393,0.000257891623322
1219.913874,0.999567890081,0.000141804195942,0.000456703774563,0.0109393072747,0.000256009228501,0.000255772911796
1219.915889,0.999570632997,0.000140904069321,0.000453471468268,0.0108939884307,0.00025390608873,0.000253671459191
1219.917903,0.999573358512,0.000140009652998,0.000450261602282,0.0108488552505,0.000251820084788,0.000251587126669
1219.919917,0.999576066736,0.000139120910832,0.000447074024916,0.0108039069914,0.000249751074646,0.000249519776566
1219.921931,0.999578757778,0.000138237806918,0.000443908585499,0.0107591429133,0.000247698925121,0.000247469272309
1219.923946,0.999581431748,0.000137360305428,0.000440765133698,0.0107145622773,0.000245663500153,0.00024543547831
1219.92596,0.999584088753,0.000136488370945,0.000437643520965,0.0106701643496,0.0002436446625,0.000243418260162
1219.927974,0.999586728901,0.000135621968195,0.000434543599364,0.010625948398,0.000241642282522,0.000241417484468
1219.929988,0.999589352299,0.000134761062044,0.000431465221576,0.0105819136923,0.000239656225131,0.000239433018837
1219.932003,0.999591959054,0.000133905617762,0.00042840824203,0.0105380595071,0.000237686358563,0.000237464732028
1219.934017,0.999594549269,0.000133055600693,0.000425372515481,0.0104943851182,0.000235732555692,0.000235512493752
1219.936031,0.999597123052,0.000132210976408,0.000422357897663,0.010450889804,0.000233794683341,0.000233576174752
1219.938045,0.999599680504,0.000131371710822,0.000419364245814,0.0104075728476,0.000231872614656,0.000231655646866
1219.94006,0.999602221731,0.0001305377699,0.000416391417375,0.0103644335323,0.000229966224429,0.000229750782849
1219.942074,0.999604746834,0.000129709119911,0.000413439271116,0.0103214711457,0.00022807538242,0.000227861456512
1219.944088,0.999607255916,0.000128885727386,0.000410507666947,0.0102786849785,0.000226199965978,0.000225987542692
1219.946102,0.999609749079,0.000128067558914,0.000407596465018,0.0102360743221,0.000224339851337,0.000224128917125
1219.948117,0.999612226424,0.000127254581445,0.000404705527062,0.0101936384728,0.000222494912111,0.000222285456619
1219.950131,0.99961468805,0.000126446762103,0.000401834715558,0.0101513767288,0.000220665029205,0.000220457038935
1219.952145,0.999617134057,0.000125644068111,0.000398983893413,0.0101092883898,0.000218850079875,0.000218643542736
1219.954159,0.999619564544,0.000124846467072,0.000396152925192,0.0100673727605,0.000217049942395,0.000216844847747
1219.956174,0.999621979611,0.000124053926686,0.000393341675879,0.0100256291465,0.000215264500412,0.000215060834584
1219.958188,0.999624379353,0.000123266414822,0.000390550011192,0.00998405685612,0.00021349363251,0.000213291384785
1219.960202,0.999626763869,0.000122483899701,0.000387777798369,0.00994265520181,0.000211737221652,0.000211536380913
1219.962216,0.999629133256,0.000121706349593,0.000385024904875,0.00990142349691,0.000209995153507,0.000209795706373
1219.964231,0.999631487608,0.000120933733018,0.000382291199251,0.009860361058,0.000208267308912,0.000208069245524
1219.966245,0.999633827021,0.000120166018776,0.000379576551266,0.00981946720533,0.000206553574878,0.000206356883685
1219.968259,0.99963615159,0.000119403175714,0.000376880830876,0.00977874125979,0.000204853838667,0.000204658507
1219.970273,0.99963846141,0.000118645172989,0.0003742039094,0.00973818254638,0.00020316798419,0.00020297400258
1219.972288,0.999640756572,0.000117891979962,0.000371545659027,0.00969779039279,0.000201495901926,0.000201303258435
1219.974302,0.999643037172,0.000117143566056,0.000368905952238,0.00965756412759,0.000199837480345,0.000199646163389
1219.976316,0.9996453033,0.00011639990105,0.000366284663037,0.00961750308404,0.000198192607163,0.000198002607241
1219.97833,0.999647555048,0.000115660954841,0.000363681665952,0.00957760659704,0.000196561175747,0.000196372480621
1219.980345,0.999649792508,0.000114926697447,0.000361096836039,0.00953787400309,0.000194943075577,0.000194755674989
1219.982359,0.999652015771,0.000114197099231,0.000358530049848,0.00949830464336,0.000193338198672,0.000193152082755
1219.984373,0.999654224925,0.000113472130619,0.000355981184209,0.00945889785987,0.000191746440527,0.000191561597113
1219.986387,0.999656420061,0.000112751762232,0.000353450116786,0.00941965299726,0.000190167692314,0.000189984112107
1219.988402,0.999658601268,0.000112035964984,0.000350936726532,0.0093805694042,0.000188601849929,0.000188419522688
1219.990416,0.999660768634,0.000111324709831,0.000348440892568,0.00934164642988,0.000187048810552,0.000186867724556
1219.99243,0.999662922246,0.000110617967989,0.000345962495158,0.00930288342709,0.000185508467793,0.000185328614288
1219.994444,0.999665062192,0.000109915710898,0.000343501415535,0.0092642797517,0.000183980720896,0.000183802089303
1219.996459,0.999667188558,0.000109217910048,0.000341057535137,0.00922583476021,0.000182465468379,0.000182288047764
1219.998473,0.999669301431,0.000108524537236,0.000338630736757,0.00918754781343,0.000180962606944,0.000180786388715
1220.000487,0.999671400896,0.00010783556441,0.000336220903824,0.00914941827421,0.000179472038709,0.000179297011986
1220.002501,0.999673487038,0.000107150963598,0.000333827920132,0.00911144550652,0.000177993663213,0.00017781981815
1220.004516,0.999675559941,0.000106470707157,0.000331451670893,0.00907362887893,0.000176527380835,0.000176354708659
1220.00653,0.99967761969,0.000105794767527,0.000329092041676,0.00903596776112,0.000175073095964,0.000174901585692
1220.008544,0.999679666368,0.000105123117288,0.000326748918674,0.0089984615248,0.000173630709377,0.000173460352195
1220.010558,0.999681700058,0.000104455729323,0.000324422189384,0.00896110954587,0.000172200125145,0.000172030911952
1220.012573,0.999683720842,0.000103792576558,0.000322111741492,0.00892391120087,0.000170781249394,0.000170613169446
1220.014587,0.999685728802,0.000103133632131,0.000319817463604,0.0088868658693,0.00016937398481,0.000169207029943
1220.016601,0.999687724018,0.000102478869421,0.000317539245375,0.0088499729341,0.000167978238678,0.0001678123995
1220.018615,0.999689706574,0.000101828261843,0.00031527697662,0.00881323177873,0.000166593918543,0.000166429184855
1220.02063,0.999691676547,0.000101181783081,0.000313030548316,0.00877664179045,0.000165220929595,0.000165057293539
1220.022644,0.999693634018,0.000100539406991,0.000310799852186,0.00874020235896,0.000163859181902,0.000163696633828
1220.024658,0.999695579067,9.99011074827e-05,0.000308584780197,0.00870391287481,0.00016250858414,0.000162347114665
1220.026672,0.999697511772,9.92668587692e-05,0.000306385225619,0.00866777273279,0.000161169044529,0.000161008645796
1220.028687,0.999699432212,9.86366351645e-05,0.000304201082171,0.00863178132923,0.000159840475491,0.000159681137653
1220.030701,0.999701340463,9.80104110866e-05,0.000302032244019,0.00859593806193,0.000158522786686,0.00015836450135
1220.032715,0.999703236605,9.73881612475e-05,0.000299878606606,0.00856024233293,0.000157215889717,0.000157058648784
1220.034729,0.999705120712,9.67698604134e-05,0.000297740065613,0.00852469354509,0.000155919698799,0.000155763492495
1220.036744,0.999706992862,9.61554835156e-05,0.000295616517434,0.00848929110365,0.000154634125069,0.000154478945727
1220.038758,0.999708853131,9.55450057373e-05,0.000293507859559,0.00845403441753,0.000153359083198,0.000153204922465
1220.040772,0.999710701593,9.49384022962e-05,0.000291413989627,0.00841892289614,0.000152094488863,0.000151941337316
1220.042786,0.999712538324,9.43356486334e-05,0.000289334806246,0.00838395595221,0.000150840255216,0.000150688105605
1220.044801,0.999714363398,9.37367203809e-05,0.000287270208856,0.00834913300123,0.000149596299604,0.000149445143351
1220.046815,0.999716176889,9.31415932113e-05,0.000285220097068,0.00831445345932,0.000148362538907,0.000148212367185
1220.048829,0.99971797887,9.25502430628e-05,0.000283184371651,0.00827991674652,0.000147138888767,0.000146989694465
1220.050843,0.999719769415,9.19626459991e-05,0.000281162933915,0.00824552228473,0.000145925268849,0.000145777043191
1220.052858,0.999721548596,9.13787781553e-05,0.00027915568548,0.00821126949692,0.000144721597005,0.000144574331981
1220.054872,0.999723316484,9.07986159454e-05,0.000277162529178,0.00817715781021,0.000143527791784,0.000143381480168
1220.056886,0.999725073153,9.02221358533e-05,0.000275183368144,0.00814318665277,0.000142343774725,0.00014219840769
1220.0589,0.999726818672,8.9649314486e-05,0.000273218106045,0.00810935545462,0.000141169464806,0.000141025035111
1220.060915,0.999728553112,8.90801287062e-05,0.00027126664766,0.00807566364962,0.000140004783485,0.00013986128369
1220.062929,0.999730276545,8.8514555414e-05,0.000269328897928,0.0080421106722,0.000138849653785,0.000138707075255
1220.064943,0.999731989039,8.79525716903e-05,0.000267404762574,0.00800869595951,0.000137703996289,0.00013756233228
1220.066957,0.999733690664,8.73941548223e-05,0.000265494148216,0.00797541895186,0.000136567735014,0.000136426977891
1220.068972,0.999735381489,8.68392821283e-05,0.000263596961608,0.00794227908999,0.000135440794225,0.000135300935771
1220.070986,0.999737061582,8.62879311555e-05,0.000261713110496,0.00790927581817,0.000134323096545,0.000134184130259
1220.073,0.999738731011,8.5740079597e-05,0.000259842503258,0.00787640858287,0.000133214568225,0.000133076486303
1220.075014,0.999740389845,8.51957051946e-05,0.000257985048485,0.00784367683133,0.000132115134561,0.000131977929401
1220.077029,0.99974203815,8.46547859459e-05,0.000256140655875,0.00781108001471,0.00013102472059,0.00013088838571
1220.079043,0.999743675993,8.41172999367e-05,0.000254309235509,0.00777861758552,0.000129943254481,0.000129807781954
1220.081057,0.999745303441,8.35832253408e-05,0.00025249069785,0.00774628899765,0.000128870662449,0.000128736045413
1220.083071,0.999746920559,8.3052540583e-05,0.000250684954446,0.00771409370888,0.0001278068722,0.000127673104014
1220.085086,0.999748527413,8.25252241348e-05,0.000248891917051,0.00768203117769,0.000126751813403,0.000126618886212
1220.0871,0.999750124068,8.2001254608e-05,0.000247111498025,0.00765010086477,0.000125705413548,0.000125573321039
1220.089114,0.999751710588,8.14806108299e-05,0.000245343610661,0.00761830223417,0.000124667602771,0.000124536338137
1220.091128,0.999753287039,8.09632716572e-05,0.00024358816838,0.00758663475041,0.000123638312002,0.00012350786766
1220.093143,0.999754853483,8.04492161369e-05,0.000241845085427,0.00755509788097,0.000122617470392,0.00012248784035
1220.095157,0.999756409984,7.99384234797e-05,0.000240114276756,0.00752369109594,0.000121605010215,0.000121476187523
1220.097171,0.999757956606,7.94308729301e-05,0.000238395657468,0.00749241386594,0.000120600863466,0.000120472840991
1220.099185,0.999759493412,7.892654396e-05,0.000236689143647,0.00746126566517,0.0001196049613,0.00011947773317
1220.1012,0.999761020462,7.8425416148e-05,0.00023499465184,0.00743024596954,0.000118617237866,0.000118490797002
1220.103214,0.999762537819,7.79274691338e-05,0.000233312098858,0.00739935425594,0.000117637626048,0.000117511965932
1220.105228,0.999764045546,7.74326827953e-05,0.000231641402543,0.00736859000504,0.000116666059305,0.000116541173999
1220.107242,0.999765543702,7.69410370698e-05,0.000229982480993,0.00733795269848,0.000115702473332,0.000115578355734
1220.109257,0.999767032348,7.64525119999e-05,0.000228335252763,0.00730744181958,0.000114746802014,0.000114623446186
1220.111271,0.999768511546,7.59670878462e-05,0.000226699637351,0.00727705685519,0.000113798981107,0.00011367638097
1220.113285,0.999769981354,7.54847449016e-05,0.000225075554394,0.00724679729264,0.000112858947563,0.000112737096172
1220.115299,0.999771441832,7.5005463613e-05,0.000223462924193,0.00721666262178,0.000111926636614,0.000111805528409
1220.117314,0.99977289304,7.45292246035e-05,0.000221861667816,0.00718665233532,0.000111001986053,0.00011088161483
1220.119328,0.999774335036,7.40560085227e-05,0.00022027170644,0.00715676592639,0.00011008493391,0.000109965293045
1220.121342,0.999775767879,7.35857962156e-05,0.000218692962091,0.00712700289132,0.000109175417073,0.000109056501199
1220.123356,0.999777191627,7.3118568652e-05,0.000217125357331,0.00709736272846,0.000108273375135,0.00010815517794
1220.125371,0.999778606337,7.26543068426e-05,0.000215568814901,0.00706784493685,0.000107378747041,0.000107261262366
1220.127385,0.999780012068,7.21929920172e-05,0.000214023258487,0.00703844901912,0.000106491471611,0.000106374694117
1220.129399,0.999781408874,7.17346054803e-05,0.000212488612099,0.00700917447914,0.000105611489995,0.000105495413297
1220.131413,0.999782796815,7.12791286118e-05,0.000210964800073,0.00698002082202,0.000104738741975,0.000104623360468
1220.133428,0.999784175945,7.08265430058e-05,0.000209451747667,0.00695098755643,0.000103873168476,0.000103758476722
1220.135442,0.999785546321,7.03768302962e-05,0.000207949380315,0.00692207419168,0.000103014711904,0.000102900703585
1220.137456,0.999786907998,6.99299722366e-05,0.000206457623964,0.0068932802391,0.00010216331313,0.000102049983055
1220.13947,0.999788261031,6.94859507647e-05,0.000204976405359,0.00686460521307,0.000101318915008,0.000101206257633
1220.141485,0.999789605475,6.9044747843e-05,0.00020350565135,0.00683604862841,0.000100481461019,0.000100369470239
1220.143499,0.999790941385,6.86063455969e-05,0.000202045289489,0.00680761000265,9.96508934004e-05,9.95395642745e-05
1220.145513,0.999792268814,6.81707262909e-05,0.00020059524793,0.00677928885569,9.88271567204e-05,9.87164836128e-05
1220.147527,0.999793587818,6.77378722189e-05,0.000199155454954,0.00675108470791,9.80101953874e-05,9.79001725367e-05
1220.149542,0.999794898448,6.73077658684e-05,0.000197725839674,0.00672299708296,9.71999532525e-05,9.70905758192e-05
1220.151556,0.999796200758,6.68803898184e-05,0.000196306331601,0.00669502550605,9.63963763998e-05,9.62876386687e-05
1220.15357,0.999797494802,6.64557266999e-05,0.000194896860467,0.00666716950329,9.55994100359e-05,9.54913067063e-05
1220.155584,0.999798780631,6.60337593469e-05,0.000193497356883,0.00663942860422,9.48089998395e-05,9.47015260386e-05
1220.157599,0.999800058297,6.56144706445e-05,0.000192107751675,0.00661180233929,9.40250931674e-05,9.39182431774e-05
1220.159613,0.999801327853,6.51978435675e-05,0.00019072797606,0.00658429024047,9.32476361008e-05,9.31414050575e-05
1220.161627,0.999802589349,6.47838612766e-05,0.000189357962054,0.00655689184293,9.24765761389e-05,9.23709590798e-05
1220.163641,0.999803842837,6.43725069604e-05,0.000187997641792,0.00652960668231,9.17118616952e-05,9.16068530311e-05
1220.165656,0.999805088368,6.39637639387e-05,0.000186646947976,0.00650243429653,9.09534399766e-05,9.08490351312e-05
1220.16767,0.999806325993,6.35576156817e-05,0.000185305813954,0.00647537422611,9.02012601077e-05,9.0097454041e-05
1220.169684,0.99980755576,6.31540456822e-05,0.000183974173171,0.00644842601198,8.94552714259e-05,8.93520587951e-05
1220.171698,0.999808777721,6.27530375999e-05,0.000182651959793,0.00642158919795,8.87154224859e-05,8.86127988695e-05
1220.173713,0.999809991925,6.23545752006e-05,0.000181339108438,0.00639486332971,8.79816638587e-05,8.78796241502e-05
1220.175727,0.99981119842,6.19586422857e-05,0.000180035553881,0.00636824795355,8.72539456867e-05,8.71524848949e-05
1220.177741,0.999812397257,6.15652228428e-05,0.000178741231697,0.00634174261905,8.65322180666e-05,8.64313318036e-05
1220.179755,0.999813588483,6.11743009239e-05,0.000177456077735,0.0063153468769,8.58164328396e-05,8.57161159575e-05
1220.18177,0.999814772146,6.0785860645e-05,0.000176180028123,0.00628906027895,8.51065408887e-05,8.50067888137e-05
1220.183784,0.999815948296,6.03998863049e-05,0.000174913019773,0.00626288238026,8.44024939792e-05,8.43033022627e-05
1220.185798,0.999817116979,6.00163622364e-05,0.000173654989743,0.0062368127365,8.3704244996e-05,8.36056085511e-05
1220.187812,0.999818278243,5.96352728745e-05,0.000172405875529,0.00621085090516,8.30117457465e-05,8.29136603138e-05
1220.189827,0.999819432134,5.92566028115e-05,0.000171165615305,0.00618499644654,8.23249495308e-05,8.2227410596e-05
1220.191841,0.9998205787,5.88803366604e-05,0.000169934147332,0.0061592489213,8.16438101428e-05,8.15468127868e-05
1220.193855,0.999821717988,5.85064591734e-05,0.000168711410469,0.00613360789261,8.09682805142e-05,8.08718206712e-05
1220.195869,0.999822850043,5.81349552217e-05,0.000167497344086,0.00610807292577,8.02983153187e-05,8.02023884193e-05
1220.197884,0.999823974911,5.77658097012e-05,0.000166291887659,0.00608264358651,7.963386915e-05,7.95384705378e-05
1220.199898,0.999825092638,5.73990076732e-05,0.000165094981374,0.00605731944357,7.89748962404e-05,7.8880021934e-05
1220.201912,0.999826203269,5.70345342771e-05,0.00016390656575,0.0060321000671,7.83213524893e-05,7.82269978737e-05
1220.203926,0.999827306849,5.66723746964e-05,0.000162726581498,0.00600698502805,7.76731931937e-05,7.75793539595e-05
1220.205941,0.999828403423,5.63125142883e-05,0.000161554970072,0.00598197390053,7.70303740387e-05,7.69370461921e-05
1220.207955,0.999829493036,5.59549384532e-05,0.000160391673111,0.00595706625944,7.63928519695e-05,7.63000309038e-05
1220.209969,0.999830575731,5.55996326681e-05,0.000159236632582,0.00593226168108,7.57605830391e-05,7.56682647743e-05
1220.211983,0.999831651553,5.5246582569e-05,0.000158089791135,0.00590755974468,7.51335243769e-05,7.50417048644e-05
1220.213998,0.999832720544,5.48957738152e-05,0.000156951091517,0.00588296002987,7.45116338136e-05,7.44203085519e-05
1220.216012,0.999833782749,5.45471921782e-05,0.000155820476959,0.00585846211839,7.3894868339e-05,7.3804033569e-05
1220.218026,0.999834838211,5.42008235579e-05,0.000154697891237,0.00583406559431,7.3283186381e-05,7.31928380083e-05
1220.22004,0.999835886972,5.38566538734e-05,0.000153583278214,0.0058097700421,7.26765465562e-05,7.25866802691e-05
1220.222055,0.999836929075,5.35146691861e-05,0.000152476582359,0.00578557504883,7.20749069502e-05,7.1985519113e-05
1220.224069,0.999837964561,5.31748556482e-05,0.000151377748529,0.0057614802033,7.1478227156e-05,7.13893136365e-05
1220.226083,0.999838993474,5.28371994421e-05,0.000150286721712,0.00573748509486,7.0886466487e-05,7.07980232401e-05
1220.228097,0.999840015855,5.25016869091e-05,0.000149203447574,0.00571358931583,7.02995842635e-05,7.02116076881e-05
1220.230112,0.999841031744,5.21683044454e-05,0.000148127872017,0.00568979245956,6.97175411117e-05,6.96300270555e-05
1220.232126,0.999842041185,5.1837038502e-05,0.000147059941175,0.00566609412046,6.91402969932e-05,6.90532417259e-05
1220.23414,0.999843044216,5.15078756857e-05,0.00014599960185,0.00564249389583,6.85678125514e-05,6.84812124371e-05
1220.236154,0.99984404088,5.11808026324e-05,0.000144946800967,0.00561899138357,6.80000492784e-05,6.79139002199e-05
1220.238169,0.999845031216,5.08558060652e-05,0.000143901485822,0.00559558618321,6.74369679154e-05,6.73512664208e-05
1220.240183,0.999846015264,5.05328728412e-05,0.000142863604286,0.00557227789683,6.68785303288e-05,6.67932727245e-05
1220.242197,0.999846993065,5.02119898355e-05,0.000141833104306,0.00554906612685,6.63246987755e-05,6.62398810957e-05
1220.244211,0.999847964658,4.9893144042e-05,0.000140809934332,0.00552595047798,6.577543492e-05,6.56910538244e-05
1220.246226,0.999848930083,4.95763225557e-05,0.000139794043251,0.00550293055685,6.52307017305e-05,6.51467535142e-05
1220.24824,0.999849889378,4.92615124931e-05,0.000138785380037,0.0054800059705,6.46904621478e-05,6.46069430459e-05
1220.250254,0.999850842583,4.89487011116e-05,0.000137783894268,0.00545717632869,6.41546788847e-05,6.4071585628e-05
1220.252268,0.999851789737,4.86378757352e-05,0.000136789535803,0.00543444124248,6.36233159015e-05,6.35406447612e-05
1220.254283,0.999852730876,4.83290237259e-05,0.000135802254665,0.00541180032365,6.30963367498e-05,6.30140842235e-05
1220.256297,0.999853666041,4.80221325934e-05,0.000134822001506,0.00538925318685,6.25737052993e-05,6.24918681169e-05
1220.258311,0.999854595268,4.77171898847e-05,0.000133848727134,0.00536679944746,6.20553863686e-05,6.19739608173e-05
1220.260325,0.999855518596,4.74141832119e-05,0.000132882382638,0.00534443872212,6.15413441563e-05,6.14603269821e-05
1220.26234,0.999856436062,4.71131003228e-05,0.000131922919681,0.00532217063013,6.10315436804e-05,6.09509315831e-05
1220.264354,0.999857347702,4.6813928985e-05,0.000130970290013,0.00529999479119,6.0525950498e-05,6.04457398493e-05
1220.266368,0.999858253555,4.65166570622e-05,0.000130024445791,0.00527791082687,6.00245295853e-05,5.99447173015e-05
1220.268382,0.999859153656,4.62212725271e-05,0.000129085339636,0.00525591836089,5.95272469986e-05,5.94478297544e-05
1220.270397,0.999860048043,4.59277633693e-05,0.000128152924241,0.00523401701733,5.90340689596e-05,5.89550432743e-05
1220.272411,0.999860936751,4.56361176996e-05,0.000127227152813,0.00521220642264,5.85449613351e-05,5.8466324223e-05
1220.274425,0.999861819817,4.5346323706e-05,0.000126307978889,0.00519048620482,5.80598911206e-05,5.79816392371e-05
1220.276439,0.999862697276,4.50583696027e-05,0.000125395356114,0.00516885599237,5.75788251349e-05,5.75009552023e-05
1220.278454,0.999863569164,4.47722437394e-05,0.000124489238711,0.00514731541653,5.71017302344e-05,5.70242393014e-05
1220.280468,0.999864435517,4.44879345124e-05,0.000123589581101,0.00512586410944,5.66285742551e-05,5.655145897e-05
1220.282482,0.999865296369,4.42054303649e-05,0.000122696337901,0.00510450170421,5.61593245761e-05,5.60825818986e-05
1220.284496,0.999866151755,4.3924719873e-05,0.000121809464294,0.00508322783659,5.5693949105e-05,5.56175760664e-05
1220.286511,0.99986700171,4.36457916377e-05,0.000120928915568,0.00506204214285,5.52324163942e-05,5.51564096913e-05
1220.288525,0.999867846269,4.33686343343e-05,0.000120054647327,0.00504094426077,5.4774694477e-05,5.46990512518e-05
1220.290539,0.999868685466,4.30932367526e-05,0.000119186615658,0.00501993383043,5.43207522368e-05,5.42454695003e-05
1220.292553,0.999869519334,4.28195876976e-05,0.000118324776714,0.00499901049224,5.38705588668e-05,5.379563342e-05
1220.294568,0.999870347908,4.25476760756e-05,0.000117469087076,0.00497817388865,5.3424083157e-05,5.33495122593e-05
1220.296582,0.999871171222,4.22774908792e-05,0.000116619503691,0.00495742366389,5.29812948761e-05,5.29070755244e-05
1220.298596,0.999871989308,4.20090211195e-05,0.000115775983584,0.00493675946257,5.25421637971e-05,5.24682929463e-05
1220.30061,0.9998728022,4.17422559277e-05,0.000114938484288,0.00491618093174,5.21066595562e-05,5.20331345249e-05
1220.302625,0.99987360993,4.14771844919e-05,0.000114106963577,0.00489568771965,5.16747527247e-05,5.16015704998e-05
1220.304639,0.999874412532,4.12137960323e-05,0.00011328137936,0.00487527947519,5.12464136006e-05,5.11735713353e-05
1220.306653,0.999875210038,4.09520798956e-05,0.000112461690082,0.00485495584988,5.0821612743e-05,5.07491077635e-05
1220.308667,0.999876002481,4.06920254599e-05,0.000111647854319,0.00483471649589,5.04003214263e-05,5.03281507382e-05
1220.310682,0.999876789892,4.04336221591e-05,0.000110839830883,0.00481456106654,4.99825104986e-05,4.9910671444e-05
1220.312696,0.999877572304,4.01768595428e-05,0.000110037579075,0.00479448921755,4.9568151433e-05,4.94966413226e-05
1220.31471,0.999878349748,3.99217271775e-05,0.000109241058268,0.00477450060503,4.91572161181e-05,4.90860320268e-05
1220.316724,0.999879122256,3.96682147115e-05,0.000108450228178,0.00475459488677,4.87496760452e-05,4.86788154462e-05
1220.318739,0.999879889859,3.94163118865e-05,0.000107665048917,0.00473477172252,4.83455035192e-05,4.82749637123e-05
1220.320753,0.999880652588,3.91660084583e-05,0.000106885480656,0.00471503077235,4.79446709872e-05,4.78744491607e-05
1220.322767,0.999881410474,3.8917294286e-05,0.000106111484,0.00469537169849,4.75471506645e-05,4.74772443709e-05
1220.324781,0.999882163549,3.86701592951e-05,0.000105343019835,0.00467579416457,4.7152915613e-05,4.70833221446e-05
1220.326796,0.999882911841,3.84245934328e-05,0.000104580049139,0.0046562978347,4.67619387882e-05,4.66926554887e-05
1220.32881,0.999883655383,3.81805867623e-05,0.000103822533377,0.00463688237544,4.63741931991e-05,4.63052176513e-05
1220.330824,0.999884394203,3.79381293864e-05,0.000103070434181,0.00461754745419,4.59896525912e-05,4.59209820899e-05
1220.332838,0.999885128333,3.7697211448e-05,0.000102323713353,0.00459829273922,4.56082903992e-05,4.55399224678e-05
1220.334853,0.999885857801,3.74578232034e-05,0.000101582333169,0.00457911790122,4.52300804692e-05,4.51620126849e-05
1220.336867,0.999886582637,3.721995493e-05,0.000100846255998,0.00456002261132,4.4854997138e-05,4.47872268369e-05
1220.338881,0.999887302872,3.69835969688e-05,0.000100115444471,0.00454100654205,4.4483014387e-05,4.44155392317e-05
1220.340895,0.999888018533,3.67487397581e-05,9.93898616339e-05,0.00452206936801,4.41141068417e-05,4.40469244015e-05
1220.34291,0.99988872965,3.65153737497e-05,9.86694705839e-05,0.0045032107641,4.37482493736e-05,4.36813570666e-05
1220.344924,0.999889436252,3.62834894812e-05,9.79542347817e-05,0.00448443040709,4.33854165839e-05,4.33188121648e-05
1220.346938,0.999890138367,3.60530775646e-05,9.72441179982e-05,0.00446572797535,4.30255838098e-05,4.29592648434e-05
1220.348952,0.999890836024,3.58241286269e-05,9.6539084069e-05,0.00444710314758,4.26687264114e-05,4.26026904345e-05
1220.350967,0.999891529252,3.5596633398e-05,9.58390972602e-05,0.00442855560474,4.23148196732e-05,4.224906449e-05
1220.352981,0.999892218078,3.53705826563e-05,9.51441220409e-05,0.00441008502883,4.19638395821e-05,4.1898362756e-05
1220.354995,0.99989290253,3.51459672076e-05,9.44541229958e-05,0.00439169110248,4.16157619457e-05,4.15505611648e-05
1220.357009,0.999893582636,3.49227779653e-05,9.37690651606e-05,0.00437337351067,4.12705627856e-05,4.12056358647e-05
1220.359024,0.999894258424,3.470100587e-05,9.30889136838e-05,0.00435513193896,4.09282186641e-05,4.08635631865e-05
1220.361038,0.999894929921,3.44806419097e-05,9.24136339131e-05,0.004336966074,4.05887058534e-05,4.05243196505e-05
1220.363052,0.999895597154,3.42616771712e-05,9.17431916088e-05,0.00431887560459,4.02520011038e-05,4.01878819853e-05
1220.365066,0.999896260151,3.40441027555e-05,9.10775525923e-05,0.00430086021988,3.99180814869e-05,3.98542270924e-05
1220.367081,0.999896918938,3.38279098338e-05,9.04166829761e-05,0.00428291961056,3.95869238059e-05,3.95233320679e-05
1220.369095,0.999897573542,3.36130896564e-05,8.97605492057e-05,0.00426505346909,3.92585054778e-05,3.91951742036e-05
1220.371109,0.999898223989,3.33996334861e-05,8.91091177767e-05,0.00424726148821,3.89328040419e-05,3.88697309605e-05
1220.373123,0.999898870306,3.31875326737e-05,8.84623555539e-05,0.00422954336264,3.86097968893e-05,3.85469799956e-05
1220.375138,0.99989951252,3.29767786265e-05,8.78202296369e-05,0.00421189878837,3.82894620483e-05,3.82268991503e-05
1220.377152,0.999900150656,3.27673627706e-05,8.71827072039e-05,0.0041943274618,3.79717774872e-05,3.79094664319e-05
1220.379166,0.999900784739,3.25592766307e-05,8.6549755845e-05,0.00417682908158,3.76567212349e-05,3.75946600455e-05
1220.38118,0.999901414797,3.23525117655e-05,8.59213432917e-05,0.00415940334711,3.73442718751e-05,3.72824583672e-05
1220.383195,0.999902040854,3.21470597679e-05,8.52974374177e-05,0.00414204995858,3.70344077837e-05,3.697283994e-05
1220.385209,0.999902662936,3.19429123274e-05,8.46780065e-05,0.00412476861838,3.67271076565e-05,3.66657835014e-05
1220.387223,0.999903281067,3.17400611518e-05,8.40630188904e-05,0.0041075590293,3.64223505647e-05,3.63612679488e-05
1220.389237,0.999903895274,3.15384980027e-05,8.34524431666e-05,0.00409042089539,3.61201153387e-05,3.6059272352e-05
1220.391252,0.999904505581,3.13382147253e-05,8.28462482521e-05,0.00407335392259,3.58203812985e-05,3.57597759648e-05
1220.393266,0.999905112012,3.11392031756e-05,8.22444031172e-05,0.00405635781711,3.55231279594e-05,3.54627581944e-05
1220.39528,0.999905714593,3.09414552835e-05,8.16468770383e-05,0.00403943228683,3.52283346591e-05,3.51681986246e-05
1220.397295,0.999906313348,3.07449630418e-05,8.10536395534e-05,0.00402257704113,3.493598129e-05,3.48760770125e-05
1220.399309,0.999906908301,3.05497184564e-05,8.04646602557e-05,0.00400579178966,3.46460477776e-05,3.45863732636e-05
1220.401323,0.999907499475,3.0355713621e-05,7.98799091018e-05,0.00398907624411,3.43585140112e-05,3.42990674637e-05
1220.403337,0.999908086897,3.01629406704e-05,7.92993562199e-05,0.00397243011715,3.40733604092e-05,3.40141398584e-05
1220.405352,0.999908670588,2.99713917631e-05,7.87229718358e-05,0.00395585312197,3.3790567276e-05,3.37315708437e-05
1220.407366,0.999909250573,2.97810591492e-05,7.81507265563e-05,0.00393934497393,3.35101150903e-05,3.34513409925e-05
1220.40938,0.999909826875,2.9591935102e-05,7.75825910833e-05,0.00392290538891,3.32319847412e-05,3.31734310273e-05
1220.411394,0.999910399518,2.94040119354e-05,7.70185362871e-05,0.00390653408378,3.29561569232e-05,3.28978218242e-05
1220.413409,0.999910968524,2.92172820472e-05,7.64585333864e-05,0.00389023077734,3.26826126968e-05,3.26244944297e-05
1220.415423,0.999911533918,2.90317378479e-05,7.59025536515e-05,0.00387399518873,3.24113333724e-05,3.23534300323e-05
1220.417437,0.999912095721,2.88473718073e-05,7.53505685986e-05,0.00385782703847,3.21423000817e-05,3.20846099779e-05
1220.419451,0.999912653957,2.86641764631e-05,7.4802550025e-05,0.00384172604869,3.18754944208e-05,3.18180157733e-05
1220.421466,0.999913208649,2.84821443634e-05,7.42584697703e-05,0.00382569194179,3.16108980895e-05,3.15536290629e-05
1220.42348,0.999913759818,2.83012681315e-05,7.37182999858e-05,0.00380972444194,3.13484926973e-05,3.1291431651e-05
1220.425494,0.999914307487,2.81215404387e-05,7.31820130213e-05,0.00379382327448,3.10882603336e-05,3.1031405493e-05
1220.427508,0.999914851679,2.79429539726e-05,7.26495812926e-05,0.00377798816511,3.0830183059e-05,3.07735326786e-05
1220.429523,0.999915392416,2.77655015049e-05,7.21209775636e-05,0.00376221884157,3.05742429954e-05,3.05177954606e-05
1220.431537,0.999915929718,2.75891758361e-05,7.15961747172e-05,0.0037465150323,3.03204226839e-05,3.02641762291e-05
1220.433551,0.999916463609,2.74139697959e-05,7.10751457567e-05,0.00373087646643,3.00687045289e-05,3.00126575125e-05
1220.435565,0.99991699411,2.72398762966e-05,7.05578640255e-05,0.0037153028751,2.98190711849e-05,2.9763221997e-05
1220.43758,0.999917521242,2.70668882659e-05,7.00443029304e-05,0.0036997939898,2.95715055938e-05,2.95158524991e-05
1220.439594,0.999918045027,2.68949986776e-05,6.95344360688e-05,0.00368434954317,2.93259905373e-05,2.92705319763e-05
1220.441608,0.999918565486,2.67242005764e-05,6.90282373301e-05,0.00366896926957,2.90825091697e-05,2.90272435363e-05
1220.443622,0.99991908264,2.65544870168e-05,6.85256806428e-05,0.00365365290359,2.88410448011e-05,2.87859704119e-05
1220.445637,0.999919596511,2.63858511159e-05,6.80267401941e-05,0.00363840018135,2.86015806278e-05,2.85466959799e-05
1220.447651,0.999920107118,2.62182860446e-05,6.7531390392e-05,0.00362321084032,2.83641002652e-05,2.83094037579e-05
1220.449665,0.999920614483,2.6051784985e-05,6.70396056907e-05,0.0036080846182,2.81285873659e-05,2.80740773863e-05
1220.451679,0.999921118626,2.5886341194e-05,6.65513608516e-05,0.00359302125458,2.78950255717e-05,2.78407006513e-05
1220.453694,0.999921619568,2.57219479636e-05,6.60666307805e-05,0.00357802048989,2.76633989242e-05,2.76092574696e-05
1220.455708,0.999922117329,2.5558598606e-05,6.55853904655e-05,0.00356308206507,2.74336913946e-05,2.73797318799e-05
1220.457722,0.999922611929,2.53962865118e-05,6.51076152166e-05,0.00354820572299,2.72058870969e-05,2.71521080674e-05
1220.459736,0.999923103389,2.52350050909e-05,6.46332804236e-05,0.00353339120705,2.69799704572e-05,2.6926370337e-05
1220.461751,0.999923591728,2.50747477881e-05,6.41623616187e-05,0.00351863826146,2.67559257728e-05,2.67025031201e-05
1220.463765,0.999924076966,2.491550812e-05,6.36948346278e-05,0.00350394663226,2.65337376231e-05,2.64804909872e-05
1220.465779,0.999924559122,2.4757279615e-05,6.32306753267e-05,0.00348931606579,2.63133907688e-05,2.62603186249e-05
1220.467793,0.999925038217,2.46000558526e-05,6.27698597989e-05,0.00347474630967,2.60948699161e-05,2.60419708477e-05
1220.469808,0.99992551427,2.44438304554e-05,6.23123643045e-05,0.00346023711258,2.58781600112e-05,2.58254325968e-05
1220.471822,0.9999259873,2.42885970823e-05,6.18581652529e-05,0.00344578822416,2.56632461738e-05,2.56106889351e-05
1220.473836,0.999926457326,2.41343494384e-05,6.14072392419e-05,0.0034313993952,2.54501134609e-05,2.53977250503e-05
1220.47585,0.999926924368,2.39810812727e-05,6.0959563048e-05,0.00341707037759,2.52387472728e-05,2.51865262531e-05
1220.477865,0.999927388444,2.38287863486e-05,6.0515113507e-05,0.00340280092361,2.50291330085e-05,2.49770779647e-05
1220.479879,0.999927849572,2.36774585012e-05,6.0073867748e-05,0.00338859078736,2.48212561253e-05,2.47693657389e-05
1220.481893,0.999928307773,2.35270915906e-05,5.96358030011e-05,0.00337443972357,2.46151023982e-05,2.45633752424e-05
1220.483907,0.999928763064,2.33776795014e-05,5.92008965973e-05,0.00336034748763,2.44106575146e-05,2.4359092254e-05
1220.485922,0.999929215464,2.3229216189e-05,5.87691261548e-05,0.0033463138367,2.42079073579e-05,2.41565026807e-05
1220.487936,0.999929664992,2.30816956214e-05,5.8340469345e-05,0.00333233852831,2.4006838032e-05,2.39555925373e-05
1220.48995,0.999930111665,2.29351118066e-05,5.79149040001e-05,0.003318421321,2.38074355366e-05,2.3756347952e-05
1220.491964,0.999930555501,2.27894588126e-05,5.74924081984e-05,0.00330456197486,2.36096861558e-05,2.35587551762e-05
1220.493979,0.999930996519,2.26447307159e-05,5.70729600516e-05,0.00329076025021,2.34135762983e-05,2.33628005632e-05
1220.495993,0.999931434737,2.25009216464e-05,5.66565378891e-05,0.00327701590876,2.3219092302e-05,2.3168470584e-05
1220.498007,0.999931870171,2.23580257798e-05,5.62431202264e-05,0.0032633287134,2.30262208228e-05,2.29757518244e-05
1220.500021,0.999932302841,2.22160373016e-05,5.58326856184e-05,0.0032496984273,2.28349485539e-05,2.2784630969e-05
1220.502036,0.999932732764,2.20749504608e-05,5.54252128785e-05,0.00323612481527,2.2645262194e-05,2.25950948234e-05
1220.50405,0.999933159956,2.19347595366e-05,5.5020680942e-05,0.00322260764292,2.24571487437e-05,2.24071302982e-05
1220.506064,0.999933584435,2.17954588252e-05,5.46190688138e-05,0.00320914667632,2.22705951633e-05,2.22207244039e-05
1220.508078,0.99993400622,2.16570426897e-05,5.42203557696e-05,0.00319574168328,2.20855885298e-05,2.20358642706e-05
1220.510093,0.999934425325,2.151950551e-05,5.3824521153e-05,0.00318239243207,2.19021161579e-05,2.18525371257e-05
1220.512107,0.99993484177,2.13828416953e-05,5.34315444272e-05,0.00316909869174,2.17201652796e-05,2.16707302996e-05
1220.514121,0.99993525557,2.12470457162e-05,5.30414053031e-05,0.00315586023297,2.15397233442e-05,2.14904312369e-05
1220.516135,0.999935666742,2.11121120537e-05,5.26540835338e-05,0.0031426768267,2.13607779412e-05,2.13116274753e-05
1220.51815,0.999936075303,2.09780352316e-05,5.22695590456e-05,0.00312954824504,2.11833166447e-05,2.11343066588e-05
1220.520164,0.99993648127,2.08448098115e-05,5.18878119183e-05,0.00311647426109,2.10073271826e-05,2.0958456533e-05
1220.522178,0.999936884659,2.07124303853e-05,5.15088223526e-05,0.00310345464876,2.08327974595e-05,2.07840649438e-05
1220.524192,0.999937285487,2.05808915842e-05,5.11325707099e-05,0.00309048918305,2.06597153186e-05,2.06111198379e-05
1220.526207,0.999937683769,2.04501880772e-05,5.07590375023e-05,0.00307757763993,2.04880688729e-05,2.04396092628e-05
1220.528221,0.999938079522,2.03203145454e-05,5.03882032918e-05,0.00306471979573,2.03178462424e-05,2.02695213567e-05
1220.530235,0.999938472761,2.01912657312e-05,5.00200488874e-05,0.00305191542844,2.01490356018e-05,2.01008443643e-05
1220.532249,0.999938863504,2.00630363982e-05,4.96545551831e-05,0.00303916431661,1.99816253664e-05,1.9933566624e-05
1220.534264,0.999939251766,1.9935621331e-05,4.92917031582e-05,0.00302646623937,1.98156038979e-05,1.97676765638e-05
1220.536278,0.999939637562,1.98090153743e-05,4.89314740336e-05,0.00301382097749,1.96509597115e-05,1.96031627184e-05
1220.538292,0.999940020908,1.9683213384e-05,4.85738490753e-05,0.00300122831204,1.94876814926e-05,1.94400137084e-05
1220.540306,0.99994040182,1.95582102497e-05,4.82188096846e-05,0.00298868802501,1.93257578603e-05,1.92782182474e-05
1220.542321,0.999940780313,1.94340009125e-05,4.78663374703e-05,0.00297619989983,1.91651776519e-05,1.91177651504e-05
1220.544335,0.999941156402,1.93105803205e-05,4.75164140691e-05,0.00296376372009,1.90059298038e-05,1.89586433137e-05
1220.546349,0.999941530103,1.91879434675e-05,4.71690213011e-05,0.00295137927066,1.88480032115e-05,1.8800841731e-05
1220.548363,0.999941901431,1.90660853864e-05,4.68241411435e-05,0.00293904633749,1.86913870118e-05,1.86443494888e-05
1220.550378,0.999942270402,1.89450011182e-05,4.64817556061e-05,0.00292676470674,1.85360703775e-05,1.84891557552e-05
1220.552392,0.999942637029,1.88246857584e-05,4.61418469168e-05,0.00291453416611,1.83820424953e-05,1.83352497945e-05
1220.554406,0.999943001328,1.8705134428e-05,4.58043974062e-05,0.002902354504,1.82292927815e-05,1.8182620959e-05
1220.55642,0.999943363313,1.85863422627e-05,4.54693894633e-05,0.0028902255092,1.80778106316e-05,1.80312586818e-05
1220.558435,0.999943723,1.8468304455e-05,4.51368057054e-05,0.00287814697211,1.79275855361e-05,1.78811524927e-05
1220.560449,0.999944080403,1.8351016212e-05,4.48066288067e-05,0.00286611868355,1.77786071674e-05,1.77322920011e-05
1220.562463,0.999944435537,1.82344727656e-05,4.44788415422e-05,0.00285414043502,1.76308651464e-05,1.75846669011e-05
1220.564477,0.999944788415,1.81186694003e-05,4.41534268956e-05,0.0028422120195,1.74843492623e-05,1.74382669783e-05
1220.566492,0.999945139052,1.80036014092e-05,4.38303678863e-05,0.00283033323022,1.73390494124e-05,1.72930820957e-05
1220.568506,0.999945487463,1.78892641216e-05,4.35096476774e-05,0.00281850386144,1.71949555003e-05,1.71491022022e-05
1220.57052,0.999945833661,1.77756529004e-05,4.31912495669e-05,0.00280672370838,1.70520575358e-05,1.70063173302e-05
1220.572534,0.999946177661,1.76627631327e-05,4.28751569481e-05,0.00279499256691,1.69103456803e-05,1.68647175923e-05
1220.574549,0.999946519476,1.755059024e-05,4.25613533525e-05,0.00278331023393,1.67698100505e-05,1.67242931844e-05
1220.576563,0.999946859121,1.74391296759e-05,4.22498224387e-05,0.00277167650724,1.66304409717e-05,1.65850343843e-05
1220.578577,0.999947196609,1.73283769042e-05,4.19405479067e-05,0.00276009118491,1.64922287815e-05,1.64469315436e-05
1220.580591,0.999947531953,1.72183274411e-05,4.16335136647e-05,0.00274855406655,1.63551638665e-05,1.63099751013e-05
1220.582606,0.999947865169,1.71089768208e-05,4.13287036923e-05,0.00273706495226,1.62192367969e-05,1.61741555709e-05
1220.58462,0.999948196268,1.70003205955e-05,4.10261020409e-05,0.00272562364269,1.60844381111e-05,1.60394635412e-05
1220.586634,0.999948525264,1.68923543687e-05,4.07256929653e-05,0.00271422993994,1.59507584689e-05,1.59058896868e-05
1220.588648,0.999948852172,1.67850737533e-05,4.04274607585e-05,0.00270288364641,1.58181886614e-05,1.57734247516e-05
1220.590663,0.999949177004,1.6678474391e-05,4.01313898268e-05,0.00269158456531,1.56867194395e-05,1.5642059557e-05
1220.592677,0.999949499772,1.65725519674e-05,3.98374647517e-05,0.00268033250116,1.55563417215e-05,1.5511785005e-05
1220.594691,0.999949820491,1.64673021742e-05,3.95456701379e-05,0.00266912725864,1.54270465053e-05,1.53825920657e-05
1220.596705,0.999950139174,1.63627207419e-05,3.92559907445e-05,0.00265796864356,1.5298824767e-05,1.52544717871e-05
1220.59872,0.999950455833,1.62588034345e-05,3.89684114627e-05,0.00264685646273,1.51716676668e-05,1.51274152936e-05
1220.600734,0.999950770481,1.61555460228e-05,3.86829172114e-05,0.00263579052315,1.50455663979e-05,1.50014137753e-05
1220.602748,0.99995108313,1.60529443241e-05,3.83994930928e-05,0.00262477063319,1.49205121723e-05,1.48764585023e-05
1220.604762,0.999951393795,1.59509941775e-05,3.81181242955e-05,0.00261379660186,1.47964963762e-05,1.47525408145e-05
1220.606777,0.999951702486,1.58496914346e-05,3.78387960574e-05,0.00260286823856,1.46735103882e-05,1.46296521182e-05
1220.608791,0.999952009218,1.57490319956e-05,3.75614938083e-05,0.00259198535411,1.45515456641e-05,1.45077838987e-05
1220.610805,0.999952314001,1.56490117727e-05,3.7286203026e-05,0.0025811477597,1.44305937991e-05,1.43869277064e-05
1220.612819,0.999952616849,1.55496266999e-05,3.70129092732e-05,0.00257035526716,1.43106463584e-05,1.42670751599e-05
1220.614834,0.999952917774,1.54508727554e-05,3.67415982879e-05,0.00255960768966,1.41916950374e-05,1.41482179539e-05
1220.616848,0.999953216788,1.53527459252e-05,3.64722558385e-05,0.00254890484057,1.40737316156e-05,1.40303478434e-05
1220.618862,0.999953513903,1.52552422257e-05,3.62048678124e-05,0.00253824653422,1.39567478896e-05,1.39134566555e-05
1220.620876,0.999953809131,1.51583577034e-05,3.59394202163e-05,0.0025276325858,1.38407357337e-05,1.37975362852e-05
1220.622891,0.999954102485,1.50620884232e-05,3.56758991294e-05,0.00251706281108,1.37256871437e-05,1.3682578692e-05
1220.624905,0.999954393976,1.49664304808e-05,3.54142907515e-05,0.00250653702676,1.36115940883e-05,1.35685759038e-05
1220.626919,0.999954683615,1.48713799988e-05,3.51545813884e-05,0.00249605505036,1.34984486963e-05,1.34555200147e-05
1220.628933,0.999954971416,1.47769331089e-05,3.48967573809e-05,0.00248561669966,1.33862431112e-05,1.33434031795e-05
1220.630948,0.999955257388,1.46830859872e-05,3.4640805245e-05,0.0024752217938,1.327496952e-05,1.32322176229e-05
1220.632962,0.999955541545,1.4589834825e-05,3.43867115564e-05,0.00246487015239,1.31646202495e-05,1.31219556327e-05
1220.634976,0.999955823897,1.44971758293e-05,3.41344629513e-05,0.00245456159551,1.30551876103e-05,1.3012609556e-05
1220.63699,0.999956104457,1.44051052507e-05,3.38840462373e-05,0.00244429594459,1.29466640082e-05,1.29041718095e-05
1220.639005,0.999956383234,1.43136193476e-05,3.36354482533e-05,0.0024340730213,1.2839041951e-05,1.27966348683e-05
1220.641019,0.999956660241,1.42227144034e-05,3.33886559345e-05,0.00242389264805,1.27323139238e-05,1.26899912686e-05
1220.643033,0.99995693549,1.41323867386e-05,3.31436563626e-05,0.00241375464844,1.26264725405e-05,1.25842336136e-05
1220.645047,0.99995720899,1.4042632679e-05,3.29004366393e-05,0.00240365884621,1.25215104788e-05,1.24793545611e-05
1220.647062,0.999957480753,1.39534485836e-05,3.26589839959e-05,0.00239360506612,1.24174204074e-05,1.23753468326e-05
1220.649076,0.999957750791,1.38648308398e-05,3.24192857749e-05,0.00238359313384,1.23141951353e-05,1.22722032121e-05
1220.65109,0.999958019114,1.37767758409e-05,3.21813293419e-05,0.00237362287521,1.22118275016e-05,1.21699165365e-05
1220.653104,0.999958285733,1.36892800198e-05,3.19451022168e-05,0.00236369411731,1.21103103656e-05,1.20684797085e-05
1220.655119,0.999958550659,1.36023398281e-05,3.1710591992e-05,0.00235380668779,1.20096367197e-05,1.19678856866e-05
1220.657133,0.999958813902,1.35159517278e-05,3.14777863016e-05,0.00234396041465,1.19097995564e-05,1.1868127485e-05
1220.659147,0.999959075474,1.34301122228e-05,3.12466729406e-05,0.0023341551272,1.18107919312e-05,1.17691981802e-05
1220.661161,0.999959335385,1.33448178268e-05,3.10172397449e-05,0.00232439065506,1.17126070068e-05,1.1671090904e-05
1220.663176,0.999959593645,1.32600650722e-05,3.07894746212e-05,0.00231466682844,1.16152379296e-05,1.15737988415e-05
1220.66519,0.999959850265,1.31758505294e-05,3.05633656239e-05,0.00230498347874,1.15186779477e-05,1.14773152406e-05
1220.667204,0.999960105256,1.30921707751e-05,3.0338900833e-05,0.00229534043758,1.14229203747e-05,1.13816333996e-05
1220.669218,0.999960358627,1.30090224115e-05,3.01160684265e-05,0.00228573753739,1.13279585454e-05,1.1286746673e-05
1220.671233,0.999960610389,1.29264020683e-05,2.98948566893e-05,0.00227617461147,1.12337858547e-05,1.11926484728e-05
1220.673247,0.999960860553,1.28443063886e-05,2.96752539586e-05,0.00226665149354,1.11403957915e-05,1.1099332262e-05
1220.675261,0.999961109128,1.27627320429e-05,2.94572486774e-05,0.00225716801823,1.10477818312e-05,1.10067915597e-05
1220.677275,0.999961356124,1.26816757246e-05,2.92408293778e-05,0.00224772402087,1.09559375721e-05,1.09150199398e-05
1220.67929,0.999961601552,1.26011341348e-05,2.90259846206e-05,0.00223831933705,1.08648566281e-05,1.0824011024e-05
1220.681304,0.999961845421,1.25211040124e-05,2.8812703114e-05,0.0022289538036,1.07745326505e-05,1.07337584928e-05
1220.683318,0.999962087742,1.24415821093e-05,2.86009736164e-05,0.00221962725774,1.0684959398e-05,1.06442560758e-05
1220.685332,0.999962328524,1.23625651909e-05,2.83907849372e-05,0.00221033953715,1.05961306226e-05,1.05554975529e-05
1220.687347,0.999962567777,1.22840500595e-05,2.81821260292e-05,0.00220109048069,1.05080401517e-05,1.04674767596e-05
1220.689361,0.99996280551,1.22060335245e-05,2.79749858723e-05,0.00219187992746,1.04206818916e-05,1.0380187579e-05
1220.691375,0.999963041734,1.2128512416e-05,2.77693535268e-05,0.00218270771726,1.03340497378e-05,1.02936239444e-05
1220.693389,0.999963276458,1.20514835964e-05,2.75652181762e-05,0.00217357369091,1.02481376851e-05,1.0207779843e-05
1220.695404,0.999963509691,1.19749439322e-05,2.7362569021e-05,0.00216447768937,1.01629397793e-05,1.01226493068e-05
1220.697418,0.999963741443,1.18988903183e-05,2.71613953704e-05,0.00215541955457,1.00784500654e-05,1.00382264198e-05
1220.699432,0.999963971723,1.18233196738e-05,2.69616866269e-05,0.00214639912919,9.99466269575e-06,9.95450531632e-06
1220.701446,0.999964200541,1.17482289229e-05,2.67634322126e-05,0.00213741625611,9.91157184913e-06,9.87148017417e-06
1220.703461,0.999964427906,1.16736150237e-05,2.65666216793e-05,0.00212847077931,9.82917172472e-06,9.78914522465e-06
1220.705475,0.999964653827,1.159947495e-05,2.63712446397e-05,0.00211956254331,9.74745662353e-06,9.70749474472e-06
1220.707489,0.999964878314,1.15258056846e-05,2.61772907411e-05,0.00211069139293,9.66642085111e-06,9.62652305603e-06
1220.709503,0.999965101375,1.14526042459e-05,2.59847497665e-05,0.00210185717417,9.58605876457e-06,9.5462245317e-06
1220.711518,0.999965323019,1.13798676609e-05,2.57936115329e-05,0.0020930597333,9.50636480347e-06,9.46659358869e-06
1220.713532,0.999965543256,1.13075929724e-05,2.56038659169e-05,0.00208429891715,9.4273334004e-06,9.38762468872e-06
1220.715546,0.999965762094,1.12357772554e-05,2.54155029194e-05,0.00207557457362,9.34895906714e-06,9.30931234339e-06
1220.71756,0.999965979543,1.11644175908e-05,2.52285125623e-05,0.00206688655079,9.27123636833e-06,9.23165110656e-06
1220.719575,0.99996619561,1.10935110804e-05,2.50428849484e-05,0.00205823469747,9.1941598851e-06,9.15463557638e-06
1220.721589,0.999966410306,1.10230548511e-05,2.4858610277e-05,0.00204961886331,9.11772425467e-06,9.07826039936e-06
1220.723603,0.999966623638,1.09530460392e-05,2.46756787815e-05,0.00204103889828,9.04192418011e-06,9.00252026215e-06
1220.725617,0.999966835616,1.08834818054e-05,2.44940807903e-05,0.00203249465316,8.96675436231e-06,8.92740989777e-06
1220.727632,0.999967046247,1.08143593299e-05,2.43138067053e-05,0.00202398597944,8.89220959611e-06,8.85292408387e-06
1220.729646,0.999967255541,1.07456757995e-05,2.41348469526e-05,0.00201551272877,8.81828469177e-06,8.77905763658e-06
1220.73166,0.999967463506,1.0677428433e-05,2.39571920816e-05,0.00200707475395,8.74497449182e-06,8.70580541973e-06
1220.733674,0.99996767015,1.06096144605e-05,2.37808326845e-05,0.00199867190815,8.67227392123e-06,8.63316233801e-06
1220.735689,0.999967875482,1.05422311234e-05,2.36057593957e-05,0.00199030404491,8.60017790416e-06,8.56112333614e-06
1220.737703,0.999968079509,1.04752756948e-05,2.34319629706e-05,0.00198197101889,8.52868142468e-06,8.48968340467e-06
1220.739717,0.999968282242,1.04087454537e-05,2.32594341869e-05,0.00197367268492,8.45777952833e-06,8.4188375723e-06
1220.741731,0.999968483687,1.03426376968e-05,2.30881638899e-05,0.00196540889849,8.38746725693e-06,8.34858090887e-06
1220.743746,0.999968683852,1.02769497484e-05,2.29181430287e-05,0.001957179516,8.31773972932e-06,8.27890852839e-06
1220.74576,0.999968882747,1.02116789362e-05,2.27493625659e-05,0.00194898439398,8.24859210546e-06,8.20981558081e-06
1220.747774,0.999969080378,1.01468226121e-05,2.25818135561e-05,0.00194082338984,8.18001954889e-06,8.14129725879e-06
1220.749788,0.999969276755,1.00823781489e-05,2.24154871319e-05,0.00193269636165,8.11201730575e-06,8.0733487956e-06
1220.751803,0.999969471884,1.00183429235e-05,2.22503744425e-05,0.00192460316769,8.04458064522e-06,8.00596546024e-06
1220.753817,0.999969665774,9.95471434157e-06,2.20864667457e-05,0.00191654366722,7.97770485573e-06,7.93914256425e-06
1220.755831,0.999969858433,9.8914898225e-06,2.19237553507e-05,0.00190851771998,7.9113853039e-06,7.87287545795e-06
1220.757845,0.999970049869,9.82866679326e-06,2.17622315956e-05,0.00190052518598,7.8456173634e-06,7.80715952658e-06
1220.75986,0.999970240089,9.76624271106e-06,2.16018869325e-05,0.0018925659263,7.78039644987e-06,7.74199019821e-06
1220.761874,0.999970429101,9.70421504059e-06,2.14427128418e-05,0.00188463980228,7.71571804272e-06,7.67736293572e-06
1220.763888,0.999970616913,9.64258125989e-06,2.12847008544e-05,0.00187674667574,7.65157762013e-06,7.61327323917e-06
1220.765902,0.999970803532,9.58133887464e-06,2.1127842605e-05,0.00186888640948,7.58797072217e-06,7.54971664901e-06
1220.767917,0.999970988966,9.52048539518e-06,2.09721297459e-05,0.00186105886647,7.52489293283e-06,7.4866887394e-06
1220.769931,0.999971173222,9.46001834981e-06,2.08175539969e-05,0.00185326391031,7.46233984393e-06,7.42418512162e-06
1220.771945,0.999971356308,9.39993528944e-06,2.06641071632e-05,0.00184550140543,7.40030710574e-06,7.36220144537e-06
1220.773959,0.999971538232,9.34023377067e-06,2.05117810707e-05,0.00183777121644,7.33879040914e-06,7.30073339328e-06
1220.775974,0.999971719,9.28091137258e-06,2.03605676304e-05,0.00183007320877,7.27778545112e-06,7.23977668632e-06
1220.777988,0.999971898621,9.22196569053e-06,2.02104588138e-05,0.00182240724843,7.21728800062e-06,7.17932708055e-06
1220.780002,0.999972077101,9.16339432522e-06,2.00614466127e-05,0.00181477320165,7.15729384112e-06,7.11938036435e-06
1220.782016,0.999972254447,9.10519490499e-06,1.99135231225e-05,0.00180717093563,7.09779878357e-06,7.05993236433e-06
1220.784031,0.999972430667,9.04736506771e-06,1.97666804741e-05,0.00179960031792,7.03879870244e-06,7.00097894096e-06
1220.786045,0.999972605769,8.98990246077e-06,1.96209108341e-05,0.00179206121642,6.98028947501e-06,6.94251598632e-06
1220.788059,0.999972779758,8.93280475868e-06,1.94762064705e-05,0.00178455350004,6.92226702614e-06,6.88453943065e-06
1220.790073,0.999972952642,8.87606964098e-06,1.93325596701e-05,0.00177707703784,6.86472732868e-06,6.82704523453e-06
1220.792088,0.999973124429,8.81969480241e-06,1.91899627766e-05,0.00176963169945,6.80766635629e-06,6.77002939303e-06
1220.794102,0.999973295125,8.76367796096e-06,1.90484082202e-05,0.00176221735536,6.75108014241e-06,6.71348793585e-06
1220.796116,0.999973464736,8.7080168378e-06,1.89078884431e-05,0.00175483387618,6.69496475359e-06,6.65741692257e-06
1220.79813,0.999973633271,8.65270917468e-06,1.87683959642e-05,0.00174748113326,6.63931626251e-06,6.60181244722e-06
1220.800145,0.999973800735,8.59775273099e-06,1.8629923368e-05,0.00174015899861,6.58413080556e-06,6.54667063799e-06
1220.802159,0.999973967136,8.54314526985e-06,1.84924632531e-05,0.0017328673444,6.52940453889e-06,6.49198764996e-06
1220.804173,0.999974132481,8.48888457886e-06,1.83560083088e-05,0.00172560604367,6.47513363634e-06,6.43775967557e-06
1220.806187,0.999974296775,8.43496845721e-06,1.82205512679e-05,0.00171837496992,6.42131433189e-06,6.38398293573e-06
1220.808202,0.999974460026,8.38139471068e-06,1.80860848872e-05,0.0017111739969,6.36794286773e-06,6.33065368261e-06
1220.810216,0.99997462224,8.32816117073e-06,1.79526020193e-05,0.00170400299928,6.31501552019e-06,6.27776820122e-06
1220.81223,0.999974783425,8.2752656753e-06,1.78200955405e-05,0.00169686185202,6.26252861505e-06,6.22532280553e-06
1220.814244,0.999974943585,8.22270607366e-06,1.76885583691e-05,0.00168975043049,6.2104784803e-06,6.17331384006e-06
1220.816259,0.999975102729,8.17048023866e-06,1.75579835109e-05,0.00168266861093,6.15886149249e-06,6.12173768211e-06
1220.818273,0.999975260862,8.11858604687e-06,1.74283639855e-05,0.00167561626973,6.10767406377e-06,6.0705907356e-06
1220.820287,0.999975417991,8.06702139079e-06,1.72996928711e-05,0.00166859328391,6.05691261152e-06,6.01986943555e-06
1220.822301,0.999975574122,8.01578418229e-06,1.7171963318e-05,0.00166159953117,6.0065736056e-06,5.9695702484e-06
1220.824316,0.999975729262,7.96487233678e-06,1.7045168489e-05,0.0016546348894,5.95665354238e-06,5.9196896659e-06
1220.82633,0.999975883416,7.91428378998e-06,1.69193016225e-05,0.00164769923722,5.90714892824e-06,5.8702242125e-06
1220.828344,0.999976036592,7.86401649128e-06,1.67943560067e-05,0.00164079245381,5.8580563248e-06,5.82117044051e-06
1220.830358,0.999976188794,7.81406839456e-06,1.66703249468e-05,0.00163391441847,5.80937230693e-06,5.77252492889e-06
1220.832373,0.999976340031,7.76443747729e-06,1.65472018348e-05,0.00162706501147,5.76109347275e-06,5.72428428697e-06
1220.834387,0.999976490307,7.71512172504e-06,1.64249800923e-05,0.00162024411333,5.71321646944e-06,5.67644515248e-06
1220.836401,0.999976639628,7.66611913153e-06,1.63036531712e-05,0.00161345160493,5.66573794903e-06,5.62900418816e-06
1220.838415,0.999976788002,7.61742771358e-06,1.61832146081e-05,0.001606687368,5.61865460136e-06,5.58195808781e-06
1220.84043,0.999976935433,7.56904549231e-06,1.60636579555e-05,0.00159995128448,5.57196315384e-06,5.53530357106e-06
1220.842444,0.999977081928,7.52097050182e-06,1.59449768134e-05,0.00159324323679,5.52566033731e-06,5.48903738334e-06
1220.844458,0.999977227493,7.47320079602e-06,1.58271648548e-05,0.0015865631081,5.47974292921e-06,5.44315630097e-06
1220.846472,0.999977372134,7.42573443151e-06,1.57102157622e-05,0.00157991078173,5.43420773354e-06,5.39765712243e-06
1220.848487,0.999977515856,7.37856948249e-06,1.55941232827e-05,0.00157328614165,5.38905156175e-06,5.35253667511e-06
1220.850501,0.999977658665,7.33170403818e-06,1.54788812185e-05,0.00156668907243,5.34427127446e-06,5.30779181324e-06
1220.852515,0.999977800568,7.28513619096e-06,1.53644833832e-05,0.00156011945877,5.29986374918e-06,5.26341941515e-06
1220.854529,0.999977941569,7.23886405412e-06,1.5250923667e-05,0.00155357718619,5.25582587921e-06,5.21941638687e-06
1220.856544,0.999978081675,7.19288575083e-06,1.5138195996e-05,0.00154706214058,5.21215460432e-06,5.17577965958e-06
1220.858558,0.999978220892,7.14719940983e-06,1.50262943168e-05,0.00154057420809,5.16884687266e-06,5.132506188e-06
1220.860572,0.999978359224,7.10180318184e-06,1.4915212656e-05,0.00153411327569,5.12589966022e-06,5.08959295598e-06
1220.862586,0.999978496678,7.05669522305e-06,1.48049450605e-05,0.0015276792306,5.08330998141e-06,5.04703696874e-06
1220.864601,0.999978633259,7.01187369948e-06,1.46954856125e-05,0.00152127196043,5.04107485471e-06,5.00483525717e-06
1220.866615,0.999978768973,6.96733679683e-06,1.45868284662e-05,0.00151489135356,4.99919133719e-06,4.9629848784e-06
1220.868629,0.999978903825,6.92308270395e-06,1.44789677873e-05,0.00150853729851,4.95765651337e-06,4.92148291253e-06
1220.870643,0.99997903782,6.87910962437e-06,1.43718977946e-05,0.00150220968437,4.91646747428e-06,4.88032646351e-06
1220.872658,0.999979170965,6.83541577723e-06,1.42656127637e-05,0.00149590840087,4.87562135321e-06,4.83951266128e-06
1220.874672,0.999979303265,6.79199938433e-06,1.416010698e-05,0.00148963333784,4.83511530314e-06,4.79903865691e-06
1220.876686,0.999979434724,6.74885868547e-06,1.40553747941e-05,0.00148338438584,4.79494648788e-06,4.75890162666e-06
1220.8787,0.999979565348,6.7059919319e-06,1.39514105979e-05,0.0014771614359,4.75511211384e-06,4.71909877114e-06
1220.880715,0.999979695143,6.66339737871e-06,1.38482087976e-05,0.00147096437918,4.71560939923e-06,4.67962731082e-06
1220.882729,0.999979824114,6.62107330108e-06,1.37457638719e-05,0.00146479310768,4.67643558188e-06,4.640484493e-06
1220.884743,0.999979952266,6.57901798114e-06,1.36440703245e-05,0.00145864751366,4.63758793759e-06,4.60166758609e-06
1220.886757,0.999980079604,6.53722970792e-06,1.35431226843e-05,0.0014525274897,4.59906374794e-06,4.56317387998e-06
1220.888772,0.999980206134,6.49570679019e-06,1.34429155514e-05,0.00144643292914,4.56086032464e-06,4.5250006892e-06
1220.890786,0.99998033186,6.45444754037e-06,1.3343443539e-05,0.00144036372549,4.52297500889e-06,4.48714535001e-06
1220.8928,0.999980456787,6.41345028193e-06,1.32447013003e-05,0.00143431977273,4.48540514668e-06,4.44960521906e-06
1220.894815,0.999980580922,6.37271335527e-06,1.31466835494e-05,0.0014283009655,4.4481481204e-06,4.41237767768e-06
1220.896829,0.999980704268,6.33223510308e-06,1.30493850087e-05,0.00142230719857,4.41120133382e-06,4.37546012599e-06
1220.898843,0.999980826831,6.29201388302e-06,1.29528004544e-05,0.0014163383673,4.37456219851e-06,4.33884998807e-06
1220.900857,0.999980948616,6.2520480656e-06,1.2856924709e-05,0.00141039436759,4.33822816412e-06,4.30254470873e-06
1220.902872,0.999981069627,6.21233602401e-06,1.27617526047e-05,0.00140447509547,4.3021966946e-06,4.26654175228e-06
1220.904886,0.99998118987,6.17287614928e-06,1.26672790375e-05,0.00139858044769,4.26646526781e-06,4.23083860634e-06
1220.9069,0.999981309349,6.13366684083e-06,1.25734989338e-05,0.00139271032136,4.23103139754e-06,4.19543277858e-06
1220.908914,0.99998142807,6.09470650289e-06,1.2480407237e-05,0.00138686461378,4.19589260574e-06,4.16032179651e-06
1220.910929,0.999981546037,6.05599355838e-06,1.23879989578e-05,0.00138104322304,4.16104643693e-06,4.1255032095e-06
1220.912943,0.999981663255,6.01752643494e-06,1.22962691234e-05,0.00137524604743,4.12649046563e-06,4.09097458659e-06
1220.914957,0.999981779729,5.9793035688e-06,1.22052127919e-05,0.00136947298561,4.09222227124e-06,4.05673351628e-06
1220.916971,0.999981895462,5.94132341215e-06,1.21148250787e-05,0.00136372393688,4.05823946441e-06,4.02277760869e-06
1220.918986,0.999982010462,5.90358442052e-06,1.20251011107e-05,0.00135799880072,4.02453967548e-06,3.98910449212e-06
1220.921,0.99998212473,5.8660850624e-06,1.19360360615e-05,0.00135229747714,3.99112054417e-06,3.955711815e-06
1220.923014,0.999982238274,5.82882381882e-06,1.1847625149e-05,0.00134661986668,3.9579797417e-06,3.9225972468e-06
1220.925028,0.999982351096,5.79179917333e-06,1.17598636005e-05,0.00134096586999,3.92511495573e-06,3.88975847393e-06
1220.927043,0.999982463202,5.75500962484e-06,1.16727466978e-05,0.00133533538837,3.89252388397e-06,3.85719320339e-06
1220.929057,0.999982574596,5.71845368202e-06,1.15862697574e-05,0.00132972832355,3.86020425713e-06,3.8248991614e-06
1220.931071,0.999982685283,5.68212985681e-06,1.15004281075e-05,0.0013241445774,3.82815381632e-06,3.79287409163e-06
1220.933085,0.999982795267,5.6460366783e-06,1.14152171374e-05,0.0013185840525,3.79637031906e-06,3.76111575812e-06
1220.9351,0.999982904552,5.61017268149e-06,1.13306322571e-05,0.00131304665171,3.76485155241e-06,3.72962194278e-06
1220.937114,0.999983013144,5.57453640727e-06,1.12466688977e-05,0.00130753227814,3.73359530943e-06,3.69839044528e-06
1220.939128,0.999983121046,5.53912641337e-06,1.116332255e-05,0.00130204083562,3.70259940721e-06,3.66741908503e-06
1220.941142,0.999983228263,5.50394126062e-06,1.10805887157e-05,0.00129657222813,3.67186168606e-06,3.63670569814e-06
1220.943157,0.999983334799,5.46897951929e-06,1.09984629301e-05,0.00129112636002,3.64137999165e-06,3.60624813867e-06
1220.945171,0.999983440659,5.43423977406e-06,1.09169407794e-05,0.00128570313632,3.61115219814e-06,3.57604428014e-06
1220.947185,0.999983545846,5.39972061159e-06,1.08360178567e-05,0.00128030246212,3.58117619692e-06,3.54609201192e-06
1220.949199,0.999983650366,5.3654206313e-06,1.07556898003e-05,0.00127492424305,3.55144988695e-06,3.5163892414e-06
1220.951214,0.999983754222,5.33133844356e-06,1.06759522871e-05,0.00126956838525,3.52197119681e-06,3.48693389418e-06
1220.953228,0.999983857418,5.29747266103e-06,1.05968010021e-05,0.00126423479494,3.49273806712e-06,3.45772391153e-06
1220.955242,0.99998395996,5.26382191158e-06,1.05182316841e-05,0.00125892337903,3.46374845054e-06,3.42875725334e-06
1220.957256,0.99998406185,5.23038483024e-06,1.04402400968e-05,0.00125363404472,3.43500032764e-06,3.40003189581e-06
1220.959271,0.999984163093,5.19716005614e-06,1.03628220185e-05,0.00124836669941,3.40649168653e-06,3.37154583108e-06
1220.961285,0.999984263694,5.16414624435e-06,1.02859732837e-05,0.0012431212512,3.37822053371e-06,3.34329706958e-06
1220.963299,0.999984363655,5.13134205398e-06,1.02096897408e-05,0.00123789760836,3.3501848991e-06,3.31528363706e-06
1220.965313,0.999984462982,5.09874615162e-06,1.01339672647e-05,0.00123269567951,3.32238281777e-06,3.28750357581e-06
1220.967328,0.999984561678,5.06635721681e-06,1.00588017756e-05,0.00122751537385,3.29481235015e-06,3.2599549451e-06
1220.969342,0.999984659748,5.03417393268e-06,9.98418920655e-06,0.0012223566007,3.26747157035e-06,3.23263581925e-06
1220.971356,0.999984757195,5.00219499334e-06,9.91012552874e-06,0.00121721926992,3.24035856381e-06,3.20554428918e-06
1220.97337,0.999984854023,4.97041910328e-06,9.8366067499e-06,0.00121210329182,3.21347143895e-06,3.1786784625e-06
1220.975385,0.999984950237,4.93884496927e-06,9.76362888571e-06,0.0012070085768,3.18680831801e-06,3.15203646056e-06
1220.977399,0.999985045839,4.90747131117e-06,9.69118799762e-06,0.00120193503585,3.16036733233e-06,3.12561642135e-06
1220.979413,0.999985140835,4.87629685718e-06,9.61928017619e-06,0.00119688258037,3.13414663887e-06,3.09941649929e-06
1220.981427,0.999985235227,4.84532033829e-06,9.54790152171e-06,0.00119185112185,3.1081444036e-06,3.07343486217e-06
1220.983442,0.99998532902,4.8145405001e-06,9.47704818547e-06,0.00118684057244,3.08235880622e-06,3.04766969428e-06
1220.985456,0.999985422217,4.78395609324e-06,9.40671633632e-06,0.00118185084456,3.05678804942e-06,3.02211919501e-06
1220.98747,0.999985514823,4.75356587341e-06,9.33690216067e-06,0.00117688185082,3.03143034172e-06,2.99678157767e-06
1220.989484,0.999985606841,4.72336861061e-06,9.2676018948e-06,0.0011719335045,3.00628391087e-06,2.97165507207e-06
1220.991499,0.999985698274,4.69336307754e-06,9.19881178429e-06,0.00116700571901,2.98134700292e-06,2.94673792106e-06
1220.993513,0.999985789127,4.6635480549e-06,9.13052810259e-06,0.00116209840811,2.95661786931e-06,2.92202838281e-06
1220.995527,0.999985879404,4.63392233572e-06,9.06274716594e-06,0.00115721148613,2.93209478388e-06,2.89752473009e-06
1220.997541,0.999985969106,4.60448471468e-06,8.99546529633e-06,0.0011523448675,2.90777603434e-06,2.87322524978e-06
1220.999556,0.99998605824,4.57523399738e-06,8.92867885354e-06,0.00114749846713,2.88365991548e-06,2.84912824294e-06
1221.00157,0.999986146807,4.54616899872e-06,8.86238422966e-06,0.00114267220035,2.85974474515e-06,2.82523202522e-06
1221.003584,0.999986234813,4.51728853559e-06,8.79657782356e-06,0.00113786598263,2.83602885129e-06,2.80153492516e-06
1221.005598,0.999986322259,4.48859143782e-06,8.73125607896e-06,0.00113307972999,2.81251057217e-06,2.77803528637e-06
1221.007613,0.99998640915,4.46007654136e-06,8.66641546074e-06,0.00112831335875,2.78918826781e-06,2.75473146633e-06
1221.009627,0.99998649549,4.43174268566e-06,8.60205244576e-06,0.00112356678543,2.76606030502e-06,2.73162183412e-06
1221.011641,0.999986581281,4.40358872376e-06,8.53816355788e-06,0.00111883992713,2.74312506556e-06,2.70870477526e-06
1221.013655,0.999986666528,4.37561351213e-06,8.47474533279e-06,0.00111413270114,2.72038094951e-06,2.68597868652e-06
1221.01567,0.999986751233,4.34781591379e-06,8.41179432866e-06,0.00110944502507,2.69782636206e-06,2.66344197863e-06
1221.017684,0.999986835401,4.32019480219e-06,8.34930713966e-06,0.00110477681699,2.67545972895e-06,2.64109307613e-06
1221.019698,0.999986919034,4.29274905471e-06,8.28728037344e-06,0.00110012799518,2.65327948515e-06,2.61893041525e-06
1221.021712,0.999987002137,4.26547755759e-06,8.22571066809e-06,0.00109549847833,2.63128407794e-06,2.59695244675e-06
1221.023727,0.999987084711,4.23837920598e-06,8.16459469235e-06,0.00109088818556,2.60947197105e-06,2.57515763341e-06
1221.025741,0.999987166762,4.21145289701e-06,8.10392912172e-06,0.00108629703608,2.58784163989e-06,2.553544451e-06
1221.027755,0.999987248291,4.18469753896e-06,8.04371066998e-06,0.00108172494962,2.56639156789e-06,2.53211138762e-06
1221.029769,0.999987329303,4.15811204724e-06,7.98393607528e-06,0.00107717184626,2.54512025844e-06,2.51085694475e-06
1221.031784,0.999987409801,4.13169533961e-06,7.92460208387e-06,0.0010726376462,2.52402622269e-06,2.48977963496e-06
1221.033798,0.999987489787,4.10544634632e-06,7.86570548471e-06,0.00106812227024,2.50310798321e-06,2.46887798483e-06
1221.035812,0.999987569266,4.07936400191e-06,7.80724308139e-06,0.00106362563936,2.48236408048e-06,2.44815053213e-06
1221.037826,0.99998764824,4.05344724519e-06,7.74921169223e-06,0.00105914767478,2.46179306047e-06,2.42759582614e-06
1221.039841,0.999987726713,4.02769502724e-06,7.69160817725e-06,0.00105468829829,2.44139348451e-06,2.40721243011e-06
1221.041855,0.999987804687,4.00210630139e-06,7.63442940423e-06,0.0010502474318,2.42116392838e-06,2.38699891808e-06
1221.043869,0.999987882167,3.9766800278e-06,7.57767226428e-06,0.00104582499754,2.40110297306e-06,2.36695387501e-06
1221.045883,0.999987959155,3.95141517716e-06,7.52133368429e-06,0.00104142091826,2.38120921709e-06,2.34707590002e-06
1221.047898,0.999988035653,3.92631072158e-06,7.46541059593e-06,0.00103703511679,2.36148127025e-06,2.32736360101e-06
1221.049912,0.999988111667,3.90136564242e-06,7.40989996252e-06,0.00103266751639,2.3419177487e-06,2.30781559984e-06
1221.051926,0.999988187197,3.87657892905e-06,7.35479877438e-06,0.00102831804072,2.32251728665e-06,2.28843052913e-06
1221.05394,0.999988262248,3.85194957248e-06,7.30010402748e-06,0.00102398661353,2.30327852668e-06,2.26920703167e-06
1221.055955,0.999988336823,3.82747657477e-06,7.24581275532e-06,0.0010196731591,2.28420012022e-06,2.25014376326e-06
1221.057969,0.999988410924,3.80315894321e-06,7.19192200907e-06,0.00101537760198,2.26528073562e-06,2.23123938975e-06
1221.059983,0.999988484555,3.77899568807e-06,7.13842884995e-06,0.00101109986685,2.24651904728e-06,2.21249258825e-06
1221.061997,0.999988557718,3.75498583118e-06,7.08533037845e-06,0.00100683987898,2.22791374171e-06,2.19390204753e-06
1221.064012,0.999988630417,3.73112839737e-06,7.03262370499e-06,0.00100259756378,2.20946351986e-06,2.17546646669e-06
1221.066026,0.999988702655,3.70742241706e-06,6.98030595906e-06,0.000998372846946,2.19116708745e-06,2.15718455515e-06
1221.06804,0.999988774434,3.6838669292e-06,6.92837429884e-06,0.000994165654582,2.17302316656e-06,2.13905503393e-06
1221.070054,0.999988845757,3.66046097675e-06,6.87682589609e-06,0.000989975913006,2.15503048651e-06,2.12107663411e-06
1221.072069,0.999988916627,3.63720360975e-06,6.82565794638e-06,0.000985803548887,2.13718778727e-06,2.10324809807e-06
1221.074083,0.999988987048,3.61409388596e-06,6.77486767134e-06,0.00098164848928,2.11949382163e-06,2.08556817799e-06
1221.076097,0.999989057021,3.59113086483e-06,6.72445229827e-06,0.000977510661328,2.1019473519e-06,2.06803563635e-06
1221.078111,0.99998912655,3.56831361534e-06,6.67440908645e-06,0.00097338999265,2.08454714739e-06,2.05064924597e-06
1221.080126,0.999989195638,3.54564121251e-06,6.62473531552e-06,0.000969286411172,2.06729199298e-06,2.03340779109e-06
1221.08214,0.999989264287,3.5231127334e-06,6.57542827194e-06,0.000965199844923,2.05018068021e-06,2.01631006319e-06
1221.084154,0.999989332501,3.50072726569e-06,6.52648527782e-06,0.00096113022247,2.03321201003e-06,1.99935486728e-06
1221.086168,0.999989400281,3.47848390073e-06,6.47790366754e-06,0.000957077472568,2.01638479743e-06,1.98254101597e-06
1221.088183,0.999989467632,3.45638173353e-06,6.42968078775e-06,0.000953041524157,1.99969786239e-06,1.96586733192e-06
1221.090197,0.999989534554,3.43441986954e-06,6.38181402002e-06,0.000949022306709,1.98315003716e-06,1.94933264897e-06
1221.092211,0.999989601052,3.41259741613e-06,6.33430075232e-06,0.000945019749797,1.96674016547e-06,1.93293580897e-06
1221.094225,0.999989667128,3.39091348651e-06,6.28713839222e-06,0.00094103378329,1.95046709578e-06,1.91667566446e-06
1221.09624,0.999989732784,3.36936720285e-06,6.2403243771e-06,0.000937064337521,1.93432969048e-06,1.90055107741e-06
1221.098254,0.999989798024,3.34795768854e-06,6.19385614842e-06,0.000933111342882,1.91832682095e-06,1.88456091899e-06
1221.100268,0.999989862849,3.32668407487e-06,6.14773117403e-06,0.000929174730176,1.90245736428e-06,1.86870406937e-06
1221.102282,0.999989927263,3.30554549993e-06,6.10194694437e-06,0.000925254430557,1.88672021167e-06,1.85297941907e-06
1221.104297,0.999989991268,3.28454110323e-06,6.05650095461e-06,0.00092135037525,1.87111426132e-06,1.83738586701e-06
1221.106311,0.999990054867,3.26367003371e-06,6.01139073127e-06,0.000917462495973,1.85563841887e-06,1.82192232184e-06
1221.108325,0.999990118062,3.24293144476e-06,5.96661381566e-06,0.000913590724675,1.8402916032e-06,1.80658770016e-06
1221.110339,0.999990180856,3.22232449228e-06,5.92216775746e-06,0.000909734993435,1.82507273848e-06,1.79138092893e-06
1221.112354,0.999990243252,3.2018483421e-06,5.87805013919e-06,0.000905895234851,1.80998075874e-06,1.77630094339e-06
1221.114368,0.999990305251,3.18150216253e-06,5.83425855168e-06,0.000902071381653,1.79501460933e-06,1.76134668783e-06
1221.116382,0.999990366857,3.16128512677e-06,5.79079060186e-06,0.000898263366826,1.78017323997e-06,1.74651711499e-06
1221.118396,0.999990428071,3.14119641497e-06,5.74764391973e-06,0.000894471123721,1.76545561332e-06,1.73181118635e-06
1221.120411,0.999990488898,3.12123521119e-06,5.70481614818e-06,0.000890694585896,1.75086069815e-06,1.71722787273e-06
1221.122425,0.999990549338,3.10140070516e-06,5.66230494884e-06,0.000886933687209,1.73638747174e-06,1.70276615263e-06
1221.124439,0.999990609394,3.08169209332e-06,5.62010800548e-06,0.000883188361873,1.72203492178e-06,1.68842501358e-06
1221.126453,0.99999066907,3.06210857355e-06,5.57822300658e-06,0.000879458544177,1.70780204361e-06,1.67420345126e-06
1221.128468,0.999990728366,3.04264935182e-06,5.53664766733e-06,0.000875744168841,1.69368783862e-06,1.66010046942e-06
1221.130482,0.999990787287,3.02331363929e-06,5.49537971995e-06,0.000872045170861,1.67969132041e-06,1.64611508147e-06
1221.132496,0.999990845833,3.00410064882e-06,5.45441690234e-06,0.000868361485327,1.66581150816e-06,1.63224630678e-06
1221.13451,0.999990904007,2.98500960237e-06,5.41375698219e-06,0.000864693047813,1.65204742886e-06,1.61849317476e-06
1221.136525,0.999990961813,2.96603972499e-06,5.37339773746e-06,0.00086103979406,1.63839812054e-06,1.60485472245e-06
1221.138539,0.999991019251,2.94719024489e-06,5.33333695635e-06,0.000857401659979,1.62486262562e-06,1.59132999417e-06
1221.140553,0.999991076326,2.92846039914e-06,5.29357245619e-06,0.00085377858196,1.61143999638e-06,1.57791804295e-06
1221.142567,0.999991133037,2.90984942647e-06,5.25410205976e-06,0.00085017049648,1.59812929418e-06,1.56461792972e-06
1221.144582,0.999991189389,2.8913565706e-06,5.21492360609e-06,0.00084657734029,1.58492958467e-06,1.5514287221e-06
1221.146596,0.999991245383,2.87298108287e-06,5.17603495923e-06,0.000842999050551,1.57183994449e-06,1.53834949745e-06
1221.14861,0.999991301022,2.85472221566e-06,5.13743398654e-06,0.000839435564483,1.55885945752e-06,1.52537933923e-06
1221.150624,0.999991356308,2.83657922811e-06,5.09911857749e-06,0.000835886819673,1.54598721268e-06,1.51251733854e-06
1221.152639,0.999991411243,2.81855138513e-06,5.06108664039e-06,0.000832352754025,1.5332223099e-06,1.49976259489e-06
1221.154653,0.999991465829,2.80063795286e-06,5.02333608751e-06,0.000828833305508,1.52056385497e-06,1.48711421516e-06
1221.156667,0.999991520069,2.78283820546e-06,4.98586485732e-06,0.000825328412534,1.50801095988e-06,1.47457131233e-06
1221.158681,0.999991573964,2.76515142091e-06,4.94867090062e-06,0.000821838013722,1.49556274707e-06,1.46213300911e-06
1221.160696,0.999991627518,2.74757687933e-06,4.91175217521e-06,0.000818362047812,1.48321834349e-06,1.44979843314e-06
1221.16271,0.999991680732,2.73011386927e-06,4.87510666632e-06,0.000814900454007,1.4709768841e-06,1.43756672077e-06
1221.164724,0.999991733608,2.71276168145e-06,4.83873236614e-06,0.000811453171632,1.45883751281e-06,1.42543701537e-06
1221.166738,0.999991786148,2.69551961075e-06,4.80262728042e-06,0.000808020140242,1.44679937745e-06,1.41340846682e-06
1221.168753,0.999991838355,2.67838695781e-06,4.76678943356e-06,0.000804601299713,1.43486163598e-06,1.4014802322e-06
1221.170767,0.999991890231,2.66136302694e-06,4.73121686178e-06,0.000801196590124,1.42302345166e-06,1.38965147661e-06
1221.172781,0.999991941777,2.644447127e-06,4.69590761614e-06,0.00079780595181,1.41128399446e-06,1.37792137078e-06
1221.174795,0.999991992997,2.6276385727e-06,4.66085976647e-06,0.000794429325431,1.39964244279e-06,1.36628909297e-06
1221.17681,0.999992043891,2.61093667991e-06,4.62607138647e-06,0.000791066651715,1.38809798128e-06,1.35475382829e-06
1221.178824,0.999992094463,2.59434077146e-06,4.5915405722e-06,0.000787717871778,1.37664979969e-06,1.34331476875e-06
1221.180838,0.999992144713,2.57785017456e-06,4.55726543391e-06,0.000784382926987,1.36529709736e-06,1.33197111252e-06
1221.182852,0.999992194645,2.5614642179e-06,4.5232440866e-06,0.000781061758788,1.35403907835e-06,1.32072206466e-06
1221.184867,0.99999224426,2.54518223792e-06,4.48947467015e-06,0.000777754309068,1.34287495314e-06,1.30956683758e-06
1221.186881,0.99999229356,2.52900357368e-06,4.455955333e-06,0.000774460519864,1.33180394092e-06,1.29850464931e-06
1221.188895,0.999992342547,2.51292756695e-06,4.42268423217e-06,0.000771180333363,1.32082526467e-06,1.28753472445e-06
1221.190909,0.999992391223,2.49695356705e-06,4.38965954899e-06,0.000767913692186,1.30993815533e-06,1.27665629479e-06
1221.192924,0.999992439591,2.48108092472e-06,4.35687946932e-06,0.000764660539031,1.29914185105e-06,1.26586859772e-06
1221.194938,0.999992487651,2.46530899495e-06,4.32434219262e-06,0.000761420816844,1.28843559375e-06,1.2551708774e-06
1221.196952,0.999992535407,2.44963713923e-06,4.29204593922e-06,0.000758194468938,1.27781863403e-06,1.24456238454e-06
1221.198966,0.999992582859,2.43406471993e-06,4.25998893224e-06,0.000754981438683,1.26729022838e-06,1.23404237506e-06
1221.200981,0.999992630011,2.41859110519e-06,4.22816941322e-06,0.000751781669775,1.25684963762e-06,1.22361011201e-06
1221.202995,0.999992676863,2.40321566807e-06,4.19658563946e-06,0.000748595106198,1.24649613124e-06,1.21326486441e-06
1221.205009,0.999992723419,2.38793778267e-06,4.16523587157e-06,0.000745421691995,1.23622898354e-06,1.20300590717e-06
1221.207023,0.999992769678,2.37275682996e-06,4.13411839201e-06,0.000742261371606,1.22604747407e-06,1.19283252131e-06
1221.209038,0.999992815645,2.35767219412e-06,4.10323149354e-06,0.00073911408966,1.21595089053e-06,1.18274399419e-06
1221.211052,0.999992861319,2.34268326118e-06,4.07257347478e-06,0.000735979790891,1.20593852452e-06,1.17273961808e-06
1221.213066,0.999992906704,2.32778942437e-06,4.04214265725e-06,0.000732858420454,1.19600967412e-06,1.162818692e-06
1221.21508,0.999992951801,2.31299007874e-06,4.01193736827e-06,0.000729749923611,1.18616364451e-06,1.15298052139e-06
1221.217095,0.999992996612,2.29828462294e-06,3.98195594652e-06,0.000726654245834,1.17639974433e-06,1.14322441536e-06
1221.219109,0.999993041138,2.2836724604e-06,3.95219674598e-06,0.000723571332876,1.16671729008e-06,1.13354969133e-06
1221.221123,0.999993085382,2.26915299789e-06,3.92265813105e-06,0.000720501130687,1.15711560297e-06,1.12395567042e-06
1221.223137,0.999993129346,2.25472564588e-06,3.89333847802e-06,0.000717443585435,1.14759400938e-06,1.11444168044e-06
1221.225152,0.99999317303,2.24038981989e-06,3.86423617905e-06,0.000714398643587,1.13815184261e-06,1.10500705458e-06
1221.227166,0.999993216437,2.22614493645e-06,3.8353496295e-06,0.000711366251667,1.12878844095e-06,1.09565113104e-06
1221.22918,0.999993259569,2.211990418e-06,3.8066772434e-06,0.000708346356553,1.11950314706e-06,1.0863732548e-06
1221.231194,0.999993302428,2.19792569071e-06,3.77821744662e-06,0.000705338905344,1.11029531115e-06,1.07717277509e-06
1221.233209,0.999993345014,2.18395018203e-06,3.749968669e-06,0.000702343845215,1.10116428734e-06,1.06804904676e-06
1221.235223,0.999993387331,2.17006332599e-06,3.72192936114e-06,0.000699361123734,1.09210943507e-06,1.05900143027e-06
1221.237237,0.999993429379,2.1562645589e-06,3.69409798078e-06,0.000696390688606,1.08313012062e-06,1.05002929163e-06
1221.239251,0.99999347116,2.14255331934e-06,3.66647299283e-06,0.000693432487671,1.07422571358e-06,1.04113200178e-06
1221.241266,0.999993512676,2.12892905234e-06,3.63905288248e-06,0.000690486469159,1.0653955899e-06,1.03230893705e-06
1221.24328,0.999993553929,2.11539120415e-06,3.61183613871e-06,0.000687552581371,1.05663913129e-06,1.02355947862e-06
1221.245294,0.99999359492,2.10193922462e-06,3.58482126186e-06,0.000684630772827,1.04795572274e-06,1.01488301335e-06
1221.247308,0.999993635651,2.08857256916e-06,3.55800676967e-06,0.000681720992384,1.03934475612e-06,1.00627893274e-06
1221.249323,0.999993676124,2.07529069394e-06,3.5313911822e-06,0.000678823188944,1.03080562806e-06,9.97746633702e-07
1221.251337,0.99999371634,2.06209306002e-06,3.5049730349e-06,0.000675937311706,1.02233773887e-06,9.89285517838e-07
1221.253351,0.999993756301,2.04897913269e-06,3.47875087638e-06,0.000673063310127,1.01394049574e-06,9.80894992397e-07
1221.255365,0.999993796009,2.0359483781e-06,3.45272325798e-06,0.000670201133717,1.0056133098e-06,9.72574468683e-07
1221.25738,0.999993835465,2.02300026826e-06,3.4268887493e-06,0.000667350732345,9.97355596547e-07,9.64323363217e-07
1221.259394,0.99999387467,2.01013427793e-06,3.40124592853e-06,0.000664512056047,9.89166777931e-07,9.56141097908e-07
1221.261408,0.999993913627,1.99734988344e-06,3.37579337875e-06,0.000661685054957,9.81046279175e-07,9.48027098491e-07
1221.263422,0.999993952337,1.98464656725e-06,3.35052970214e-06,0.000658869679584,9.72993530788e-07,9.39980796699e-07
1221.265437,0.999993990801,1.97202381341e-06,3.32545350573e-06,0.000656065880539,9.65007968874e-07,9.32001627874e-07
1221.267451,0.999994029022,1.95948110897e-06,3.30056340604e-06,0.000653273608616,9.57089032635e-07,9.24089032517e-07
1221.269465,0.999994067,1.9470179451e-06,3.27585803221e-06,0.000650492814863,9.49236167231e-07,9.16242455795e-07
1221.271479,0.999994104737,1.93463381585e-06,3.25133602245e-06,0.000647723450511,9.41448822117e-07,9.08461347648e-07
1221.273494,0.999994142235,1.92232821836e-06,3.22699602445e-06,0.000644965466979,9.33726450654e-07,9.00745162458e-07
1221.275508,0.999994179495,1.91010065411e-06,3.2028366994e-06,0.00064221881596,9.26068511872e-07,8.93093359045e-07
1221.277522,0.999994216519,1.89795062544e-06,3.17885671109e-06,0.000639483449199,9.1847446884e-07,8.85505400394e-07
1221.279536,0.999994253308,1.8858776397e-06,3.15505473888e-06,0.000636759318755,9.10943788291e-07,8.77980755321e-07
1221.281551,0.999994289864,1.87388120746e-06,3.13142947204e-06,0.000634046376891,9.0347594291e-07,8.70518895302e-07
1221.283565,0.999994326188,1.86196084037e-06,3.10797960311e-06,0.000631344575935,8.96070408666e-07,8.63119297534e-07
1221.285579,0.999994362281,1.85011605568e-06,3.08470384199e-06,0.000628653868571,8.88726665884e-07,8.55781442488e-07
1221.287593,0.999994398146,1.83834637259e-06,3.06160090451e-06,0.000625974207602,8.81444200288e-07,8.48504816464e-07
1221.289608,0.999994433784,1.82665131223e-06,3.03866951248e-06,0.000623305545959,8.74222500444e-07,8.41288908093e-07
1221.291622,0.999994469195,1.81503040123e-06,3.01590840464e-06,0.000620647836917,8.67061060035e-07,8.34133212169e-07
1221.293636,0.999994504382,1.80348316726e-06,2.9933163229e-06,0.00061800103382,8.5995937732e-07,8.27037226037e-07
1221.29565,0.999994539346,1.79200914108e-06,2.97089201862e-06,0.000615365090208,8.52916953389e-07,8.20000452817e-07
1221.297665,0.999994574089,1.78060785817e-06,2.94863425769e-06,0.000612739959923,8.45933294804e-07,8.13022398571e-07
1221.299679,0.999994608611,1.76927885464e-06,2.92654180793e-06,0.000610125596847,8.39007911971e-07,8.06102573636e-07
1221.301693,0.999994642914,1.75802167081e-06,2.90461345002e-06,0.000607521955131,8.32140318419e-07,7.99240493121e-07
1221.303707,0.999994676999,1.74683585057e-06,2.88284797557e-06,0.000604928989157,8.25330033113e-07,7.92435675467e-07
1221.305722,0.999994710869,1.73572093857e-06,2.86124417852e-06,0.000602346653355,8.18576578261e-07,7.85687643168e-07
1221.307736,0.999994744524,1.72467648445e-06,2.83980086799e-06,0.000599774902478,8.11879479704e-07,7.78995923267e-07
1221.30975,0.999994777965,1.71370204018e-06,2.81851686032e-06,0.00059721369143,8.05238268369e-07,7.72360046419e-07
1221.311764,0.999994811195,1.70279715908e-06,2.79739097587e-06,0.000594662975201,7.98652477948e-07,7.65779546941e-07
1221.313779,0.999994844214,1.6919613997e-06,2.77642205096e-06,0.000592122709121,7.92121646427e-07,7.59253962979e-07
1221.315793,0.999994877024,1.68119432192e-06,2.75560892598e-06,0.000589592848609,7.85645316225e-07,7.52782837232e-07
1221.317807,0.999994909626,1.67049548823e-06,2.73495044917e-06,0.000587073349251,7.79223032489e-07,7.46365715676e-07
1221.319821,0.999994942021,1.65986446455e-06,2.71444547933e-06,0.00058456416686,7.72854344823e-07,7.40002147948e-07
1221.321836,0.99999497421,1.64930081938e-06,2.69409288291e-06,0.000582065257416,7.66538806777e-07,7.33691687682e-07
1221.32385,0.999995006196,1.63880412371e-06,2.67389153409e-06,0.000579576577065,7.60275974789e-07,7.27433892234e-07
1221.325864,0.999995037979,1.62837395233e-06,2.65384031842e-06,0.000577098082199,7.54065409948e-07,7.21228323175e-07
1221.327878,0.999995069561,1.61800988072e-06,2.63393812361e-06,0.000574629729261,7.47906676606e-07,7.15074544022e-07
1221.329893,0.999995100942,1.60771148866e-06,2.61418385036e-06,0.000572171474973,7.41799342186e-07,7.08972123897e-07
1221.331907,0.999995132125,1.59747835865e-06,2.59457640758e-06,0.00056972327624,7.35742978819e-07,7.02920634366e-07
1221.333921,0.99999516311,1.58731007411e-06,2.57511470697e-06,0.000567285090029,7.29737161359e-07,6.96919650989e-07
1221.335935,0.999995193899,1.57720622327e-06,2.55579767466e-06,0.000564856873624,7.23781468239e-07,6.90968752992e-07
1221.33795,0.999995224492,1.56716639596e-06,2.53662424176e-06,0.000562438584418,7.17875482163e-07,6.85067522099e-07
1221.339964,0.999995254892,1.55719018371e-06,2.51759334434e-06,0.000560030179916,7.1201878825e-07,6.79215544752e-07
1221.341978,0.999995285099,1.54727718273e-06,2.49870393261e-06,0.000557631617937,7.06210975733e-07,6.73412410668e-07
1221.343992,0.999995315115,1.5374269901e-06,2.4799549594e-06,0.000555242856358,7.00451637504e-07,6.67657712394e-07
1221.346007,0.999995344941,1.52763920552e-06,2.46134538542e-06,0.000552863853235,6.94740368864e-07,6.61951046199e-07
1221.348021,0.999995374577,1.51791343276e-06,2.44287418351e-06,0.000550494566892,6.89076769471e-07,6.56292011569e-07
1221.350035,0.999995404026,1.50824927609e-06,2.42454032812e-06,0.000548134955694,6.83460442092e-07,6.50680211545e-07
1221.352049,0.999995433288,1.49864634339e-06,2.40634280441e-06,0.000545784978244,6.77890992128e-07,6.45115252218e-07
1221.354064,0.999995462365,1.48910424556e-06,2.38828060665e-06,0.000543444593355,6.72368029284e-07,6.39596743401e-07
1221.356078,0.999995491258,1.47962259417e-06,2.37035273107e-06,0.000541113759881,6.66891165931e-07,6.34124297683e-07
1221.358092,0.999995519968,1.47020100503e-06,2.35255818654e-06,0.000538792436968,6.61460017448e-07,6.28697530869e-07
1221.360106,0.999995548495,1.46083909595e-06,2.33489598794e-06,0.000536480583897,6.56074203238e-07,6.23316062653e-07
1221.362121,0.999995576843,1.45153648587e-06,2.31736515354e-06,0.000534178160026,6.50733345025e-07,6.17979514894e-07
1221.364135,0.99999560501,1.44229279822e-06,2.29996471488e-06,0.000531885125022,6.45437068015e-07,6.12687513724e-07
1221.366149,0.999995632999,1.43310765753e-06,2.2826937069e-06,0.000529601438626,6.40185000941e-07,6.07439686995e-07
1221.368163,0.999995660811,1.42398069054e-06,2.26555117103e-06,0.000527327060733,6.34976774873e-07,6.0223566728e-07
1221.370178,0.999995688447,1.41491152702e-06,2.24853615768e-06,0.000525061951445,6.29812024334e-07,5.97075088871e-07
1221.372192,0.999995715908,1.4058997988e-06,2.23164772348e-06,0.000522806071008,6.24690387215e-07,5.91957589557e-07
1221.374206,0.999995743195,1.39694513992e-06,2.21488493147e-06,0.000520559379819,6.19611503665e-07,5.86882810683e-07
1221.37622,0.999995770309,1.38804718763e-06,2.19824685429e-06,0.000518321838499,6.14575017609e-07,5.81850395698e-07
1221.378235,0.999995797251,1.37920557976e-06,2.18173256631e-06,0.00051609340771,6.0958057561e-07,5.76859991608e-07
1221.380249,0.999995824023,1.37041995783e-06,2.16534115275e-06,0.000513874048372,6.04627826797e-07,5.71911247749e-07
1221.382263,0.999995850625,1.36168996567e-06,2.14907170567e-06,0.000511663721562,5.99716424026e-07,5.67003817564e-07
1221.384277,0.999995877059,1.3530152479e-06,2.13292331945e-06,0.000509462388417,5.94846022409e-07,5.62137356108e-07
1221.386292,0.999995903325,1.34439545319e-06,2.11689510051e-06,0.000507270010357,5.9001627999e-07,5.57311522265e-07
1221.388306,0.999995929425,1.33583023166e-06,2.1009861594e-06,0.000505086548902,5.85226858205e-07,5.52525976805e-07
1221.39032,0.99999595536,1.32731923481e-06,2.08519561082e-06,0.00050291196567,5.80477420521e-07,5.47780384053e-07
1221.392335,0.999995981131,1.31886211816e-06,2.06952258124e-06,0.000500746222565,5.75767633724e-07,5.43074411219e-07
1221.394349,0.999996006739,1.31045853796e-06,2.05396619933e-06,0.000498589281539,5.71097167519e-07,5.38407728068e-07
1221.396363,0.999996032184,1.30210815271e-06,2.03852560033e-06,0.000496441104706,5.66465693655e-07,5.33780006473e-07
1221.398377,0.999996057469,1.29381062434e-06,2.02319992956e-06,0.000494301654423,5.61872887354e-07,5.29190922083e-07
1221.400392,0.999996082593,1.28556561527e-06,2.00798833371e-06,0.000492170893082,5.57318426352e-07,5.24640152599e-07
1221.402406,0.999996107558,1.27737279093e-06,1.99288996837e-06,0.000490048783289,5.52801990596e-07,5.20127378556e-07
1221.40442,0.999996132366,1.26923181937e-06,1.97790399677e-06,0.000487935287839,5.48323263446e-07,5.15652283151e-07
1221.406434,0.999996157016,1.2611423692e-06,1.9630295837e-06,0.000485830369565,5.43881930451e-07,5.11214552745e-07
1221.408449,0.99999618151,1.25310411262e-06,1.94826590456e-06,0.000483733991559,5.39477679647e-07,5.06813875478e-07
1221.410463,0.99999620585,1.24511672357e-06,1.9336121397e-06,0.000481646117037,5.35110202256e-07,5.0244994243e-07
1221.412477,0.999996230035,1.23717987694e-06,1.91906747232e-06,0.000479566709285,5.3077919144e-07,4.98122447512e-07
1221.414491,0.999996254068,1.22929325142e-06,1.90463109667e-06,0.000477495731863,5.2648434319e-07,4.93831086634e-07
1221.416506,0.999996277948,1.22145652669e-06,1.89030220984e-06,0.000475433148402,5.22225356298e-07,4.89575558482e-07
1221.41852,0.999996301677,1.21366938425e-06,1.87608001425e-06,0.000473378922667,5.18001931539e-07,4.85355565016e-07
1221.420534,0.999996325256,1.20593150828e-06,1.86196372006e-06,0.000471333018614,5.13813772422e-07,4.81170809363e-07
1221.422548,0.999996348686,1.19824258462e-06,1.84795254231e-06,0.000469295400325,5.09660585219e-07,4.77020997758e-07
1221.424563,0.999996371968,1.19060230101e-06,1.83404570148e-06,0.000467266032015,5.0554207804e-07,4.72905839155e-07
1221.426577,0.999996395102,1.18301034795e-06,1.82024242608e-06,0.000465244878105,5.01457962037e-07,4.6882504473e-07
1221.428591,0.99999641809,1.17546641644e-06,1.80654194607e-06,0.000463231903053,4.97407950502e-07,4.64778327658e-07
1221.430605,0.999996440933,1.16797020061e-06,1.79294350041e-06,0.000461227071544,4.93391758857e-07,4.60765404053e-07
1221.43262,0.999996463631,1.16052139656e-06,1.77944633379e-06,0.000459230348409,4.89409105485e-07,4.56785992531e-07
1221.434634,0.999996486185,1.15311970106e-06,1.76604969281e-06,0.00045724169853,4.8545971063e-07,4.52839813259e-07
1221.436648,0.999996508597,1.14576481434e-06,1.75275283411e-06,0.000455261087043,4.81543296939e-07,4.48926588736e-07
1221.438662,0.999996530868,1.13845643787e-06,1.73955501777e-06,0.000453288479177,4.77659589753e-07,4.45046045516e-07
1221.440677,0.999996552997,1.13119427427e-06,1.72645550733e-06,0.000451323840246,4.73808316117e-07,4.41197909984e-07
1221.442691,0.999996574987,1.12397802962e-06,1.71345357613e-06,0.00044936713582,4.69989205752e-07,4.37381912743e-07
1221.444705,0.999996596837,1.11680741061e-06,1.70054849934e-06,0.000447418331516,4.66201990714e-07,4.3359778551e-07
1221.446719,0.999996618549,1.10968212583e-06,1.6877395576e-06,0.000445477393094,4.6244640478e-07,4.29845262495e-07
1221.448734,0.999996640124,1.10260188681e-06,1.67502603998e-06,0.000443544286533,4.58722184502e-07,4.26124080466e-07
1221.450748,0.999996661563,1.0955664055e-06,1.66240723663e-06,0.00044161897784,4.55029068463e-07,4.22433978076e-07
1221.452762,0.999996682866,1.08857539641e-06,1.64988244518e-06,0.000439701433221,4.51366797094e-07,4.18774696476e-07
1221.454776,0.999996704035,1.08162857629e-06,1.63745096957e-06,0.000437791619045,4.4773511354e-07,4.15145978427e-07
1221.456791,0.99999672507,1.07472566233e-06,1.62511211507e-06,0.000435889501718,4.44133762739e-07,4.11547569135e-07
1221.458805,0.999996745971,1.06786637485e-06,1.61286519577e-06,0.00043399504788,4.40562491677e-07,4.07979216133e-07
1221.460819,0.999996766741,1.06105043558e-06,1.60070952989e-06,0.000432108224281,4.37021049877e-07,4.044406689e-07
1221.462833,0.99999678738,1.05427756711e-06,1.58864443803e-06,0.000430228997732,4.33509188469e-07,4.0093167869e-07
1221.464848,0.999996807888,1.04754749525e-06,1.57666924998e-06,0.000428357335293,4.30026660882e-07,3.97451999312e-07
1221.466862,0.999996828266,1.04085994664e-06,1.56478329791e-06,0.000426493204086,4.26573222777e-07,3.94001386572e-07
1221.468876,0.999996848516,1.03421464947e-06,1.55298591832e-06,0.00042463657135,4.23148631481e-07,3.90579597775e-07
1221.47089,0.999996868638,1.0276113343e-06,1.54127645451e-06,0.000422787404508,4.19752646511e-07,3.87186393003e-07
1221.472905,0.999996888632,1.02104973297e-06,1.52965425342e-06,0.00042094567108,4.16385029611e-07,3.83821533612e-07
1221.474919,0.999996908501,1.01452957901e-06,1.51811866665e-06,0.000419111338714,4.13045544048e-07,3.80484783846e-07
1221.476933,0.999996928243,1.0080506083e-06,1.5066690526e-06,0.000417284375242,4.09733955536e-07,3.77175909227e-07
1221.478947,0.999996947862,1.00161255715e-06,1.49530477078e-06,0.000415464748529,4.0645003152e-07,3.73894677053e-07
1221.480962,0.999996967356,9.95215164512e-07,1.48402518823e-06,0.000413652426643,4.03193541214e-07,3.70640857172e-07
1221.482976,0.999996986727,9.88858171036e-07,1.47282967675e-06,0.000411847377784,3.99964256184e-07,3.67414220936e-07
1221.48499,0.999997005976,9.82541317936e-07,1.46171760974e-06,0.000410049570196,3.9676194953e-07,3.64214542192e-07
1221.487004,0.999997025103,9.76264349392e-07,1.45068836894e-06,0.000408258972355,3.93586396321e-07,3.6104159562e-07
1221.489019,0.99999704411,9.70027010605e-07,1.43974133896e-06,0.000406475552814,3.90437373767e-07,3.57895158953e-07
1221.491033,0.999997062996,9.63829047799e-07,1.42887590731e-06,0.000404699280209,3.87314660501e-07,3.54775010702e-07
1221.493047,0.999997081764,9.57670210102e-07,1.41809146965e-06,0.000402930123401,3.84218037315e-07,3.51680932376e-07
1221.495061,0.999997100413,9.51550247188e-07,1.40738742315e-06,0.000401168051296,3.81147286876e-07,3.48612706202e-07
1221.497076,0.999997118944,9.45468910354e-07,1.39676316955e-06,0.000399413032925,3.78102193287e-07,3.45570116633e-07
1221.49909,0.999997137358,9.39425953397e-07,1.38621811759e-06,0.000397665037519,3.75082542872e-07,3.42552950505e-07
1221.501104,0.999997155656,9.33421130451e-07,1.37575167695e-06,0.000395924034334,3.720881236e-07,3.39560995377e-07
1221.503118,0.999997173839,9.27454197858e-07,1.36536326348e-06,0.000394189992801,3.69118724976e-07,3.36594041528e-07
1221.505133,0.999997191907,9.21524913852e-07,1.35505229833e-06,0.000392462882501,3.66174138669e-07,3.33651880291e-07
1221.507147,0.99999720986,9.15633037067e-07,1.34481820373e-06,0.000390742673047,3.6325415781e-07,3.30734305165e-07
1221.509161,0.999997227701,9.09778328761e-07,1.33466040927e-06,0.00038902933426,3.60358577223e-07,3.27841111147e-07
1221.511175,0.999997245429,9.03960551434e-07,1.32457834796e-06,0.000387322836062,3.57487193744e-07,3.24972095123e-07
1221.51319,0.999997263045,8.98179468293e-07,1.31457145482e-06,0.00038562314843,3.54639805546e-07,3.22127055474e-07
1221.515204,0.999997280551,8.92434845302e-07,1.30463917249e-06,0.000383930241561,3.51816212666e-07,3.19305792806e-07
1221.517218,0.999997297945,8.86726449132e-07,1.2947809456e-06,0.000382244085712,3.49016216922e-07,3.16508108389e-07
1221.519232,0.99999731523,8.81054047719e-07,1.28499622228e-06,0.000380564651239,3.46239621524e-07,3.13733805934e-07
1221.521247,0.999997332407,8.75417411183e-07,1.27528445672e-06,0.000378891908675,3.43486231453e-07,3.10982690821e-07
1221.523261,0.999997349474,8.69816310546e-07,1.26564510561e-06,0.000377225828625,3.40755853459e-07,3.08254569426e-07
1221.525275,0.999997366435,8.64250518332e-07,1.2560776298e-06,0.000375566381818,3.38048295573e-07,3.05549250179e-07
1221.527289,0.999997383288,8.587198091e-07,1.24658149575e-06,0.000373913539145,3.35363367786e-07,3.02866543289e-07
1221.529304,0.999997400035,8.5322395775e-07,1.23715617088e-06,0.000372267271526,3.32700881494e-07,3.00206260462e-07
1221.531318,0.999997416676,8.47762741442e-07,1.22780112882e-06,0.000370627550066,3.30060649555e-07,2.97568214402e-07
1221.533332,0.999997433213,8.42335938776e-07,1.21851584721e-06,0.000368994345986,3.27442486701e-07,2.94952219926e-07
1221.535346,0.999997449646,8.36943328836e-07,1.20929980498e-06,0.000367367630548,3.24846208926e-07,2.92358093179e-07
1221.537361,0.999997465975,8.31584693228e-07,1.20015248803e-06,0.000365747375218,3.22271633833e-07,2.89785652696e-07
1221.539375,0.999997482201,8.26259814432e-07,1.19107338465e-06,0.000364133551538,3.19718580731e-07,2.87234716734e-07
1221.541389,0.999997498325,8.20968475795e-07,1.18206198551e-06,0.000362526131118,3.17186870114e-07,2.84705106712e-07
1221.543403,0.999997514347,8.15710463145e-07,1.1731177881e-06,0.000360925085772,3.14676324222e-07,2.82196644663e-07
1221.545418,0.999997530268,8.10485562766e-07,1.16424029115e-06,0.000359330387355,3.12186766792e-07,2.79709154727e-07
1221.547432,0.99999754609,8.05293562332e-07,1.15542899719e-06,0.000357742007835,3.09718022764e-07,2.77242461544e-07
1221.549446,0.999997561811,8.00134251642e-07,1.14668341459e-06,0.000356159919355,3.07269918859e-07,2.74796392752e-07
1221.55146,0.999997577434,7.95007420782e-07,1.13800305247e-06,0.000354584094085,3.04842283121e-07,2.723707756e-07
1221.553475,0.999997592958,7.89912861723e-07,1.12938742512e-06,0.000353014504349,3.02434944877e-07,2.69965440336e-07
1221.555489,0.999997608385,7.84850368043e-07,1.12083605122e-06,0.000351451122607,3.00047735175e-07,2.67580217317e-07
1221.557503,0.999997623714,7.7981973366e-07,1.11234845037e-06,0.000349893921346,2.97680486261e-07,2.65214939621e-07
1221.559517,0.999997638947,7.74820754732e-07,1.10392414825e-06,0.000348342873241,2.95333031771e-07,2.62869440826e-07
1221.561532,0.999997654084,7.69853228471e-07,1.09556267344e-06,0.000346797951058,2.93005206945e-07,2.60543556729e-07
1221.563546,0.999997669126,7.64916952691e-07,1.08726355614e-06,0.000345259127609,2.90696848127e-07,2.58237122797e-07
1221.56556,0.999997684074,7.60011727556e-07,1.07902633293e-06,0.000343726375907,2.8840779318e-07,2.55949977546e-07
1221.567574,0.999997698927,7.5513735383e-07,1.07085054204e-06,0.000342199669017,2.86137881385e-07,2.53681960605e-07
1221.569589,0.999997713687,7.50293633315e-07,1.06273572447e-06,0.000340678980089,2.83886953169e-07,2.51432912435e-07
1221.571603,0.999997728354,7.45480369823e-07,1.05468142672e-06,0.000339164282443,2.81654850426e-07,2.49202674774e-07
1221.573617,0.999997742929,7.40697367737e-07,1.04668719678e-06,0.000337655549451,2.79441416424e-07,2.46991091135e-07
1221.575631,0.999997757412,7.35944432813e-07,1.03875258639e-06,0.000336152754599,2.77246495519e-07,2.44798006144e-07
1221.577646,0.999997771804,7.31221372545e-07,1.03087715196e-06,0.000334655871522,2.75069933638e-07,2.42623265756e-07
1221.57966,0.999997786106,7.26527994707e-07,1.02306045068e-06,0.00033316487388,2.72911577843e-07,2.40466717039e-07
1221.581674,0.999997800318,7.21864108993e-07,1.01530204489e-06,0.000331679735495,2.70771276408e-07,2.38328208835e-07
1221.583688,0.99999781444,7.17229526328e-07,1.00760150027e-06,0.000330200430297,2.68648879099e-07,2.36207590376e-07
1221.585703,0.999997828474,7.12624058047e-07,9.99958383569e-07,0.00032872693225,2.66544236719e-07,2.3410471317e-07
1221.587717,0.99999784242,7.08047517635e-07,9.92372267347e-07,0.000327259215504,2.64457201385e-07,2.32019428892e-07
1221.589731,0.999997856278,7.03499719316e-07,9.84842726135e-07,0.000325797254272,2.62387626578e-07,2.29951591602e-07
1221.591745,0.999997870049,6.98980478058e-07,9.77369336464e-07,0.000324341022833,2.60335366761e-07,2.27901055527e-07
1221.59376,0.999997883734,6.94489610936e-07,9.69951680509e-07,0.000322890495645,2.58300277806e-07,2.25867676951e-07
1221.595774,0.999997897333,6.90026935418e-07,9.62589341497e-07,0.000321445647204,2.56282216788e-07,2.23851312986e-07
1221.597788,0.999997910846,6.85592270153e-07,9.55281905817e-07,0.000320006452107,2.54281041784e-07,2.21851821802e-07
1221.599802,0.999997924275,6.81185435598e-07,9.48028964696e-07,0.00031857288511,2.52296612295e-07,2.19869062901e-07
1221.601817,0.999997937619,6.76806252459e-07,9.4083011001e-07,0.000317144920987,2.50328788898e-07,2.17902897115e-07
1221.603831,0.99999795088,6.72454543042e-07,9.33684937918e-07,0.000315722534657,2.48377433228e-07,2.15953186111e-07
1221.605845,0.999997964057,6.68130131022e-07,9.26593048225e-07,0.000314305701156,2.46442408297e-07,2.14019792943e-07
1221.607859,0.999997977152,6.63832840365e-07,9.19554041508e-07,0.000312894395546,2.44523578094e-07,2.12102581776e-07
1221.609874,0.999997990165,6.59562496943e-07,9.12567523415e-07,0.000311488593058,2.42620807749e-07,2.10201418049e-07
1221.611888,0.999998003096,6.55318927526e-07,9.05633101979e-07,0.000310088269,2.40733963676e-07,2.08316168149e-07
1221.613902,0.999998015946,6.51101959395e-07,8.98750386595e-07,0.000308693398728,2.38862913194e-07,2.06446698903e-07
1221.615916,0.999998028716,6.46911421832e-07,8.91918991963e-07,0.000307303957774,2.37007524861e-07,2.04592880082e-07
1221.617931,0.999998041405,6.42747144623e-07,8.85138534118e-07,0.000305919921712,2.35167668376e-07,2.0275458068e-07
1221.619945,0.999998054015,6.38608958428e-07,8.78408631408e-07,0.000304541266199,2.33343214345e-07,2.0093167169e-07
1221.621959,0.999998066546,6.34496695721e-07,8.71728906986e-07,0.00030316796705,2.31534034638e-07,1.99124025324e-07
1221.623973,0.999998078998,6.30410189292e-07,8.65098984834e-07,0.000301800000109,2.2974000216e-07,1.9733151374e-07
1221.625988,0.999998091373,6.26349273194e-07,8.58518492269e-07,0.000300437341332,2.27960990742e-07,1.95554011873e-07
1221.628002,0.99999810367,6.22313782958e-07,8.51987060511e-07,0.00029907996681,2.26196875477e-07,1.93791394376e-07
1221.630016,0.99999811589,6.18303554341e-07,8.45504321373e-07,0.000297727852653,2.24447532378e-07,1.92043537184e-07
1221.63203,0.999998128034,6.14318424741e-07,8.39069910985e-07,0.000296380975117,2.22712838456e-07,1.90310317949e-07
1221.634045,0.999998140101,6.10358232597e-07,8.32683468223e-07,0.000295039310555,2.20992671915e-07,1.88591614547e-07
1221.636059,0.999998152093,6.06422816698e-07,8.26344632876e-07,0.000293702835348,2.19286911808e-07,1.86887306464e-07
1221.638073,0.99999816401,6.02512017665e-07,8.20053049546e-07,0.000292371526046,2.17595438263e-07,1.85197273739e-07
1221.640087,0.999998175853,5.98625676747e-07,8.13808364481e-07,0.000291045359255,2.15918132497e-07,1.83521397301e-07
1221.642102,0.999998187622,5.94763635825e-07,8.07610225586e-07,0.000289724311637,2.14254876538e-07,1.81859560078e-07
1221.644116,0.999998199316,5.90925738574e-07,8.01458285463e-07,0.000288408360019,2.12605553558e-07,1.80211644774e-07
1221.64613,0.999998210938,5.87111829002e-07,7.95352197585e-07,0.000287097481258,2.10970047692e-07,1.7857753587e-07
1221.648144,0.999998222488,5.83321752124e-07,7.89291618055e-07,0.000285791652302,2.09348243906e-07,1.76957118014e-07
1221.650159,0.999998233965,5.79555354494e-07,7.83276206992e-07,0.000284490850241,2.07740028312e-07,1.75350277964e-07
1221.652173,0.99999824537,5.75812482872e-07,7.77305625062e-07,0.000283195052185,2.06145287889e-07,1.73756902255e-07
1221.654187,0.999998256704,5.72092985386e-07,7.71379536483e-07,0.000281904235366,2.04563910494e-07,1.72176879198e-07
1221.656201,0.999998267967,5.68396711327e-07,7.65497608507e-07,0.000280618377127,2.02995785082e-07,1.70610097994e-07
1221.658216,0.999998279161,5.64723510231e-07,7.59659509025e-07,0.000279337454832,2.01440801409e-07,1.69056448007e-07
1221.66023,0.999998290284,5.61073233258e-07,7.53864910143e-07,0.000278061445995,1.99898850166e-07,1.67515820271e-07
1221.662244,0.999998301338,5.57445732331e-07,7.48113485952e-07,0.000276790328201,1.98369823068e-07,1.65988106371e-07
1221.664258,0.999998312322,5.53840859825e-07,7.42404911709e-07,0.000275524079076,1.96853612579e-07,1.64473199338e-07
1221.666273,0.999998323239,5.50258469777e-07,7.36738866988e-07,0.000274262676403,1.95350112168e-07,1.62970992146e-07
1221.668287,0.999998334087,5.4669841664e-07,7.31115032427e-07,0.000273006098001,1.93859216213e-07,1.61481379546e-07
1221.670301,0.999998344868,5.43160555712e-07,7.25533090864e-07,0.000271754321769,1.92380819852e-07,1.6000425701e-07
1221.672315,0.999998355581,5.39644743761e-07,7.19992728919e-07,0.000270507325744,1.90914819242e-07,1.58539520512e-07
1221.67433,0.999998366228,5.36150837807e-07,7.14493633875e-07,0.000269265087986,1.89461111367e-07,1.57087067021e-07
1221.676344,0.999998376808,5.32678695972e-07,7.09035495853e-07,0.000268027586658,1.88019593981e-07,1.55646794342e-07
1221.678358,0.999998387323,5.29228177636e-07,7.03618008209e-07,0.000266794800043,1.8659016585e-07,1.54218601389e-07
1221.680372,0.999998397772,5.25799142364e-07,6.98240864789e-07,0.000265566706439,1.85172726488e-07,1.52802387909e-07
1221.682387,0.999998408156,5.22391451119e-07,6.92903763021e-07,0.000264343284279,1.8376717623e-07,1.51398054204e-07
1221.684401,0.999998418475,5.1900496575e-07,6.87606402616e-07,0.000263124512077,1.82373416364e-07,1.50005501853e-07
1221.686415,0.99999842873,5.15639548403e-07,6.82348484045e-07,0.000261910368376,1.80991348877e-07,1.4862463249e-07
1221.688429,0.999998438922,5.1229506278e-07,6.77129711772e-07,0.000260700831868,1.7962087663e-07,1.4725534947e-07
1221.690444,0.99999844905,5.08971373121e-07,6.71949791632e-07,0.000259495881295,1.78261903359e-07,1.4589755637e-07
1221.692458,0.999998459115,5.05668344199e-07,6.66808430835e-07,0.00025829549545,1.76914333469e-07,1.4455115771e-07
1221.694472,0.999998469117,5.02385842314e-07,6.6170534049e-07,0.000257099653271,1.75578072289e-07,1.43216058734e-07
1221.696486,0.999998479058,4.99123734052e-07,6.56640232434e-07,0.000255908333726,1.74253025923e-07,1.41892166239e-07
1221.698501,0.999998488936,4.9588188685e-07,6.51612820681e-07,0.000254721515862,1.72939101164e-07,1.40579386132e-07
1221.700515,0.999998498754,4.92660169456e-07,6.46622822587e-07,0.000253539178852,1.71636205725e-07,1.39277626987e-07
1221.702529,0.99999850851,4.89458450796e-07,6.41669955957e-07,0.000252361301889,1.70344248023e-07,1.37986796822e-07
1221.704543,0.999998518206,4.86276600951e-07,6.36753941547e-07,0.000251187864272,1.69063137195e-07,1.36706805376e-07
1221.706558,0.999998527842,4.83114491e-07,6.31874502633e-07,0.000250018845403,1.67792783265e-07,1.3543756211e-07
1221.708572,0.999998537417,4.79971992223e-07,6.27031363021e-07,0.000248854224698,1.66533096901e-07,1.34178978262e-07
1221.710586,0.999998546934,4.76848977285e-07,6.22224250016e-07,0.00024769398171,1.65283989546e-07,1.32930965235e-07
1221.7126,0.999998556392,4.73745319497e-07,6.17452892569e-07,0.000246538096053,1.64045373457e-07,1.31693435101e-07
1221.714615,0.99999856579,4.70660892571e-07,6.12717020651e-07,0.000245386547383,1.62817161513e-07,1.30466300818e-07
1221.716629,0.999998575131,4.6759557159e-07,6.08016367691e-07,0.000244239315487,1.61599267403e-07,1.2924947651e-07
1221.718643,0.999998584414,4.6454923199e-07,6.0335066802e-07,0.000243096380188,1.60391605544e-07,1.28042876579e-07
1221.720657,0.999998593639,4.61521750012e-07,5.98719658002e-07,0.000241957721385,1.59194090994e-07,1.26846415649e-07
1221.722672,0.999998602808,4.58513003057e-07,5.94123076925e-07,0.000240823319095,1.58006639622e-07,1.25660010453e-07
1221.724686,0.999998611919,4.55522868771e-07,5.89560664693e-07,0.000239693153355,1.56829167965e-07,1.24483576946e-07
1221.7267,0.999998620975,4.52551225732e-07,5.85032163564e-07,0.000238567204298,1.55661593199e-07,1.2331703253e-07
1221.728714,0.999998629974,4.49597953586e-07,5.80537318482e-07,0.000237445452157,1.54503833312e-07,1.22160295435e-07
1221.730729,0.999998638918,4.46662932142e-07,5.76075874797e-07,0.000236327877186,1.53355806899e-07,1.2101328406e-07
1221.732743,0.999998647806,4.43746042392e-07,5.71647580832e-07,0.000235214459753,1.5221743323e-07,1.19875918025e-07
1221.734757,0.99999865664,4.40847166081e-07,5.67252186805e-07,0.000234105180303,1.51088632342e-07,1.18748117284e-07
1221.736771,0.999998665419,4.37966185207e-07,5.62889443564e-07,0.000233000019303,1.49969324838e-07,1.1762980251e-07
1221.738786,0.999998674143,4.35102983091e-07,5.58559105269e-07,0.000231898957355,1.48859432041e-07,1.16520895155e-07
1221.7408,0.999998682814,4.32257443507e-07,5.54260927219e-07,0.000230801975104,1.47758875971e-07,1.15421317004e-07
1221.742814,0.999998691432,4.29429450686e-07,5.49994665853e-07,0.000229709053242,1.46667579201e-07,1.14330991174e-07
1221.744828,0.999998699996,4.26618890157e-07,5.45760080848e-07,0.000228620172588,1.45585465054e-07,1.13249840616e-07
1221.746843,0.999998708508,4.23825647684e-07,5.41556932477e-07,0.00022753531399,1.44512457475e-07,1.12177789835e-07
1221.748857,0.999998716967,4.21049609762e-07,5.37384982828e-07,0.000226454458363,1.43448480978e-07,1.1111476278e-07
1221.750871,0.999998725374,4.18290663996e-07,5.33243996756e-07,0.000225377586738,1.42393460821e-07,1.10060685121e-07
1221.752885,0.99999873373,4.15548698141e-07,5.29133739488e-07,0.000224304680161,1.41347322825e-07,1.09015482364e-07
1221.7549,0.999998742034,4.12823600935e-07,5.25053978702e-07,0.000223235719774,1.40309993413e-07,1.07979082009e-07
1221.756914,0.999998750287,4.1011526196e-07,5.21004484164e-07,0.000222170686808,1.39281399714e-07,1.0695141045e-07
1221.758928,0.999998758489,4.07423570974e-07,5.16985026079e-07,0.000221109562511,1.38261469385e-07,1.05932395245e-07
1221.760942,0.999998766641,4.04748418904e-07,5.12995377555e-07,0.000220052328247,1.37250130716e-07,1.04921964894e-07
1221.762957,0.999998774742,4.02089697231e-07,5.09035313066e-07,0.00021899896544,1.36247312653e-07,1.03920048566e-07
1221.764971,0.999998782794,3.99447297788e-07,5.05104607959e-07,0.000217949455548,1.35252944648e-07,1.02926575873e-07
1221.766985,0.999998790797,3.96821113531e-07,5.01203040361e-07,0.000216903780144,1.34266956819e-07,1.01941476816e-07
1221.768999,0.99999879875,3.94211037739e-07,4.97330389194e-07,0.000215861920833,1.33289279855e-07,1.00964682115e-07
1221.771014,0.999998806655,3.9161696441e-07,4.93486435152e-07,0.000214823859296,1.32319844992e-07,9.99961229931e-08
1221.773028,0.999998814511,3.89038788477e-07,4.89670961243e-07,0.000213789577307,1.31358584111e-07,9.9035731338e-08
1221.775042,0.99999882232,3.86476405098e-07,4.85883751021e-07,0.000212759056666,1.30405429631e-07,9.80834400366e-08
1221.777056,0.99999883008,3.83929710224e-07,4.82124589989e-07,0.000211732279253,1.29460314503e-07,9.71391820315e-08
1221.779071,0.999998837793,3.81398600707e-07,4.7839326588e-07,0.000210709227041,1.28523172328e-07,9.62028902096e-08
1221.781085,0.999998845458,3.78882973543e-07,4.74689566761e-07,0.000209689882019,1.27593937201e-07,9.5274499623e-08
1221.783099,0.999998853077,3.76382726725e-07,4.71013283166e-07,0.000208674226278,1.26672543774e-07,9.43539446574e-08
1221.785113,0.999998860649,3.73897758892e-07,4.67364207194e-07,0.000207662241977,1.2575892731e-07,9.34411606979e-08
1221.787128,0.999998868175,3.71427968893e-07,4.63742131472e-07,0.000206653911295,1.24853023539e-07,9.25360831294e-08
1221.789142,0.999998875656,3.68973256699e-07,4.60146851368e-07,0.00020564921653,1.23954768779e-07,9.16386487804e-08
1221.791156,0.99999888309,3.66533522668e-07,4.56578163195e-07,0.00020464814002,1.23064099905e-07,9.0748794479e-08
1221.79317,0.999998890479,3.64108667543e-07,4.53035864211e-07,0.000203650664142,1.22180954251e-07,8.98664573867e-08
1221.795185,0.999998897823,3.61698593167e-07,4.49519754354e-07,0.000202656771389,1.21305269755e-07,8.89915754421e-08
1221.797199,0.999998905122,3.59303201586e-07,4.46029634061e-07,0.000201666444275,1.20436984859e-07,8.81240879713e-08
1221.799213,0.999998912377,3.56922395463e-07,4.42565305266e-07,0.000200679665379,1.19576038476e-07,8.7263932802e-08
1221.801227,0.999998919588,3.54556078403e-07,4.391265722e-07,0.00019969641738,1.18722370113e-07,8.64110500931e-08
1221.803242,0.999998926755,3.52204154135e-07,4.35713239401e-07,0.000198716682968,1.17875919741e-07,8.55653799481e-08
1221.805256,0.999998933878,3.49866527228e-07,4.32325113434e-07,0.000197740444923,1.17036627821e-07,8.47268625259e-08
1221.80727,0.999998940958,3.47543102959e-07,4.28962002598e-07,0.0001967676861,1.16204435384e-07,8.38954393734e-08
1221.809284,0.999998947995,3.4523378676e-07,4.25623715553e-07,0.000195798389369,1.15379283891e-07,8.30710513711e-08
1221.811299,0.999998954989,3.42938485049e-07,4.22310063362e-07,0.000194832537708,1.14561115321e-07,8.22536410094e-08
1221.813313,0.999998961941,3.40657104717e-07,4.19020858221e-07,0.000193870114142,1.13749872181e-07,8.14431505569e-08
1221.815327,0.999998968851,3.38389552962e-07,4.15755913071e-07,0.000192911101729,1.12945497396e-07,8.06395232256e-08
1221.817341,0.999998975719,3.36135737898e-07,4.12515043077e-07,0.000191955483627,1.12147934427e-07,7.98427024495e-08
1221.819356,0.999998982545,3.3389556795e-07,4.09298064137e-07,0.000191003243024,1.11357127195e-07,7.90526322181e-08
1221.82137,0.99999898933,3.31668952148e-07,4.06104793624e-07,0.000190054363176,1.10573020081e-07,7.82692568535e-08
1221.823384,0.999998996074,3.29455800302e-07,4.02935050779e-07,0.00018910882742,1.09795557977e-07,7.74925213998e-08
1221.825398,0.999999002777,3.27256022414e-07,3.99788655313e-07,0.000188166619117,1.09024686215e-07,7.67223709564e-08
1221.827413,0.99999900944,3.25069529161e-07,3.96665428553e-07,0.000187227721696,1.08260350564e-07,7.5958751955e-08
1221.829427,0.999999016063,3.22896231982e-07,3.93565193666e-07,0.000186292118672,1.07502497317e-07,7.52016099392e-08
1221.831441,0.999999022645,3.20736042437e-07,3.90487774101e-07,0.000185359793571,1.0675107317e-07,7.4450892229e-08
1221.833455,0.999999029188,3.18588872934e-07,3.87432995342e-07,0.000184430730012,1.06006025275e-07,7.37065458112e-08
1221.83547,0.999999035692,3.16454636421e-07,3.84400684175e-07,0.000183504911672,1.05267301275e-07,7.29685184497e-08
1221.837484,0.999999042156,3.14333246029e-07,3.81390667815e-07,0.000182582322247,1.04534849198e-07,7.22367580197e-08
1221.839498,0.999999048581,3.12224615838e-07,3.78402775751e-07,0.000181662945538,1.0380861755e-07,7.15112133398e-08
1221.841512,0.999999054968,3.10128660254e-07,3.7543683825e-07,0.00018074676538,1.03088555285e-07,7.07918330622e-08
1221.843527,0.999999061317,3.0804529401e-07,3.72492686361e-07,0.000179833765644,1.02374611735e-07,7.00785672825e-08
1221.845541,0.999999067627,3.05974432769e-07,3.69570153349e-07,0.000178923930303,1.01666736724e-07,6.93713648747e-08
1221.847555,0.9999990739,3.03915992367e-07,3.66669072894e-07,0.000178017243349,1.00964880483e-07,6.86701768227e-08
1221.849569,0.999999080135,3.0186988916e-07,3.63789279911e-07,0.000177113688831,1.00268993626e-07,6.79749534993e-08
1221.851584,0.999999086332,2.99836040301e-07,3.60930611214e-07,0.000176213250885,9.95790272555e-08,6.72856459993e-08
1221.853598,0.999999092493,2.97814363051e-07,3.58092903873e-07,0.000175315913659,9.88949328429e-08,6.66022058615e-08
1221.855612,0.999999098616,2.95804775377e-07,3.55275996632e-07,0.000174421661379,9.82166622669e-08,6.59245852352e-08
1221.857626,0.999999104703,2.93807195849e-07,3.52479729669e-07,0.000173530478337,9.75441678646e-08,6.52527364364e-08
1221.859641,0.999999110754,2.91821543162e-07,3.49703943459e-07,0.000172642348842,9.68774023232e-08,6.458661167e-08
1221.861655,0.999999116769,2.89847736853e-07,3.46948480464e-07,0.000171757257291,9.62163187571e-08,6.39261650281e-08
1221.863669,0.999999122748,2.87885696851e-07,3.44213184081e-07,0.000170875188128,9.55608707029e-08,6.32713490489e-08
1221.865683,0.999999128691,2.85935343354e-07,3.41497898341e-07,0.000169996125826,9.4911012041e-08,6.26221182687e-08
1221.867698,0.999999134599,2.83996597312e-07,3.38802469046e-07,0.000169120054942,9.42666970906e-08,6.19784271683e-08
1221.869712,0.999999140471,2.82069379967e-07,3.36126742695e-07,0.000168246960066,9.36278805364e-08,6.13402303395e-08
1221.871726,0.999999146309,2.80153613057e-07,3.33470566954e-07,0.000167376825842,9.29945174492e-08,6.07074823744e-08
1221.87374,0.999999152112,2.7824921898e-07,3.30833791035e-07,0.000166509636988,9.23665633098e-08,6.00801392525e-08
1221.875755,0.999999157881,2.76356120296e-07,3.28216264545e-07,0.000165645378241,9.17439739554e-08,5.94581570645e-08
1221.877769,0.999999163615,2.74474240135e-07,3.25617838423e-07,0.000164784034403,9.11267055833e-08,5.88414915126e-08
1221.879783,0.999999169316,2.72603502275e-07,3.23038365127e-07,0.000163925590346,9.05147148162e-08,5.82300996865e-08
1221.881797,0.999999174983,2.70743830589e-07,3.20477697348e-07,0.000163070030954,8.99079586005e-08,5.76239383432e-08
1221.883812,0.999999180616,2.6889514967e-07,3.17935689457e-07,0.000162217341194,8.93063942614e-08,5.702296485e-08
1221.885826,0.999999186216,2.67057384568e-07,3.154121969e-07,0.000161367506083,8.870997952e-08,5.64271370185e-08
1221.88784,0.999999191783,2.65230460486e-07,3.12907075476e-07,0.000160520510654,8.81186724084e-08,5.58364128267e-08
1221.889854,0.999999197317,2.63414303426e-07,3.10420182861e-07,0.000159676340033,8.75324313537e-08,5.52507510299e-08
1221.891869,0.999999202819,2.61608839668e-07,3.07951377372e-07,0.000158834979376,8.69512151441e-08,5.46701098836e-08
1221.893883,0.999999208288,2.59813995767e-07,3.05500517971e-07,0.000157996413871,8.63749828767e-08,5.40944494754e-08
1221.895897,0.999999213725,2.58029699062e-07,3.03067465451e-07,0.000157160628795,8.58036940511e-08,5.35237282273e-08
1221.897912,0.999999219131,2.56255877037e-07,3.00652080942e-07,0.000156327609442,8.52373084934e-08,5.29579062825e-08
1221.899926,0.999999224504,2.54492457617e-07,2.98254226597e-07,0.000155497341156,8.46757863487e-08,5.23969443944e-08
1221.90194,0.999999229846,2.52739369397e-07,2.95873766132e-07,0.000154669809356,8.41190881555e-08,5.18408027061e-08
1221.903954,0.999999235157,2.50996541065e-07,2.93510563474e-07,0.000153844999476,8.35671747528e-08,5.12894421933e-08
1221.905969,0.999999240437,2.49263901901e-07,2.91164483933e-07,0.000153022897013,8.30200073153e-08,5.07428239982e-08
1221.907983,0.999999245686,2.47541381696e-07,2.88835393996e-07,0.000152203487526,8.24775473878e-08,5.0200909707e-08
1221.909997,0.999999250904,2.45828910347e-07,2.86523160398e-07,0.000151386756586,8.19397568006e-08,4.96636611835e-08
1221.912011,0.999999256092,2.44126418457e-07,2.84227651512e-07,0.000150572689843,8.14065977354e-08,4.91310407358e-08
1221.914026,0.99999926125,2.42433836961e-07,2.81948736477e-07,0.000149761272988,8.08780327145e-08,4.86030106162e-08
1221.91604,0.999999266377,2.40751097027e-07,2.79686284971e-07,0.000148952491739,8.03540245425e-08,4.80795341318e-08
1221.918054,0.999999271475,2.39078130433e-07,2.7744016808e-07,0.000148146331881,7.98345363812e-08,4.75605738681e-08
1221.920068,0.999999276544,2.37414869237e-07,2.75210257538e-07,0.000147342779237,7.93195316899e-08,4.70460940205e-08
1221.922083,0.999999281582,2.35761245892e-07,2.72996425987e-07,0.000146541819672,7.88089742445e-08,4.65360582846e-08
1221.924097,0.999999286592,2.34117193411e-07,2.7079854736e-07,0.000145743439116,7.83028281545e-08,4.60304300232e-08
1221.926111,0.999999291573,2.32482644945e-07,2.68616495911e-07,0.000144947623518,7.78010578182e-08,4.55291743195e-08
1221.928125,0.999999296525,2.30857534123e-07,2.6645014699e-07,0.000144154358882,7.7303627931e-08,4.50322557577e-08
1221.93014,0.999999301449,2.29241795121e-07,2.64299377201e-07,0.000143363631273,7.68105035334e-08,4.45396393656e-08
1221.932154,0.999999306344,2.27635362193e-07,2.62164063335e-07,0.000142575426768,7.6321649929e-08,4.40512906152e-08
1221.934168,0.999999311211,2.26038170201e-07,2.60044083568e-07,0.000141789731516,7.58370327339e-08,4.35671751453e-08
1221.936182,0.99999931605,2.24450154389e-07,2.57939316956e-07,0.000141006531708,7.5356617884e-08,4.30872587054e-08
1221.938197,0.999999320861,2.22871250128e-07,2.55849642852e-07,0.000140225813553,7.48803715697e-08,4.26115076557e-08
1221.940211,0.999999325645,2.21301393466e-07,2.53774942146e-07,0.000139447563336,7.44082603063e-08,4.21398885786e-08
1221.942225,0.999999330401,2.1974052068e-07,2.51715096258e-07,0.000138671767374,7.39402509002e-08,4.16723684449e-08
1221.944239,0.99999933513,2.1818856828e-07,2.49669987139e-07,0.000137898412008,7.34763104123e-08,4.12089137258e-08
1221.946254,0.999999339833,2.16645473433e-07,2.4763949824e-07,0.000137127483657,7.30164062328e-08,4.0749492447e-08
1221.948268,0.999999344508,2.1511117343e-07,2.45623513293e-07,0.000136358968756,7.25605060153e-08,4.0294072412e-08
1221.950282,0.999999349157,2.13585605931e-07,2.43621916868e-07,0.000135592853782,7.21085776776e-08,3.98426210357e-08
1221.952296,0.999999353779,2.12068709158e-07,2.41634594822e-07,0.000134829125282,7.16605894573e-08,3.93951067879e-08
1221.954311,0.999999358375,2.10560421411e-07,2.39661433182e-07,0.00013406776981,7.12165098359e-08,3.8951497916e-08
1221.956325,0.999999362945,2.09060681488e-07,2.37702319111e-07,0.000133308773979,7.07763075726e-08,3.85117640556e-08
1221.958339,0.999999367489,2.07569428616e-07,2.35757140738e-07,0.000132552124454,7.03399517263e-08,3.80758732321e-08
1221.960353,0.999999372008,2.06086602109e-07,2.33825786397e-07,0.000131797807911,6.99074115893e-08,3.76437955252e-08
1221.962368,0.999999376501,2.04612141873e-07,2.31908145764e-07,0.000131045811096,6.94786567434e-08,3.7215500126e-08
1221.964382,0.999999380968,2.03145988095e-07,2.30004109144e-07,0.00013029612079,6.90536570462e-08,3.67909570587e-08
1221.966396,0.999999385411,2.01688081159e-07,2.28113567293e-07,0.000129548723795,6.86323825875e-08,3.63701365691e-08
1221.96841,0.999999389829,2.00238361944e-07,2.26236412085e-07,0.000128803606976,6.8214803748e-08,3.59530090699e-08
1221.970425,0.999999394222,1.98796771591e-07,2.24372535985e-07,0.000128060757227,6.78008911537e-08,3.55395448071e-08
1221.972439,0.99999939859,1.9736325155e-07,2.22521832154e-07,0.00012732016148,6.73906156876e-08,3.51297150258e-08
1221.974453,0.999999402934,1.95937743747e-07,2.2068419483e-07,0.000126581806726,6.69839485072e-08,3.47234908049e-08
1221.976467,0.999999407253,1.94520190226e-07,2.1885951851e-07,0.000125845679968,6.65808610036e-08,3.4320843556e-08
1221.978482,0.999999411549,1.93110533429e-07,2.17047698591e-07,0.000125111768259,6.61813248145e-08,3.39217451351e-08
1221.980496,0.99999941582,1.91708716252e-07,2.15248631493e-07,0.000124380058706,6.57853118578e-08,3.35261670648e-08
1221.98251,0.999999420068,1.90314681663e-07,2.13462213792e-07,0.000123650538425,6.53927942659e-08,3.31340822002e-08
1221.984524,0.999999424293,1.88928373133e-07,2.11688343198e-07,0.000122923194594,6.50037444301e-08,3.27454622862e-08
1221.986539,0.999999428494,1.87549734455e-07,2.0992691814e-07,0.00012219801443,6.46181350008e-08,3.23602801222e-08
1221.988553,0.999999432672,1.86178709529e-07,2.08177837288e-07,0.000121474985162,6.42359388372e-08,3.19785085634e-08
1221.990567,0.999999436826,1.84815242819e-07,2.06441000571e-07,0.000120754094088,6.38571290664e-08,3.16001212419e-08
1221.992581,0.999999440958,1.83459278979e-07,2.04716308353e-07,0.000120035328532,6.34816790513e-08,3.12250910128e-08
1221.994596,0.999999445068,1.8211076286e-07,2.03003661428e-07,0.000119318675838,6.3109562365e-08,3.08533917304e-08
1221.99661,0.999999449154,1.80769639862e-07,2.01302961821e-07,0.000118604123421,6.27407528507e-08,3.04849970267e-08
1221.998624,0.999999453219,1.79435855487e-07,1.9961411178e-07,0.000117891658707,6.23752245653e-08,3.01198812003e-08
1222.000638,0.999999457261,1.78109355544e-07,1.97937014243e-07,0.000117181269159,6.20129517848e-08,2.97580184383e-08
1222.002653,0.999999461281,1.76790086313e-07,1.96271573196e-07,0.000116472942301,6.16539090463e-08,2.93993834832e-08
1222.004667,0.999999465279,1.75477994138e-07,1.94617692765e-07,0.00011576666566,6.12980710856e-08,2.90439506334e-08
1222.006681,0.999999469256,1.74173025779e-07,1.92975278002e-07,0.00011506242682,6.09454128687e-08,2.86916954084e-08
1222.008695,0.999999473211,1.72875128352e-07,1.91344234749e-07,0.000114360213404,6.05959096061e-08,2.83425928282e-08
1222.01071,0.999999477144,1.71584249046e-07,1.89724469011e-07,0.000113660013049,6.02495366984e-08,2.7996618468e-08
1222.012724,0.999999481057,1.70300335545e-07,1.88115887892e-07,0.000112961813449,5.99062697871e-08,2.76537477362e-08
1222.014738,0.999999484948,1.69023335763e-07,1.86518399007e-07,0.000112265602329,5.95660847368e-08,2.73139563745e-08
1222.016752,0.999999488818,1.67753197784e-07,1.84931910341e-07,0.000111571367435,5.92289576047e-08,2.69772207906e-08
1222.018767,0.999999492668,1.66489870093e-07,1.83356330771e-07,0.000110879096563,5.88948646848e-08,2.66435176144e-08
1222.020781,0.999999496497,1.65233301409e-07,1.81791569693e-07,0.000110188777537,5.85637824758e-08,2.6312822643e-08
1222.022795,0.999999500306,1.63983440694e-07,1.80237537035e-07,0.000109500398213,5.8235687684e-08,2.59851126727e-08
1222.024809,0.999999504094,1.62740237313e-07,1.78694143616e-07,0.000108813946497,5.79105572439e-08,2.56603648885e-08
1222.026824,0.999999507862,1.61503640725e-07,1.77161300464e-07,0.000108129410305,5.75883682794e-08,2.53385569193e-08
1222.028838,0.99999951161,1.60273600721e-07,1.75638919337e-07,0.000107446777597,5.72690981193e-08,2.50196654505e-08
1222.030852,0.999999515339,1.59050067471e-07,1.74126912827e-07,0.000106766036381,5.69527243222e-08,2.47036683332e-08
1222.032866,0.999999519047,1.57832991202e-07,1.72625193653e-07,0.000106087174669,5.66392246213e-08,2.43905429187e-08
1222.034881,0.999999522737,1.56622322561e-07,1.71133675452e-07,0.000105410180529,5.63285769656e-08,2.40802677798e-08
1222.036895,0.999999526406,1.55418012459e-07,1.69652272447e-07,0.000104735042061,5.60207595153e-08,2.3772820712e-08
1222.038909,0.999999530057,1.54220011897e-07,1.68180899056e-07,0.000104061747377,5.57157506019e-08,2.34681800104e-08
1222.040923,0.999999533688,1.53028272344e-07,1.66719470721e-07,0.000103390284647,5.54135287799e-08,2.31663244699e-08
1222.042938,0.999999537301,1.51842745427e-07,1.65267903232e-07,0.000102720642063,5.51140727951e-08,2.28672331071e-08
1222.044952,0.999999540895,1.50663382934e-07,1.63826112731e-07,0.000102052807835,5.48173615677e-08,2.25708839952e-08
1222.046966,0.99999954447,1.4949013711e-07,1.62394016356e-07,0.000101386770232,5.45233742409e-08,2.22772570946e-08
1222.04898,0.999999548027,1.4832296028e-07,1.60971531429e-07,0.000100722517534,5.42320901323e-08,2.19863317552e-08
1222.050995,0.999999551565,1.47161805029e-07,1.59558575827e-07,0.000100060038054,5.39434887415e-08,2.16980868273e-08
1222.053009,0.999999555085,1.46006624327e-07,1.58155068276e-07,9.93993201538e-05,5.36575497832e-08,2.14125027154e-08
1222.055023,0.999999558587,1.44857371198e-07,1.56760927615e-07,9.87403522009e-05,5.33742531341e-08,2.11295588248e-08
1222.057037,0.999999562071,1.4371399901e-07,1.55376073434e-07,9.80831226083e-05,5.30935788634e-08,2.08492355047e-08
1222.059052,0.999999565537,1.42576461423e-07,1.54000425958e-07,9.74276198259e-05,5.28155072403e-08,2.05715128265e-08
1222.061066,0.999999568986,1.41444712161e-07,1.52633905549e-07,9.67738323114e-05,5.25400186903e-08,2.02963717499e-08
1222.06308,0.999999572417,1.40318705352e-07,1.51276433451e-07,9.61217485751e-05,5.22670938399e-08,2.00237925685e-08
1222.065094,0.999999575831,1.39198395319e-07,1.49927931324e-07,9.54713571515e-05,5.1996713498e-08,1.97537556867e-08
1222.067109,0.999999579228,1.38083736519e-07,1.48588321126e-07,9.48226465932e-05,5.17288586327e-08,1.9486242675e-08
1222.069123,0.999999582607,1.3697468374e-07,1.47257525526e-07,9.41756054947e-05,5.14635104077e-08,1.92212347705e-08
1222.071137,0.99999958597,1.35871191972e-07,1.45935467632e-07,9.35302224767e-05,5.12006501571e-08,1.89587128219e-08
1222.073151,0.999999589316,1.34773216391e-07,1.44622070959e-07,9.28864861844e-05,5.09402593848e-08,1.8698658899e-08
1222.075166,0.999999592645,1.33680712512e-07,1.43317259749e-07,9.22443853063e-05,5.06823197851e-08,1.84410542947e-08
1222.07718,0.999999595957,1.32593635929e-07,1.42020958412e-07,9.1603908541e-05,5.04268132066e-08,1.81858810233e-08
1222.079194,0.999999599254,1.31511942504e-07,1.40733091945e-07,9.09650446225e-05,5.01737216699e-08,1.79331210437e-08
1222.081208,0.999999602533,1.30435588413e-07,1.39453586015e-07,9.0327782325e-05,4.99230273847e-08,1.76827568699e-08
1222.083223,0.999999605797,1.29364529877e-07,1.38182366388e-07,8.96921104286e-05,4.96747127041e-08,1.74347705162e-08
1222.085237,0.999999609045,1.28298723463e-07,1.36919359572e-07,8.90580177584e-05,4.94287601622e-08,1.71891443856e-08
1222.087251,0.999999612277,1.27238125955e-07,1.35664492543e-07,8.84254931679e-05,4.91851524663e-08,1.69458619359e-08
1222.089265,0.999999615493,1.26182694209e-07,1.34417692434e-07,8.77945255198e-05,4.89438724657e-08,1.67049052369e-08
1222.09128,0.999999618693,1.25132385463e-07,1.33178887198e-07,8.7165103727e-05,4.8704903196e-08,1.64662580238e-08
1222.093294,0.999999621879,1.24087157089e-07,1.31948005067e-07,8.65372167194e-05,4.84682278499e-08,1.62299031992e-08
1222.095308,0.999999625048,1.23046966586e-07,1.30724974556e-07,8.59108534438e-05,4.82338297648e-08,1.59958235546e-08
1222.097322,0.999999628203,1.22011771827e-07,1.29509724975e-07,8.5286002896e-05,4.80016924649e-08,1.57640037135e-08
1222.099337,0.999999631342,1.20981530755e-07,1.28302185782e-07,8.46626540808e-05,4.77717996166e-08,1.55344264119e-08
1222.101351,0.999999634466,1.19956201518e-07,1.27102286879e-07,8.40407960303e-05,4.75441350392e-08,1.53070762177e-08
1222.103365,0.999999637576,1.18935742585e-07,1.25909958845e-07,8.34204178181e-05,4.73186827308e-08,1.5081936644e-08
1222.105379,0.999999640671,1.17920112465e-07,1.24725132351e-07,8.28015085237e-05,4.70954268224e-08,1.48589917592e-08
1222.107394,0.999999643751,1.16909269947e-07,1.23547738664e-07,8.21840572633e-05,4.6874351607e-08,1.46382262423e-08
1222.109408,0.999999646817,1.15903174061e-07,1.2237770956e-07,8.15680531846e-05,4.66554415432e-08,1.44196244944e-08
1222.111422,0.999999649868,1.14901783885e-07,1.21214976922e-07,8.0953485442e-05,4.64386812185e-08,1.42031709727e-08
1222.113436,0.999999652906,1.13905058828e-07,1.20059473335e-07,8.03403432336e-05,4.622405539e-08,1.39888508e-08
1222.115451,0.999999655929,1.12912958457e-07,1.18911131715e-07,7.97286157781e-05,4.60115489648e-08,1.37766482666e-08
1222.117465,0.999999658938,1.11925442448e-07,1.17769885218e-07,7.9118292309e-05,4.58011469835e-08,1.35665487733e-08
1222.119479,0.999999661933,1.10942470742e-07,1.16635667554e-07,7.85093620948e-05,4.55928346483e-08,1.3358537998e-08
1222.121493,0.999999664915,1.09964003453e-07,1.15508412802e-07,7.79018144268e-05,4.53865973065e-08,1.31526006197e-08
1222.123508,0.999999667883,1.08990000834e-07,1.14388055338e-07,7.72956386152e-05,4.51824204438e-08,1.29487220946e-08
1222.125522,0.999999670837,1.08020423422e-07,1.13274530133e-07,7.66908240073e-05,4.49802897068e-08,1.27468884337e-08
1222.127536,0.999999673779,1.0705523181e-07,1.12167772281e-07,7.60873599586e-05,4.47801908697e-08,1.25470855372e-08
1222.12955,0.999999676707,1.06094386815e-07,1.11067717344e-07,7.54852358539e-05,4.45821098513e-08,1.23492993054e-08
1222.131565,0.999999679621,1.05137849501e-07,1.09974301413e-07,7.48844411116e-05,4.43860327281e-08,1.21535154718e-08
1222.133579,0.999999682523,1.04185580975e-07,1.08887460657e-07,7.4284965155e-05,4.41919456957e-08,1.19597202142e-08
1222.135593,0.999999685412,1.03237542615e-07,1.0780713183e-07,7.36867974444e-05,4.39998351026e-08,1.17679004874e-08
1222.137607,0.999999688288,1.0229369598e-07,1.06733252054e-07,7.30899274638e-05,4.38096874413e-08,1.15780420251e-08
1222.139622,0.999999691152,1.01354002685e-07,1.05665758576e-07,7.24943447052e-05,4.36214893226e-08,1.13901322263e-08
1222.141636,0.999999694002,1.00418424654e-07,1.04604589286e-07,7.19000387016e-05,4.3435227515e-08,1.12041573241e-08
1222.14365,0.999999696841,9.94869239125e-08,1.03549682294e-07,7.13069990001e-05,4.32508889171e-08,1.10201046066e-08
1222.145664,0.999999699667,9.85594625954e-08,1.02500975933e-07,7.07152151621e-05,4.30684605494e-08,1.08379607511e-08
1222.147679,0.999999702481,9.7636003134e-08,1.01458409159e-07,7.0124676789e-05,4.28879295898e-08,1.06577131009e-08
1222.149693,0.999999705283,9.67165080149e-08,1.00421921043e-07,6.95353734898e-05,4.27092833342e-08,1.04793490552e-08
1222.151707,0.999999708073,9.58009398913e-08,9.93914510036e-08,6.89472948959e-05,4.25325092079e-08,1.03028561238e-08
1222.153721,0.999999710851,9.488926167e-08,9.83669389894e-08,6.83604306729e-05,4.23575947864e-08,1.01282213172e-08
1222.155736,0.999999713617,9.39814362921e-08,9.73483250198e-08,6.77747704912e-05,4.2184527756e-08,9.95543297799e-09
1222.15775,0.999999716372,9.30774269219e-08,9.63355495797e-08,6.71903040512e-05,4.20132959405e-08,9.78447850519e-09
1222.159764,0.999999719115,9.21771969142e-08,9.53285535501e-08,6.66070210791e-05,4.18438873027e-08,9.61534635247e-09
1222.161778,0.999999721847,9.12807096639e-08,9.43272778948e-08,6.60249113067e-05,4.16762899129e-08,9.44802430736e-09
1222.163793,0.999999724568,9.03879288289e-08,9.33316641246e-08,6.54439645014e-05,4.15104919862e-08,9.2825006015e-09
1222.165807,0.999999727277,8.94988181908e-08,9.23416540059e-08,6.48641704474e-05,4.13464818628e-08,9.11876352205e-09
1222.167821,0.999999729975,8.86133416201e-08,9.135718949e-08,6.42855189411e-05,4.11842479957e-08,8.95680168922e-09
1222.169835,0.999999732663,8.7731463195e-08,9.03782129585e-08,6.37079998071e-05,4.10237789742e-08,8.7966036677e-09
1222.17185,0.999999735339,8.68531471352e-08,8.94046670845e-08,6.31316028891e-05,4.08650635113e-08,8.63815824426e-09
1222.173864,0.999999738005,8.59783577647e-08,8.84364947577e-08,6.25563180454e-05,4.07080904353e-08,8.48145398358e-09
1222.175878,0.99999974066,8.51070596338e-08,8.74736393339e-08,6.19821351649e-05,4.05528487124e-08,8.32648028304e-09
1222.177892,0.999999743304,8.42392173391e-08,8.65160442646e-08,6.14090441429e-05,4.03993274146e-08,8.17322587388e-09
1222.179907,0.999999745938,8.33747956509e-08,8.55636533593e-08,6.08370348987e-05,4.02475157381e-08,8.02167982039e-09
1222.181921,0.999999748562,8.25137595367e-08,8.46164108328e-08,6.02660973781e-05,4.00974030125e-08,7.87183190853e-09
1222.183935,0.999999751176,8.1656073994e-08,8.36742609618e-08,5.96962215316e-05,3.99489786671e-08,7.72367125812e-09
1222.185949,0.999999753779,8.08017042378e-08,8.27371484691e-08,5.9127397339e-05,3.98022322627e-08,7.57718798816e-09
1222.187964,0.999999756372,7.99506156209e-08,8.180501836e-08,5.85596147994e-05,3.96571534814e-08,7.43237110745e-09
1222.189978,0.999999758956,7.9102773542e-08,8.08778157339e-08,5.79928639182e-05,3.95137321053e-08,7.28921040194e-09
1222.191992,0.99999976153,7.82581436401e-08,7.99554861817e-08,5.74271347336e-05,3.9371958052e-08,7.14769643473e-09
1222.194006,0.999999764094,7.74166916356e-08,7.9037975461e-08,5.68624172952e-05,3.92318213488e-08,7.00781893626e-09
1222.196021,0.999999766648,7.65783833319e-08,7.81252294979e-08,5.62987016641e-05,3.90933121264e-08,6.86956802554e-09
1222.198035,0.999999769193,7.57431847641e-08,7.72171946915e-08,5.57359779331e-05,3.89564206512e-08,6.7329338771e-09
1222.200049,0.999999771729,7.49110620103e-08,7.63138175279e-08,5.51742362014e-05,3.88211372884e-08,6.59790672097e-09
1222.202063,0.999999774256,7.40819812776e-08,7.54150447561e-08,5.46134665855e-05,3.86874525148e-08,6.46447734232e-09
1222.204078,0.999999776773,7.325590897e-08,7.4520823524e-08,5.40536592295e-05,3.85553569354e-08,6.33263624872e-09
1222.206092,0.999999779281,7.24328115172e-08,7.36311010328e-08,5.3494804281e-05,3.84248412488e-08,6.20237444737e-09
1222.208106,0.99999978178,7.16126555223e-08,7.27458248341e-08,5.29368919116e-05,3.82958962728e-08,6.07368239036e-09
1222.21012,0.99999978427,7.07954077347e-08,7.18649427756e-08,5.23799123131e-05,3.81685129431e-08,5.94655097386e-09
1222.212135,0.999999786752,6.99810349347e-08,7.09884027672e-08,5.18238556819e-05,3.80426822875e-08,5.82097159363e-09
1222.214149,0.999999789225,6.91695041046e-08,7.01161531273e-08,5.12687122421e-05,3.79183954586e-08,5.69693514585e-09
1222.216163,0.999999791689,6.83607823217e-08,6.92481423644e-08,5.07144722312e-05,3.77956437158e-08,5.57443274873e-09
1222.218177,0.999999794145,6.75548367302e-08,6.83843191223e-08,5.01611258961e-05,3.76744184153e-08,5.45345635317e-09
1222.220192,0.999999796593,6.67516346361e-08,6.75246323704e-08,4.96086635062e-05,3.75547110307e-08,5.33399674429e-09
1222.222206,0.999999799032,6.59511434518e-08,6.66690312903e-08,4.90570753456e-05,3.74365131425e-08,5.21604626158e-09
1222.22422,0.999999801463,6.51533306661e-08,6.58174652178e-08,4.85063517092e-05,3.73198164291e-08,5.09959591222e-09
1222.226234,0.999999803886,6.43581639432e-08,6.49698838389e-08,4.79564829164e-05,3.72046126891e-08,4.9846377026e-09
1222.228249,0.999999806301,6.35656109815e-08,6.41262369081e-08,4.74074592915e-05,3.70908938113e-08,4.87116391668e-09
1222.230263,0.999999808709,6.27756396106e-08,6.32864744415e-08,4.68592711769e-05,3.69786517924e-08,4.7591658392e-09
1222.232277,0.999999811108,6.1988217809e-08,6.24505467521e-08,4.63119089361e-05,3.68678787444e-08,4.64863630922e-09
1222.234291,0.9999998135,6.1203313578e-08,6.16184041974e-08,4.57653629357e-05,3.67585668646e-08,4.53956700008e-09
1222.236306,0.999999815884,6.04208950821e-08,6.07899974596e-08,4.52196235652e-05,3.66507084652e-08,4.43195075084e-09
1222.23832,0.999999818261,5.96409305891e-08,5.99652774253e-08,4.46746812287e-05,3.6544295963e-08,4.32577929033e-09
1222.240334,0.99999982063,5.88633884015e-08,5.91441950493e-08,4.41305263351e-05,3.6439321861e-08,4.22104595721e-09
1222.242348,0.999999822992,5.80882370004e-08,5.83267016401e-08,4.35871493184e-05,3.6335778781e-08,4.11774259135e-09
1222.244363,0.999999825347,5.73154449285e-08,5.75127486265e-08,4.30445406215e-05,3.62336594391e-08,4.01586269794e-09
1222.246377,0.999999827695,5.65449807893e-08,5.67022875576e-08,4.25026906956e-05,3.61329566415e-08,3.91539828337e-09
1222.248391,0.999999830036,5.57768133584e-08,5.58952703202e-08,4.19615900163e-05,3.60336633132e-08,3.81634279734e-09
1222.250405,0.999999832369,5.50109114427e-08,5.50916488627e-08,4.14212290637e-05,3.59357724641e-08,3.71868918991e-09
1222.25242,0.999999834696,5.42472439448e-08,5.42913753205e-08,4.08815983314e-05,3.58392772023e-08,3.62243057772e-09
1222.254434,0.999999837017,5.34857799112e-08,5.34944021098e-08,4.03426883331e-05,3.57441707481e-08,3.52755985533e-09
1222.256448,0.999999839331,5.27264884078e-08,5.27006816852e-08,3.98044895857e-05,3.56504464024e-08,3.43407074999e-09
1222.258462,0.999999841638,5.1969338627e-08,5.19101667465e-08,3.92669926238e-05,3.55580975713e-08,3.34195671137e-09
1222.260477,0.999999843939,5.12142998676e-08,5.11228102005e-08,3.8730187997e-05,3.54671177645e-08,3.25121124467e-09
1222.262491,0.999999846233,5.04613414509e-08,5.03385649973e-08,3.81940662582e-05,3.53775005709e-08,3.16182729998e-09
1222.264505,0.999999848521,4.97104328448e-08,4.95573843698e-08,3.76586179811e-05,3.52892396909e-08,3.07379927067e-09
1222.266519,0.999999850803,4.8961543585e-08,4.87792216824e-08,3.71238337493e-05,3.52023289173e-08,2.98712110602e-09
1222.268534,0.999999853079,4.82146432544e-08,4.80040303891e-08,3.65897041527e-05,3.51167621281e-08,2.90178592266e-09
1222.270548,0.999999855349,4.74697015565e-08,4.72317641764e-08,3.60562197986e-05,3.5032533306e-08,2.81778822497e-09
1222.272562,0.999999857613,4.67266882661e-08,4.6462376866e-08,3.55233713045e-05,3.49496365268e-08,2.73512218429e-09
1222.274576,0.999999859872,4.59855732122e-08,4.56958223839e-08,3.49911492955e-05,3.48680659521e-08,2.65378147235e-09
1222.276591,0.999999862124,4.52463263507e-08,4.49320548967e-08,3.44595444151e-05,3.47878158515e-08,2.57376103763e-09
1222.278605,0.999999864371,4.45089176604e-08,4.41710286148e-08,3.39285473099e-05,3.47088805726e-08,2.49505482941e-09
1222.280619,0.999999866613,4.37733172127e-08,4.34126979239e-08,3.33981486396e-05,3.46312545598e-08,2.41765751863e-09
1222.282633,0.999999868849,4.30394951832e-08,4.26570174061e-08,3.28683390791e-05,3.45549323593e-08,2.34156344314e-09
1222.284648,0.99999987108,4.23074217635e-08,4.19039416729e-08,3.23391093054e-05,3.44799085925e-08,2.26676677428e-09
1222.286662,0.999999873305,4.15770672585e-08,4.11534255493e-08,3.1810450012e-05,3.44061779837e-08,2.19326351525e-09
1222.288676,0.999999875526,4.08484020445e-08,4.04054239927e-08,3.12823519024e-05,3.43337353503e-08,2.12104733777e-09
1222.29069,0.999999877741,4.01213965219e-08,3.96598920054e-08,3.07548056837e-05,3.42625755853e-08,2.05011368992e-09
1222.292705,0.999999879951,3.93960212134e-08,3.89167848173e-08,3.02278020806e-05,3.41926936893e-08,1.98045757571e-09
1222.294719,0.999999882157,3.86722466836e-08,3.81760577347e-08,2.97013318239e-05,3.41240847459e-08,1.91207355504e-09
1222.296733,0.999999884358,3.79500435386e-08,3.74376661409e-08,2.91753856502e-05,3.40567439195e-08,1.84495763111e-09
1222.298747,0.999999886554,3.72293825006e-08,3.67015656316e-08,2.86499543129e-05,3.39906664815e-08,1.77910453036e-09
1222.300762,0.999999888745,3.65102343128e-08,3.59677118412e-08,2.81250285687e-05,3.39258477787e-08,1.71450958986e-09
1222.302776,0.999999890932,3.57925697824e-08,3.52360605201e-08,2.76005991834e-05,3.38622832461e-08,1.65116847972e-09
1222.30479,0.999999893114,3.50763598121e-08,3.45065675917e-08,2.70766569364e-05,3.37999684201e-08,1.58907648151e-09
1222.306804,0.999999895293,3.43615753176e-08,3.37791890024e-08,2.65531926093e-05,3.37388989088e-08,1.52822970945e-09
1222.308819,0.999999897466,3.36481872974e-08,3.30538808476e-08,2.60301969956e-05,3.36790704159e-08,1.46862338957e-09
1222.310833,0.999999899636,3.29361668196e-08,3.2330599346e-08,2.55076608989e-05,3.36204787381e-08,1.41025363609e-09
1222.312847,0.999999901802,3.22254849668e-08,3.16093007424e-08,2.49855751249e-05,3.35631197436e-08,1.35311578608e-09
1222.314861,0.999999903963,3.1516112916e-08,3.08899414481e-08,2.44639304932e-05,3.35069894017e-08,1.29720650888e-09
1222.316876,0.999999906121,3.08080218875e-08,3.01724779497e-08,2.39427178294e-05,3.34520837656e-08,1.24252169664e-09
1222.31889,0.999999908275,3.01011831303e-08,2.94568667841e-08,2.34219279636e-05,3.33983989646e-08,1.18905718605e-09
1222.320904,0.999999910425,2.93955679739e-08,2.87430646277e-08,2.29015517375e-05,3.33459312256e-08,1.13680942437e-09
1222.322918,0.999999912572,2.86911477874e-08,2.80310282243e-08,2.23815799986e-05,3.32946768578e-08,1.08577463687e-09
1222.324933,0.999999914715,2.79878939746e-08,2.73207143773e-08,2.18620035996e-05,3.3244632249e-08,1.03594943734e-09
1222.326947,0.999999916854,2.72857780187e-08,2.6612080024e-08,2.13428134048e-05,3.31957938864e-08,9.87330328606e-10
1222.328961,0.99999991899,2.65847714158e-08,2.59050821236e-08,2.08240002803e-05,3.31481583279e-08,9.39913091802e-10
1222.330975,0.999999921123,2.58848457185e-08,2.51996777293e-08,2.03055551005e-05,3.31017222198e-08,8.93695228932e-10
1222.33299,0.999999923253,2.51859725417e-08,2.44958239965e-08,1.97874687491e-05,3.30564823024e-08,8.48673520348e-10
1222.335004,0.999999925379,2.44881235092e-08,2.37934780954e-08,1.92697321112e-05,3.30124353839e-08,8.04844302316e-10
1222.337018,0.999999927503,2.37912703119e-08,2.30925973047e-08,1.87523360815e-05,3.2969578368e-08,7.62204688254e-10
1222.339032,0.999999929623,2.30953846819e-08,2.23931389681e-08,1.8235271561e-05,3.29279082436e-08,7.20751847094e-10
1222.341047,0.999999931741,2.24004383646e-08,2.16950604511e-08,1.77185294528e-05,3.28874220693e-08,6.80482670212e-10
1222.343061,0.999999933856,2.17064031755e-08,2.09983192279e-08,1.72021006701e-05,3.28481170032e-08,6.41394104495e-10
1222.345075,0.999999935968,2.10132509529e-08,2.03028728075e-08,1.66859761297e-05,3.28099902801e-08,6.03483873984e-10
1222.347089,0.999999938077,2.03209535585e-08,1.96086787345e-08,1.61701467519e-05,3.27730392092e-08,5.66748814546e-10
1222.349104,0.999999940185,1.9629482917e-08,1.89156946468e-08,1.56546034663e-05,3.27372611994e-08,5.31186761243e-10
1222.351118,0.999999942289,1.89388109642e-08,1.82238781989e-08,1.51393372043e-05,3.27026537294e-08,4.96795049543e-10
1222.353132,0.999999944391,1.824890967e-08,1.75331870941e-08,1.46243389022e-05,3.26692143597e-08,4.63570959397e-10
1222.355146,0.999999946491,1.75597510539e-08,1.68435791049e-08,1.41095995039e-05,3.2636940746e-08,4.31512714449e-10
1222.357161,0.999999948589,1.68713071419e-08,1.61550120128e-08,1.35951099544e-05,3.26058306098e-08,4.0061742812e-10
1222.359175,0.999999950685,1.61835500019e-08,1.54674436556e-08,1.30808612048e-05,3.25758817627e-08,3.70883435075e-10
1222.361189,0.999999952779,1.54964517357e-08,1.47808319143e-08,1.25668442115e-05,3.25470921034e-08,3.42308514867e-10
1222.363203,0.999999954871,1.48099844525e-08,1.40951346794e-08,1.2053049932e-05,3.25194595968e-08,3.14890447051e-10
1222.365218,0.999999956961,1.41241203056e-08,1.34103098956e-08,1.15394693304e-05,3.24929823037e-08,2.88627288736e-10
1222.367232,0.999999959049,1.34388314687e-08,1.27263155297e-08,1.10260933741e-05,3.24676583631e-08,2.63517707655e-10
1222.369246,0.999999961135,1.27540901274e-08,1.20431095628e-08,1.05129130323e-05,3.24434859852e-08,2.3955892825e-10
1222.37126,0.99999996322,1.20698685055e-08,1.13606500159e-08,9.99991927992e-06,3.24204634747e-08,2.16750173365e-10
1222.373275,0.999999965304,1.13861388402e-08,1.06788949227e-08,9.48710309423e-06,3.23985892114e-08,1.95089555621e-10
1222.375289,0.999999967386,1.07028733845e-08,9.99780233176e-09,8.97445545481e-06,3.23778616499e-08,1.74575465195e-10
1222.377303,0.999999969467,1.00200444229e-08,9.31733031723e-09,8.46196734614e-06,3.235827934e-08,1.5520662533e-10
1222.379317,0.999999971546,9.33762424519e-09,8.63743695681e-09,7.94962975361e-06,3.23398408981e-08,1.36981481713e-10
1222.381332,0.999999973624,8.65558516187e-09,7.95808034225e-09,7.43743366592e-06,3.23225450246e-08,1.19898646567e-10
1222.383346,0.999999975702,7.97389950531e-09,7.27921857541e-09,6.92537007522e-06,3.23063905098e-08,1.03957009667e-10
1222.38536,0.999999977778,7.29253961101e-09,6.60080975947e-09,6.4134299742e-06,3.22913762084e-08,8.91557938587e-11
1222.387374,0.999999979853,6.6114778362e-09,5.92281200292e-09,5.90160435914e-06,3.22775010665e-08,7.54932782954e-11
1222.389389,0.999999981928,5.93068654981e-09,5.24518341291e-09,5.38988422811e-06,3.22647641121e-08,6.29689078657e-11
1222.391403,0.999999984002,5.25013812514e-09,4.56788209663e-09,4.87826058007e-06,3.22531644393e-08,5.15819609248e-11
1222.393417,0.999999986075,4.56980495364e-09,3.89086615249e-09,4.36672441702e-06,3.22427012386e-08,4.13313827607e-11
1222.395432,0.999999988147,3.88965943186e-09,3.21409367279e-09,3.85526674187e-06,3.22333737737e-08,3.22165072397e-11
1222.397446,0.999999990219,3.20967396171e-09,2.53752274464e-09,3.34387855847e-06,3.22251813803e-08,2.4236335161e-11
1222.39946,0.999999992291,2.52982095702e-09,1.86111143149e-09,2.83255087296e-06,3.22181234905e-08,1.73908110135e-11
1222.401474,0.999999994362,1.85007283294e-09,1.18481779057e-09,2.3212746916e-06,3.22121996035e-08,1.16794351968e-11
1222.403489,0.999999996434,1.17040200988e-09,5.08599862132e-10,1.81004102185e-06,3.2207409298e-08,7.10143055471e-12
1222.405503,0.999999998504,4.90780912934e-10,-1.67584347462e-10,1.29884087227e-06,3.2203752245e-08,3.65663055391e-12
1222.407517,1.00000000058,-1.88818032432e-10,-8.43776837008e-10,7.87665251511e-07,3.22012281798e-08,1.34470212743e-12
1222.409531,1.00000000265,-8.6842239885e-10,-1.520019641e-09,2.76505168933e-07,3.21998369248e-08,1.65645275274e-13
1222.411546,1.00000000472,-1.54805975965e-09,-2.19635483021e-09,-2.34648365844e-07,3.21995783879e-08,1.19682042055e-13
1222.41356,1.00000000679,-2.22775768821e-09,-2.87282448296e-09,-7.45804343084e-07,3.22004525415e-08,1.20570220474e-12
1222.415574,1.00000000886,-2.90754376195e-09,-3.5494707353e-09,-1.25697175325e-06,3.22024594518e-08,3.42481598636e-12
1222.417588,1.00000001093,-3.58744556148e-09,-4.22633575436e-09,-1.76815958687e-06,3.22055992621e-08,6.77691236461e-12
