r,m,c,b,f,T,V
168.3375504,5.07648635519e-14,0.303050898177,0.659289298534,0.815465187751,2.12910143169e-05,-0.00839523683726
168.3395633,1.69810927167e-05,0.303047851122,0.65928590923,0.815462435258,2.12905795418e-05,-0.00839523625371
168.3415762,3.39622212594e-05,0.303044804042,0.659282519886,0.815459682733,2.12913118212e-05,-0.00839523450312
168.343589,5.09438276259e-05,0.303041756835,0.659279130383,0.81545693008,2.12932111312e-05,-0.00839523158544
168.3456019,6.79263537372e-05,0.303038709404,0.6592757406,0.815454177203,2.12962775759e-05,-0.00839522750052
168.3476148,8.49102414991e-05,0.303035661649,0.659272350418,0.815451424005,2.13005114003e-05,-0.00839522224807
168.3496277,0.000101895932816,0.303032613471,0.659268959716,0.81544867039,2.13059129569e-05,-0.00839521582766
168.3516406,0.000118883869598,0.30302956477,0.659265568373,0.815445916259,2.13124827504e-05,-0.00839520823875
168.3536535,0.000135874493787,0.303026515448,0.659262176271,0.815443161517,2.13202214059e-05,-0.00839519948065
168.3556663,0.000152868247332,0.303023465405,0.659258783288,0.815440406067,2.13291296618e-05,-0.00839518955256
168.3576792,0.000169865572248,0.303020414541,0.659255389304,0.815437649812,2.13392084288e-05,-0.00839517845353
168.3596921,0.000186866910609,0.303017362758,0.6592519942,0.815434892656,2.13504587e-05,-0.0083951661825
168.361705,0.00020387270451,0.303014309957,0.659248597855,0.8154321345,2.13628816158e-05,-0.00839515273827
168.3637179,0.000220883396185,0.303011256037,0.659245200148,0.815429375249,2.13764784827e-05,-0.0083951381195
168.3657307,0.00023789942793,0.303008200901,0.659241800959,0.815426614806,2.13912506554e-05,-0.00839512232474
168.3677436,0.000254921242098,0.303005144447,0.659238400169,0.815423853073,2.14071997041e-05,-0.0083951053524
168.3697565,0.00027194928125,0.303002086578,0.659234997656,0.815421089954,2.14243273041e-05,-0.00839508720075
168.3717694,0.000288983987989,0.302999027193,0.6592315933,0.815418325351,2.14426351813e-05,-0.00839506786795
168.3737823,0.000306025805053,0.302995966193,0.659228186981,0.815415559168,2.14621253502e-05,-0.00839504735202
168.3757952,0.000323075175418,0.302992903479,0.659224778579,0.815412791308,2.14827998322e-05,-0.00839502565084
168.377808,0.000340132542092,0.302989838951,0.659221367971,0.815410021672,2.15046607484e-05,-0.00839500276217
168.3798209,0.000357198348322,0.302986772509,0.659217955039,0.815407250165,2.15277105504e-05,-0.00839497868363
168.3818338,0.000374273037582,0.302983704054,0.659214539661,0.815404476688,2.15519515911e-05,-0.00839495341272
168.3838467,0.000391357053399,0.302980633486,0.659211121717,0.815401701144,2.15773864315e-05,-0.0083949269468
168.3858596,0.000408450839641,0.302977560706,0.659207701085,0.815398923437,2.16040179206e-05,-0.0083948992831
168.3878725,0.000425554840347,0.302974485613,0.659204277645,0.815396143467,2.16318487382e-05,-0.0083948704187
168.3898853,0.000442669499696,0.302971408107,0.659200851276,0.815393361139,2.16608819486e-05,-0.00839484035059
168.3918982,0.000459795262278,0.30296832809,0.659197421856,0.815390576354,2.16911207391e-05,-0.00839480907559
168.3939111,0.00047693257281,0.30296524546,0.659193989264,0.815387789014,2.17225681403e-05,-0.00839477659039
168.395924,0.00049408187622,0.302962160117,0.659190553379,0.815384999022,2.17552277518e-05,-0.00839474289156
168.3979369,0.000511243617911,0.302959071962,0.65918711408,0.815382206279,2.17891030384e-05,-0.00839470797554
168.3999498,0.000528418243362,0.302955980895,0.659183671245,0.815379410688,2.18241974411e-05,-0.00839467183861
168.4019626,0.00054560619841,0.302952886814,0.659180224753,0.815376612151,2.18605150718e-05,-0.00839463447694
168.4039755,0.000562807929333,0.30294978962,0.659176774481,0.81537381057,2.18980596565e-05,-0.00839459588655
168.4059884,0.000580023882481,0.302946689211,0.659173320309,0.815371005845,2.19368351197e-05,-0.00839455606333
168.4080013,0.000597254504722,0.302943585489,0.659169862113,0.81536819788,2.1976846017e-05,-0.00839451500304
168.4100142,0.000614500243285,0.30294047835,0.659166399772,0.815365386575,2.20180963372e-05,-0.00839447270129
168.412027,0.000631761545514,0.302937367696,0.659162933164,0.815362571831,2.20605905935e-05,-0.00839442915357
168.4140399,0.000649038859418,0.302934253425,0.659159462166,0.815359753551,2.21043336648e-05,-0.00839438435521
168.4160528,0.000666332633246,0.302931135436,0.659155986655,0.815356931635,2.21493298353e-05,-0.00839433830142
168.4180657,0.000683643315488,0.302928013627,0.65915250651,0.815354105984,2.21955843202e-05,-0.00839429098727
168.4200786,0.000700971355365,0.302924887899,0.659149021607,0.815351276499,2.22431021685e-05,-0.00839424240769
168.4220915,0.000718317202239,0.302921758149,0.659145531823,0.815348443082,2.22918880722e-05,-0.00839419255745
168.4241043,0.000735681305901,0.302918624276,0.659142037035,0.815345605632,2.23419479114e-05,-0.00839414143123
168.4261172,0.000753064116839,0.302915486178,0.65913853712,0.815342764051,2.2393286874e-05,-0.0083940890235
168.4281301,0.000770466085639,0.302912343754,0.659135031955,0.815339918238,2.244591018e-05,-0.00839403532866
168.430143,0.000787887663532,0.302909196902,0.659131521415,0.815337068094,2.24998242571e-05,-0.00839398034091
168.4321559,0.000805329302332,0.30290604552,0.659128005378,0.815334213519,2.25550344476e-05,-0.00839392405435
168.4341688,0.000822791453992,0.302902889506,0.659124483718,0.815331354413,2.26115466777e-05,-0.0083938664629
168.4361816,0.000840274571288,0.302899728758,0.659120956312,0.815328490676,2.2669367678e-05,-0.00839380756038
168.4381945,0.000857779107363,0.302896563173,0.659117423036,0.815325622207,2.27285030165e-05,-0.00839374734041
168.4402074,0.000875305515753,0.302893392649,0.659113883765,0.815322748906,2.27889594959e-05,-0.00839368579652
168.4422203,0.00089285425084,0.302890217083,0.659110338374,0.815319870673,2.28507439909e-05,-0.00839362292207
168.4442332,0.000910425767301,0.302887036372,0.659106786738,0.815316987406,2.2913862384e-05,-0.00839355871026
168.4462461,0.000928020520257,0.302883850414,0.659103228732,0.815314099005,2.29783223847e-05,-0.00839349315416
168.4482589,0.000945638965807,0.302880659106,0.659099664231,0.815311205368,2.30441308306e-05,-0.0083934262467
168.4502718,0.0009632815602,0.302877462343,0.65909609311,0.815308306394,2.31112941575e-05,-0.00839335798063
168.4522847,0.0009809487604,0.302874260023,0.659092515241,0.815305401982,2.31798208271e-05,-0.00839328834859
168.4542976,0.000998641024227,0.302871052043,0.6590889305,0.81530249203,2.32497176566e-05,-0.00839321734304
168.4563105,0.00101635880963,0.302867838297,0.65908533876,0.815299576436,2.33209918458e-05,-0.00839314495631
168.4583233,0.00103410257555,0.302864618683,0.659081739895,0.815296655097,2.33936523435e-05,-0.00839307118055
168.4603362,0.00105187278157,0.302861393097,0.659078133777,0.815293727912,2.34677060176e-05,-0.00839299600779
168.4623491,0.00106966988751,0.302858161434,0.65907452028,0.815290794779,2.35431610972e-05,-0.00839291942988
168.464362,0.00108749435436,0.302854923589,0.659070899277,0.815287855594,2.36200266567e-05,-0.00839284143853
168.4663749,0.00110534664356,0.302851679458,0.65906727064,0.815284910254,2.36983097526e-05,-0.0083927620253
168.4683878,0.00112322721695,0.302848428936,0.659063634242,0.815281958658,2.37780198976e-05,-0.00839268118158
168.4704006,0.00114113653765,0.302845171918,0.659059989954,0.8152790007,2.3859165894e-05,-0.0083925988986
168.4724135,0.00115907506902,0.302841908299,0.659056337648,0.815276036279,2.39417553185e-05,-0.00839251516745
168.4744264,0.00117704327514,0.302838637974,0.659052677196,0.815273065289,2.40257987812e-05,-0.00839242997905
168.4764393,0.00119504162125,0.302835360836,0.659049008469,0.815270087628,2.41113048016e-05,-0.00839234332415
168.4784522,0.00121307057276,0.302832076781,0.659045331338,0.815267103191,2.41982817763e-05,-0.00839225519336
168.4804651,0.00123113059616,0.302828785701,0.659041645673,0.815264111874,2.42867410529e-05,-0.00839216557712
168.4824779,0.00124922215884,0.302825487491,0.659037951344,0.815261113572,2.4376690971e-05,-0.00839207446569
168.4844908,0.00126734572847,0.302822182044,0.659034248223,0.81525810818,2.44681411907e-05,-0.0083919818492
168.4865037,0.001285501774,0.302818869254,0.659030536178,0.815255095593,2.45611030619e-05,-0.00839188771758
168.4885166,0.00130369076491,0.302815549014,0.65902681508,0.815252075706,2.46555850792e-05,-0.00839179206062
168.4905295,0.00132191317143,0.302812221216,0.659023084796,0.815249048413,2.47515984084e-05,-0.00839169486792
168.4925424,0.00134016946501,0.302808885753,0.659019345197,0.815246013609,2.48491542595e-05,-0.00839159612892
168.4945552,0.00135846011758,0.302805542517,0.65901559615,0.815242971187,2.49482612932e-05,-0.00839149583291
168.4965681,0.00137678560175,0.302802191402,0.659011837524,0.815239921042,2.50489322912e-05,-0.00839139396899
168.498581,0.00139514639163,0.302798832298,0.659008069186,0.815236863065,2.5151177841e-05,-0.00839129052607
168.5005939,0.00141354296155,0.302795465097,0.659004291005,0.815233797151,2.52550074334e-05,-0.00839118549293
168.5026068,0.00143197578693,0.302792089692,0.659000502847,0.815230723193,2.536043501e-05,-0.00839107885814
168.5046196,0.00145044534446,0.302788705972,0.65899670458,0.815227641083,2.54674706393e-05,-0.00839097061011
168.5066325,0.00146895211102,0.302785313829,0.658992896069,0.815224550713,2.55761250804e-05,-0.00839086073707
168.5086454,0.00148749656498,0.302781913154,0.658989077181,0.815221451976,2.56864128166e-05,-0.00839074922707
168.5106583,0.00150607918562,0.302778503837,0.658985247782,0.815218344763,2.57983436034e-05,-0.00839063606799
168.5126712,0.0015247004526,0.302775085769,0.658981407737,0.815215228966,2.59119299971e-05,-0.00839052124752
168.5146841,0.00154336084727,0.302771658839,0.658977556912,0.815212104475,2.60271862432e-05,-0.00839040475316
168.5166969,0.00156206085162,0.302768222936,0.658973695171,0.815208971183,2.61441221139e-05,-0.00839028657224
168.5187098,0.00158080094825,0.302764777951,0.658969822378,0.815205828979,2.62627524357e-05,-0.0083901666919
168.5207227,0.00159958162155,0.302761323772,0.658965938398,0.815202677754,2.63830904136e-05,-0.0083900450991
168.5227356,0.00161840335628,0.302757860288,0.658962043094,0.815199517397,2.65051465419e-05,-0.00838992178061
168.5247485,0.00163726663823,0.302754387387,0.658958136329,0.815196347799,2.66289374586e-05,-0.008389796723
168.5267614,0.00165617195484,0.302750904959,0.658954217966,0.815193168849,2.67544753692e-05,-0.00838966991266
168.5287742,0.00167511979375,0.30274741289,0.658950287868,0.815189980435,2.68817720837e-05,-0.00838954133578
168.5307871,0.00169411064413,0.302743911069,0.658946345897,0.815186782447,2.70108452735e-05,-0.00838941097837
168.5328,0.00171314499644,0.302740399383,0.658942391913,0.815183574774,2.71417064084e-05,-0.00838927882624
168.5348129,0.0017322233415,0.302736877719,0.658938425779,0.815180357302,2.72743695365e-05,-0.00838914486499
168.5368258,0.00175134617189,0.302733345964,0.658934447356,0.81517712992,2.74088516021e-05,-0.00838900908003
168.5388387,0.00177051398095,0.302729804003,0.658930456503,0.815173892516,2.75451644423e-05,-0.00838887145659
168.5408515,0.00178972726306,0.302726251724,0.65892645308,0.815170644976,2.76833243623e-05,-0.00838873197966
168.5428644,0.00180898651426,0.302722689012,0.658922436948,0.815167387187,2.78233479552e-05,-0.00838859063406
168.5448773,0.00182829223123,0.302719115753,0.658918407965,0.815164119036,2.79652466588e-05,-0.0083884474044
168.5468902,0.0018476449116,0.302715531832,0.65891436599,0.815160840409,2.81090397541e-05,-0.00838830227506
168.5489031,0.00186704505503,0.302711937133,0.65891031088,0.81515755119,2.82547421934e-05,-0.00838815523024
168.5509159,0.00188649316148,0.302708331541,0.658906242495,0.815154251267,2.84023666941e-05,-0.00838800625391
168.5529288,0.00190598973237,0.302704714941,0.658902160691,0.815150940523,2.85519343368e-05,-0.00838785532985
168.5549417,0.00192553527083,0.302701087217,0.658898065324,0.815147618843,2.87034587435e-05,-0.00838770244162
168.5569546,0.00194513028028,0.302697448251,0.658893956252,0.815144286112,2.88569547085e-05,-0.00838754757254
168.5589675,0.00196477526606,0.302693797927,0.65888983333,0.815140942213,2.90124439203e-05,-0.00838739070574
168.5609804,0.00198447073482,0.302690136129,0.658885696414,0.81513758703,2.91699391018e-05,-0.00838723182413
168.5629932,0.00200421719362,0.302686462737,0.658881545358,0.815134220446,2.93294580626e-05,-0.00838707091039
168.5650061,0.00202401515182,0.302682777635,0.658877380017,0.815130842343,2.94910216538e-05,-0.00838690794699
168.567019,0.00204386511962,0.302679080705,0.658873200245,0.815127452605,2.96546423397e-05,-0.00838674291615
168.5690319,0.00206376760799,0.302675371827,0.658869005896,0.815124051112,2.98203417526e-05,-0.0083865757999
168.5710448,0.00208372313032,0.302671650883,0.658864796822,0.815120637747,2.99881384674e-05,-0.00838640658001
168.5730577,0.00210373220043,0.302667917754,0.658860572877,0.815117212391,3.01580459866e-05,-0.00838623523803
168.5750705,0.0021237953335,0.30266417232,0.658856333911,0.815113774924,3.03300888633e-05,-0.0083860617553
168.5770834,0.00214391304687,0.30266041446,0.658852079776,0.815110325226,3.05042835295e-05,-0.00838588611289
168.5790963,0.00216408585817,0.302656644054,0.658847810324,0.815106863179,3.06806455773e-05,-0.00838570829166
168.5811092,0.00218431428697,0.302652860983,0.658843525404,0.81510338866,3.08592010376e-05,-0.00838552827222
168.5831221,0.00220459885456,0.302649065123,0.658839224867,0.815099901549,3.10399647229e-05,-0.00838534603494
168.585135,0.00222494008266,0.302645256355,0.658834908562,0.815096401726,3.12229560674e-05,-0.00838516155994
168.5871478,0.00224533849527,0.302641434555,0.658830576338,0.815092889067,3.140819875e-05,-0.00838497482712
168.5891607,0.00226579461737,0.302637599602,0.658826228042,0.815089363451,3.15957091382e-05,-0.00838478581612
168.5911736,0.00228630897534,0.302633751372,0.658821863523,0.815085824756,3.17855093041e-05,-0.00838459450632
168.5931865,0.00230688209759,0.302629889742,0.658817482628,0.815082272857,3.19776228886e-05,-0.00838440087685
168.5951994,0.00232751451341,0.30262601459,0.658813085203,0.815078707632,3.21720641018e-05,-0.00838420490661
168.5972122,0.00234820675332,0.302622125791,0.658808671094,0.815075128957,3.23688607833e-05,-0.00838400657422
168.5992251,0.00236895935039,0.302618223219,0.658804240147,0.815071536706,3.25680331282e-05,-0.00838380585805
168.601238,0.00238977283808,0.302614306752,0.658799792207,0.815067930756,3.27695973144e-05,-0.00838360273621
168.6032509,0.00241064775174,0.302610376263,0.658795327117,0.81506431098,3.29735839507e-05,-0.00838339718655
168.6052638,0.00243158462886,0.302606431626,0.658790844722,0.815060677254,3.31800106277e-05,-0.00838318918665
168.6072767,0.0024525840073,0.302602472716,0.658786344864,0.81505702945,3.33888968389e-05,-0.00838297871382
168.6092895,0.00247364642737,0.302598499406,0.658781827387,0.815053367442,3.36002738788e-05,-0.00838276574512
168.6113024,0.00249477243101,0.302594511569,0.658777292131,0.815049691102,3.38141575181e-05,-0.00838255025729
168.6133153,0.0025159625607,0.302590509077,0.658772738939,0.815046000303,3.40305721301e-05,-0.00838233222686
168.6153282,0.00253721736182,0.302586491803,0.65876816765,0.815042294917,3.42495472214e-05,-0.00838211163002
168.6173411,0.00255853738076,0.302582459619,0.658763578106,0.815038574815,3.44710978648e-05,-0.00838188844273
168.619354,0.00257992316495,0.302578412395,0.658758970144,0.815034839868,3.46952546276e-05,-0.00838166264063
168.6213668,0.00260137526479,0.302574350002,0.658754343605,0.815031089945,3.49220428133e-05,-0.00838143419909
168.6233797,0.00262289423124,0.302570272311,0.658749698325,0.815027324917,3.51514790043e-05,-0.0083812030932
168.6253926,0.00264448061699,0.302566179191,0.658745034144,0.815023544653,3.53835983698e-05,-0.00838096929775
168.6274055,0.00266613497737,0.302562070512,0.658740350896,0.815019749021,3.56184222907e-05,-0.00838073278722
168.6294184,0.00268785786811,0.302557946142,0.658735648419,0.815015937891,3.585597061e-05,-0.00838049353583
168.6314313,0.00270964984735,0.302553805951,0.658730926549,0.815012111129,3.60962806292e-05,-0.00838025151748
168.6334441,0.00273151147535,0.302549649805,0.658726185119,0.815008268602,3.63393707336e-05,-0.00838000670575
168.635457,0.00275344331296,0.302545477573,0.658721423964,0.815004410178,3.65852671816e-05,-0.00837975907396
168.6374699,0.00277544592375,0.302541289121,0.658716642918,0.815000535723,3.68340014283e-05,-0.00837950859507
168.6394828,0.0027975198726,0.302537084316,0.658711841814,0.814996645101,3.70855973309e-05,-0.00837925524178
168.6414957,0.00281966572607,0.302532863023,0.658707020483,0.814992738179,3.73400823592e-05,-0.00837899898643
168.6435085,0.00284188405328,0.302528625109,0.658702178756,0.81498881482,3.75974899321e-05,-0.00837873980108
168.6455214,0.00286417542439,0.302524370438,0.658697316466,0.814984874888,3.78578369198e-05,-0.00837847765745
168.6475343,0.00288654041105,0.302520098874,0.658692433441,0.814980918247,3.81211626456e-05,-0.00837821252695
168.6495472,0.00290897958812,0.302515810282,0.658687529511,0.814976944759,3.83874937283e-05,-0.00837794438065
168.6515601,0.00293149353089,0.302511504525,0.658682604504,0.814972954287,3.86568500336e-05,-0.00837767318929
168.653573,0.00295408281697,0.302507181465,0.658677658249,0.814968946693,3.89292751023e-05,-0.00837739892331
168.6555858,0.00297674802663,0.302502840966,0.658672690572,0.814964921836,3.92047909802e-05,-0.00837712155276
168.6575987,0.00299948974055,0.302498482888,0.6586677013,0.814960879579,3.94834227108e-05,-0.00837684104741
168.6596116,0.00302230854244,0.302494107094,0.658662690258,0.81495681978,3.97652146072e-05,-0.00837655737664
168.6616245,0.00304520501798,0.302489713443,0.658657657272,0.814952742299,4.00501854676e-05,-0.00837627050951
168.6636374,0.00306817975353,0.302485301797,0.658652602166,0.814948646995,4.0338368024e-05,-0.00837598041474
168.6656503,0.00309123333895,0.302480872014,0.658647524762,0.814944533726,4.06298033232e-05,-0.00837568706067
168.6676631,0.00311436636539,0.302476423954,0.658642424883,0.814940402349,4.09245087716e-05,-0.00837539041529
168.669676,0.0031375794252,0.302471957476,0.658637302352,0.814936252721,4.12225268679e-05,-0.00837509044627
168.6716889,0.00316087311439,0.302467472437,0.65863215699,0.814932084699,4.15238914953e-05,-0.00837478712086
168.6737018,0.00318424802963,0.302462968695,0.658626988615,0.814927898138,4.18286222584e-05,-0.00837448040599
168.6757147,0.00320770476968,0.302458446107,0.658621797049,0.814923692893,4.21367687751e-05,-0.00837417026819
168.6777276,0.00323124393653,0.302453904528,0.65861658211,0.814919468818,4.24483582739e-05,-0.00837385667364
168.6797404,0.00325486613263,0.302449343816,0.658611343615,0.814915225767,4.27634153661e-05,-0.00837353958813
168.6817533,0.00327857196335,0.302444763824,0.658606081382,0.814910963594,4.30819927586e-05,-0.00837321897707
168.6837662,0.00330236203664,0.302440164407,0.658600795227,0.81490668215,4.3404112566e-05,-0.00837289480549
168.6857791,0.00332623696114,0.30243554542,0.658595484965,0.814902381288,4.37298098898e-05,-0.00837256703804
168.687792,0.00335019734874,0.302430906715,0.658590150411,0.814898060859,4.40591249173e-05,-0.00837223563895
168.6898048,0.00337424381301,0.302426248146,0.658584791378,0.814893720713,4.4392093915e-05,-0.00837190057209
168.6918177,0.00339837696947,0.302421569565,0.658579407681,0.8148893607,4.47287484273e-05,-0.00837156180091
168.6938306,0.00342259743672,0.302416870822,0.658573999129,0.81488498067,4.50691356616e-05,-0.00837121928846
168.6958435,0.00344690583463,0.302412151769,0.658568565536,0.81488058047,4.54132747697e-05,-0.00837087299738
168.6978564,0.00347130278488,0.302407412257,0.658563106711,0.814876159948,4.57612206873e-05,-0.00837052288991
168.6998693,0.00349578891295,0.302402652135,0.658557622463,0.814871718952,4.61130079901e-05,-0.00837016892785
168.7018821,0.0035203648449,0.302397871252,0.658552112602,0.814867257329,4.64686603444e-05,-0.00836981107262
168.703895,0.00354503120951,0.302393069456,0.658546576935,0.814862774923,4.68282390519e-05,-0.00836944928518
168.7059079,0.00356978863878,0.302388246595,0.658541015268,0.81485827158,4.71917711019e-05,-0.00836908352606
168.7079208,0.00359463776521,0.302383402518,0.658535427408,0.814853747144,4.75592881148e-05,-0.0083687137554
168.7099337,0.0036195792249,0.302378537069,0.65852981316,0.81484920146,4.79308522517e-05,-0.00836833993287
168.7119466,0.00364461365632,0.302373650095,0.658524172328,0.814844634368,4.83064850609e-05,-0.00836796201768
168.7139594,0.00366974169874,0.302368741441,0.658518504715,0.814840045713,4.86862300506e-05,-0.00836757996866
168.7159723,0.00369496399562,0.302363810951,0.658512810124,0.814835435335,4.90701438406e-05,-0.00836719374412
168.7179852,0.00372028119194,0.30235885847,0.658507088355,0.814830803076,4.94582455005e-05,-0.00836680330195
168.7199981,0.00374569393414,0.302353883841,0.658501339209,0.814826148774,4.98505936522e-05,-0.0083664085996
168.722011,0.00377120287299,0.302348886907,0.658495562486,0.81482147227,5.02472332414e-05,-0.008366009594
168.7240239,0.00379680866006,0.302343867508,0.658489757985,0.814816773402,5.06481865339e-05,-0.00836560624166
168.7260367,0.0038225119494,0.302338825487,0.658483925502,0.814812052007,5.10535230198e-05,-0.00836519849862
168.7280496,0.0038483133989,0.302333760684,0.658478064834,0.814807307923,5.14632768265e-05,-0.00836478632039
168.7300625,0.00387421366699,0.302328672939,0.658472175778,0.814802540986,5.18774778157e-05,-0.00836436966207
168.7320754,0.00390021341559,0.30232356209,0.658466258128,0.814797751031,5.22961999583e-05,-0.00836394847821
168.7340883,0.00392631330964,0.302318427977,0.658460311676,0.814792937893,5.27194690323e-05,-0.0083635227229
168.7361011,0.00395251401497,0.302313270437,0.658454336218,0.814788101406,5.31473317814e-05,-0.00836309234974
168.738114,0.00397881620113,0.302308089307,0.658448331543,0.814783241403,5.35798393053e-05,-0.00836265731181
168.7401269,0.00400522053981,0.302302884424,0.658442297442,0.814778357717,5.401704351e-05,-0.00836221756168
168.7421398,0.00403172770493,0.302297655622,0.658436233707,0.814773450178,5.44589817002e-05,-0.00836177305143
168.7441527,0.00405833837403,0.302292402737,0.658430140123,0.814768518618,5.49057191626e-05,-0.00836132373259
168.7461656,0.0040850532262,0.302287125604,0.658424016481,0.814763562867,5.53572764397e-05,-0.0083608695562
168.7481784,0.00411187294264,0.302281824054,0.658417862566,0.814758582753,5.58137298928e-05,-0.00836041047277
168.7501913,0.00413879820906,0.302276497922,0.658411678164,0.814753578106,5.62751240002e-05,-0.00835994643224
168.7522042,0.00416582971181,0.302271147039,0.658405463059,0.814748548752,5.6741486054e-05,-0.00835947738405
168.7542171,0.0041929681405,0.302265771236,0.658399217035,0.814743494518,5.72129019572e-05,-0.0083590032771
168.75623,0.00422021418852,0.302260370343,0.658392939874,0.81473841523,5.76894040186e-05,-0.0083585240597
168.7582429,0.00424756854981,0.302254944191,0.658386631358,0.814733310713,5.81710316059e-05,-0.00835803967965
168.7602557,0.00427503192259,0.302249492608,0.658380291266,0.814728180791,5.86578715559e-05,-0.00835755008416
168.7622686,0.00430260500787,0.302244015423,0.658373919379,0.814723025287,5.91499473858e-05,-0.00835705521987
168.7642815,0.00433028850756,0.302238512462,0.658367515474,0.814717844024,5.96473166064e-05,-0.00835655503289
168.7662944,0.00435808312854,0.302232983552,0.658361079328,0.814712636823,6.01500570358e-05,-0.00835604946871
168.7683073,0.00438598957945,0.302227428519,0.658354610717,0.814707403506,6.06581880267e-05,-0.00835553847224
168.7703202,0.00441400857065,0.302221847188,0.658348109416,0.814702143891,6.11717901744e-05,-0.00835502198783
168.772333,0.00444214081758,0.302216239384,0.658341575199,0.814696857797,6.16909227903e-05,-0.0083544999592
168.7743459,0.00447038703662,0.302210604929,0.658335007837,0.814691545044,6.22156098652e-05,-0.0083539723295
168.7763588,0.00449874794706,0.302204943647,0.658328407103,0.814686205447,6.27459484293e-05,-0.00835343904125
168.7783717,0.00452722427269,0.302199255359,0.658321772766,0.814680838824,6.32819806649e-05,-0.00835290003635
168.7803846,0.00455581673793,0.302193539886,0.658315104596,0.814675444989,6.38237419859e-05,-0.00835235525611
168.7823974,0.00458452607127,0.302187797049,0.658308402361,0.814670023757,6.43713359274e-05,-0.00835180464119
168.7844103,0.00461335300477,0.302182026666,0.658301665827,0.814664574941,6.49247914065e-05,-0.00835124813162
168.7864232,0.0046422982715,0.302176228556,0.658294894761,0.814659098354,6.54841706293e-05,-0.00835068566682
168.7884361,0.00467136260885,0.302170402537,0.658288088925,0.814653593808,6.60495383463e-05,-0.00835011718551
168.790449,0.00470054675683,0.302164548426,0.658281248084,0.814648061113,6.66209661588e-05,-0.0083495426258
168.7924619,0.0047298514579,0.302158666039,0.658274372,0.81464250008,6.71984996734e-05,-0.00834896192515
168.7944747,0.00475927745885,0.302152755191,0.658267460434,0.814636910516,6.77822279978e-05,-0.00834837502029
168.7964876,0.00478882550825,0.302146815696,0.658260513144,0.81463129223,6.83721712792e-05,-0.00834778184735
168.7985005,0.00481849635713,0.302140847367,0.65825352989,0.81462564503,6.896843549e-05,-0.00834718234177
168.8005134,0.00484829076175,0.302134850018,0.658246510428,0.814619968719,6.95710774336e-05,-0.00834657643825
168.8025263,0.00487820947917,0.30212882346,0.658239454514,0.814614263105,7.01801272902e-05,-0.00834596407085
168.8045392,0.00490825327023,0.302122767504,0.658232361904,0.81460852799,7.07957052598e-05,-0.00834534517293
168.806552,0.00493842290012,0.302116681959,0.658225232349,0.814602763178,7.14178490395e-05,-0.0083447196771
168.8085649,0.00496871913475,0.302110566635,0.658218065604,0.81459696847,7.20466069898e-05,-0.00834408751531
168.8105778,0.00499914274496,0.30210442134,0.658210861418,0.814591143669,7.26821002801e-05,-0.00834344861876
168.8125907,0.00502969450483,0.302098245882,0.65820361954,0.814585288573,7.33243527262e-05,-0.00834280291789
168.8146036,0.00506037518953,0.302092040066,0.65819633972,0.814579402982,7.39734401266e-05,-0.00834215034248
168.8166165,0.00509118557996,0.302085803698,0.658189021704,0.814573486693,7.4629469347e-05,-0.0083414908215
168.8186293,0.0051221264591,0.302079536582,0.658181665238,0.814567539504,7.5292457441e-05,-0.00834082428318
168.8206422,0.00515319861189,0.302073238523,0.658174270066,0.814561561212,7.59625151487e-05,-0.00834015065505
168.8226551,0.0051844028292,0.302066909322,0.658166835931,0.814555551609,7.66397205205e-05,-0.00833946986378
168.824668,0.00521573990297,0.302060548782,0.658159362575,0.814549510491,7.73240973315e-05,-0.00833878183532
168.8266809,0.00524721062853,0.302054156704,0.658151849739,0.81454343765,7.80157810068e-05,-0.00833808649486
168.8286937,0.00527881580641,0.302047732886,0.65814429716,0.814537332878,7.87148229431e-05,-0.00833738376673
168.8307066,0.00531055623789,0.302041277129,0.658136704578,0.814531195966,7.94212639875e-05,-0.00833667357453
168.8327195,0.00534243272895,0.30203478923,0.658129071727,0.814525026703,8.01352490134e-05,-0.00833595584101
168.8347324,0.0053744460897,0.302028268986,0.658121398344,0.814518824878,8.0856808716e-05,-0.00833523048811
168.8367453,0.00540659713147,0.302021716193,0.658113684161,0.814512590278,8.15860257775e-05,-0.00833449743698
168.8387582,0.00543888667046,0.302015130647,0.658105928911,0.814506322689,8.23229824976e-05,-0.0083337566079
168.840771,0.00547131552612,0.30200851214,0.658098132324,0.814500021898,8.30677748316e-05,-0.00833300792033
168.8427839,0.0055038845205,0.302001860468,0.65809029413,0.814493687687,8.38204604691e-05,-0.00833225129289
168.8447968,0.00553659448081,0.30199517542,0.658082414057,0.81448731984,8.45811600876e-05,-0.0083314866433
168.8468097,0.00556944623625,0.30198845679,0.65807449183,0.81448091814,8.53498901581e-05,-0.00833071388844
168.8488226,0.00560244061887,0.301981704366,0.658066527176,0.814474482366,8.61267978081e-05,-0.00832993294437
168.8508355,0.00563557846679,0.301974917938,0.658058519817,0.814468012298,8.69119551315e-05,-0.00832914372615
168.8528483,0.00566886061904,0.301968097293,0.658050469476,0.814461507715,8.77053934534e-05,-0.00832834614805
168.8548612,0.00570228791897,0.30196124222,0.658042375873,0.814454968395,8.85072810375e-05,-0.00832754012341
168.8568741,0.00573586121503,0.301954352504,0.658034238728,0.814448394113,8.93176604106e-05,-0.0083267255646
168.858887,0.00576958135643,0.301947427929,0.658026057757,0.814441784644,9.01365901097e-05,-0.00832590238317
168.8608999,0.0058034491981,0.301940468281,0.658017832679,0.814435139764,9.09642393217e-05,-0.00832507048967
168.8629128,0.0058374655987,0.301933473341,0.658009563205,0.814428459243,9.18006289935e-05,-0.00832422979371
168.8649256,0.00587163141814,0.301926442893,0.658001249052,0.814421742854,9.26458588913e-05,-0.00832338020401
168.8669385,0.00590594752294,0.301919376715,0.657992889929,0.814414990366,9.35000758996e-05,-0.00832252162826
168.8689514,0.00594041478198,0.301912274589,0.657984485546,0.81440820155,9.43632902274e-05,-0.00832165397322
168.8709643,0.00597503406647,0.301905136293,0.657976035614,0.814401376174,9.52356541918e-05,-0.00832077714469
168.8729772,0.00600980625437,0.301897961605,0.657967539837,0.814394514003,9.61172703608e-05,-0.00831989104742
168.87499,0.00604473222493,0.301890750301,0.657958997923,0.814387614803,9.70081586783e-05,-0.00831899558522
168.8770029,0.00607981286125,0.301883502156,0.657950409574,0.814380678339,9.79085083594e-05,-0.00831809066089
168.8790158,0.00611504905245,0.301876216945,0.657941774493,0.814373704374,9.88183809909e-05,-0.00831717617615
168.8810287,0.00615044168847,0.301868894441,0.657933092381,0.814366692669,9.97378219202e-05,-0.00831625203177
168.8830416,0.00618599166471,0.301861534417,0.657924362937,0.814359642985,0.000100667034094,-0.00831531812743
168.8850545,0.00622169988127,0.301854136642,0.657915585858,0.814352555082,0.000101606047189,-0.00831437436175
168.8870673,0.00625756723965,0.301846700888,0.65790676084,0.814345428716,0.000102554970176,-0.00831342063236
168.8890802,0.00629359464693,0.301839226923,0.657897887578,0.814338263646,0.000103513910746,-0.00831245683575
168.8910931,0.00632978301404,0.301831714514,0.657888965763,0.814331059627,0.000104482991956,-0.00831148286733
168.893106,0.00636613325474,0.301824163429,0.657879995088,0.814323816412,0.000105462290051,-0.00831049862148
168.8951189,0.00640264628876,0.301816573432,0.65787097524,0.814316533755,0.000106451967706,-0.00830950399138
168.8971318,0.00643932303814,0.301808944287,0.657861905908,0.814309211407,0.000107452032016,-0.00830849886915
168.8991446,0.00647616442819,0.301801275758,0.657852786778,0.814301849119,0.000108462687577,-0.00830748314583
168.9011575,0.00651317139115,0.301793567606,0.657843617534,0.814294446639,0.000109484025337,-0.00830645671119
168.9031704,0.0065503448603,0.301785819593,0.657834397858,0.814287003715,0.00011051607432,-0.00830541945398
168.9051833,0.00658768577391,0.301778031478,0.657825127431,0.814279520094,0.000111559070442,-0.00830437126173
168.9071962,0.00662519507606,0.301770203018,0.657815805933,0.81427199552,0.000112613059358,-0.00830331202076
168.9092091,0.0066628737117,0.301762333972,0.65780643304,0.814264429737,0.000113678110656,-0.0083022416163
168.9112219,0.00670072263236,0.301754424095,0.657797008428,0.814256822487,0.000114754460975,-0.0083011599323
168.9132348,0.0067387427938,0.301746473141,0.657787531771,0.814249173512,0.000115842122787,-0.0083000668515
168.9152477,0.00677693515322,0.301738480866,0.657778002742,0.81424148255,0.00011694122735,-0.0082989622555
168.9172606,0.00681530067542,0.301730447019,0.65776842101,0.814233749339,0.000118051976938,-0.00829784602456
168.9192735,0.00685384032785,0.301722371354,0.657758786243,0.814225973617,0.000119174367235,-0.00829671803774
168.9212863,0.00689255508066,0.301714253619,0.657749098109,0.814218155119,0.000120308608169,-0.00829557817288
168.9232992,0.00693144591169,0.301706093564,0.657739356273,0.814210293578,0.000121454834454,-0.00829442630646
168.9253121,0.00697051380027,0.301697890935,0.657729560397,0.814202388727,0.000122613055873,-0.00829326231374
168.927325,0.00700975973012,0.301689645479,0.657719710143,0.814194440298,0.000123783537314,-0.00829208606868
168.9293379,0.00704918469186,0.301681356941,0.65770980517,0.814186448019,0.00012496635102,-0.00829089744385
168.9313508,0.00708878967703,0.301673025063,0.657699845136,0.81417841162,0.000126161544461,-0.00828969631061
168.9333636,0.00712857568339,0.301664649589,0.657689829696,0.814170330826,0.000127369402493,-0.0082884825389
168.9353765,0.00716854371409,0.30165623026,0.657679758504,0.814162205364,0.000128589948611,-0.0082872559973
168.9373894,0.00720869477389,0.301647766814,0.657669631212,0.814154034956,0.000129823321702,-0.0082860165531
168.9394023,0.00724902987381,0.301639258992,0.65765944747,0.814145819325,0.000131069677751,-0.00828476407215
168.9414152,0.00728955002953,0.301630706529,0.657649206927,0.814137558193,0.000132329156872,-0.00828349841889
168.9434281,0.0073302562596,0.301622109161,0.657638909227,0.814129251278,0.000133601867544,-0.00828221945642
168.9454409,0.00737114958964,0.301613466624,0.657628554017,0.814120898298,0.000134888028455,-0.00828092704632
168.9474538,0.0074122310478,0.30160477865,0.657618140936,0.81411249897,0.000136187627783,-0.00827962104881
168.9494667,0.00745350166597,0.301596044971,0.657607669628,0.814104053009,0.000137500950709,-0.00827830132267
168.9514796,0.00749496248395,0.301587265317,0.657597139728,0.814095560127,0.000138828111211,-0.0082769677251
168.9534925,0.00753661454273,0.301578439418,0.657586550874,0.814087020036,0.000140169129789,-0.00827562011196
168.9555054,0.00757845888896,0.301569567002,0.657575902701,0.814078432448,0.000141524337936,-0.00827425833753
168.9575182,0.00762049657591,0.301560647795,0.65756519484,0.814069797069,0.000142893780771,-0.00827288225456
168.9595311,0.00766272865788,0.301551681522,0.657554426922,0.814061113609,0.000144277539078,-0.00827149171436
168.961544,0.0077051561966,0.301542667906,0.657543598576,0.814052381771,0.000145675944611,-0.00827008656662
168.9635569,0.00774778025866,0.301533606671,0.657532709426,0.81404360126,0.000147088991872,-0.00826866665946
168.9655698,0.00779060191227,0.301524497536,0.657521759099,0.814034771779,0.000148516853576,-0.00826723183954
168.9675826,0.00783362223428,0.301515340222,0.657510747216,0.814025893028,0.000149959808989,-0.00826578195179
168.9695955,0.00787684230459,0.301506134446,0.657499673396,0.814016964705,0.000151417826656,-0.00826431683958
168.9716084,0.00792026320611,0.301496879926,0.657488537259,0.81400798651,0.000152891196662,-0.00826283634474
168.9736213,0.00796388603055,0.301487576377,0.657477338419,0.813998958137,0.000154380095944,-0.00826134030731
168.9756342,0.00800771187127,0.301478223511,0.657466076491,0.813989879281,0.000155884513473,-0.00825982856578
168.9776471,0.00805174182666,0.301468821043,0.657454751086,0.813980749634,0.000157404820997,-0.008258300957
168.9796599,0.00809597700291,0.301459368682,0.657443361814,0.813971568887,0.000158941100822,-0.00825675731597
168.9816728,0.00814041850729,0.301449866138,0.657431908282,0.813962336731,0.000160493397711,-0.00825519747616
168.9836857,0.0081850674541,0.30144031312,0.657420390096,0.813953052851,0.000162062112466,-0.00825362126922
168.9856986,0.00822992496379,0.301430709333,0.657408806858,0.813943716935,0.000163647253417,-0.00825202852504
168.9877115,0.00827499215862,0.301421054483,0.657397158169,0.813934328665,0.000165248982448,-0.00825041907184
168.9897244,0.0083202701679,0.301411348274,0.657385443627,0.813924887726,0.000166867569865,-0.008248792736
168.9917372,0.00836576012649,0.301401590408,0.65737366283,0.813915393798,0.000168503122057,-0.00824714934208
168.9937501,0.0084114631721,0.301391780585,0.657361815371,0.813905846559,0.000170155811232,-0.00824548871294
168.995763,0.00845738045074,0.301381918504,0.657349900843,0.813896245687,0.000171825930928,-0.00824381066944
168.9977759,0.0085035131112,0.301372003863,0.657337918834,0.813886590858,0.00017351343485,-0.00824211503071
168.9997888,0.00854986230655,0.301362036359,0.657325868932,0.813876881745,0.000175218721591,-0.00824040161405
169.0018017,0.00859642919879,0.301352015684,0.657313750723,0.813867118021,0.000176941932918,-0.00823867023468
169.0038145,0.00864321495128,0.301341941534,0.657301563789,0.813857299356,0.000178683070116,-0.00823692070613
169.0058274,0.00869022073381,0.301331813599,0.65728930771,0.813847425418,0.000180442600176,-0.00823515283991
169.0078403,0.00873744772365,0.301321631568,0.657276982065,0.813837495874,0.000182220560757,-0.0082333664455
169.0098532,0.00878489709925,0.30131139513,0.65726458643,0.813827510389,0.000184017042554,-0.00823156133061
169.0118661,0.00883257004746,0.301301103973,0.657252120378,0.813817468626,0.000185832511899,-0.0082297373008
169.0138789,0.00888046776066,0.301290757781,0.65723958348,0.813807370247,0.000187666929725,-0.00822789415963
169.0158918,0.00892859143304,0.301280356237,0.657226975306,0.81379721491,0.00018952052342,-0.0082260317088
169.0179047,0.00897694226858,0.301269899025,0.65721429542,0.813787002274,0.000191393679664,-0.00822414974776
169.0199176,0.00902552147471,0.301259385823,0.657201543388,0.813776731994,0.000193286319602,-0.00822224807398
169.0219305,0.00907433026226,0.301248816311,0.657188718771,0.813766403724,0.000195198845278,-0.00822032648294
169.0239434,0.00912336985204,0.301238190166,0.657175821127,0.813756017116,0.000197131489146,-0.00821838476779
169.0259562,0.0091726414667,0.301227507063,0.657162850014,0.81374557182,0.000199084201972,-0.00821642271975
169.0279691,0.00922214633458,0.301216766677,0.657149804986,0.813735067485,0.000201057506885,-0.00821444012784
169.029982,0.00927188569286,0.30120596868,0.657136685594,0.813724503756,0.000203051493712,-0.0082124367788
169.0319949,0.00932186077991,0.301195112741,0.657123491387,0.813713880279,0.00020506619568,-0.00821041245733
169.0340078,0.0093720728421,0.301184198531,0.657110221914,0.813703196694,0.000207102178223,-0.00820836694584
169.0360207,0.00942252313268,0.301173225715,0.657096876716,0.813692452644,0.000209159419486,-0.00820630002443
169.0380335,0.00947321290695,0.30116219396,0.657083455336,0.813681647766,0.000211238105471,-0.0082042114711
169.0400464,0.00952414342825,0.30115110293,0.657069957314,0.813670781698,0.000213338678255,-0.00820210106147
169.0420593,0.00957531596628,0.301139952286,0.657056382186,0.813659854073,0.000215461170559,-0.0081999685688
169.0440722,0.0096267317936,0.301128741689,0.657042729485,0.813648864525,0.000217605852346,-0.00819781376417
169.0460851,0.00967839219243,0.301117470798,0.657028998744,0.813637812683,0.0002197731173,-0.00819563641614
169.048098,0.0097302984481,0.30110613927,0.65701518949,0.813626698177,0.000221962859802,-0.00819343629097
169.0501108,0.0097824518507,0.30109474676,0.65700130125,0.813615520635,0.000224175638598,-0.00819121315262
169.0521237,0.00983485370044,0.301083292921,0.656987333548,0.813604279678,0.000226411628404,-0.0081889667624
169.0541366,0.00988750529906,0.301071777405,0.656973285904,0.813592974931,0.000228670793591,-0.00818669687936
169.0561495,0.00994040795555,0.301060199863,0.656959157837,0.813581606015,0.000230953793799,-0.00818440326005
169.0581624,0.00999356298733,0.301048559942,0.656944948861,0.813570172546,0.00023326064707,-0.00818208565837
169.0601752,0.0100469717131,0.301036857288,0.656930658491,0.813558674143,0.000235591450141,-0.00817974382593
169.0621881,0.0101006354612,0.301025091547,0.656916286235,0.813547110419,0.000237946860353,-0.00817737751162
169.064201,0.0101545555661,0.301013262361,0.656901831601,0.813535480985,0.000240326779996,-0.00817498646174
169.0662139,0.0102087333641,0.301001369371,0.656887294095,0.813523785454,0.000242731508668,-0.0081725704202
169.0682268,0.0102631702029,0.300989412217,0.656872673217,0.813512023432,0.000245161583445,-0.00817012912802
169.0702397,0.010317867434,0.300977390535,0.656857968467,0.813500194524,0.000247616846042,-0.00816766232369
169.0722525,0.0103728264124,0.300965303962,0.656843179341,0.813488298336,0.000250097855418,-0.00816516974314
169.0742654,0.0104280485048,0.300953152131,0.656828305332,0.813476334468,0.00025260491713,-0.00816265111932
169.0762783,0.0104835350796,0.300940934673,0.656813345931,0.81346430252,0.000255137915879,-0.00816010618266
169.0782912,0.010539287512,0.300928651219,0.656798300627,0.813452202089,0.000257697589888,-0.00815753466085
169.0803041,0.0105953071867,0.300916301397,0.656783168903,0.81344003277,0.000260284030581,-0.00815493627854
169.082317,0.01065159549,0.300903884833,0.656767950242,0.813427794156,0.000262897244402,-0.00815231075788
169.0843298,0.0107081538173,0.300891401151,0.656752644124,0.813415485837,0.000265538031208,-0.008149657818
169.0863427,0.0107649835715,0.300878849974,0.656737250023,0.813403107401,0.000268206314518,-0.0081469771751
169.0883556,0.0108220861577,0.300866230923,0.656721767415,0.813390658436,0.000270902309998,-0.0081442685427
169.0903685,0.0108794629907,0.300853543615,0.656706195769,0.813378138524,0.000273626696781,-0.00814153163121
169.0923814,0.0109371154919,0.300840787667,0.656690534553,0.813365547248,0.000276379387819,-0.00813876614807
169.0943943,0.0109950450857,0.300827962695,0.656674783231,0.813352884186,0.000279160795845,-0.00813597179794
169.0964071,0.011053253208,0.30081506831,0.656658941264,0.813340148916,0.000281971448677,-0.00813314828215
169.09842,0.0111117412977,0.300802104124,0.656643008112,0.813327341013,0.00028481114226,-0.00813029529921
169.1004329,0.0111705107992,0.300789069746,0.65662698323,0.813314460049,0.000287680662171,-0.00812741254458
169.1024458,0.0112295631685,0.300775964782,0.656610866069,0.813301505593,0.000290580221293,-0.00812449971036
169.1044587,0.011288899863,0.300762788837,0.65659465608,0.813288477214,0.000293509718467,-0.00812155648578
169.1064715,0.0113485223483,0.300749541515,0.65657835271,0.813275374478,0.000296470087977,-0.00811858255681
169.1084844,0.0114084320996,0.300736222414,0.6565619554,0.813262196947,0.000299461307765,-0.00811557760607
169.1104973,0.0114686305936,0.300722831136,0.656545463591,0.813248944182,0.000302483472389,-0.00811254131322
169.1125102,0.0115291193174,0.300709367276,0.656528876721,0.813235615741,0.000305537511009,-0.00810947335446
169.1145231,0.0115898997653,0.300695830429,0.656512194223,0.81322221118,0.000308623227662,-0.00810637340264
169.116536,0.0116509734339,0.300682220188,0.656495415528,0.813208730053,0.00031174101745,-0.00810324112757
169.1185488,0.0117123418322,0.300668536143,0.656478540063,0.813195171911,0.000314891628711,-0.00810007619536
169.1205617,0.0117740064733,0.300654777883,0.656461567252,0.813181536303,0.000318074773763,-0.00809687826886
169.1225746,0.0118359688748,0.300640944996,0.656444496518,0.813167822774,0.000321291232196,-0.00809364700765
169.1245875,0.0118982305671,0.300627037063,0.656427327277,0.813154030868,0.000324541405919,-0.00809038206751
169.1266004,0.0119607930825,0.300613053669,0.656410058944,0.813140160127,0.000327825069696,-0.00808708310097
169.1286133,0.0120236579608,0.300598994393,0.656392690932,0.813126210089,0.000331143268154,-0.00808374975706
169.1306261,0.0120868267528,0.300584858814,0.656375222647,0.813112180291,0.000334496082772,-0.00808038168095
169.132639,0.0121503010109,0.300570646507,0.656357653494,0.813098070266,0.000337883467873,-0.00807697851455
169.1346519,0.0122140822974,0.300556357046,0.656339982876,0.813083879546,0.000341306557917,-0.00807353989596
169.1366648,0.0122781721836,0.300541990003,0.65632221019,0.813069607658,0.000344765182837,-0.00807006545948
169.1386777,0.0123425722428,0.300527544947,0.656304334831,0.81305525413,0.00034825959568,-0.00806655483602
169.1406906,0.0124072840596,0.300513021445,0.65628635619,0.813040818485,0.00035179080019,-0.00806300765251
169.1427034,0.0124723092255,0.300498419063,0.656268273655,0.813026300243,0.000355358521452,-0.00805942353205
169.1447163,0.0125376493355,0.300483737363,0.656250086612,0.813011698924,0.000358963380375,-0.0080558020942
169.1467292,0.0126033059976,0.300468975907,0.656231794441,0.812997014042,0.000362606084558,-0.00805214295429
169.1487421,0.0126692808231,0.300454134252,0.656213396519,0.81298224511,0.000366286270732,-0.00804844572399
169.150755,0.0127355754296,0.300439211955,0.656194892222,0.812967391641,0.000370005046597,-0.00804471001111
169.1527678,0.0128021914474,0.30042420857,0.656176280919,0.81295245314,0.000373762667766,-0.00804093541914
169.1547807,0.0128691305084,0.300409123649,0.656157561979,0.812937429113,0.000377558922173,-0.00803712154793
169.1567936,0.012936394254,0.300393956741,0.656138734764,0.812922319064,0.000381395136511,-0.00803326799313
169.1588065,0.0130039843361,0.300378707393,0.656119798635,0.81290712249,0.000385271215192,-0.00802937434612
169.1608194,0.013071902408,0.30036337515,0.656100752949,0.812891838891,0.000389187235191,-0.0080254401945
169.1628323,0.0131401501352,0.300347959556,0.656081597059,0.812876467759,0.000393144513402,-0.00802146512145
169.1648451,0.0132087291909,0.30033246015,0.656062330313,0.812861008586,0.000397142693848,-0.00801744870587
169.166858,0.0132776412509,0.300316876471,0.656042952059,0.812845460862,0.000401182298135,-0.00801339052278
169.1688709,0.0133468880048,0.300301208053,0.656023461637,0.812829824072,0.000405264372222,-0.00800929014245
169.1708838,0.013416471147,0.300285454431,0.656003858386,0.8128140977,0.00040938842192,-0.008005147131
169.1728967,0.0134863923768,0.300269615137,0.655984141642,0.812798281226,0.000413555537925,-0.0080009610504
169.1749096,0.0135566534076,0.300253689697,0.655964310735,0.812782374128,0.000417766249289,-0.00799673145773
169.1769224,0.0136272559553,0.300237677638,0.655944364993,0.81276637588,0.000422020152607,-0.00799245790594
169.1789353,0.0136982017439,0.300221578486,0.65592430374,0.812750285955,0.00042631872995,-0.0079881399435
169.1809482,0.0137694925097,0.30020539176,0.655904126294,0.812734103822,0.000430662032229,-0.00798377711395
169.1829611,0.0138411299909,0.300189116981,0.655883831972,0.812717828947,0.000435049920642,-0.0079793689567
169.184974,0.0139131159368,0.300172753664,0.655863420088,0.812701460793,0.000439484008228,-0.00797491500626
169.1869869,0.0139854521065,0.300156301325,0.655842889947,0.812684998821,0.000443963970189,-0.00797041479231
169.1889997,0.0140581402611,0.300139759475,0.655822240857,0.81266844249,0.000448490108236,-0.00796586784024
169.1910126,0.0141311821753,0.300123127623,0.655801472118,0.812651791252,0.000453063866963,-0.00796127367025
169.1930255,0.0142045796308,0.300106405276,0.655780583024,0.81263504456,0.000457684684321,-0.00795663179776
169.1950384,0.0142783344128,0.30008959194,0.655759572872,0.812618201864,0.000462353484312,-0.00795194173367
169.1970513,0.0143524483216,0.300072687116,0.655738440948,0.812601262607,0.000467071215624,-0.00794720298344
169.1990641,0.0144269231612,0.300055690302,0.655717186538,0.812584226234,0.000471837262274,-0.00794241504788
169.201077,0.0145017607423,0.300038600998,0.655695808924,0.812567092185,0.000476653190451,-0.00793757742291
169.2030899,0.0145769628898,0.300021418696,0.655674307381,0.812549859895,0.000481519301192,-0.00793268959889
169.2051028,0.0146525314307,0.300004142888,0.655652681184,0.812532528799,0.000486435200605,-0.00792775106155
169.2071157,0.0147284682021,0.299986773066,0.655630929602,0.812515098327,0.000491402777102,-0.00792276129133
169.2091286,0.0148047750532,0.299969308713,0.655609051898,0.812497567907,0.000496421808176,-0.00791771976315
169.2111414,0.0148814538345,0.299951749317,0.655587047335,0.812479936964,0.00050149232633,-0.00791262594718
169.2131543,0.0149585064102,0.299934094358,0.655564915169,0.812462204919,0.00050661620261,-0.00790747930788
169.2151672,0.0150359346531,0.299916343314,0.655542654652,0.812444371189,0.000511792825815,-0.00790227930436
169.2171801,0.0151137404388,0.299898495663,0.655520265034,0.812426435192,0.000517022885343,-0.00789702539068
169.219193,0.0151919256582,0.299880550879,0.655497745559,0.812408396337,0.000522307847527,-0.00789171701495
169.2212059,0.0152704922076,0.299862508432,0.655475095465,0.812390254035,0.000527646893744,-0.00788635361996
169.2232187,0.015349441989,0.299844367793,0.655452313991,0.812372007692,0.000533041554483,-0.00788093464318
169.2252316,0.0154287769196,0.299826128425,0.655429400366,0.812353656708,0.00053849252674,-0.00787545951589
169.2272445,0.0155084989197,0.299807789794,0.655406353819,0.812335200485,0.000543999123979,-0.00786992766414
169.2292574,0.0155886099185,0.299789351359,0.655383173574,0.812316638418,0.000549563453915,-0.00786433850822
169.2312703,0.015669111859,0.299770812578,0.655359858848,0.812297969899,0.000555185501899,-0.00785869146221
169.2332832,0.0157500066866,0.299752172907,0.655336408856,0.812279194319,0.000560865186698,-0.00785298593484
169.235296,0.0158312963584,0.299733431798,0.655312822809,0.812260311063,0.000566603936027,-0.0078472213287
169.2373089,0.0159129828403,0.299714588701,0.655289099912,0.812241319515,0.000572402406364,-0.00784139704042
169.2393218,0.0159950681059,0.299695643064,0.655265239367,0.812222219055,0.000578260330787,-0.00783551246069
169.2413347,0.0160775541398,0.29967659433,0.655241240371,0.812203009058,0.000584179717477,-0.00782956697395
169.2433476,0.016160442935,0.299657441941,0.655217102115,0.812183688897,0.000590159697343,-0.00782355995854
169.2453604,0.0162437364889,0.299638185337,0.65519282379,0.812164257944,0.000596201578141,-0.00781749078699
169.2473733,0.0163274368153,0.299618823952,0.655168404577,0.812144715563,0.000602306654506,-0.00781135882494
169.2493862,0.0164115459321,0.299599357221,0.655143843655,0.812125061117,0.000608473915182,-0.00780516343214
169.2513991,0.016496065865,0.299579784574,0.655119140202,0.812105293968,0.000614705580161,-0.00779890396206
169.253412,0.0165809986551,0.299560105437,0.655094293384,0.812085413468,0.000621001994672,-0.00779257976121
169.2554249,0.0166663463459,0.299540319237,0.655069302368,0.812065418973,0.000627362473501,-0.00778619017015
169.2574377,0.0167521109923,0.299520425396,0.655044166316,0.812045309831,0.000633789710313,-0.00777973452274
169.2594506,0.0168382946621,0.299500423331,0.655018884381,0.812025085386,0.000640283271867,-0.00777321214582
169.2614635,0.0169248994253,0.29948031246,0.654993455719,0.812004744984,0.000646843101257,-0.00776662236024
169.2634764,0.0170119273664,0.299460092196,0.654967879473,0.81198428796,0.000653471862746,-0.00775996447958
169.2654893,0.0170993805797,0.299439761948,0.654942154786,0.811963713651,0.000660168544505,-0.00775323781059
169.2675022,0.0171872611625,0.299419321126,0.654916280797,0.811943021389,0.000666934058785,-0.00774644165371
169.269515,0.0172755712293,0.299398769133,0.654890256637,0.8119222105,0.000673770466987,-0.00773957530175
169.2715279,0.0173643129004,0.29937810537,0.654864081434,0.81190128031,0.000680676447152,-0.00773263804079
169.2735408,0.0174534883021,0.299357329238,0.654837754313,0.811880230141,0.000687654152802,-0.00772562915019
169.2755537,0.0175430995781,0.299336440131,0.654811274389,0.811859059307,0.000694704502994,-0.00771854790145
169.2775666,0.0176331488751,0.299315437442,0.654784640778,0.811837767124,0.000701826368073,-0.00771139355944
169.2795795,0.0177236383499,0.299294320562,0.654757852588,0.811816352902,0.000709022751785,-0.00770416538172
169.2815923,0.0178145701743,0.299273088875,0.654730908922,0.811794815946,0.000716293516585,-0.00769686261799
169.2836052,0.0179059465229,0.299251741768,0.654703808878,0.811773155559,0.000723638453397,-0.00768948451117
169.2856181,0.0179977695834,0.29923027862,0.654676551551,0.81175137104,0.000731059476483,-0.00768203029641
169.287631,0.0180900415529,0.299208698808,0.65464913603,0.811729461685,0.000738557327314,-0.0076744992013
169.2896439,0.0181827646371,0.299187001709,0.654621561399,0.811707426785,0.000746132013145,-0.00766689044594
169.2916567,0.0182759410541,0.299165186693,0.654593826735,0.811685265626,0.000753785842262,-0.00765920324246
169.2936696,0.018369573031,0.299143253129,0.654565931111,0.811662977494,0.00076151758426,-0.0076514367953
169.2956825,0.0184636627997,0.299121200382,0.654537873599,0.811640561668,0.000769329048328,-0.00764359030158
169.2976954,0.0185582126104,0.299099027814,0.65450965326,0.811618017424,0.000777222023217,-0.00763566294965
169.2997083,0.0186532247179,0.299076734786,0.654481269153,0.811595344035,0.000785194886732,-0.00762765392042
169.3017212,0.0187487013853,0.299054320652,0.654452720331,0.811572540771,0.000793250792514,-0.0076195623869
169.303734,0.0188446448929,0.299031784766,0.654424005842,0.811549606893,0.000801390121509,-0.00761138751322
169.3057469,0.0189410575236,0.299009126477,0.654395124728,0.811526541665,0.000809611729866,-0.00760312845607
169.3077598,0.0190379415729,0.298986345133,0.654366076029,0.811503344344,0.000817919466768,-0.0075947843636
169.3097727,0.0191352993505,0.298963440075,0.654336858774,0.81148001418,0.000826312558486,-0.00758635437515
169.3117856,0.0192331331684,0.298940410646,0.654307471992,0.811456550424,0.00083479078587,-0.00757783762243
169.3137985,0.0193314453549,0.298917256182,0.654277914704,0.811432952322,0.000843357949812,-0.00756923322802
169.3158113,0.0194302382487,0.298893976015,0.654248185926,0.811409219113,0.000852012417651,-0.00756054030584
169.3178242,0.019529514192,0.298870569478,0.654218284671,0.811385350036,0.00086075539801,-0.00755175796184
169.3198371,0.019629275546,0.298847035898,0.654188209942,0.811361344322,0.000869589796138,-0.00754288529234
169.32185,0.0197295246781,0.298823374597,0.65415796074,0.811337201201,0.000878513517302,-0.00753392138519
169.3238629,0.0198302639627,0.298799584898,0.65412753606,0.811312919899,0.00088752959911,-0.00752486531973
169.3258758,0.0199314957927,0.298775666116,0.65409693489,0.811288499635,0.000896639254542,-0.00751571616537
169.3278886,0.0200332225649,0.298751617568,0.654066156215,0.811263939626,0.000905840668931,-0.00750647298318
169.3299015,0.0201354466868,0.298727438563,0.654035199013,0.811239239086,0.00091513813047,-0.00749713482501
169.3319144,0.0202381705828,0.298703128409,0.654004062255,0.811214397222,0.00092453128708,-0.00748770073277
169.3339273,0.02034139668,0.298678686409,0.65397274491,0.81118941324,0.000934019722669,-0.00747816973987
169.3359402,0.0204451274198,0.298654111866,0.653941245937,0.811164286339,0.000943606045035,-0.00746854086989
169.337953,0.0205493652546,0.298629404075,0.653909564294,0.811139015714,0.000953291176211,-0.00745881313686
169.3399659,0.0206541126455,0.298604562333,0.653877698931,0.811113600559,0.000963074992748,-0.00744898554541
169.3419788,0.0207593720677,0.298579585927,0.65384564879,0.81108804006,0.000972960808201,-0.00743905709013
169.3439917,0.020865146006,0.298554474146,0.653813412811,0.8110623334,0.0009829466059,-0.00742902675591
169.3460046,0.0209714369507,0.298529226275,0.653780989927,0.81103647976,0.000993034895725,-0.00741889351841
169.3480175,0.021078247412,0.298503841592,0.653748379064,0.811010478312,0.00100322815607,-0.00740865634227
169.3500303,0.0211855799052,0.298478319374,0.653715579144,0.810984328227,0.00101352382988,-0.00739831418275
169.3520432,0.0212934369547,0.298452658897,0.653682589082,0.810958028673,0.00102392640533,-0.00738786598518
169.3540561,0.0214018211039,0.298426859427,0.653649407788,0.810931578809,0.00103443627816,-0.00737731068372
169.356069,0.0215107348988,0.298400920234,0.653616034164,0.810904977794,0.0010450515925,-0.00736664720314
169.3580819,0.0216201808994,0.298374840578,0.65358246711,0.81087822478,0.00105577785655,-0.00735587445751
169.3600948,0.0217301616812,0.29834861972,0.653548705515,0.810851318915,0.00106661375756,-0.00734499134979
169.3621076,0.0218406798222,0.298322256916,0.653514748266,0.810824259345,0.00107755879873,-0.00733399677337
169.3641205,0.0219517379182,0.298295751417,0.653480594244,0.810797045208,0.00108861841062,-0.00732288961016
169.3661334,0.0220633385765,0.298269102472,0.653446242319,0.810769675638,0.0010997900088,-0.00731166873118
169.3681463,0.0221754844084,0.298242309327,0.653411691362,0.810742149769,0.0011110751965,-0.00730033299746
169.3701592,0.0222881780455,0.298215371222,0.653376940232,0.810714466724,0.00112247807716,-0.0072888812579
169.3721721,0.0224014221266,0.298188287396,0.653341987785,0.810686625625,0.00113399538021,-0.00727731235078
169.3741849,0.022515219298,0.298161057083,0.653306832871,0.81065862559,0.00114563139927,-0.00726562510372
169.3761978,0.0226295722263,0.298133679513,0.653271474331,0.81063046573,0.00115738773672,-0.00725381833186
169.3782107,0.0227444835823,0.298106153914,0.653235911003,0.810602145153,0.00116926152992,-0.00724189083986
169.3802236,0.0228599560485,0.298078479508,0.653200141717,0.810573662964,0.00118125890902,-0.00722984142083
169.3822365,0.0229759923258,0.298050655515,0.653164165296,0.810545018259,0.00119337916382,-0.00721766885542
169.3842493,0.0230925951183,0.298022681152,0.653127980559,0.810516210133,0.00120562155264,-0.00720537191359
169.3862622,0.0232097671455,0.297994555629,0.653091586317,0.810487237674,0.00121798968757,-0.00719294935302
169.3882751,0.0233275111389,0.297966278157,0.653054981375,0.810458099968,0.00123048457369,-0.00718039991941
169.390288,0.0234458298395,0.297937847939,0.653018164533,0.810428796095,0.00124310585501,-0.00716772234666
169.3923009,0.0235647260038,0.297909264176,0.65298113458,0.810399325128,0.00125585844199,-0.00715491535611
169.3943138,0.0236842023988,0.297880526064,0.652943890302,0.810369686137,0.00126873903039,-0.00714197765694
169.3963266,0.0238042617973,0.2978516328,0.652906430482,0.81033987819,0.00128175111092,-0.0071289079468
169.3983395,0.0239249069939,0.29782258357,0.652868753888,0.810309900344,0.0012948981263,-0.00711570490954
169.4003524,0.0240461407888,0.297793377561,0.652830859288,0.810279751657,0.00130817610141,-0.00710236721724
169.4023653,0.024167965992,0.297764013957,0.652792745443,0.81024943118,0.00132159143273,-0.0070888935296
169.4043782,0.0242903854344,0.297734491932,0.652754411102,0.810218937957,0.00133514448938,-0.00707528249231
169.4063911,0.0244134019496,0.297704810663,0.652715855013,0.81018827103,0.00134883232301,-0.00706153273936
169.4084039,0.0245370183863,0.29767496932,0.652677075917,0.810157429436,0.00136266282369,-0.00704764289133
169.4104168,0.0246612376103,0.297644967069,0.652638072544,0.810126412205,0.00137663383903,-0.00703361155494
169.4124297,0.0247860624901,0.297614803073,0.652598843622,0.810095218364,0.00139074441493,-0.00701943732495
169.4144426,0.0249114959134,0.29758447649,0.652559387869,0.810063846933,0.00140500231871,-0.00700511878174
169.4164555,0.0250375407806,0.297553986475,0.652519703997,0.810032296928,0.00141940352037,-0.00699065449215
169.4184684,0.0251641999962,0.297523332179,0.652479790713,0.810000567363,0.00143395014912,-0.00697604301052
169.4204812,0.025291476487,0.297492512749,0.652439646714,0.809968657241,0.00144864801094,-0.00696128287605
169.4224941,0.0254193731877,0.297461527328,0.652399270691,0.809936565563,0.00146349206049,-0.0069463726147
169.424507,0.0255478930406,0.297430375054,0.652358661331,0.809904291327,0.00147848837691,-0.00693131073912
169.4265199,0.0256770390108,0.297399055062,0.65231781731,0.809871833522,0.00149363907887,-0.00691609574641
169.4285328,0.0258068140673,0.297367566483,0.652276737298,0.809839191134,0.00150893971506,-0.00690072612058
169.4305456,0.0259372211922,0.297335908445,0.652235419962,0.809806363144,0.00152439905672,-0.0068852003313
169.4325585,0.0260682633874,0.297304080069,0.652193863954,0.809773348526,0.001540015814,-0.00686951683265
169.4345714,0.0261999436583,0.297272080475,0.652152067926,0.80974014625,0.00155578874287,-0.00685367406544
169.4365843,0.026332265027,0.297239908777,0.65211003052,0.809706755283,0.00157172290704,-0.00683767045516
169.4385972,0.0264652305284,0.297207564085,0.652067750372,0.809673174582,0.00158781909892,-0.00682150441241
169.4406101,0.0265988432083,0.297175045507,0.652025226108,0.809639403103,0.00160407685964,-0.00680517433309
169.4426229,0.0267331061286,0.297142352144,0.65198245635,0.809605439794,0.0016205033113,-0.00678867859748
169.4446358,0.0268680223629,0.297109483094,0.651939439709,0.809571283597,0.00163709318621,-0.00677201557073
169.4466487,0.0270035949909,0.297076437453,0.651896174794,0.809536933454,0.00165385134979,-0.00675518360366
169.4486616,0.0271398271161,0.297043214309,0.651852660202,0.809502388294,0.00167078259494,-0.00673818102993
169.4506745,0.027276721848,0.297009812747,0.651808894523,0.809467647046,0.00168788081242,-0.00672100616859
169.4526874,0.0274142823067,0.296976231852,0.651764876345,0.809432708633,0.0017051551271,-0.00670365732327
169.4547002,0.0275525116346,0.296942470697,0.65172060424,0.80939757197,0.00172260580746,-0.00668613278026
169.4567131,0.0276914129775,0.296908528359,0.651676076779,0.809362235969,0.00174022824575,-0.00666843081127
169.458726,0.0278309894971,0.296874403904,0.651631292524,0.809326699536,0.00175803374978,-0.0066505496714
169.4607389,0.0279712443738,0.296840096398,0.651586250027,0.809290961569,0.00177601887663,-0.00663248759853
169.4627518,0.0281121807908,0.296805604901,0.651540947835,0.809255020965,0.00179418193948,-0.00661424281573
169.4647647,0.0282538019521,0.29677092847,0.651495384488,0.809218876612,0.00181253405453,-0.00659581352824
169.4667775,0.0283961110754,0.296736066154,0.651449558514,0.809182527393,0.00183106901459,-0.00657719792448
169.4687904,0.0285391113827,0.296701017005,0.65140346844,0.809145972186,0.00184978965055,-0.00655839417742
169.4708033,0.0286828061201,0.296665780062,0.651357112778,0.809109209864,0.00186870418805,-0.00653940044124
169.4728162,0.0288271985421,0.296630354365,0.651310490037,0.809072239291,0.0018878049226,-0.00652021485378
169.4748291,0.0289722919117,0.29659473895,0.65126359872,0.809035059332,0.00190710047173,-0.00650083553633
169.4768419,0.0291180895161,0.296558932846,0.651216437314,0.808997668838,0.00192659363914,-0.00648126059099
169.4788548,0.0292645946473,0.296522935078,0.651169004306,0.80896006666,0.00194627820353,-0.00646148810361
169.4808677,0.0294118106119,0.296486744669,0.651121298173,0.808922251642,0.0019661653291,-0.00644151614213
169.4828806,0.0295597407321,0.296450360635,0.651073317383,0.808884222622,0.00198625224495,-0.00642134275624
169.4848935,0.0297083883431,0.296413781988,0.651025060396,0.808845978431,0.00200654079365,-0.0064009659777
169.4869064,0.0298577567928,0.296377007738,0.650976525665,0.808807517897,0.00202703451977,-0.00638038382014
169.4889192,0.0300078494432,0.296340036886,0.650927711634,0.808768839838,0.00204773471521,-0.00635959427883
169.4909321,0.0301586696683,0.296302868434,0.650878616741,0.808729943071,0.00206864088216,-0.00633859533076
169.492945,0.0303102208594,0.296265501375,0.650829239412,0.808690826403,0.00208976325266,-0.00631738493367
169.4949579,0.0304625064205,0.296227934699,0.650779578067,0.808651488636,0.0021110936043,-0.00629596102667
169.4969708,0.0306155297621,0.296190167393,0.650729631121,0.80861192857,0.00213263873045,-0.00627432153112
169.4989837,0.03076929432,0.296152198437,0.650679396975,0.808572144992,0.00215440531591,-0.00625246434728
169.5009965,0.0309238035369,0.296114026808,0.650628874025,0.808532136688,0.00217638442354,-0.00623038735735
169.5030094,0.0310790608679,0.296075651479,0.650578060659,0.808491902438,0.00219858950949,-0.00620808842432
169.5050223,0.0312350697861,0.296037071417,0.650526955256,0.808451441015,0.00222101547984,-0.0061855653909
169.5070352,0.0313918337766,0.295998285585,0.650475556186,0.808410751183,0.00224366565419,-0.00616281608033
169.5090481,0.0315493563387,0.295959292941,0.650423861811,0.808369831706,0.00226654531149,-0.00613983829594
169.511061,0.0317076409854,0.295920092439,0.650371870485,0.808328681336,0.0022896557876,-0.00611662982099
169.5130738,0.0318666912436,0.295880683028,0.650319580553,0.808287298822,0.00231299539045,-0.00609318841853
169.5150867,0.0320265106548,0.295841063653,0.650266990353,0.808245682907,0.00233656937254,-0.00606951183113
169.5170996,0.0321871027739,0.295801233255,0.650214098211,0.808203832326,0.002360382881,-0.00604559778089
169.5191125,0.0323484711697,0.295761190767,0.650160902449,0.808161745809,0.00238443325289,-0.00602144396922
169.5211254,0.0325106194261,0.295720935121,0.650107401376,0.80811942208,0.00240872296443,-0.00599704807648
169.5231382,0.0326735511403,0.295680465242,0.650053593296,0.808076859857,0.00243325775358,-0.00597240776208
169.5251511,0.0328372699234,0.295639780053,0.649999476503,0.808034057849,0.00245804041754,-0.00594752066427
169.527164,0.0330017794017,0.295598878469,0.64994504928,0.807991014762,0.00248306795299,-0.00592238439972
169.5291769,0.0331670832151,0.295557759401,0.649890309905,0.807947729295,0.00250834693254,-0.00589699656363
169.5311898,0.0333331850175,0.295516421759,0.649835256645,0.807904200139,0.00253387957847,-0.00587135472951
169.5332027,0.0335000884776,0.295474864442,0.649779887758,0.807860425979,0.00255966621951,-0.00584545644887
169.5352155,0.0336677972784,0.29543308635,0.649724201495,0.807816405497,0.00258571166897,-0.00581929925117
169.5372284,0.033836315117,0.295391086374,0.649668196096,0.807772137363,0.00261201802103,-0.00579288064358
169.5392413,0.0340056457049,0.295348863403,0.649611869793,0.807727620244,0.00263858651152,-0.00576619811088
169.5412542,0.0341757927681,0.29530641632,0.64955522081,0.807682852801,0.00266542064875,-0.00573924911523
169.5432671,0.0343467600474,0.295263744003,0.649498247359,0.807637833687,0.00269252062799,-0.00571203109588
169.54528,0.0345185512977,0.295220845326,0.649440947647,0.807592561548,0.00271989425693,-0.00568454146924
169.5472928,0.0346911702879,0.295177719157,0.649383319869,0.807547035026,0.00274754104999,-0.00565677762861
169.5493057,0.0348646208026,0.29513436436,0.649325362211,0.807501252753,0.00277546023635,-0.00562873694378
169.5513186,0.0350389066404,0.295090779795,0.649267072852,0.807455213356,0.00280365860094,-0.00560041676115
169.5533315,0.035214031614,0.295046964315,0.64920844996,0.807408915457,0.00283214184373,-0.00557181440346
169.5553444,0.0353899995516,0.295002916769,0.649149491694,0.80736235767,0.00286090545177,-0.00554292716945
169.5573573,0.0355668142955,0.294958636002,0.649090196203,0.8073155386,0.0028899538231,-0.00551375233388
169.5593701,0.035744479703,0.294914120852,0.649030561629,0.807268456849,0.00291929421098,-0.00548428714724
169.561383,0.0359229996459,0.294869370156,0.648970586103,0.807221111011,0.00294892810351,-0.00545452883558
169.5633959,0.0361023780107,0.294824382741,0.648910267746,0.807173499673,0.00297885256468,-0.00542447460039
169.5654088,0.0362826186991,0.294779157432,0.648849604671,0.807125621414,0.00300907479411,-0.0053941216182
169.5674217,0.0364637256272,0.294733693049,0.648788594981,0.807077474809,0.00303960182969,-0.00536346704068
169.5694345,0.0366457027257,0.294687988407,0.64872723677,0.807029058424,0.00307042930392,-0.00533250799434
169.5714474,0.036828553941,0.294642042315,0.648665528122,0.806980370818,0.00310156034817,-0.00530124158011
169.5734603,0.0370122832338,0.294595853577,0.64860346711,0.806931410544,0.00313300284701,-0.00526966487351
169.5754732,0.0371968945792,0.294549420993,0.648541051801,0.806882176149,0.00316476038639,-0.00523777492434
169.5774861,0.0373823919686,0.294502743358,0.648478280249,0.806832666172,0.00319682808656,-0.00520556875627
169.579499,0.0375687794074,0.294455819461,0.6484151505,0.806782879144,0.0032292150332,-0.00517304336689
169.5815118,0.0377560609159,0.294408648087,0.648351660589,0.806732813591,0.00326192395821,-0.00514019572755
169.5835247,0.0379442405299,0.294361228014,0.648287808543,0.806682468031,0.00329495595414,-0.0051070227829
169.5855376,0.0381333222999,0.294313558018,0.648223592379,0.806631840975,0.00332831495508,-0.00507352145093
169.5875505,0.0383233102917,0.294265636866,0.648159010101,0.806580930927,0.0033620040357,-0.00503968862265
169.5895634,0.0385142085862,0.294217463324,0.648094059708,0.806529736384,0.00339602620509,-0.00500552116197
169.5915763,0.0387060212791,0.29416903615,0.648028739186,0.806478255837,0.00343038476078,-0.00497101590541
169.5935891,0.0388987524815,0.294120354099,0.647963046512,0.806426487767,0.00346508458378,-0.00493616966201
169.595602,0.0390924063197,0.294071415918,0.647896979653,0.80637443065,0.00350012563283,-0.00490097921299
169.5976149,0.039286986935,0.294022220351,0.647830536565,0.806322082955,0.00353551272138,-0.00486544131171
169.5996278,0.0394824984839,0.293972766138,0.647763715195,0.806269443143,0.00357125070755,-0.00482955268331
169.6016407,0.0396789451384,0.29392305201,0.647696513481,0.806216509669,0.00360733812729,-0.00479331002462
169.6036536,0.0398763310854,0.293873076696,0.647628929348,0.806163280978,0.00364378539447,-0.0047567100039
169.6056664,0.0400746605273,0.293822838919,0.647560960713,0.806109755511,0.00368058750491,-0.00471974926064
169.6076793,0.0402739376817,0.293772337397,0.647492605483,0.806055931699,0.00371775654977,-0.00468242440538
169.6096922,0.0404741667816,0.293721570842,0.647423861554,0.806001807968,0.00375528804117,-0.00464473201944
169.6117051,0.040675352075,0.293670537962,0.64735472681,0.805947382735,0.00379319151057,-0.0046066686548
169.613718,0.0408774978258,0.293619237457,0.647285199129,0.80589265441,0.00383146730837,-0.00456823083382
169.6157308,0.0410806083129,0.293567668026,0.647215276375,0.805837621396,0.00387011811771,-0.00452941504906
169.6177437,0.0412846878305,0.293515828359,0.647144956402,0.805782282089,0.00390915181098,-0.00449021776306
169.6197566,0.0414897406886,0.293463717143,0.647074237055,0.805726634876,0.0039485647182,-0.00445063540814
169.6217695,0.0416957712122,0.293411333059,0.647003116169,0.805670678138,0.00398836957278,-0.0044106643862
169.6237824,0.0419027837421,0.293358674782,0.646931591566,0.805614410248,0.00402856017203,-0.00437030106843
169.6257953,0.0421107826342,0.293305740984,0.64685966106,0.805557829571,0.00406914960461,-0.00432954179522
169.6278081,0.0423197722603,0.293252530328,0.646787322452,0.805500934465,0.00411013387497,-0.00428838287584
169.629821,0.0425297570073,0.293199041476,0.646714573536,0.80544372328,0.00415152184401,-0.00424682058828
169.6318339,0.0427407412777,0.293145273081,0.64664141209,0.80538619436,0.00419331493111,-0.00420485117903
169.6338468,0.0429527294897,0.293091223792,0.646567835888,0.80532834604,0.00423551682294,-0.00416247086283
169.6358597,0.0431657260769,0.293036892254,0.646493842687,0.805270176646,0.00427813072159,-0.00411967582249
169.6378726,0.0433797354885,0.292982277104,0.646419430237,0.805211684499,0.0043211627585,-0.00407646220867
169.6398854,0.0435947621891,0.292927376977,0.646344596277,0.80515286791,0.00436461493169,-0.00403282613963
169.6418983,0.0438108106591,0.292872190499,0.646269338534,0.805093725185,0.00440849134796,-0.00398876370106
169.6439112,0.0440278853944,0.292816716294,0.646193654724,0.80503425462,0.00445279888344,-0.0039442709458
169.6459241,0.0442459909065,0.292760952977,0.646117542553,0.804974454504,0.00449753667647,-0.00389934389368
169.647937,0.0444651317223,0.292704899162,0.646040999716,0.804914323119,0.00454271101791,-0.00385397853128
169.6499499,0.0446853123848,0.292648553454,0.645964023897,0.804853858736,0.00458832825602,-0.00380817081167
169.6519627,0.0449065374523,0.292591914453,0.645886612769,0.804793059623,0.00463438745902,-0.00376191665424
169.6539756,0.0451288114987,0.292534980756,0.645808763994,0.804731924036,0.00468089573031,-0.00371521194446
169.6559885,0.0453521391136,0.292477750953,0.645730475222,0.804670450225,0.00472785681566,-0.00366805253367
169.6580014,0.0455765249025,0.292420223627,0.645651744093,0.804608636433,0.00477527506782,-0.00362043423882
169.6600143,0.0458019734862,0.292362397359,0.645572568235,0.804546480894,0.00482315488422,-0.00357235284228
169.6620271,0.0460284895014,0.292304270722,0.645492945267,0.804483981832,0.00487150071198,-0.0035238040916
169.66404,0.0462560776005,0.292245842284,0.645412872794,0.804421137467,0.00492031667808,-0.00347478369931
169.6660529,0.0464847424514,0.292187110608,0.645332348411,0.804357946008,0.00496960611105,-0.00342528734266
169.6680658,0.0467144887379,0.292128074251,0.645251369702,0.804294405657,0.00501937343124,-0.00337531066342
169.6700787,0.0469453211594,0.292068731766,0.645169934239,0.804230514609,0.00506962250713,-0.00332484926765
169.6720916,0.047177244431,0.292009081698,0.645088039583,0.804166271049,0.00512036071469,-0.00327389872546
169.6741044,0.0474102632835,0.29194912259,0.645005683285,0.804101673155,0.00517158967203,-0.00322245457082
169.6761173,0.0476443824634,0.291888852975,0.644922862881,0.804036719097,0.00522331423373,-0.00317051230129
169.6781302,0.047879606733,0.291828271386,0.6448395759,0.803971407036,0.00527553976752,-0.0031180673778
169.6801431,0.0481159408702,0.291767376344,0.644755819856,0.803905735126,0.00532827152623,-0.00306511522448
169.682156,0.0483533896687,0.291706166371,0.644671592253,0.803839701511,0.00538151235468,-0.00301165122834
169.6841689,0.0485919579378,0.291644639979,0.644586890583,0.80377330433,0.00543526691893,-0.00295767073913
169.6861817,0.0488316505027,0.291582795677,0.644501712327,0.80370654171,0.00548954107541,-0.00290316906906
169.6881946,0.0490724722042,0.291520631966,0.644416054955,0.803639411773,0.00554433978657,-0.00284814149258
169.6902075,0.0493144278987,0.291458147345,0.644329915923,0.80357191263,0.00559966646779,-0.00279258324617
169.6922204,0.0495575224586,0.291395340303,0.644243292677,0.803504042385,0.00565552467985,-0.0027364895281
169.6942333,0.0498017607716,0.291332209328,0.644156182652,0.803435799135,0.00571192285774,-0.00267985549821
169.6962462,0.0500471477415,0.2912687529,0.644068583269,0.803367180966,0.00576886482682,-0.00262267627766
169.698259,0.0502936882877,0.291204969493,0.643980491939,0.803298185958,0.00582635432969,-0.00256494694874
169.7002719,0.050541387345,0.291140857578,0.643891906061,0.80322881218,0.00588439558295,-0.0025066625546
169.7022848,0.0507902498642,0.291076415617,0.643802823021,0.803159057696,0.00594299455008,-0.00244781809906
169.7042977,0.0510402808118,0.291011642069,0.643713240195,0.803088920558,0.00600215729516,-0.00238840854635
169.7063106,0.0512914851697,0.290946535388,0.643623154946,0.803018398812,0.00606188844187,-0.00232842882092
169.7083234,0.0515438679357,0.290881094019,0.643532564624,0.802947490496,0.006122191309,-0.00226787380717
169.7103363,0.0517974341232,0.290815316405,0.643441466569,0.802876193636,0.0061830720097,-0.00220673834926
169.7123492,0.0520521887611,0.290749200982,0.643349858108,0.802804506253,0.00624453682302,-0.00214501725085
169.7143621,0.0523081368941,0.29068274618,0.643257736556,0.802732426359,0.00630659108805,-0.00208270527489
169.716375,0.0525652835825,0.290615950424,0.643165099215,0.802659951956,0.00636923779835,-0.00201979714341
169.7183879,0.0528236339022,0.290548812135,0.643071943378,0.802587081038,0.00643248308655,-0.00195628753727
169.7204007,0.0530831929447,0.290481329725,0.642978266323,0.80251381159,0.00649633345267,-0.00189217109593
169.7224136,0.0533439658169,0.290413501603,0.642884065316,0.80244014159,0.00656079488431,-0.00182744241724
169.7244265,0.0536059576415,0.290345326172,0.642789337612,0.802366069006,0.00662587027677,-0.00176209605722
169.7264394,0.0538691735567,0.290276801829,0.642694080452,0.802291591797,0.00669156562872,-0.00169612652982
169.7284523,0.0541336187162,0.290207926965,0.642598291068,0.802216707914,0.00675788766763,-0.0016295283067
169.7304652,0.0543992982892,0.290138699968,0.642501966677,0.8021414153,0.00682484294383,-0.00156229581701
169.732478,0.0546662174605,0.290069119217,0.642405104483,0.802065711888,0.00689243452669,-0.00149442344715
169.7344909,0.0549343814301,0.289999183087,0.642307701681,0.801989595602,0.00696066810048,-0.00142590554059
169.7365038,0.0552037954138,0.289928889949,0.64220975545,0.80191306436,0.00702955111003,-0.0013567363976
169.7385167,0.0554744646426,0.289858238165,0.64211126296,0.801836116067,0.00709908885408,-0.00128691027505
169.7405296,0.0557463943631,0.289787226094,0.642012221365,0.801758748623,0.00716928672189,-0.00121642138619
169.7425425,0.0560195898371,0.289715852089,0.64191262781,0.801680959916,0.00724014831086,-0.00114526390043
169.7445553,0.0562940563419,0.289644114498,0.641812479425,0.801602747829,0.00731168383308,-0.00107343194313
169.7465682,0.05656979917,0.289572011662,0.641711773329,0.801524110232,0.00738389818153,-0.00100091959535
169.7485811,0.0568468236295,0.289499541916,0.641610506627,0.801445044989,0.007456795633,-0.000927720893669
169.750594,0.0571251350435,0.289426703593,0.641508676413,0.801365549953,0.00753038113593,-0.000853829829953
169.7526069,0.0574047387504,0.289353495016,0.641406279768,0.80128562297,0.00760466214002,-0.000779240351135
169.7546197,0.057685640104,0.289279914506,0.641303313759,0.801205261877,0.00767964622667,-0.00070394635901
169.7566326,0.0579678444731,0.289205960377,0.641199775443,0.8011244645,0.0077553382278,-0.000627941710017
169.7586455,0.0582513572418,0.289131630937,0.641095661862,0.801043228658,0.00783174309732,-0.000551220215027
169.7606584,0.0585361838094,0.289056924489,0.640990970046,0.800961552161,0.00790886947042,-0.000473775639137
169.7626713,0.05882232959,0.28898183933,0.640885697012,0.800879432807,0.00798672089162,-0.000395601701449
169.7646842,0.0591098000132,0.288906373754,0.640779839766,0.80079686839,0.00806530666837,-0.000316692074873
169.766697,0.0593986005232,0.288830526045,0.640673395299,0.800713856691,0.00814462989307,-0.000237040385917
169.7687099,0.0596887365796,0.288754294486,0.64056636059,0.800630395484,0.0082247004304,-0.000156640214472
169.7707228,0.0599802136567,0.288677677351,0.640458732606,0.800546482532,0.00830552108433,-7.54850936251e-05
169.7727357,0.0602730372437,0.288600672911,0.6403505083,0.800462115591,0.00838710210758,6.43149055946e-06
169.7747486,0.0605672128449,0.288523279431,0.640241684612,0.800377292406,0.00846944619476,8.91160992339e-05
169.7767615,0.0608627459793,0.288445495169,0.640132258471,0.800292010715,0.00855256380057,0.000172575340974
169.7787743,0.0611596421806,0.288367318378,0.640022226791,0.800206268245,0.00863645770584,0.000256815871961
169.7807872,0.0614579069976,0.288288747308,0.639911586475,0.800120062715,0.0087211383651,0.000341844396199
169.7828001,0.0617575459934,0.288209780201,0.63980033441,0.800033391834,0.00880660885842,0.000427667665695
169.784813,0.0620585647461,0.288130415295,0.639688467474,0.799946253302,0.00889287941926,0.00051429248066
169.7868259,0.0623609688482,0.28805065082,0.639575982528,0.799858644811,0.00897995385786,0.000601725689692
169.7888388,0.0626647639068,0.287970485004,0.639462876424,0.799770564041,0.00906784099578,0.000689974189972
169.7908516,0.0629699555437,0.287889916067,0.639349145998,0.799682008666,0.00915654668167,0.000779044927454
169.7928645,0.063276549395,0.287808942226,0.639234788074,0.799592976349,0.00924607898446,0.000868944897038
169.7948774,0.0635845511113,0.28772756169,0.639119799462,0.799503464744,0.00933644299481,0.000959681142767
169.7968903,0.0638939663576,0.287645772665,0.639004176962,0.799413471495,0.00942764925102,0.00105126075799
169.7989032,0.064204800813,0.28756357335,0.638887917356,0.799322994238,0.00951970160186,0.00114369088558
169.800916,0.0645170601711,0.287480961939,0.638771017417,0.7992320306,0.00961260795005,0.00123697871805
169.8029289,0.0648307501397,0.28739793662,0.638653473904,0.799140578197,0.00970637656127,0.00133113149777
169.8049418,0.0651458764406,0.287314495578,0.638535283561,0.799048634636,0.00980101299343,0.00142615651713
169.8069547,0.0654624448098,0.287230636991,0.638416443121,0.798956197515,0.00989652688255,0.00152206111873
169.8089676,0.0657804609973,0.287146359031,0.638296949302,0.798863264425,0.00999292270566,0.00161885269548
169.8109805,0.066099930767,0.287061659866,0.63817679881,0.798769832943,0.0100902112858,0.00171653869084
169.8129933,0.0664208598968,0.286976537658,0.638055988337,0.79867590064,0.010188396213,0.00181512659893
169.8150062,0.0667432541785,0.286890990565,0.637934514564,0.798581465077,0.0102874892959,0.00191462396473
169.8170191,0.0670671194174,0.286805016738,0.637812374156,0.798486523804,0.0103874934503,0.0020150383842
169.819032,0.0673924614328,0.286718614324,0.637689563765,0.798391074365,0.010488421248,0.00211637750444
169.8210449,0.0677192860575,0.286631781463,0.637566080031,0.79829511429,0.0105902751643,0.00221864902385
169.8230578,0.0680475991379,0.286544516293,0.637441919581,0.798198641104,0.0106930682916,0.00232186069227
169.8250706,0.0683774065339,0.286456816944,0.637317079026,0.798101652319,0.0107968029202,0.00242602031114
169.8270835,0.0687087141187,0.286368681543,0.637191554968,0.79800414544,0.0109014923964,0.00253113573361
169.8290964,0.0690415277791,0.286280108208,0.637065343991,0.797906117962,0.0110071391045,0.00263721486469
169.8311093,0.069375853415,0.286191095057,0.63693844267,0.797807567369,0.0111137563555,0.00274426566141
169.8331222,0.0697116969395,0.2861016402,0.636810847563,0.797708491137,0.0112213469307,0.0028522961329
169.8351351,0.0700490642788,0.286011741741,0.636682555217,0.797608886732,0.011329923791,0.00296131434055
169.8371479,0.0703879613724,0.285921397781,0.636553562165,0.797508751611,0.0114394908684,0.00307132839813
169.8391608,0.0707283941723,0.285830606416,0.636423864926,0.797408083222,0.0115500590776,0.00318234647191
169.8411737,0.0710703686438,0.285739365735,0.636293460007,0.797306879,0.0116616347173,0.00329437678077
169.8431866,0.0714138907647,0.285647673823,0.6361623439,0.797205136376,0.0117742277424,0.0034074275963
169.8451995,0.0717589665258,0.285555528762,0.636030513085,0.797102852767,0.0118878451156,0.00352150724293
169.8472123,0.0721056019302,0.285462928624,0.635897964027,0.797000025582,0.0120024956784,0.00363662409801
169.8492252,0.0724538029937,0.285369871482,0.63576469318,0.79689665222,0.0121181878303,0.00375278659196
169.8512381,0.0728035757445,0.285276355401,0.635630696983,0.796792730072,0.0122349300637,0.00387000320828
169.853251,0.0731549262232,0.28518237844,0.635495971861,0.796688256518,0.0123527308825,0.00398828248372
169.8552639,0.0735078604825,0.285087938655,0.635360514228,0.796583228929,0.0124715988434,0.00410763300833
169.8572768,0.0738623845876,0.284993034097,0.635224320481,0.796477644666,0.0125915425563,0.00422806342555
169.8592896,0.0742185046153,0.284897662811,0.635087387007,0.796371501079,0.0127125706842,0.00434958243227
169.8613025,0.0745762266547,0.284801822839,0.634949710178,0.796264795513,0.0128346919433,0.00447219877893
169.8633154,0.0749355568066,0.284705512217,0.634811286353,0.796157525298,0.0129579151029,0.0045959212696
169.8653283,0.0752965011836,0.284608728976,0.634672111877,0.796049687757,0.0130822489859,0.00472075876196
169.8673412,0.07565906591,0.284511471143,0.634532183082,0.795941280205,0.0132077024683,0.00484672016748
169.8693541,0.0760232571216,0.284413736741,0.634391496287,0.795832299944,0.0133342844796,0.00497381445138
169.8713669,0.0763890809657,0.284315523785,0.634250047797,0.795722744268,0.0134620040028,0.0051020506327
169.8733798,0.0767565436009,0.28421683029,0.634107833904,0.795612610463,0.0135908700743,0.00523143778438
169.8753927,0.0771256511969,0.284117654262,0.633964850886,0.795501895802,0.013720891784,0.00536198503324
169.8774056,0.0774964099348,0.284017993707,0.633821095009,0.795390597551,0.0138520782755,0.00549370156007
169.8794185,0.0778688260064,0.283917846622,0.633676562524,0.795278712965,0.0139844387457,0.0056265965996
169.8814314,0.0782429056146,0.283817211002,0.633531249669,0.795166239291,0.0141179824453,0.00576067944057
169.8834442,0.0786186549729,0.283716084837,0.633385152669,0.795053173765,0.0142527186785,0.00589595942569
169.8854571,0.0789960803056,0.283614466112,0.633238267736,0.794939513613,0.0143886568029,0.00603244595173
169.88747,0.0793751878473,0.283512352809,0.633090591067,0.794825256054,0.0145258057822,0.00617014846944
169.8894829,0.0797559838434,0.283409742903,0.632942118849,0.794710398293,0.0146641754738,0.00630907648359
169.8914958,0.0801384745492,0.283306634368,0.632792847252,0.794594937529,0.0148037763898,0.00644923955295
169.8935086,0.0805226662302,0.283203025171,0.632642772435,0.794478870951,0.0149446172443,0.00659064729029
169.8955215,0.0809085651621,0.283098913276,0.632491890542,0.794362195737,0.0150867070665,0.00673330936233
169.8975344,0.0812961776305,0.282994296642,0.632340197706,0.794244909056,0.015230056051,0.00687723548973
169.8995473,0.0816855099304,0.282889173224,0.632187690044,0.794127008067,0.0153746739903,0.00702243544705
169.9015602,0.082076568367,0.282783540973,0.632034363661,0.794008489921,0.0155205707334,0.00716891906272
169.9035731,0.0824693592544,0.282677397836,0.63188021465,0.793889351758,0.0156677561246,0.00731669621898
169.9055859,0.0828638889165,0.282570741755,0.631725239088,0.793769590708,0.015816240061,0.0074657768518
169.9075988,0.0832601636861,0.28246357067,0.631569433042,0.793649203892,0.0159660324934,0.00761617095088
169.9096117,0.0836581899054,0.282355882514,0.631412792563,0.793528188423,0.0161171434255,0.0077678885595
169.9116246,0.0840579739253,0.282247675218,0.631255313691,0.793406541401,0.0162695829146,0.00792093977452
169.9136375,0.0844595221054,0.28213894671,0.631096992451,0.793284259919,0.0164233610704,0.00807533474624
169.9156504,0.0848628408142,0.28202969491,0.630937824856,0.793161341061,0.0165784880561,0.00823108367834
169.9176632,0.0852679364284,0.281919917739,0.630777806905,0.793037781898,0.0167349740874,0.00838819682776
169.9196761,0.0856748153334,0.28180961311,0.630616934585,0.792913579496,0.0168928294328,0.00854668450458
169.921689,0.0860834839223,0.281698778936,0.63045520387,0.792788730907,0.0170520644133,0.00870655707195
169.9237019,0.0864939485967,0.281587413123,0.630292610719,0.792663233177,0.0172126894025,0.00886782494593
169.9257148,0.0869062157658,0.281475513575,0.630129151081,0.792537083341,0.0173747148263,0.00903049859535
169.9277277,0.0873202918465,0.281363078193,0.629964820889,0.792410278423,0.0175381511625,0.00919458854172
169.9297405,0.0877361832633,0.281250104872,0.629799616064,0.792282815441,0.0177030089413,0.00936010535901
169.9317534,0.0881538964482,0.281136591505,0.629633532516,0.7921546914,0.0178692987444,0.00952705967355
169.9337663,0.0885734378402,0.281022535982,0.629466566139,0.792025903297,0.0180370312053,0.00969546216383
169.9357792,0.0889948138854,0.280907936189,0.629298712817,0.791896448121,0.0182062162905,0.00986532356035
169.9377921,0.089418031037,0.280792790007,0.629129968418,0.791766322849,0.0183768662167,0.0100366546454
169.9398049,0.0898430957545,0.280677095316,0.628960328801,0.79163552445,0.0185489905568,0.0102094662529
169.9418178,0.0902700145043,0.280560849991,0.62878978981,0.791504049882,0.0187226017335,0.0103837692683
169.9438307,0.090698793759,0.280444051905,0.628618347275,0.791371896097,0.018897709004,0.010559574628
169.9458436,0.0911294399974,0.280326698927,0.628445997015,0.791239060033,0.0190743236811,0.0107368933196
169.9478565,0.0915619597041,0.280208788922,0.628272734838,0.791105538622,0.0192524568193,0.0109157363813
169.9498694,0.0919963593699,0.280090319754,0.628098556535,0.790971328786,0.0194321196038,0.011096114902
169.9518822,0.0924326454909,0.279971289282,0.627923457889,0.790836427436,0.0196133232771,0.0112780400208
169.9538951,0.0928708245688,0.279851695364,0.627747434666,0.790700831476,0.0197960789662,0.0114615229266
169.955908,0.0933109031104,0.279731535852,0.627570482624,0.790564537799,0.0199803978463,0.0116465748583
169.9579209,0.0937528876276,0.279610808597,0.627392597506,0.790427543288,0.0201662911405,0.011833207104
169.9599338,0.0941967846373,0.279489511448,0.627213775041,0.79028984482,0.0203537701195,0.0120214310013
169.9619467,0.094642600661,0.27936764225,0.62703401095,0.790151439259,0.0205428461012,0.0122112579363
169.9639595,0.0950903422244,0.279245198845,0.626853300937,0.790012323461,0.0207335304501,0.0124026993437
169.9659724,0.0955400158579,0.279122179073,0.626671640698,0.789872494275,0.0209258345775,0.0125957667067
169.9679853,0.0959916280957,0.27899858077,0.626489025913,0.789731948536,0.0211197699407,0.0127904715561
169.9699982,0.0964451854758,0.278874401772,0.626305452252,0.789590683075,0.0213153480426,0.0129868254702
169.9720111,0.0969006945399,0.27874963991,0.626120915373,0.789448694711,0.0215125804315,0.0131848400748
169.974024,0.0973581618332,0.278624293014,0.625935410921,0.789305980253,0.0217114787499,0.0133845270421
169.9760368,0.0978175939042,0.278498358911,0.625748934529,0.789162536503,0.0219120549375,0.0135858980911
169.9780497,0.0982789973041,0.278371835427,0.625561481818,0.789018360253,0.0221143207404,0.0137889649865
169.9800626,0.0987423785871,0.278244720383,0.625373048398,0.788873448286,0.0223182879,0.013993739539
169.9820755,0.09920774431,0.278117011599,0.625183629866,0.788727797376,0.0225239682009,0.0142002336041
169.9840884,0.0996751010318,0.277988706895,0.624993221807,0.788581404286,0.0227313734709,0.0144084590825
169.9861012,0.100144455314,0.277859804087,0.624801819797,0.788434265774,0.0229405155803,0.0146184279188
169.9881141,0.100615813719,0.277730300988,0.624609419397,0.788286378586,0.0231514057829,0.014830152102
169.990127,0.101089182812,0.277600195411,0.624416016157,0.788137739459,0.0233640575075,0.0150436436641
169.9921399,0.101564569159,0.277469485166,0.624221605617,0.787988345123,0.0235784820462,0.0152589146803
169.9941528,0.102041979327,0.277338168063,0.624026183305,0.787838192297,0.0237946912745,0.0154759772681
169.9961657,0.102521419885,0.277206241907,0.623829744736,0.787687277692,0.0240126970852,0.0156948435871
169.9981785,0.103002897401,0.277073704504,0.623632285416,0.787535598012,0.0242325118195,0.0159155258382
170.0001914,0.103486418446,0.276940553657,0.623433800838,0.787383149948,0.0244541478643,0.0161380362632
170.0022043,0.103971989589,0.27680678717,0.623234286485,0.787229930185,0.0246776176565,0.0163623871445
170.0042172,0.104459617399,0.276672402842,0.623033737827,0.7870759354,0.0249029334429,0.016588590804
170.0062301,0.104949308445,0.276537398472,0.622832150324,0.78692116226,0.0251301075074,0.0168166596029
170.008243,0.105441069298,0.27640177186,0.622629519427,0.786765607422,0.0253591521708,0.0170466059413
170.0102558,0.105934906525,0.276265520801,0.622425840573,0.786609267537,0.0255900797896,0.0172784422569
170.0122687,0.106430826692,0.276128643092,0.622221109189,0.786452139245,0.0258229027558,0.0175121810251
170.0142816,0.106928836366,0.275991136526,0.622015320693,0.786294219179,0.0260576334956,0.0177478347582
170.0162945,0.107428942111,0.275852998899,0.621808470489,0.786135503964,0.0262942844696,0.0179854160044
170.0183074,0.107931150489,0.275714228001,0.621600553975,0.785975990213,0.0265328681711,0.0182249373476
170.0203203,0.10843546806,0.275574821626,0.621391566533,0.785815674535,0.0267733971262,0.0184664114063
170.0223331,0.108941901383,0.275434777565,0.62118150354,0.785654553528,0.0270158838924,0.0187098508334
170.024346,0.109450457012,0.275294093607,0.620970360358,0.785492623781,0.0272603411265,0.018955268315
170.0263589,0.109961141501,0.275152767544,0.620758132343,0.785329881876,0.0275067818644,0.0192026765701
170.0283718,0.110473961397,0.275010797164,0.620544814837,0.785166324388,0.0277552188426,0.0194520883496
170.0303847,0.110988923247,0.274868180256,0.620330403174,0.78500194788,0.0280056647591,0.0197035164356
170.0323975,0.111506033592,0.27472491461,0.620114892678,0.78483674891,0.0282581323405,0.0199569736406
170.0344104,0.112025298971,0.274580998013,0.619898278662,0.784670724025,0.0285126343402,0.0202124728071
170.0364233,0.112546725917,0.274436428254,0.619680556431,0.784503869768,0.0287691835385,0.0204700268061
170.0384362,0.113070320959,0.274291203121,0.61946172128,0.784336182669,0.0290277920723,0.0207296485369
170.0404491,0.113596090621,0.274145320403,0.619241768492,0.784167659253,0.029288474113,0.020991350926
170.042462,0.114124041421,0.273998777888,0.619020693343,0.783998296037,0.0295512419828,0.0212551469263
170.0444748,0.114654179872,0.273851573365,0.618798491099,0.783828089527,0.0298161083752,0.0215210495161
170.0464877,0.115186512483,0.273703704622,0.618575157016,0.783657036226,0.0300830864215,0.0217890716986
170.0485006,0.115721045755,0.273555169448,0.618350686343,0.783485132624,0.0303521886947,0.0220592265007
170.0505135,0.116257786181,0.273405965635,0.618125074317,0.783312375207,0.0306234286172,0.022331526972
170.0525264,0.116796740251,0.273256090971,0.617898316168,0.783138760451,0.0308968196547,0.022605986184
170.0545393,0.117337914444,0.273105543248,0.617670407116,0.782964284825,0.0311723746568,0.0228826172295
170.0565521,0.117881315236,0.272954320257,0.617441342374,0.782788944791,0.0314501064825,0.0231614332209
170.058565,0.118426949092,0.272802419792,0.617211117144,0.782612736802,0.0317300279993,0.0234424472898
170.0605779,0.118974822469,0.272649839646,0.616979726622,0.782435657303,0.032012152082,0.0237256725859
170.0625908,0.119524941817,0.272496577614,0.616747165994,0.782257702734,0.0322964920005,0.0240111222758
170.0646037,0.120077313577,0.272342631491,0.616513430437,0.782078869526,0.0325830616185,0.024298809542
170.0666166,0.120631944182,0.272187999075,0.616278515123,0.781899154102,0.0328718739192,0.0245887475821
170.0686294,0.121188840052,0.272032678163,0.616042415212,0.781718552878,0.0331629418455,0.0248809496073
170.0706423,0.121748007602,0.271876666557,0.61580512586,0.781537062263,0.0334562783422,0.0251754288418
170.0726552,0.122309453234,0.271719962058,0.615566642212,0.781354678659,0.0337518963537,0.0254721985211
170.0746681,0.122873183341,0.271562562468,0.615326959408,0.78117139846,0.0340498090097,0.0257712718916
170.076681,0.123439204304,0.271404465592,0.615086072578,0.780987218053,0.03435003039,0.0260726622088
170.0786938,0.124007522495,0.271245669239,0.614843976847,0.780802133819,0.0346525736705,0.0263763827365
170.0807067,0.124578144272,0.271086171215,0.61460066733,0.780616142131,0.0349574518381,0.0266824467454
170.0827196,0.125151075982,0.270925969333,0.614356139139,0.780429239354,0.0352646779474,0.0269908675121
170.0847325,0.125726323963,0.270765061405,0.614110387374,0.780241421849,0.0355742640389,0.0273016583177
170.0867454,0.126303894536,0.270603445248,0.613863407133,0.780052685967,0.0358862247364,0.0276148324467
170.0887583,0.126883794012,0.270441118678,0.613615193504,0.779863028054,0.0362005741398,0.0279304031857
170.0907711,0.127466028687,0.270278079517,0.61336574157,0.779672444449,0.0365173241699,0.028248383822
170.092784,0.128050604846,0.270114325587,0.613115046407,0.779480931485,0.0368364885588,0.0285687876424
170.0947969,0.128637528757,0.269949854714,0.612863103085,0.779288485487,0.0371580802785,0.028891627932
170.0968098,0.129226806677,0.269784664727,0.612609906668,0.779095102774,0.0374821122848,0.0292169179725
170.0988227,0.129818444845,0.269618753459,0.612355452214,0.778900779659,0.0378085975159,0.0295446710412
170.1008356,0.130412449487,0.269452118743,0.612099734775,0.778705512448,0.0381375497632,0.0298749004096
170.1028484,0.131008826813,0.269284758418,0.611842749398,0.778509297442,0.038468982839,0.0302076193416
170.1048613,0.131607583018,0.269116670326,0.611584491124,0.778312130935,0.038802909681,0.0305428410925
170.1068742,0.132208724279,0.268947852311,0.611324954988,0.778114009213,0.0391393432036,0.0308805789075
170.1088871,0.132812256757,0.268778302223,0.611064136021,0.777914928559,0.0394782962954,0.0312208460199
170.1109,0.133418186599,0.268608017912,0.61080202925,0.777714885248,0.0398197818178,0.0315636556502
170.1129129,0.134026519929,0.268436997236,0.610538629694,0.77751387555,0.0401638131308,0.0319090210039
170.1149257,0.134637262859,0.268265238055,0.61027393237,0.777311895729,0.0405104043595,0.0322569552706
170.1169386,0.135250421478,0.268092738233,0.61000793229,0.777108942042,0.0408595683982,0.0326074716221
170.1189515,0.13586600186,0.267919495638,0.609740624461,0.776905010742,0.0412113180493,0.0329605832109
170.1209644,0.136484010058,0.267745508143,0.609472003886,0.776700098075,0.0415656660802,0.0333163031686
170.1229773,0.137104452107,0.267570773625,0.609202065565,0.776494200283,0.0419226252203,0.0336746446043
170.1249901,0.13772733402,0.267395289966,0.608930804494,0.776287313601,0.0422822084118,0.0340356206032
170.127003,0.138352661792,0.267219055053,0.608658215663,0.776079434259,0.0426444298403,0.0343992442244
170.1290159,0.138980441396,0.267042066778,0.608384294063,0.775870558483,0.0430093024316,0.0347655284999
170.1310288,0.139610678785,0.266864323035,0.608109034677,0.775660682492,0.0433768388187,0.0351344864322
170.1330417,0.140243379889,0.266685821729,0.607832432489,0.7754498025,0.0437470503954,0.0355061309934
170.1350546,0.140878550618,0.266506560764,0.607554482477,0.775237914717,0.0441199531508,0.0358804751226
170.1370674,0.141516196859,0.266326538053,0.607275179619,0.775025015347,0.044495556145,0.0362575317247
170.1390803,0.142156324476,0.266145751514,0.606994518888,0.774811100591,0.0448738750241,0.0366373136685
170.1410932,0.142798939308,0.265964199071,0.606712495257,0.774596166642,0.0452549220761,0.0370198337849
170.1431061,0.143444047174,0.265781878652,0.606429103696,0.774380209692,0.0456387099997,0.037405104865
170.145119,0.144091653867,0.265598788193,0.606144339171,0.774163225925,0.0460252511374,0.0377931396582
170.1471319,0.144741765154,0.265414925635,0.605858196651,0.773945211522,0.0464145577713,0.0381839508706
170.1491447,0.145394386779,0.265230288926,0.605570671099,0.77372616266,0.0468066421214,0.0385775511629
170.1511576,0.146049524461,0.265044876019,0.605281757478,0.773506075512,0.0472015175131,0.0389739531483
170.1531705,0.146707183892,0.264858684874,0.604991450753,0.773284946244,0.0475991972586,0.0393731693911
170.1551834,0.147367370738,0.26467171346,0.604699745883,0.773062771021,0.0479996934581,0.0397752124043
170.1571963,0.148030090638,0.264483959748,0.60440663783,0.772839546003,0.0484030181415,0.0401800946478
170.1592092,0.148695349204,0.264295421721,0.604112121555,0.772615267345,0.0488091832659,0.0405878285264
170.161222,0.149363152019,0.264106097366,0.603816192017,0.772389931199,0.0492182007132,0.0409984263875
170.1632349,0.150033504641,0.263915984678,0.603518844177,0.772163533713,0.0496300829927,0.0414119005197
170.1652478,0.150706412597,0.263725081659,0.603220072996,0.771936071032,0.0500448435953,0.0418282631501
170.1672607,0.151381881385,0.26353338632,0.602919873434,0.771707539296,0.0504624943261,0.0422475264423
170.1692736,0.152059916474,0.263340896678,0.602618240453,0.771477934644,0.0508830468294,0.0426697024949
170.1712864,0.152740523302,0.263147610758,0.602315169015,0.771247253208,0.0513065126634,0.0430948033385
170.1732993,0.153423707279,0.262953526594,0.602010654085,0.77101549112,0.0517329032975,0.0435228409342
170.1753122,0.154109473781,0.262758642228,0.601704690627,0.770782644507,0.052162230445,0.043953827171
170.1773251,0.154797828154,0.262562955709,0.601397273607,0.770548709495,0.0525945074345,0.044387773864
170.179338,0.155488775712,0.262366465095,0.601088397994,0.770313682203,0.0530297458758,0.044824692752
170.1813509,0.156182321736,0.262169168455,0.600778058758,0.770077558753,0.0534679569498,0.045264595495
170.1833637,0.156878471475,0.261971063862,0.600466250873,0.769840335258,0.0539091504171,0.0457074936724
170.1853766,0.157577230144,0.261772149402,0.600152969312,0.769602007833,0.0543533402409,0.0461533987805
170.1873895,0.158278602924,0.261572423169,0.599838209056,0.769362572589,0.0548005367611,0.0466023222302
170.1894024,0.158982594961,0.261371883265,0.599521965084,0.769122025635,0.0552507498844,0.0470542753447
170.1914153,0.159689211369,0.261170527802,0.59920423238,0.768880363075,0.0557039933778,0.047509269357
170.1934282,0.160398457221,0.260968354903,0.598885005934,0.768637581016,0.0561602774602,0.047967315408
170.195441,0.161110337561,0.260765362699,0.598564280736,0.768393675557,0.0566196126511,0.0484284245434
170.1974539,0.16182485739,0.260561549331,0.598242051783,0.768148642801,0.057082009352,0.0488926077121
170.1994668,0.162542021677,0.260356912951,0.597918314074,0.767902478845,0.0575474778434,0.0493598757632
170.2014797,0.163261835351,0.26015145172,0.597593062614,0.767655179784,0.0580160298282,0.0498302394436
170.2034926,0.163984303304,0.25994516381,0.597266292412,0.767406741716,0.0584876769492,0.0503037093958
170.2055055,0.164709430389,0.259738047404,0.596937998484,0.767157160732,0.0589624292083,0.0507802961554
170.2075183,0.16543722142,0.259530100695,0.596608175849,0.766906432926,0.0594402964765,0.0512600101482
170.2095312,0.166167681171,0.259321321888,0.596276819532,0.766654554387,0.0599212884906,0.051742861688
170.2115441,0.166900814379,0.259111709196,0.595943924566,0.766401521206,0.0604054148506,0.0522288609743
170.213557,0.167636625735,0.258901260847,0.595609485987,0.766147329472,0.0608926859439,0.052718018089
170.2155699,0.168375119895,0.258689975079,0.59527349884,0.765891975273,0.0613831134085,0.0532103429945
170.2175827,0.169116301468,0.25847785014,0.594935958176,0.765635454695,0.0618767066236,0.0537058455308
170.2195956,0.169860175024,0.258264884292,0.594596859052,0.765377763826,0.0623734747193,0.0542045354129
170.2216085,0.170606745091,0.258051075807,0.594256196534,0.765118898752,0.0628734266748,0.0547064222281
170.2236214,0.17135601615,0.257836422971,0.593913965694,0.764858855558,0.0633765713157,0.0552115154336
170.2256343,0.172107992642,0.25762092408,0.593570161614,0.764597630331,0.0638829177501,0.0557198243535
170.2276472,0.172862678963,0.257404577444,0.593224779382,0.764335219155,0.0643924771632,0.0562313581762
170.22966,0.173620079462,0.257187381385,0.592877814094,0.764071618116,0.0649052584468,0.0567461259519
170.2316729,0.174380198444,0.256969334239,0.592529260858,0.763806823301,0.0654212698934,0.0572641365894
170.2336858,0.17514304017,0.256750434353,0.592179114788,0.763540830795,0.0659405193759,0.0577853988539
170.2356987,0.175908608851,0.256530680087,0.591827371009,0.763273636685,0.06646301456,0.0583099213638
170.2377116,0.176676908653,0.256310069818,0.591474024654,0.763005237057,0.0669887659997,0.0588377125883
170.2397245,0.177447943695,0.256088601931,0.591119070868,0.762735628001,0.0675177801668,0.0593687808442
170.2417373,0.178221718047,0.255866274829,0.590762504805,0.762464805603,0.0680500675363,0.0599031342932
170.2437502,0.178998235729,0.255643086927,0.590404321629,0.762192765955,0.0685856351781,0.0604407809394
170.2457631,0.179777500715,0.255419036654,0.590044516517,0.761919505147,0.069124490261,0.0609817286258
170.247776,0.180559516926,0.255194122454,0.589683084656,0.761645019271,0.0696666397647,0.0615259850322
170.2497889,0.181344288235,0.254968342784,0.589320021243,0.76136930442,0.0702120904763,0.0620735576717
170.2518018,0.182131818462,0.254741696117,0.588955321489,0.761092356691,0.0707608509954,0.0626244538881
170.2538146,0.182922111378,0.254514180941,0.588588980617,0.760814172179,0.0713129298037,0.0631786808529
170.2558275,0.183715170699,0.254285795756,0.58822099386,0.760534746983,0.071868333214,0.0637362455624
170.2578404,0.184511000092,0.254056539082,0.587851356468,0.760254077204,0.0724270673346,0.0642971548348
170.2598533,0.185309603168,0.253826409449,0.5874800637,0.759972158946,0.0729891380664,0.0648614153071
170.2618662,0.186110983485,0.253595405407,0.58710711083,0.759688988312,0.0735545510988,0.0654290334325
170.263879,0.186915144548,0.253363525519,0.586732493147,0.759404561411,0.0741233131065,0.0660000154769
170.2658919,0.187722089804,0.253130768365,0.586356205953,0.759118874353,0.0746954323436,0.0665743675163
170.2679048,0.188531822649,0.25289713254,0.585978244565,0.75883192325,0.0752709141058,0.0671520954335
170.2699177,0.189344346419,0.252662616656,0.585598604312,0.758543704219,0.0758497633336,0.0677332049155
170.2719306,0.190159664396,0.252427219341,0.585217280543,0.758254213379,0.0764319847404,0.0683177014502
170.2739435,0.190977779803,0.252190939242,0.584834268618,0.757963446851,0.0770175828096,0.0689055903232
170.2759563,0.191798695808,0.251953775019,0.584449563915,0.757671400761,0.0776065623562,0.069496876615
170.2779692,0.192622415516,0.251715725351,0.584063161828,0.757378071239,0.0781989308356,0.0700915651982
170.2799821,0.193448941979,0.251476788934,0.583675057767,0.757083454415,0.0787946927123,0.0706896607336
170.281995,0.194278278184,0.251236964482,0.58328524716,0.756787546429,0.0793938516483,0.0712911676681
170.2840079,0.195110427063,0.250996250726,0.582893725451,0.756490343418,0.0799964108014,0.0718960902309
170.2860208,0.195945391483,0.250754646414,0.582500488101,0.756191841529,0.0806023722666,0.0725044324308
170.2880336,0.196783174252,0.250512150313,0.58210553059,0.755892036911,0.0812117447882,0.0731161980529
170.2900465,0.197623778116,0.250268761209,0.581708848416,0.755590925716,0.0818245263133,0.0737313906556
170.2920594,0.198467205759,0.250024477904,0.581310437096,0.755288504102,0.0824407253193,0.0743500135676
170.2940723,0.199313459802,0.24977929922,0.580910292165,0.754984768234,0.0830603431561,0.0749720698843
170.2960852,0.200162542801,0.249533223997,0.580508409178,0.754679714277,0.0836833818287,0.0755975624653
170.2980981,0.20101445725,0.249286251096,0.58010478371,0.754373338407,0.0843098430728,0.0762264939308
170.3001109,0.201869205576,0.249038379395,0.579699411355,0.754065636799,0.0849397283509,0.0768588666588
170.3021238,0.202726790143,0.248789607791,0.579292287729,0.753756605639,0.0855730414092,0.0774946827817
170.3041367,0.203587213248,0.248539935203,0.578883408467,0.753446241116,0.0862097858095,0.0781339441833
170.3061496,0.204450477121,0.248289360567,0.578472769227,0.753134539425,0.086849962318,0.0787766524957
170.3081625,0.205316583926,0.248037882841,0.578060365687,0.752821496767,0.087493571415,0.0794228090959
170.3101753,0.206185535759,0.247785501002,0.577646193547,0.752507109349,0.0881406132916,0.080072415103
170.3121882,0.207057334648,0.247532214047,0.577230248531,0.752191373385,0.0887910878457,0.0807254713748
170.3142011,0.207931982552,0.247278020994,0.576812526385,0.751874285095,0.0894449962011,0.0813819785048
170.316214,0.20880948136,0.247022920883,0.576393022876,0.751555840706,0.0901023414555,0.0820419368189
170.3182269,0.209689832892,0.246766912773,0.575971733797,0.751236036451,0.0907631229233,0.0827053463723
170.3202398,0.210573038898,0.246509995744,0.575548654964,0.75091486857,0.0914273394453,0.0833722069466
170.3222526,0.211459101054,0.246252168899,0.575123782217,0.750592333313,0.0920949895533,0.0840425180462
170.3242655,0.212348020967,0.245993431362,0.574697111421,0.750268426933,0.0927660714663,0.0847162788956
170.3262784,0.21323980017,0.245733782277,0.574268638466,0.749943145694,0.0934405838006,0.085393488436
170.3282913,0.214134440126,0.245473220812,0.573838359267,0.749616485866,0.0941185284807,0.0860741453222
170.3303042,0.215031942221,0.245211746156,0.573406269764,0.749288443727,0.0947999036269,0.0867582479197
170.3323171,0.215932307768,0.244949357521,0.572972365926,0.748959015563,0.0954847063261,0.087445794301
170.3343299,0.216835538007,0.24468605414,0.572536643746,0.74862819767,0.0961729333363,0.0881367822433
170.3363428,0.217741634101,0.24442183527,0.572099099244,0.748295986351,0.096864581083,0.0888312092248
170.3383557,0.218650597136,0.244156700192,0.571659728468,0.747962377916,0.0975596458439,0.0895290724216
170.3403686,0.219562428126,0.243890648207,0.571218527496,0.747627368687,0.09825812755,0.0902303687051
170.3423815,0.220477128003,0.243623678641,0.57077549243,0.747290954994,0.0989600234451,0.0909350946384
170.3443944,0.221394697625,0.243355790845,0.570330619404,0.746953133174,0.0996653287485,0.0916432464733
170.3464072,0.22231513777,0.24308698419,0.569883904579,0.746613899576,0.100374038332,0.0923548201477
170.3484201,0.223238449137,0.242817258075,0.569435344146,0.746273250558,0.101086146713,0.093069811282
170.350433,0.224164632348,0.24254661192,0.568984934326,0.745931182488,0.101801648058,0.0937882151762
170.3524459,0.225093687943,0.24227504517,0.568532671371,0.745587691741,0.102520539367,0.0945100268071
170.3544588,0.226025616382,0.242002557296,0.568078551561,0.745242774707,0.103242817389,0.0952352408251
170.3564716,0.226960418044,0.241729147791,0.567622571211,0.744896427782,0.103968475364,0.0959638515513
170.3584845,0.227898093227,0.241454816175,0.567164726664,0.744548647375,0.104697506166,0.0966958529743
170.3604974,0.228838642146,0.241179561992,0.566705014296,0.744199429905,0.105429902297,0.0974312387477
170.3625103,0.229782064933,0.240903384813,0.566243430517,0.743848771801,0.106165655885,0.0981700021864
170.3645232,0.230728361639,0.240626284231,0.565779971766,0.743496669505,0.106904760572,0.0989121362647
170.3665361,0.231677532227,0.240348259867,0.565314634518,0.743143119469,0.107647212433,0.0996576336124
170.3685489,0.23262957658,0.240069311369,0.564847415282,0.742788118156,0.10839300283,0.100406486513
170.3705618,0.233584494494,0.239789438408,0.564378310598,0.742431662042,0.10914212253,0.101158686898
170.3725747,0.234542285678,0.239508640684,0.563907317044,0.742073747614,0.109894561912,0.10191422635
170.3745876,0.235502949757,0.239226917922,0.56343443123,0.741714371371,0.110650310961,0.102673096093
170.3766005,0.236466486268,0.238944269872,0.562959649802,0.741353529824,0.111409360152,0.103435286994
170.3786134,0.237432894662,0.238660696315,0.562482969442,0.740991219498,0.112171704032,0.104200789558
170.3806262,0.238402174302,0.238376197055,0.562004386869,0.740627436929,0.112937332436,0.104969593927
170.3826391,0.239374324462,0.238090771925,0.561523898837,0.740262178666,0.113706233924,0.105741689877
170.384652,0.240349344327,0.237804420785,0.561041502136,0.739895441272,0.114478396646,0.106517066814
170.3866649,0.241327232993,0.237517143524,0.560557193597,0.739527221323,0.115253808345,0.107295713771
170.3886778,0.242307989466,0.237228940056,0.560070970085,0.739157515407,0.116032456584,0.108077619409
170.3906907,0.243291612661,0.236939810325,0.559582828506,0.738786320127,0.116814333407,0.10886277201
170.3927035,0.244278101404,0.236649754302,0.559092765803,0.738413632101,0.117599427548,0.109651159477
170.3947164,0.245267454426,0.236358771988,0.558600778958,0.738039447958,0.118387725258,0.110442769329
170.3967293,0.246259670368,0.236066863411,0.558106864994,0.737663764343,0.119179212365,0.111237588704
170.3987422,0.247254747779,0.235774028627,0.557611020972,0.737286577916,0.119973874271,0.112035604349
170.4007551,0.248252685113,0.235480267722,0.557113243995,0.73690788535,0.120771695954,0.112836802623
170.4027679,0.249253480732,0.235185580812,0.556613531207,0.736527683335,0.121572665857,0.113641169492
170.4047808,0.250257132903,0.234889968042,0.556111879791,0.736145968575,0.122376772107,0.114448690529
170.4067937,0.251263639797,0.234593429583,0.555608286974,0.735762737788,0.123183998557,0.115259350909
170.4088066,0.252272999492,0.234295965641,0.555102750023,0.73537798771,0.123994328621,0.116073135409
170.4108195,0.253285209969,0.233997576447,0.554595266251,0.734991715089,0.124807745274,0.116890028402
170.4128324,0.254300269114,0.233698262265,0.55408583301,0.734603916694,0.125624231049,0.117710013861
170.4148452,0.255318174714,0.233398023388,0.553574447698,0.734214589306,0.126443770326,0.11853307535
170.4168581,0.25633892446,0.23309686014,0.553061107756,0.733823729723,0.12726635044,0.119359196027
170.418871,0.257362515946,0.232794772875,0.552545810668,0.733431334761,0.128091953011,0.12018835864
170.4208839,0.258388946666,0.232491761977,0.552028553966,0.733037401251,0.128920558959,0.121020545525
170.4228968,0.259418214017,0.232187827861,0.551509335224,0.732641926042,0.129752148751,0.121855738602
170.4249097,0.260450315297,0.231882970976,0.550988152063,0.732244906,0.130586702397,0.122693919377
170.4269225,0.261485247702,0.231577191798,0.550465002149,0.731846338009,0.131424200517,0.123535068937
170.4289354,0.262523008329,0.231270490836,0.549939883197,0.731446218968,0.132264628646,0.124379167952
170.4309483,0.263563594176,0.230962868631,0.549412792966,0.731044545797,0.133107966654,0.125226196666
170.4329612,0.264607002137,0.230654325757,0.548883729263,0.730641315431,0.13395419289,0.126076134903
170.4349741,0.265653229007,0.230344862816,0.548352689944,0.730236524826,0.134803285243,0.126928962061
170.436987,0.266702271477,0.230034480446,0.547819672912,0.729830170954,0.135655221133,0.127784657111
170.4389998,0.267754126138,0.229723179314,0.547284676119,0.729422250807,0.136509977792,0.128643198597
170.4410127,0.268808789475,0.229410960123,0.546747697566,0.729012761395,0.137367537837,0.129504564631
170.4430256,0.269866257871,0.229097823605,0.546208735304,0.728601699749,0.138227879936,0.130368732895
170.4450385,0.270926527607,0.228783770527,0.545667787433,0.728189062915,0.139090979808,0.131235680639
170.4470514,0.271989594857,0.228468801687,0.545124852103,0.727774847963,0.139956812701,0.132105384677
170.4490642,0.273055455691,0.228152917918,0.544579927518,0.72735905198,0.14082535339,0.13297782139
170.4510771,0.274124106076,0.227836120086,0.544033011928,0.726941672074,0.141696576172,0.13385296672
170.45309,0.275195541871,0.227518409087,0.543484103639,0.726522705373,0.142570459502,0.134730796173
170.4551029,0.276269758829,0.227199785856,0.542933201007,0.726102149024,0.143446981473,0.135611284814
170.4571158,0.2773467526,0.226880251357,0.542380302442,0.725680000195,0.144326115126,0.136494407271
170.4591287,0.278426518724,0.22655980659,0.541825406404,0.725256256077,0.145207833023,0.137380137726
170.4611415,0.279509052634,0.226238452588,0.541268511409,0.724830913879,0.146092107244,0.138268449925
170.4631544,0.280594349657,0.225916190418,0.540709616026,0.724403970832,0.146978909389,0.139159317166
170.4651673,0.281682405013,0.225593021183,0.540148718879,0.723975424188,0.147868213279,0.140052712306
170.4671802,0.28277321381,0.225268946019,0.539585818645,0.723545271223,0.148759996248,0.140948607756
170.4691931,0.283866771051,0.224943966096,0.539020914056,0.723113509231,0.149654228919,0.141846975484
170.471206,0.284963071629,0.224618082619,0.538454003901,0.722680135531,0.150550881134,0.142747787011
170.4732188,0.286062110327,0.224291296828,0.537885087025,0.722245147463,0.151449922248,0.14365101341
170.4752317,0.287163881818,0.223963609998,0.537314162327,0.721808542389,0.152351321134,0.144556625309
170.4772446,0.288268380667,0.22363502344,0.536741228765,0.721370317694,0.153255047424,0.14546459289
170.4792575,0.289375601326,0.223305538498,0.536166285352,0.720930470786,0.154161076552,0.146374885885
170.4812704,0.290485538138,0.222975156553,0.535589331161,0.720488999096,0.155069377345,0.147287473581
170.4832833,0.291598185335,0.222643879021,0.535010365322,0.720045900078,0.155979916905,0.148202324814
170.4852961,0.292713537037,0.222311707353,0.534429387021,0.719601171211,0.156892661846,0.149119407973
170.487309,0.293831587252,0.221978643036,0.533846395506,0.719154809994,0.1578075783,0.150038691001
170.4893219,0.294952329877,0.221644687594,0.533261390083,0.718706813954,0.158724632233,0.150960141391
170.4913348,0.296075758697,0.221309842586,0.532674370117,0.718257180639,0.159643795931,0.151883726189
170.4933477,0.297201867383,0.220974109605,0.532085335034,0.717805907624,0.16056503712,0.152809411992
170.4953605,0.298330649493,0.220637490285,0.531494284319,0.717352992507,0.161488320158,0.153737164951
170.4973734,0.299462098475,0.220299986291,0.530901217518,0.71689843291,0.16241360892,0.15466695077
170.4993863,0.30059620766,0.219961599328,0.530306134241,0.716442226481,0.163340866799,0.155598734706
170.5013992,0.301732970267,0.219622331136,0.529709034155,0.715984370893,0.164270056705,0.156532481569
170.5034121,0.302872379401,0.219282183492,0.529109916991,0.715524863844,0.165201146408,0.157468155727
170.505425,0.304014428052,0.21894115821,0.528508782544,0.715063703059,0.16613410331,0.158405721099
170.5074378,0.305159109098,0.21859925714,0.52790563067,0.714600886287,0.167068889042,0.159345141164
170.5094507,0.3063064153,0.21825648217,0.527300461287,0.714136411304,0.168005464754,0.160286378954
170.5114636,0.307456339304,0.217912835223,0.526693274379,0.713670275911,0.168943791122,0.161229397063
170.5134765,0.308608873643,0.217568318261,0.526084069991,0.713202477937,0.169883828343,0.162174157641
170.5154894,0.309764010734,0.217222933284,0.525472848235,0.712733015237,0.170825539236,0.163120622398
170.5175023,0.310921742878,0.216876682326,0.524859609287,0.712261885692,0.1717688907,0.164068752609
170.5195151,0.31208206226,0.216529567461,0.524244353386,0.711789087211,0.172713842011,0.165018509107
170.521528,0.313244960949,0.216181590801,0.523627080838,0.71131461773,0.173660351634,0.165969852292
170.5235409,0.314410430901,0.215832754492,0.523007792015,0.710838475212,0.174608377564,0.166922742128
170.5255538,0.315578463953,0.215483060722,0.522386487354,0.710360657648,0.17555787733,0.167877138146
170.5275667,0.316749051825,0.215132511713,0.52176316736,0.709881163058,0.17650880941,0.168832999448
170.5295796,0.317922186123,0.214781109727,0.521137832602,0.709399989488,0.177461138948,0.169790284703
170.5315924,0.319097858335,0.214428857063,0.520510483718,0.708917135013,0.178414823643,0.170748952154
170.5336053,0.320276059832,0.214075756058,0.519881121415,0.708432597736,0.179369819326,0.17170895962
170.5356182,0.321456781871,0.213721809087,0.519249746464,0.707946375791,0.180326081373,0.172670264493
170.5376311,0.322640015587,0.213367018564,0.518616359709,0.707458467338,0.181283564705,0.173632823746
170.539644,0.323825752002,0.213011386938,0.517980962057,0.706968870568,0.182242224154,0.174596593931
170.5416568,0.32501398202,0.212654916701,0.517343554488,0.706477583699,0.183202021761,0.175561531183
170.5436697,0.326204696427,0.212297610378,0.51670413805,0.705984604981,0.184162914493,0.176527591225
170.5456826,0.327397885893,0.211939470536,0.51606271386,0.705489932692,0.185124855627,0.177494729363
170.5476955,0.328593540968,0.211580499779,0.515419283106,0.704993565141,0.186087797994,0.178462900498
170.5497084,0.329791652087,0.211220700749,0.514773847045,0.704495500666,0.187051693991,0.179432059122
170.5517213,0.330992209567,0.210860076127,0.514126407004,0.703995737636,0.18801649558,0.180402159323
170.5537341,0.332195203608,0.210498628631,0.513476964382,0.70349427445,0.188982160257,0.181373154789
170.555747,0.333400624291,0.21013636102,0.51282552065,0.702991109538,0.189948645179,0.182344998807
170.5577599,0.33460846158,0.20977327609,0.512172077348,0.70248624136,0.190915901158,0.183317644272
170.5597728,0.335818705323,0.209409376674,0.511516636089,0.701979668409,0.191883878587,0.184291043685
170.5617857,0.337031345249,0.209044665647,0.510859198558,0.701471389207,0.192852527438,0.18526514916
170.5637986,0.338246370968,0.20867914592,0.510199766512,0.700961402308,0.193821797273,0.186239912424
170.5658114,0.339463771976,0.208312820442,0.509538341781,0.700449706299,0.194791640671,0.187215284823
170.5678243,0.34068353765,0.207945692204,0.508874926269,0.699936299796,0.195762014815,0.188191217324
170.5698372,0.341905657247,0.207577764233,0.508209521949,0.699421181451,0.196732868552,0.189167660521
170.5718501,0.343130119911,0.207209039594,0.507542130873,0.698904349945,0.197704149953,0.190144564635
170.573863,0.344356914666,0.206839521392,0.506872755163,0.698385803991,0.198675806694,0.191121879521
170.5758759,0.34558603042,0.206469212771,0.506201397015,0.697865542338,0.199647786063,0.192099554672
170.5778887,0.346817455962,0.206098116912,0.505528058702,0.697343563764,0.200620036518,0.193077539219
170.5799016,0.348051179966,0.205726237037,0.504852742568,0.696819867081,0.201592513932,0.194055781942
170.5819145,0.349287190988,0.205353576405,0.504175451035,0.696294451137,0.202565166116,0.195034231267
170.5839274,0.350525477468,0.204980138313,0.503496186598,0.695767314808,0.203537938959,0.196012835275
170.5859403,0.351766027727,0.204605926098,0.502814951827,0.695238457009,0.204510777986,0.196991541706
170.5879531,0.353008829973,0.204230943135,0.502131749369,0.694707876684,0.205483628361,0.197970297962
170.589966,0.354253872296,0.203855192837,0.501446581946,0.694175572813,0.206456435291,0.198949051111
170.5919789,0.355501142667,0.203478678658,0.500759452355,0.693641544411,0.207429151937,0.199927747895
170.5939918,0.356750628946,0.203101404087,0.500070363472,0.693105790525,0.208401726053,0.200906334731
170.5960047,0.358002318874,0.202723372653,0.499379318246,0.692568310237,0.209374101512,0.20188475772
170.5980176,0.359256200076,0.202344587925,0.498686319704,0.692029102665,0.210346221856,0.202862962648
170.6000304,0.360512260062,0.201965053508,0.49799137095,0.69148816696,0.211318030297,0.203840894994
170.6020433,0.361770486229,0.201584773047,0.497294475166,0.690945502309,0.212289469725,0.204818499933
170.6040562,0.363030865854,0.201203750225,0.49659563561,0.690401107932,0.21326048913,0.205795722344
170.6060691,0.364293386105,0.200821988762,0.495894855616,0.689854983087,0.214231037244,0.206772506811
170.608082,0.365558034031,0.200439492417,0.495192138599,0.689307127066,0.215201056109,0.207748797634
170.6100949,0.366824796569,0.200056264989,0.494487488049,0.688757539197,0.216170487469,0.208724538831
170.6121077,0.368093660541,0.199672310313,0.493780907535,0.688206218843,0.217139272777,0.209699674144
170.6141206,0.369364612655,0.199287632262,0.493072400705,0.687653165402,0.218107353199,0.210674147047
170.6161335,0.370637639506,0.198902234748,0.492361971283,0.687098378311,0.219074673272,0.211647900747
170.6181464,0.371912727576,0.19851612172,0.491649623074,0.686541857041,0.220041182563,0.212620878196
170.6201593,0.373189863234,0.198129297166,0.49093535996,0.6859836011,0.221006821892,0.213593022092
170.6221722,0.374469032736,0.19774176511,0.490219185902,0.685423610032,0.221971531417,0.21456427489
170.624185,0.375750222227,0.197353529616,0.489501104941,0.684861883418,0.22293525104,0.215534578802
170.6261979,0.377033417739,0.196964594784,0.488781121194,0.684298420876,0.22389792042,0.216503875809
170.6282108,0.378318605193,0.196574964752,0.488059238862,0.683733222061,0.224859480614,0.217472107664
170.6302237,0.379605770399,0.196184643695,0.48733546222,0.683166286666,0.225819880642,0.218439215901
170.6322366,0.380894899055,0.195793635826,0.486609795627,0.682597614419,0.226779061152,0.219405141839
170.6342494,0.382185976751,0.195401945394,0.485882243518,0.682027205087,0.227736960941,0.220369826589
170.6362623,0.383478988965,0.195009576687,0.485152810411,0.681455058475,0.228693518597,0.221333211063
170.6382752,0.384773921068,0.194616534028,0.484421500899,0.680881174425,0.229648672504,0.222295235979
170.6402881,0.386070758318,0.194222821778,0.48368831966,0.680305552816,0.230602361266,0.223255841867
170.642301,0.387369485868,0.193828444335,0.482953271449,0.679728193568,0.231554531944,0.224214969079
170.6443139,0.388670088761,0.193433406134,0.482216361101,0.679149096635,0.232505126096,0.225172557792
170.6463267,0.389972551934,0.193037711644,0.481477593531,0.678568262013,0.233454081405,0.226128548019
170.6483396,0.391276860214,0.192641365374,0.480736973736,0.677985689735,0.234401335393,0.227082879613
170.6503525,0.392582998324,0.192244371866,0.47999450679,0.677401379871,0.235346825425,0.228035492278
170.6523654,0.393890950879,0.191846735702,0.479250197851,0.676815332533,0.23629048872,0.228986325572
170.6543783,0.395200702389,0.191448461495,0.478504052154,0.67622754787,0.237232268963,0.229935318916
170.6563912,0.396512237259,0.191049553898,0.477756075016,0.675638026069,0.238172109714,0.230882411604
170.658404,0.397825539788,0.190650017598,0.477006271834,0.675046767359,0.239109947812,0.231827542807
170.6604169,0.399140594174,0.190249857318,0.476254648085,0.674453772005,0.240045719979,0.232770651583
170.6624298,0.400457384507,0.189849077816,0.475501209326,0.673859040313,0.240979362829,0.233711676884
170.6644427,0.401775894777,0.189447683886,0.474745961196,0.673262572629,0.241910812883,0.234650557562
170.6664556,0.403096108872,0.189045680357,0.473988909414,0.672664369338,0.242840010285,0.23558723238
170.6684685,0.404418010576,0.188643072091,0.473230059778,0.672064430864,0.243766900462,0.236521640017
170.6704813,0.405741583573,0.188239863988,0.472469418167,0.671462757672,0.244691420098,0.237453719078
170.6724942,0.407066811446,0.187836060981,0.471706990541,0.670859350268,0.245613505398,0.238383408101
170.6745071,0.40839367768,0.187431668035,0.47094278294,0.670254209194,0.246533092515,0.239310645567
170.67652,0.409722165657,0.187026690155,0.470176801484,0.669647335037,0.247450117554,0.240235369903
170.6785329,0.411052258664,0.186621132374,0.469409052374,0.669038728422,0.248364518233,0.241157519495
170.6805457,0.412383939886,0.186214999763,0.46863954189,0.668428390013,0.249276240461,0.242077032696
170.6825586,0.413717192415,0.185808297424,0.467868276395,0.667816320519,0.250185221884,0.242993847833
170.6845715,0.415051999244,0.185401030495,0.467095262327,0.667202520684,0.251091398488,0.243907903213
170.6865844,0.416388343269,0.184993204146,0.46632050621,0.666586991298,0.251994706259,0.244819137136
170.6885973,0.417726207294,0.184584823579,0.465544014644,0.665969733188,0.252895081192,0.2457274879
170.6906102,0.419065574024,0.18417589403,0.46476579431,0.665350747224,0.253792459712,0.246632893812
170.692623,0.420406426075,0.183766420769,0.463985851969,0.664730034317,0.254686786845,0.247535293194
170.6946359,0.421748745966,0.183356409096,0.463204194461,0.664107595417,0.255578002309,0.248434624393
170.6966488,0.423092516126,0.182945864344,0.462420828708,0.663483431519,0.256466042178,0.24933082579
170.6986617,0.424437718892,0.182534791879,0.461635761708,0.662857543655,0.257350842584,0.250223835806
170.7006746,0.425784336509,0.182123197097,0.460849000542,0.662229932903,0.258232339721,0.251113592914
170.7026875,0.427132351134,0.181711085428,0.460060552366,0.661600600379,0.259110469863,0.252000035648
170.7047003,0.428481744832,0.181298462331,0.45927042442,0.660969547242,0.259985175836,0.252883102606
170.7067132,0.429832499583,0.180885333298,0.458478624019,0.660336774692,0.260856400514,0.253762732467
170.7087261,0.431184597277,0.18047170385,0.45768515856,0.659702283973,0.261724080379,0.254638863992
170.710739,0.432538019718,0.180057579539,0.456890035515,0.659066076367,0.262588152025,0.255511436039
170.7127519,0.433892748625,0.179642965949,0.456093262439,0.658428153201,0.263448552168,0.256380387567
170.7147648,0.435248765629,0.179227868693,0.455294846962,0.657788515843,0.264305217659,0.257245657649
170.7167776,0.43660605228,0.178812293412,0.454494796792,0.657147165704,0.265158089082,0.258107185478
170.7187905,0.437964590043,0.17839624578,0.453693119719,0.656504104235,0.266007112311,0.258964910378
170.7208034,0.439324360302,0.177979731499,0.452889823606,0.655859332932,0.26685222496,0.259818771809
170.7228163,0.440685344357,0.177562756298,0.452084916396,0.655212853331,0.267693364411,0.260668709381
170.7248292,0.442047523429,0.177145325938,0.45127840611,0.654564667011,0.268530468227,0.26151466286
170.726842,0.44341087866,0.176727446207,0.450470300844,0.653914775594,0.269363474163,0.262356572178
170.7288549,0.44477539111,0.17630912292,0.449660608773,0.653263180745,0.270192321746,0.26319437744
170.7308678,0.446141041766,0.175890361922,0.448849338149,0.652609884169,0.271016958512,0.264028018937
170.7328807,0.447507811533,0.175471169086,0.448036497298,0.651954887617,0.271837324305,0.264857437149
170.7348936,0.448875681244,0.175051550309,0.447222094625,0.65129819288,0.272653357627,0.265682572761
170.7369065,0.450244631653,0.17463151152,0.446406138609,0.650639801793,0.273464997216,0.266503366665
170.7389193,0.451614643445,0.17421105867,0.445588637805,0.649979716233,0.274272182061,0.267319759974
170.7409322,0.452985697226,0.173790197741,0.444769600846,0.649317938121,0.275074851797,0.268131694029
170.7429451,0.454357773535,0.173368934736,0.443949036436,0.64865446942,0.275872954357,0.268939110408
170.744958,0.455730852838,0.17294727569,0.443126953358,0.647989312135,0.276666432869,0.269741950934
170.7469709,0.457104915529,0.172525226659,0.442303360467,0.647322468317,0.277455227281,0.270540157688
170.7489838,0.458479941936,0.172102793725,0.441478266693,0.646653940056,0.278239277836,0.271333673012
170.7509966,0.459855912317,0.171679982997,0.44065168104,0.645983729487,0.279018525088,0.272122439521
170.7530095,0.461232806865,0.171256800607,0.439823612586,0.64531183879,0.279792909908,0.272906400112
170.7550224,0.462610605703,0.170833252712,0.438994070483,0.644638270184,0.280562379464,0.273685497972
170.7570353,0.463989288894,0.170409345492,0.438163063955,0.643963025935,0.281326881148,0.274459676589
170.7590482,0.465368836433,0.169985085152,0.437330602299,0.643286108349,0.282086356684,0.275228879757
170.7610611,0.466749228256,0.16956047792,0.436496694884,0.642607519777,0.282840748146,0.275993051588
170.7630739,0.468130444234,0.169135530047,0.435661351153,0.641927262613,0.283589997978,0.276752136517
170.7650868,0.469512464179,0.168710247806,0.434824580617,0.641245339294,0.284334048998,0.277506079317
170.7670997,0.470895267844,0.168284637493,0.433986392862,0.6405617523,0.285072847667,0.2782548251
170.7691126,0.472278834922,0.167858705427,0.433146797543,0.639876504154,0.285806345447,0.278998319331
170.7711255,0.473663145049,0.167432457946,0.432305804386,0.639189597423,0.286534486521,0.279736507837
170.7731383,0.475048177807,0.167005901412,0.431463423187,0.638501034718,0.287257215117,0.28046933681
170.7751512,0.47643391272,0.166579042207,0.430619663813,0.637810818691,0.287974475887,0.281196752821
170.7771641,0.477820329261,0.166151886733,0.429774536199,0.63711895204,0.288686213915,0.281918702826
170.779177,0.479207406846,0.165724441414,0.428928050348,0.636425437503,0.289392376125,0.282635134173
170.7811899,0.480595124845,0.165296712692,0.428080216334,0.635730277865,0.290092916798,0.283345994616
170.7832028,0.481983462572,0.164868707029,0.427231044298,0.635033475952,0.290787783566,0.284051232317
170.7852156,0.483372399296,0.164440430907,0.426380544449,0.634335034633,0.291476923126,0.284750795855
170.7872285,0.484761914236,0.164011890826,0.425528727062,0.633634956821,0.292160282649,0.285444634239
170.7892414,0.486151986564,0.163583093306,0.424675602481,0.632933245474,0.292837809793,0.28613269691
170.7912543,0.487542595406,0.163154044883,0.423821181114,0.632229903591,0.293509453046,0.286814933755
170.7932672,0.488933719844,0.162724752112,0.422965473437,0.631524934214,0.294175168389,0.287491295109
170.7952801,0.490325338918,0.162295221565,0.42210848999,0.630818340431,0.294834907803,0.288161731767
170.7972929,0.491717431623,0.161865459831,0.421250241379,0.630110125369,0.295488620751,0.288826194991
170.7993058,0.493109976914,0.161435473516,0.420390738273,0.629400292203,0.29613625722,0.289484636516
170.8013187,0.494502953709,0.16100526924,0.419529991407,0.628688844148,0.29677776774,0.29013700856
170.8033316,0.495896340884,0.160574853643,0.418668011578,0.627975784463,0.297413103383,0.290783263832
170.8053445,0.497290117279,0.160144233377,0.417804809647,0.62726111645,0.298042220868,0.291423355535
170.8073574,0.498684261698,0.15971341511,0.416940396536,0.626544843455,0.298665077305,0.292057237379
170.8093702,0.50007875291,0.159282405524,0.41607478323,0.625826968866,0.299281625208,0.292684863586
170.8113831,0.501473569652,0.158851211318,0.415207980777,0.625107496115,0.299891817669,0.293306188896
170.813396,0.502868690627,0.158419839201,0.414340000283,0.624386428675,0.300495608364,0.293921168576
170.8154089,0.504264094507,0.157988295899,0.413470852916,0.623663770065,0.301092951566,0.294529758427
170.8174218,0.505659759934,0.157556588148,0.412600549904,0.622939523846,0.301683804863,0.295131914791
170.8194346,0.507055665524,0.157124722698,0.411729102533,0.62221369362,0.302268130238,0.295727594556
170.8214475,0.508451789863,0.156692706313,0.410856522151,0.621486283033,0.302845883826,0.296316755166
170.8234604,0.509848111512,0.156260545767,0.409982820159,0.620757295776,0.303417022087,0.296899354624
170.8254733,0.511244609007,0.155828247844,0.409108008021,0.620026735579,0.303981502108,0.297475351504
170.8274862,0.512641260862,0.155395819342,0.408232097254,0.619294606218,0.304539281619,0.298044704951
170.8294991,0.514038045567,0.154963267069,0.407355099435,0.618560911509,0.305090320132,0.298607374693
170.8315119,0.515434941592,0.154530597841,0.406477026193,0.617825655313,0.305634583382,0.299163321044
170.8335248,0.516831927389,0.154097818487,0.405597889215,0.617088841531,0.306172031919,0.29971250491
170.8355377,0.518228981389,0.153664935843,0.404717700243,0.616350474109,0.306702625812,0.3002548878
170.8375506,0.519626082009,0.153231956755,0.403836471072,0.615610557035,0.307226325803,0.300790431824
170.8395635,0.521023207647,0.152798888078,0.40295421355,0.614869094337,0.307743093313,0.301319099707
170.8415764,0.522420336691,0.152365736673,0.402070939578,0.614126090087,0.308252890717,0.301840854789
170.8435892,0.523817447511,0.151932509412,0.401186661112,0.613381548401,0.308755686576,0.302355661034
170.8456021,0.525214518471,0.151499213173,0.400301390157,0.612635473434,0.3092514465,0.302863483032
170.847615,0.526611527919,0.151065854838,0.399415138768,0.611887869385,0.309740134393,0.303364286009
170.8496279,0.528008454199,0.150632441301,0.398527919054,0.611138740494,0.310221714866,0.303858035829
170.8516408,0.529405275643,0.150198979457,0.39763974317,0.610388091044,0.310696153246,0.304344699001
170.8536537,0.530801970581,0.149765476209,0.396750623323,0.609635925359,0.311163415586,0.304824242683
170.8556665,0.532198517333,0.149331938465,0.395860571767,0.608882247804,0.311623472542,0.305296634687
170.8576794,0.53359489422,0.148898373138,0.394969600804,0.608127062788,0.31207629529,0.305761843485
170.8596923,0.534991079558,0.148464787145,0.394077722784,0.60737037476,0.312521851761,0.30621983821
170.8617052,0.536387051662,0.148031187407,0.393184950101,0.606612188211,0.312960110629,0.306670588668
170.8637181,0.537782788848,0.147597580848,0.392291295198,0.605852507672,0.313391041314,0.307114065335
170.8657309,0.539178269433,0.147163974395,0.391396770561,0.605091337717,0.313814613993,0.307550239363
170.8677438,0.540573471738,0.146730374978,0.390501388721,0.604328682962,0.314230801594,0.307979082588
170.8697567,0.541968374088,0.146296789531,0.389605162253,0.603564548061,0.31463958052,0.308400567531
170.8717696,0.543362954812,0.145863224986,0.388708103775,0.602798937711,0.315040923126,0.308814667401
170.8737825,0.544757192247,0.145429688279,0.387810225946,0.602031856651,0.31543480231,0.309221356101
170.8757954,0.546151064741,0.144996186347,0.386911541469,0.601263309658,0.315821191747,0.30962060823
170.8778082,0.547544550646,0.144562726125,0.386012063087,0.600493301552,0.31620006589,0.31001239909
170.8798211,0.54893762833,0.144129314551,0.385111803583,0.599721837193,0.316571400777,0.310396704684
170.881834,0.55033027617,0.143695958562,0.384210775779,0.598948921481,0.31693517711,0.310773501722
170.8838469,0.551722472559,0.143262665092,0.383308992536,0.598174559357,0.317291372171,0.311142767625
170.8858598,0.553114195903,0.142829441075,0.382406466755,0.597398755801,0.31763996322,0.311504480528
170.8878727,0.554505424627,0.142396293445,0.381503211372,0.596621515834,0.317980928315,0.311858619281
170.8898855,0.555896137169,0.141963229132,0.38059923936,0.595842844518,0.318314246311,0.312205163451
170.8918984,0.557286311992,0.141530255063,0.37969456373,0.595062746953,0.318639897048,0.312544093329
170.8939113,0.558675927573,0.141097378163,0.378789197525,0.59428122828,0.318957864817,0.312875389928
170.8959242,0.560064962416,0.140664605354,0.377883153824,0.593498293679,0.319268132173,0.313199034987
170.8979371,0.561453395044,0.140231943553,0.376976445741,0.59271394837,0.319570680841,0.313515010972
170.89995,0.562841204006,0.139799399674,0.376069086421,0.591928197612,0.319865493361,0.313823301082
170.9019628,0.564228367878,0.139366980625,0.375161089042,0.591141046703,0.320152553087,0.314123889244
170.9039757,0.56561486526,0.138934693308,0.374252466813,0.59035250098,0.320431844188,0.314416760122
170.9059886,0.567000674781,0.138502544623,0.373343232974,0.589562565821,0.320703354083,0.314701899111
170.9080015,0.568385775101,0.13807054146,0.372433400796,0.58877124664,0.320967070766,0.314979292347
170.9100144,0.56977014491,0.137638690705,0.371522983576,0.58797854889,0.321222980503,0.315248926701
170.9120272,0.57115376293,0.137206999236,0.370611994642,0.587184478066,0.321471070383,0.315510789783
170.9140401,0.572536607915,0.136775473925,0.36970044735,0.586389039696,0.32171132832,0.315764869943
170.916053,0.573918658657,0.136344121633,0.368788355082,0.58559223935,0.321943743052,0.316011156272
170.9180659,0.575299893982,0.135912949218,0.367875731245,0.584794082636,0.322168305302,0.316249638603
170.9200788,0.576680292753,0.135481963524,0.366962589272,0.583994575197,0.322385008101,0.316480307509
170.9220917,0.578059833872,0.13505117139,0.366048942622,0.583193722718,0.322593842429,0.316703154306
170.9241045,0.579438496282,0.134620579644,0.365134804776,0.582391530917,0.322794799963,0.316918171054
170.9261174,0.580816258966,0.134190195103,0.364220189238,0.581588005554,0.322987873205,0.317125350555
170.9281303,0.582193100949,0.133760024576,0.363305109535,0.580783152423,0.323173055486,0.317324686351
170.9301432,0.583569001302,0.13333007486,0.362389579215,0.579976977357,0.323350341389,0.317516172729
170.9321561,0.584943939139,0.13290035274,0.361473611847,0.579169486225,0.323519728281,0.317699804719
170.934169,0.586317893621,0.132470864992,0.360557221019,0.578360684932,0.32368121204,0.31787557809
170.9361818,0.587690843956,0.132041618377,0.359640420339,0.577550579422,0.323834788932,0.318043489354
170.9381947,0.589062769402,0.131612619646,0.358723223432,0.576739175673,0.323980456048,0.318203535761
170.9402076,0.590433649265,0.131183875536,0.357805643941,0.575926479702,0.324118211306,0.318355715303
170.9422205,0.591803462905,0.130755392771,0.356887695526,0.57511249756,0.324248053531,0.318500026708
170.9442334,0.593172189732,0.130327178062,0.355969391863,0.574297235334,0.32436998398,0.318636469443
170.9462463,0.594539809212,0.129899238105,0.355050746641,0.573480699147,0.324484003434,0.318765043709
170.9482591,0.595906300863,0.129471579581,0.354131773566,0.57266289516,0.32459011272,0.318885750444
170.950272,0.597271644263,0.129044209158,0.353212486357,0.571843829565,0.324688313488,0.318998591316
170.9522849,0.598635819044,0.128617133489,0.352292898743,0.571023508592,0.324778608201,0.319103568724
170.9542978,0.599998804899,0.128190359207,0.351373024467,0.570201938507,0.324861000141,0.319200685799
170.9563107,0.601360581579,0.127763892935,0.350452877284,0.569379125608,0.324935494263,0.319289946396
170.9583235,0.602721128897,0.127337741275,0.349532470956,0.56855507623,0.325002096078,0.319371355096
170.9603364,0.60408042673,0.126911910815,0.348611819257,0.567729796741,0.325060810923,0.319444917204
170.9623493,0.605438455014,0.126486408123,0.347690935969,0.566903293544,0.325111644936,0.319510638742
170.9643622,0.606795193753,0.126061239751,0.346769834882,0.566075573076,0.325154605062,0.319568526454
170.9663751,0.608150623016,0.125636412234,0.345848529791,0.565246641809,0.325189699043,0.319618587796
170.968388,0.609504722938,0.125211932086,0.344927034501,0.564416506246,0.325216935693,0.319660830936
170.9704008,0.610857473724,0.124787805804,0.344005362818,0.563585172926,0.325236324819,0.319695264754
170.9724137,0.612208855646,0.124364039865,0.343083528556,0.56275264842,0.325247876207,0.319721898832
170.9744266,0.613558849047,0.123940640727,0.342161545531,0.561918939332,0.325251600393,0.319740743458
170.9764395,0.614907434341,0.123517614828,0.341239427562,0.561084052301,0.325247508701,0.31975180962
170.9784524,0.616254592017,0.123094968584,0.340317188471,0.560247993996,0.325235613234,0.319755108999
170.9804653,0.617600302635,0.122672708393,0.339394842081,0.55941077112,0.325215926897,0.319750653973
170.9824781,0.61894454683,0.122250840629,0.338472402216,0.558572390408,0.325188463366,0.319738457604
170.984491,0.620287305314,0.121829371648,0.337549882697,0.557732858626,0.325153236732,0.319718533642
170.9865039,0.621628558875,0.12140830778,0.336627297349,0.556892182574,0.32511026181,0.319690896519
170.9885168,0.62296828838,0.120987655336,0.335704659989,0.556050369083,0.325059554173,0.319655561342
170.9905297,0.624306474775,0.120567420603,0.334781984438,0.555207425013,0.325001130151,0.31961254389
170.9925426,0.625643099084,0.120147609846,0.333859284507,0.554363357258,0.324935006808,0.319561860613
170.9945554,0.626978142416,0.119728229305,0.332936574007,0.553518172742,0.324861201516,0.319503528625
170.9965683,0.628311585958,0.119309285198,0.332013866743,0.552671878421,0.324779732365,0.319437565698
170.9985812,0.629643410985,0.118890783719,0.331091176514,0.55182448128,0.324690618294,0.319363990259
171.0005941,0.630973598851,0.118472731036,0.330168517112,0.550975988334,0.324593878976,0.319282821387
171.002607,0.632302131,0.118055133294,0.329245902321,0.550126406629,0.324489534808,0.319194078804
171.0046198,0.633628988959,0.117637996612,0.328323345918,0.549275743242,0.32437760691,0.319097782876
171.0066327,0.634954154345,0.117221327085,0.32740086167,0.548424005278,0.32425811643,0.3189939546
171.0086456,0.636277608861,0.116805130779,0.326478463336,0.547571199871,0.32413108499,0.318882615606
171.0106585,0.6375993343,0.116389413738,0.325556164661,0.546717334187,0.32399653548,0.318763788149
171.0126714,0.638919312546,0.115974181977,0.324633979383,0.545862415418,0.323854491492,0.318637495102
171.0146843,0.640237525573,0.115559441485,0.323711921224,0.545006450786,0.323704977309,0.318503759953
171.0166971,0.641553955449,0.115145198224,0.322790003894,0.544149447541,0.323548017901,0.318362606799
171.01871,0.642868584332,0.114731458128,0.321868241091,0.543291412963,0.323383638334,0.318214060339
171.0207229,0.644181394477,0.114318227105,0.320946646497,0.542432354358,0.323211863329,0.318058145869
171.0227358,0.645492368232,0.113905511033,0.320025233779,0.54157227906,0.323032719468,0.317894889278
171.0247487,0.646801488042,0.113493315762,0.319104016588,0.540711194432,0.322846234061,0.317724317039
171.0267616,0.648108736447,0.113081647115,0.318183008558,0.539849107864,0.322652435071,0.317546456203
171.0287744,0.649414096086,0.112670510885,0.317262223305,0.538986026772,0.322451351111,0.317361334398
171.0307873,0.650717549697,0.112259912835,0.316341674428,0.538121958599,0.32224301109,0.317168979816
171.0328002,0.652019080115,0.1118498587,0.315421375507,0.537256910815,0.322027442698,0.316969421211
171.0348131,0.653318670277,0.111440354183,0.314501340099,0.536390890918,0.321804675787,0.316762687892
171.036826,0.65461630322,0.111031404959,0.313581581745,0.535523906429,0.32157474116,0.316548809715
171.0388389,0.655911962083,0.110623016672,0.312662113961,0.534655964897,0.321337670237,0.316327817078
171.0408517,0.657205630109,0.110215194934,0.311742950243,0.533787073896,0.321093495045,0.316099740914
171.0428646,0.658497290641,0.109807945328,0.310824104064,0.532917241025,0.320842248105,0.315864612686
171.0448775,0.65978692713,0.109401273405,0.309905588871,0.53204647391,0.320583960196,0.315622464377
171.0468904,0.661074523129,0.108995184683,0.30898741809,0.5311747802,0.320318663868,0.315373328486
171.0489033,0.662360062299,0.108589684651,0.30806960512,0.530302167568,0.320046393182,0.315117238018
171.0509161,0.663643528405,0.108184778763,0.307152163335,0.529428643713,0.319767182772,0.314854226483
171.052929,0.664924905322,0.107780472443,0.306235106082,0.528554216359,0.319481067835,0.314584327882
171.0549419,0.666204177031,0.10737677108,0.305318446681,0.527678893251,0.319188084123,0.314307576705
171.0569548,0.667481327622,0.106973680033,0.304402198424,0.526802682159,0.318888265854,0.314024007923
171.0589677,0.668756341294,0.106571204626,0.303486374576,0.525925590878,0.318581647581,0.313733656978
171.0609806,0.670029202357,0.10616935015,0.302570988369,0.525047627223,0.318268266367,0.31343655978
171.0629934,0.671299895232,0.105768121862,0.301656053008,0.524168799035,0.317948159805,0.313132752697
171.0650063,0.67256840445,0.105367524985,0.300741581666,0.523289114174,0.317621366003,0.312822272548
171.0670192,0.673834714655,0.10496756471,0.299827587486,0.522408580526,0.317287923578,0.312505156597
171.0690321,0.675098810603,0.104568246192,0.298914083576,0.521527205997,0.316947870308,0.312181442546
171.071045,0.676360677165,0.10416957455,0.298001083014,0.520644998515,0.316601242376,0.311851168523
171.0730579,0.677620299324,0.103771554871,0.297088598843,0.51976196603,0.316248079438,0.311514373082
171.0750707,0.678877662178,0.103374192206,0.296176644073,0.518878116513,0.315888421775,0.31117109519
171.0770836,0.680132750941,0.102977491569,0.295265231677,0.517993457955,0.315522310138,0.31082137422
171.0790965,0.681385550942,0.102581457942,0.294354374594,0.517107998371,0.315149785738,0.310465249946
171.0811094,0.682636047627,0.102186096269,0.293444085728,0.516221745792,0.314770889572,0.310102762534
171.0831223,0.683884226559,0.101791411458,0.292534377943,0.515334708273,0.314385659636,0.309733952534
171.0851352,0.685130073417,0.101397408382,0.291625264068,0.514446893886,0.31399413754,0.309358860873
171.087148,0.686373573999,0.101004091877,0.290716756894,0.513558310726,0.313596365978,0.308977528848
171.0891609,0.687614714222,0.100611466743,0.289808869171,0.512668966904,0.313192388065,0.308589998115
171.0911738,0.688853480121,0.100219537743,0.288901613611,0.511778870552,0.312782247328,0.308196310687
171.0931867,0.69008985785,0.0998283096043,0.287995002886,0.51088802982,0.31236598751,0.307796508921
171.0951996,0.691323833686,0.0994377870149,0.287089049627,0.509996452878,0.311943648822,0.307390635513
171.0972124,0.692555394022,0.0990479746276,0.286183766425,0.509104147913,0.311515274082,0.306978733491
171.0992253,0.693784525375,0.0986588770571,0.285279165825,0.508211123131,0.311080908115,0.306560846203
171.1012382,0.695011214384,0.0982704988806,0.284375260335,0.507317386754,0.310640596117,0.306137017316
171.1032511,0.696235447806,0.0978828446377,0.283472062416,0.506422947024,0.310194383644,0.305707290802
171.105264,0.697457212524,0.0974959188301,0.282569584486,0.505527812198,0.309742316605,0.305271710932
171.1072769,0.698676495542,0.0971097259213,0.28166783892,0.504631990551,0.309284438015,0.304830322272
171.1092897,0.699893283987,0.0967242703368,0.280766838046,0.503735490376,0.308820791067,0.30438316967
171.1113026,0.701107565109,0.0963395564637,0.279866594147,0.502838319979,0.308351422431,0.30393029825
171.1133155,0.702319326284,0.0959555886507,0.278967119462,0.501940487684,0.307876379096,0.303471753407
171.1153284,0.703528555009,0.0955723712078,0.278068426181,0.501042001833,0.307395708364,0.303007580794
171.1173413,0.704735238908,0.0951899084062,0.277170526447,0.50014287078,0.306909457836,0.30253782632
171.1193542,0.705939365728,0.0948082044782,0.276273432355,0.499243102897,0.306417673454,0.302062536137
171.121367,0.707140923342,0.0944272636172,0.275377155954,0.498342706568,0.305920398518,0.301581756636
171.1233799,0.708339899749,0.0940470899774,0.274481709241,0.497441690194,0.305417681042,0.301095534437
171.1253928,0.709536283072,0.0936676876736,0.273587104166,0.496540062191,0.304909569526,0.300603916384
171.1274057,0.710730061562,0.0932890607813,0.272693352626,0.495637830988,0.304396112727,0.300106949535
171.1294186,0.711921223595,0.0929112133366,0.271800466471,0.494735005027,0.303877359653,0.299604681153
171.1314315,0.713109757675,0.0925341493357,0.270908457496,0.493831592765,0.303353358636,0.299097158702
171.1334443,0.71429565243,0.0921578727354,0.270017337449,0.492927602673,0.302824153562,0.298584429837
171.1354572,0.715478896617,0.0917823874524,0.269127118023,0.492023043232,0.302289793025,0.298066542398
171.1374701,0.716659479122,0.0914076973636,0.268237810857,0.491117922939,0.301750326747,0.297543544399
171.139483,0.717837388954,0.091033806306,0.267349427541,0.490212250303,0.301205804662,0.297015484027
171.1414959,0.719012615254,0.0906607180762,0.266461979608,0.489306033843,0.300656276903,0.296482409625
171.1435087,0.720185147287,0.0902884364308,0.265575478538,0.488399282091,0.300101793552,0.295944369695
171.1455216,0.72135497445,0.0899169650862,0.264689935757,0.487492003593,0.299542399742,0.295401412881
171.1475345,0.722522086266,0.0895463077181,0.263805362635,0.486584206902,0.29897814381,0.294853587968
171.1495474,0.723686472385,0.0891764679622,0.262921770488,0.485675900586,0.298409076424,0.294300943873
171.1515603,0.724848122587,0.0888074494134,0.262039170572,0.484767093221,0.297835248414,0.293743529635
171.1535732,0.726007026782,0.0884392556262,0.261157574093,0.483857793395,0.29725671076,0.293181394413
171.155586,0.727163175006,0.0880718901143,0.260276992193,0.482948009707,0.296673514586,0.292614587472
171.1575989,0.728316557426,0.0877053563509,0.259397435963,0.482037750763,0.296085707072,0.292043158181
171.1596118,0.729467164336,0.0873396577683,0.258518916432,0.48112702518,0.295493335416,0.291467156004
171.1616247,0.73061498616,0.0869747977581,0.257641444572,0.480215841587,0.294896450958,0.290886630493
171.1636376,0.731760013451,0.086610779671,0.256765031297,0.479304208618,0.294295105153,0.290301631279
171.1656505,0.73290223689,0.0862476068169,0.255889687461,0.478392134918,0.29368934956,0.28971220807
171.1676633,0.73404164729,0.0858852824647,0.255015423859,0.477479629139,0.293079235834,0.289118410637
171.1696762,0.735178235589,0.0855238098424,0.254142251226,0.476566699944,0.292464813337,0.288520288812
171.1716891,0.736311992858,0.0851631921369,0.253270180237,0.475653356002,0.291846127997,0.287917892481
171.173702,0.737442910295,0.0848034324942,0.252399221506,0.474739605988,0.291223231301,0.287311271573
171.1757149,0.738570979227,0.0844445340193,0.251529385586,0.473825458588,0.290596175068,0.28670047606
171.1777278,0.739696191111,0.0840864997761,0.250660682967,0.472910922492,0.289965011177,0.286085555941
171.1797406,0.740818537534,0.0837293327872,0.249793124081,0.471996006398,0.289329791554,0.285466561245
171.1817535,0.741938010209,0.0833730360344,0.248926719294,0.471080719011,0.28869056708,0.284843542017
171.1837664,0.743054600982,0.0830176124584,0.248061478912,0.470165069041,0.288047383158,0.284216548316
171.1857793,0.744168301824,0.0826630649586,0.247197413176,0.469249065205,0.287400290609,0.283585630205
171.1877922,0.745279104839,0.0823093963934,0.246334532265,0.468332716225,0.286749341366,0.282950837747
171.189805,0.746387002256,0.0819566095801,0.245472846295,0.467416030829,0.286094587376,0.282312220998
171.1918179,0.747491986435,0.081604707295,0.244612365316,0.466499017748,0.285436080596,0.281669829999
171.1938308,0.748594049864,0.0812536922731,0.243753099316,0.465581685721,0.284773872699,0.281023714773
171.1958437,0.749693185159,0.0809035672086,0.242895058217,0.464664043488,0.284108009435,0.280373925314
171.1978566,0.750789385065,0.0805543347544,0.242038251876,0.463746099797,0.283438540115,0.279720511587
171.1998695,0.751882642455,0.0802059975224,0.241182690087,0.462827863396,0.282765516548,0.279063523515
171.2018823,0.75297295033,0.0798585580837,0.240328382575,0.46190934304,0.282088990515,0.278403010979
171.2038952,0.75406030182,0.0795120189681,0.239475339001,0.460990547484,0.281409013767,0.277739023808
171.2059081,0.75514469018,0.0791663826648,0.238623568961,0.46007148549,0.280725638011,0.277071611775
171.207921,0.756226108796,0.0788216516218,0.237773081983,0.459152165819,0.280038910306,0.27640082459
171.2099339,0.757304551178,0.0784778282463,0.23692388753,0.458232597236,0.279348877595,0.275726711895
171.2119468,0.758380010967,0.0781349149047,0.236075994995,0.457312788509,0.278655591339,0.27504932326
171.2139596,0.759452481927,0.0777929139226,0.235229413707,0.456392748408,0.277959102932,0.274368708171
171.2159725,0.76052195795,0.0774518275848,0.234384152927,0.455472485701,0.2772594637,0.273684916034
171.2179854,0.761588433058,0.0771116581356,0.233540221847,0.454552009163,0.276556724888,0.272997996161
171.2199983,0.762651901393,0.0767724077783,0.232697629592,0.453631327566,0.275850935022,0.272307997769
171.2220112,0.763712357229,0.0764340786759,0.231856385218,0.452710449683,0.275142138696,0.271614969974
171.2240241,0.764769794961,0.0760966729508,0.231016497714,0.45178938429,0.27443038652,0.270918961784
171.2260369,0.765824209113,0.075760192685,0.230177976,0.450868140161,0.273715729296,0.270220022096
171.2280498,0.766875594333,0.07542463992,0.229340828927,0.44994672607,0.272998217721,0.26951819969
171.2300627,0.767923945393,0.0750900166571,0.228505065276,0.449025150791,0.272277902377,0.268813543223
171.2320756,0.76896925719,0.0747563248572,0.22767069376,0.448103423098,0.271554832539,0.268106101227
171.2340885,0.770011524747,0.0744235664412,0.226837723022,0.447181551764,0.270829051404,0.267395922098
171.2361013,0.771050743208,0.0740917432898,0.226006161636,0.446259545559,0.270100607938,0.2666830541
171.2381142,0.772086907845,0.0737608572437,0.225176018106,0.445337413254,0.269369552162,0.26596754535
171.2401271,0.773120014048,0.0734309101038,0.224347300865,0.444415163616,0.268635933955,0.265249443824
171.24214,0.774150057335,0.073101903631,0.223520018277,0.443492805412,0.267899803052,0.264528797342
171.2441529,0.775177033343,0.0727738395466,0.222694178636,0.442570347405,0.267161208736,0.263805653572
171.2461658,0.776200937833,0.0724467195321,0.221869790165,0.441647798356,0.266420193829,0.263080060021
171.2481786,0.777221766689,0.0721205452298,0.221046861015,0.440725167023,0.265676804864,0.26235206403
171.2501915,0.778239515913,0.0717953182421,0.220225399268,0.439802462161,0.264931090902,0.261621712774
171.2522044,0.779254181632,0.0714710401323,0.219405412936,0.438879692522,0.264183100837,0.260889053253
171.2542173,0.780265760093,0.0711477124246,0.218586909957,0.437956866852,0.263432883388,0.260154132291
171.2562302,0.78127424766,0.0708253366037,0.2177698982,0.437033993896,0.262680487094,0.25941699653
171.2582431,0.782279640822,0.0705039141157,0.216954385462,0.436111082393,0.261925955474,0.258677692428
171.2602559,0.783281936184,0.0701834463675,0.216140379469,0.435188141078,0.261169331844,0.257936266252
171.2622688,0.784281130472,0.0698639347273,0.215327887875,0.43426517868,0.260410664154,0.257192764077
171.2642817,0.785277220529,0.0695453805248,0.214516918263,0.433342203925,0.259650000156,0.256447231782
171.2662946,0.786270203319,0.069227785051,0.213707478144,0.432419225531,0.258887387401,0.255699715046
171.2683075,0.78726007592,0.0689111495584,0.212899574957,0.431496252213,0.258122873236,0.254950259341
171.2703204,0.78824683553,0.0685954752614,0.212093216069,0.430573292678,0.257356502069,0.254198909934
171.2723332,0.789230479465,0.0682807633362,0.211288408776,0.429650355628,0.25658831415,0.25344571188
171.2743461,0.790211005153,0.067967014921,0.210485160301,0.428727449757,0.25581835587,0.252690710021
171.276359,0.791188410144,0.067654231116,0.209683477795,0.427804583754,0.255046673705,0.251933948978
171.2783719,0.792162692098,0.0673424129837,0.208883368337,0.4268817663,0.254273313907,0.251175473155
171.2803848,0.793133848793,0.0670315615491,0.208084838935,0.425959006069,0.253498322498,0.25041532673
171.2823976,0.794101878121,0.0667216777995,0.207287896522,0.425036311727,0.252721744055,0.249653553652
171.2844105,0.795066778087,0.0664127626852,0.206492547962,0.424113691932,0.251943616857,0.248890197643
171.2864234,0.796028546811,0.066104817119,0.205698800044,0.423191155335,0.251163985009,0.248125302189
171.2884363,0.796987182525,0.065797841977,0.204906659486,0.422268710577,0.25038289359,0.247358910544
171.2904492,0.797942683574,0.065491838098,0.204116132933,0.421346366292,0.249600387433,0.246591065718
171.2924621,0.798895048414,0.0651868062845,0.203327226959,0.420424131104,0.248816511126,0.245821810483
171.2944749,0.799844275613,0.0648827473022,0.202539948063,0.419502013628,0.248031308698,0.245051187366
171.2964878,0.800790363851,0.0645796618805,0.201754302674,0.418580022469,0.247244817575,0.244279238648
171.2985007,0.801733311916,0.0642775507125,0.200970297147,0.417658166223,0.246457078869,0.24350600636
171.3005136,0.802673118708,0.0639764144551,0.200187937765,0.416736453477,0.245668136158,0.242731532281
171.3025265,0.803609783234,0.0636762537296,0.19940723074,0.415814892805,0.24487803276,0.241955857938
171.3045394,0.804543304612,0.0633770691211,0.19862818221,0.414893492772,0.244086811725,0.241179024599
171.3065522,0.805473682065,0.0630788611795,0.19785079824,0.413972261934,0.243294515836,0.240401073278
171.3085651,0.806400914928,0.0627816304191,0.197075084825,0.413051208833,0.242501182789,0.239622044723
171.310578,0.807325002638,0.062485377319,0.196301047886,0.412130342001,0.241706850025,0.238841979424
171.3125909,0.808245944743,0.0621901023232,0.195528693271,0.411209669958,0.240911559536,0.238060917605
171.3146038,0.809163740892,0.0618958058409,0.194758026758,0.410289201213,0.240115353036,0.237278899224
171.3166167,0.810078390843,0.0616024882463,0.193989054051,0.409368944262,0.239318271963,0.236495963969
171.3186295,0.810989894456,0.0613101498793,0.193221780783,0.408448907589,0.23852035747,0.235712151261
171.3206424,0.811898251698,0.0610187910455,0.192456212514,0.407529099665,0.237721647736,0.234927500247
171.3226553,0.812803462636,0.0607284120161,0.191692354731,0.40660952895,0.236922176788,0.234142049801
171.3246682,0.813705527441,0.0604390130285,0.190930212853,0.405690203889,0.236121984661,0.233355838524
171.3266811,0.814604446387,0.0601505942862,0.190169792222,0.404771132913,0.235321111402,0.232568904739
171.3286939,0.81550021985,0.0598631559589,0.189411098112,0.403852324441,0.234519596765,0.23178128649
171.3307068,0.816392848304,0.0595766981832,0.188654135723,0.402933786879,0.233717480213,0.230993021545
171.3327197,0.817282332325,0.0592912210623,0.187898910185,0.402015528615,0.232914799727,0.23020414739
171.3347326,0.81816867259,0.0590067246663,0.187145426555,0.401097558027,0.232111587088,0.229414701228
171.3367455,0.819051869872,0.0587232090325,0.186393689819,0.400179883476,0.231307879729,0.228624719982
171.3387584,0.819931925046,0.0584406741654,0.185643704893,0.399262513308,0.230503715976,0.227834240289
171.3407712,0.82080883908,0.0581591200373,0.184895476619,0.398345455856,0.22969913385,0.227043298501
171.3427841,0.821682613045,0.0578785465879,0.18414900977,0.397428719434,0.228894171075,0.226251930685
171.344797,0.822553248103,0.0575989537251,0.183404309047,0.396512312345,0.228088864776,0.225460172622
171.3468099,0.823420745514,0.0573203413249,0.182661379081,0.395596242871,0.227283245639,0.224668059802
171.3488228,0.824285106634,0.0570427092313,0.181920224432,0.394680519283,0.226477347888,0.223875627429
171.3508357,0.825146332912,0.0567660572572,0.181180849587,0.393765149832,0.225671208085,0.223082910419
171.3528485,0.826004425891,0.0564903851841,0.180443258966,0.392850142753,0.224864862487,0.222289943394
171.3548614,0.826859387208,0.0562156927624,0.179707456916,0.391935506267,0.22405834704,0.221496760689
171.3568743,0.827711218591,0.0559419797117,0.178973447716,0.391021248574,0.223251697385,0.220703396347
171.3588872,0.828559921862,0.0556692457208,0.178241235571,0.390107377859,0.222444944234,0.219909884118
171.3609001,0.829405498932,0.0553974904481,0.177510824621,0.389193902289,0.221638118036,0.219116257461
171.362913,0.830247951803,0.0551267135221,0.176782218933,0.388280830013,0.220831253564,0.218322549543
171.3649258,0.831087282568,0.0548569145407,0.176055422505,0.387368169163,0.220024385282,0.217528793238
171.3669387,0.831923493406,0.0545880930724,0.175330439265,0.386455927851,0.219217547344,0.216735021125
171.3689516,0.832756586588,0.0543202486559,0.174607273073,0.385544114172,0.218410773589,0.215941265492
171.3709645,0.833586564471,0.0540533808006,0.173885927718,0.384632736202,0.217604094989,0.215147558333
171.3729774,0.834413429498,0.0537874889866,0.173166406923,0.383721801997,0.216797538541,0.214353931347
171.3749902,0.835237184201,0.0535225726652,0.172448714338,0.382811319596,0.215991136934,0.213560415941
171.3770031,0.836057831195,0.0532586312589,0.171732853547,0.381901297016,0.21518492283,0.212767043227
171.379016,0.836875373181,0.0529956641614,0.171018828066,0.380991742257,0.214378928578,0.211973844024
171.3810289,0.837689812945,0.0527336707384,0.170306641342,0.380082663297,0.213573186212,0.211180848857
171.3830418,0.838501153356,0.0524726503273,0.169596296752,0.379174068096,0.212767726336,0.210388087957
171.3850547,0.839309397365,0.0522126022378,0.168887797608,0.378265964591,0.211962573675,0.209595591262
171.3870675,0.840114548006,0.0519535257517,0.168181147154,0.377358360702,0.211157758281,0.208803388416
171.3890804,0.840916608395,0.0516954201236,0.167476348564,0.376451264324,0.210353311012,0.208011508773
171.3910933,0.841715581727,0.0514382845805,0.166773404947,0.375544683335,0.209549262415,0.20721998139
171.3931062,0.842511471279,0.0511821183228,0.166072319345,0.37463862559,0.208745642721,0.206428835034
171.3951191,0.843304280407,0.0509269205238,0.165373094732,0.373733098923,0.207942481579,0.205638098181
171.397132,0.844094012543,0.0506726903303,0.164675734015,0.372828111146,0.207139802574,0.204847799014
171.3991448,0.844880671202,0.0504194268629,0.163980240036,0.37192367005,0.206337632607,0.204057965424
171.4011577,0.845664259971,0.0501671292158,0.16328661557,0.371019783402,0.205536000743,0.203268625013
171.4031706,0.846444782517,0.0499157964575,0.162594863327,0.370116458951,0.204734935739,0.202479805094
171.4051835,0.847222242581,0.0496654276308,0.16190498595,0.369213704418,0.20393446604,0.201691532688
171.4071964,0.847996643981,0.0494160217529,0.161216986016,0.368311527506,0.203134619781,0.200903834529
171.4092093,0.848767990607,0.0491675778159,0.160530866039,0.367409935892,0.202335420491,0.200116737062
171.4112221,0.849536286425,0.0489200947867,0.159846628466,0.366508937232,0.20153689145,0.199330266445
171.413235,0.850301535473,0.0486735716076,0.15916427568,0.365608539159,0.20073905995,0.198544448549
171.4152479,0.85106374186,0.0484280071963,0.158483809998,0.36470874928,0.19994195298,0.197759308959
171.4172608,0.851822909768,0.0481834004459,0.157805233676,0.363809575181,0.199145597218,0.196974872976
171.4192737,0.852579043451,0.0479397502258,0.157128548902,0.362911024422,0.198350019039,0.196191165615
171.4212865,0.853332147231,0.0476970553812,0.156453757803,0.362013104541,0.197555242143,0.195408211608
171.4232994,0.8540822255,0.0474553147336,0.155780862441,0.36111582305,0.196761286555,0.194626035405
171.4253123,0.854829282719,0.0472145270812,0.155109864815,0.360219187437,0.195968177563,0.193844661175
171.4273252,0.855573323418,0.0469746911989,0.154440766862,0.359323205167,0.195175940411,0.193064112805
171.4293381,0.856314352192,0.0467358058386,0.153773570455,0.358427883677,0.194384600045,0.192284413903
171.431351,0.857052373705,0.0464978697295,0.153108277404,0.357533230382,0.193594181108,0.191505587798
171.4333638,0.857787392686,0.0462608815782,0.152444889458,0.35663925267,0.192804706916,0.190727657542
171.4353767,0.858519413929,0.0460248400688,0.151783408304,0.355745957905,0.192016195376,0.189950645911
171.4373896,0.859248442292,0.0457897438635,0.151123835567,0.354853353423,0.191228669294,0.189174575404
171.4394025,0.859974482698,0.0455555916026,0.150466172809,0.353961446537,0.190442152214,0.188399468247
171.4414154,0.860697540133,0.0453223819047,0.149810421533,0.353070244531,0.189656667383,0.187625346392
171.4434283,0.861417619644,0.0450901133669,0.149156583182,0.352179754667,0.188872237753,0.186852231521
171.4454411,0.86213472634,0.0448587845653,0.148504659134,0.351289984177,0.188088885732,0.186080145043
171.447454,0.862848865393,0.0446283940548,0.147854650712,0.350400940267,0.187306628183,0.185309108098
171.4494669,0.863560042033,0.0443989403696,0.147206559174,0.349512630118,0.186525485007,0.184539141561
171.4514798,0.864268261551,0.0441704220234,0.146560385723,0.348625060884,0.185745478086,0.183770266034
171.4534927,0.864973529296,0.0439428375096,0.145916131498,0.347738239689,0.184966629011,0.183002501859
171.4555056,0.865675850676,0.0437161853015,0.145273797583,0.346852173634,0.184188959089,0.182235869112
171.4575184,0.866375231154,0.0434904638524,0.144633385001,0.345966869789,0.183412489339,0.181470387604
171.4595313,0.867071676255,0.0432656715961,0.143994894715,0.345082335199,0.182637236588,0.180706076886
171.4615442,0.867765191554,0.043041806947,0.143358327633,0.344198576879,0.181863217444,0.17994295625
171.4635571,0.868455782686,0.0428188683001,0.142723684603,0.343315601819,0.181090452174,0.179181044726
171.46557,0.869143455338,0.0425968540318,0.142090966416,0.342433416979,0.180318960766,0.178420361091
171.4675828,0.869828215253,0.0423757624992,0.141460173804,0.34155202929,0.179548762926,0.177660923861
171.4695957,0.870510068225,0.0421555920414,0.140831307444,0.340671445656,0.178779878085,0.176902751302
171.4716086,0.871189020104,0.0419363409788,0.140204367955,0.339791672952,0.178012323254,0.176145861424
171.4736215,0.871865076789,0.0417180076139,0.139579355902,0.338912718026,0.177246112122,0.175390271986
171.4756344,0.872538244232,0.0415005902312,0.138956271789,0.338034587694,0.176481263154,0.174636000497
171.4776473,0.873208528433,0.0412840870976,0.138335116069,0.337157288744,0.175717794785,0.173883064219
171.4796601,0.873875935447,0.0410684964626,0.137715889137,0.336280827937,0.174955725176,0.173131480165
171.481673,0.874540471372,0.0408538165584,0.137098591333,0.335405212002,0.174195072221,0.172381265102
171.4836859,0.87520214236,0.0406400456002,0.136483222943,0.33453044764,0.173435852621,0.171632435555
171.4856988,0.875860954608,0.0404271817865,0.135869784196,0.333656541522,0.172678078206,0.170885007805
171.4877117,0.876516914361,0.0402152232991,0.135258275271,0.332783500289,0.17192176524,0.170138997893
171.4897246,0.877170027911,0.0400041683035,0.134648696289,0.331911330552,0.17116693066,0.16939442162
171.4917374,0.877820301594,0.039794014949,0.134041047319,0.331040038892,0.170413591137,0.168651294551
171.4937503,0.878467741795,0.0395847613691,0.133435328377,0.33016963186,0.169661763089,0.167909632012
171.4957632,0.879112354939,0.0393764056814,0.132831539425,0.329300115977,0.168911462445,0.167169449097
171.4977761,0.879754147498,0.0391689459881,0.132229680374,0.328431497733,0.168162700168,0.166430760667
171.499789,0.880393125988,0.0389623803763,0.131629751081,0.327563783587,0.167415489961,0.165693581349
171.5018019,0.881029296964,0.0387567069176,0.131031751351,0.326696979968,0.16666984732,0.164957925544
171.5038147,0.881662667026,0.038551923669,0.130435680939,0.325831093274,0.165925787488,0.164223807422
171.5058276,0.882293242815,0.0383480286729,0.129841539546,0.324966129872,0.16518332546,0.16349124093
171.5078405,0.882921031012,0.038145019957,0.129249326825,0.324102096097,0.164442475983,0.162760239786
171.5098534,0.883546038338,0.037942895535,0.128659042376,0.323238998253,0.163703250063,0.162030817489
171.5118663,0.884168271554,0.0377416534065,0.128070685749,0.322376842613,0.162965658524,0.161302987314
171.5138791,0.884787737458,0.0375412915571,0.127484256445,0.321515635419,0.162229715481,0.160576762317
171.515892,0.88540444289,0.0373418079591,0.126899753915,0.32065538288,0.161495434809,0.159852155338
171.5179049,0.886018394723,0.0371432005712,0.126317177559,0.319796091174,0.160762830142,0.159129178996
171.5199178,0.886629599869,0.0369454673388,0.125736526729,0.318937766447,0.160031914878,0.1584078457
171.5219307,0.887238065277,0.0367486061945,0.12515780073,0.318080414813,0.159302700267,0.157688167644
171.5239436,0.887843797931,0.036552615058,0.124580998815,0.317224042353,0.158575194615,0.156970156809
171.5259564,0.888446804848,0.0363574918363,0.124006120192,0.316368655118,0.157849410504,0.15625382497
171.5279693,0.889047093084,0.0361632344242,0.123433164021,0.315514259124,0.157125360499,0.155539183691
171.5299822,0.889644669723,0.0359698407043,0.122862129412,0.314660860355,0.156403056937,0.154826244332
171.5319951,0.890239541887,0.0357773085469,0.122293015431,0.313808464764,0.155682511927,0.154115018046
171.534008,0.890831716729,0.0355856358109,0.121725821096,0.31295707827,0.154963736528,0.153405515784
171.5360209,0.891421201432,0.0353948203434,0.121160545378,0.31210670676,0.154246737489,0.152697748297
171.5380337,0.892008003212,0.03520485998,0.120597187203,0.311257356086,0.153531525517,0.151991726135
171.5400466,0.892592129317,0.0350157525453,0.120035745451,0.310409032069,0.15281811193,0.15128745965
171.5420595,0.893173587023,0.0348274958528,0.119476218957,0.309561740498,0.152106507828,0.150584959
171.5440724,0.893752383637,0.0346400877052,0.118918606509,0.308715487125,0.151396724095,0.149884234147
171.5460853,0.894328526494,0.0344535258944,0.118362906853,0.307870277671,0.1506887712,0.149185294858
171.5480982,0.894902022958,0.0342678082023,0.117809118688,0.307026117824,0.149982655218,0.148488150713
171.550111,0.89547288042,0.0340829324,0.117257240673,0.306183013238,0.149278384682,0.1477928111
171.5521239,0.896041106299,0.0338988962491,0.116707271418,0.305340969533,0.148575969723,0.14709928522
171.5541368,0.89660670804,0.0337156975009,0.116159209494,0.304499992296,0.147875420267,0.146407582087
171.5561497,0.897169693116,0.0335333338972,0.115613053426,0.303660087078,0.147176746032,0.145717710532
171.5581626,0.897730069022,0.0333518031704,0.1150688017,0.302821259399,0.146479956533,0.145029679203
171.5601754,0.898287843281,0.0331711030435,0.114526452755,0.301983514744,0.145785057991,0.144343496565
171.5621883,0.89884302344,0.0329912312304,0.113986004991,0.301146858563,0.14509205649,0.143659170905
171.5642012,0.899395617068,0.0328121854361,0.113447456766,0.300311296273,0.144400961039,0.142976710333
171.5662141,0.899945631758,0.0326339633567,0.112910806396,0.299476833257,0.143711780449,0.142296122782
171.568227,0.900493075128,0.03245656268,0.112376052157,0.298643474863,0.143024523334,0.141617416009
171.5702399,0.901037954814,0.0322799810853,0.111843192284,0.297811226404,0.142339198117,0.140940597601
171.5722527,0.901580278478,0.0321042162436,0.11131222497,0.296980093159,0.141655811341,0.140265674972
171.5742656,0.902120053799,0.031929265818,0.110783148371,0.296150080374,0.140974366973,0.139592655366
171.5762785,0.902657288479,0.0317551274636,0.110255960601,0.295321193259,0.140294872769,0.13892154586
171.5782914,0.90319199024,0.0315817988281,0.109730659735,0.294493436989,0.139617336486,0.138252353364
171.5803043,0.903724166823,0.0314092775515,0.109207243812,0.293666816704,0.138941765696,0.137585084624
171.5823172,0.904253825987,0.0312375612665,0.108685710827,0.292841337512,0.138268167787,0.136919746222
171.58433,0.90478097551,0.0310666475988,0.108166058742,0.292017004482,0.137596549239,0.136256344579
171.5863429,0.90530562319,0.0308965341668,0.107648285478,0.291193822652,0.136926912758,0.135594885956
171.5883558,0.905827776839,0.0307272185824,0.107132388918,0.290371797022,0.136259264553,0.134935376454
171.5903687,0.906347444288,0.0305586984508,0.106618366911,0.289550932558,0.135593611386,0.134277822019
171.5923816,0.906864633383,0.0303909713708,0.106106217266,0.288731234192,0.134929959846,0.133622228441
171.5943945,0.907379351988,0.0302240349346,0.105595937756,0.287912706819,0.134268316344,0.132968601357
171.5964073,0.907891607979,0.0300578867287,0.105087526119,0.287095355301,0.133608686946,0.132316946251
171.5984202,0.908401409251,0.0298925243333,0.104580980056,0.286279184462,0.13295107388,0.131667268457
171.6004331,0.908908763709,0.029727945323,0.104076297231,0.285464199092,0.132295481548,0.131019573159
171.602446,0.909413679276,0.0295641472667,0.103573475276,0.284650403946,0.131641915775,0.130373865394
171.6044589,0.909916163885,0.0294011277277,0.103072511786,0.283837803744,0.13099038222,0.129730150053
171.6064717,0.910416225484,0.0292388842643,0.102573404322,0.28302640317,0.130340886378,0.129088431882
171.6084846,0.910913872032,0.0290774144294,0.10207615041,0.282216206871,0.129693433582,0.128448715485
171.6104975,0.911409111501,0.0289167157709,0.101580747543,0.28140721946,0.129048026296,0.127811005324
171.6125104,0.911901951874,0.028756785832,0.101087193179,0.280599445515,0.128404666885,0.127175305719
171.6145233,0.912392401145,0.0285976221511,0.100595484744,0.279792889577,0.12776336029,0.126541620856
171.6165362,0.912880467319,0.0284392222622,0.100105619632,0.278987556152,0.1271241113,0.125909954779
171.618549,0.91336615841,0.0282815836948,0.0996175952017,0.27818344971,0.126486924546,0.125280311398
171.6205619,0.913849482443,0.0281247039743,0.0991314087813,0.277380574686,0.125851804507,0.124652694491
171.6225748,0.914330447451,0.027968580622,0.0986470576666,0.276578935479,0.125218754037,0.1240271077
171.6245877,0.914809061476,0.0278132111552,0.0981645391218,0.275778536451,0.124587773755,0.123403554537
171.6266006,0.915285332568,0.0276585930876,0.0976838503797,0.274979381929,0.123958867611,0.122782038384
171.6286135,0.915759268787,0.0275047239291,0.0972049886422,0.274181476205,0.123332039574,0.122162562496
171.6306263,0.916230878196,0.0273516011862,0.0967279510804,0.273384823534,0.122707293465,0.121545129998
171.6326392,0.91670016887,0.0271992223622,0.0962527348352,0.272589428136,0.122084632962,0.120929743891
171.6346521,0.917167148886,0.0270475849571,0.0957793370174,0.271795294194,0.121464060966,0.120316407052
171.636665,0.91763182633,0.0268966864678,0.0953077547081,0.271002425856,0.120845577103,0.119705122234
171.6386779,0.918094209293,0.0267465243884,0.0948379849588,0.270210827233,0.120229184075,0.119095892068
171.6406908,0.91855430587,0.0265970962104,0.0943700247924,0.269420502402,0.119614885081,0.118488719067
171.6427036,0.919012124163,0.0264483994224,0.0939038712027,0.268631455402,0.119002683184,0.117883605622
171.6447165,0.919467672276,0.0263004315106,0.0934395211551,0.267843690237,0.118392581312,0.117280554009
171.6467294,0.91992095832,0.0261531899591,0.092976971587,0.267057210875,0.117784582105,0.116679566386
171.6487423,0.920371990405,0.0260066722495,0.0925162194078,0.266272021247,0.117178684876,0.116080644797
171.6507552,0.92082077665,0.0258608758614,0.0920572614997,0.265488125249,0.116574890852,0.115483791173
171.652768,0.921267325172,0.0257157982727,0.0916000947175,0.264705526741,0.115973202513,0.11488900733
171.6547809,0.921711644092,0.0255714369593,0.0911447158892,0.263924229546,0.115373622214,0.114296294976
171.6567938,0.922153741534,0.0254277893954,0.0906911218164,0.263144237453,0.114776152178,0.113705655707
171.6588067,0.922593625623,0.0252848530537,0.0902393092741,0.262365554213,0.114180794506,0.113117091012
171.6608196,0.923031304484,0.0251426254057,0.0897892750118,0.261588183541,0.113587548818,0.112530602271
171.6628325,0.923466786244,0.0250011039214,0.0893410157531,0.260812129118,0.112996414665,0.11194619076
171.6648453,0.923900079031,0.0248602860696,0.0888945281963,0.260037394586,0.112407393857,0.111363857648
171.6668582,0.924331190973,0.0247201693183,0.0884498090149,0.259263983553,0.111820488083,0.110783604002
171.6688711,0.924760130196,0.0245807511345,0.0880068548574,0.25849189959,0.111235698912,0.110205430785
171.670884,0.925186904827,0.0244420289843,0.0875656623482,0.257721146234,0.110653027797,0.10962933886
171.6728969,0.925611522992,0.0243040003334,0.0871262280874,0.256951726983,0.110072474792,0.109055328991
171.6749098,0.926033992814,0.0241666626468,0.0866885486514,0.256183645302,0.109494038029,0.108483401841
171.6769226,0.926454322417,0.0240300133891,0.086252620593,0.255416904617,0.108917719008,0.107913557977
171.6789355,0.926872519921,0.0238940500246,0.085818440442,0.254651508321,0.108343518584,0.107345797867
171.6809484,0.927288593445,0.0237587700175,0.0853860047052,0.253887459769,0.107771436351,0.106780121887
171.6829613,0.927702551102,0.0236241708318,0.0849553098667,0.253124762281,0.107201474058,0.106216530316
171.6849742,0.928114401007,0.0234902499319,0.0845263523885,0.252363419141,0.106633632502,0.105655023342
171.6869871,0.928524151267,0.0233570047819,0.0840991287104,0.251603433596,0.106067908276,0.105095601059
171.6889999,0.928931809988,0.0232244328464,0.0836736352506,0.25084480886,0.105504302028,0.104538263472
171.6910128,0.929337385271,0.0230925315906,0.083249868406,0.250087548107,0.104942815111,0.103983010495
171.6930257,0.929740885213,0.0229612984799,0.0828278245521,0.24933165448,0.104383448396,0.103429841954
171.6950386,0.930142317905,0.0228307309804,0.0824075000437,0.248577131082,0.103826198369,0.102878757586
171.6970515,0.930541691435,0.0227008265591,0.0819888912151,0.247823980983,0.103271064685,0.102329757044
171.6990643,0.930939013884,0.0225715826836,0.0815719943803,0.247072207216,0.102718048316,0.101782839894
171.7010772,0.931334293327,0.0224429968225,0.0811568058332,0.246321812778,0.102167150028,0.101238005616
171.7030901,0.931727537836,0.0223150664455,0.0807433218483,0.245572800632,0.101618366562,0.10069525361
171.705103,0.932118755473,0.0221877890235,0.0803315386804,0.244825173704,0.101071696447,0.100154583191
171.7071159,0.932507954296,0.0220611620286,0.0799214525653,0.244078934885,0.100527140293,0.099615993594
171.7091288,0.932895142355,0.0219351829341,0.07951305972,0.243334087031,0.0999846985956,0.0990794839726
171.7111416,0.933280327692,0.021809849215,0.0791063563428,0.24259063296,0.0994443686814,0.0985450534019
171.7131545,0.933663518344,0.0216851583478,0.0787013386138,0.241848575458,0.0989061478381,0.0980127008785
171.7151674,0.934044722338,0.0215611078104,0.0782980026952,0.241107917273,0.0983700363297,0.0974824253216
171.7171803,0.934423947694,0.0214376950828,0.0778963447312,0.240368661119,0.0978360343089,0.0969542255738
171.7191932,0.934801202424,0.0213149176467,0.0774963608489,0.239630809674,0.0973041397495,0.0964281004026
171.7212061,0.935176494531,0.0211927729857,0.0770980471578,0.238894365581,0.096774348838,0.0959040485008
171.7232189,0.935549832008,0.0210712585855,0.0767013997509,0.238159331449,0.0962466614253,0.0953820684877
171.7252318,0.93592122284,0.0209503719338,0.0763064147042,0.237425709849,0.0957210773389,0.0948621589102
171.7272447,0.936290675004,0.0208301105207,0.0759130880776,0.236693503319,0.0951975950078,0.0943443182432
171.7292576,0.936658196464,0.0207104718386,0.0755214159148,0.235962714362,0.0946762098963,0.0938285448911
171.7312705,0.937023795178,0.0205914533821,0.0751313942435,0.235233345445,0.094156921299,0.0933148371884
171.7332834,0.93738747909,0.0204730526485,0.0747430190761,0.234505399001,0.0936397287333,0.0928031934007
171.7352962,0.937749256136,0.0203552671376,0.0743562864095,0.233778877426,0.0931246309055,0.0922936117254
171.7373091,0.938109134241,0.0202380943518,0.0739711922256,0.233053783085,0.0926116229111,0.0917860902929
171.739322,0.938467121319,0.0201215317965,0.0735877324915,0.232330118304,0.0921007033562,0.0912806271672
171.7413349,0.938823225272,0.0200055769795,0.0732059031599,0.231607885377,0.0915918714629,0.090777220347
171.7433478,0.939177453991,0.0198902274119,0.0728257001691,0.230887086563,0.0910851260484,0.0902758677662
171.7453606,0.939529815356,0.0197754806077,0.0724471194433,0.230167724085,0.0905804621685,0.0897765672951
171.7473735,0.939880317235,0.0196613340839,0.0720701568932,0.229449800134,0.0900778776195,0.0892793167411
171.7493864,0.940228967483,0.0195477853607,0.0716948084158,0.228733316863,0.0895773713424,0.0887841138496
171.7513993,0.940575773943,0.0194348319616,0.0713210698948,0.228018276395,0.0890789421099,0.0882909563047
171.7534122,0.940920744446,0.0193224714133,0.0709489372011,0.227304680814,0.0885825852449,0.0877998417299
171.7554251,0.94126388681,0.019210701246,0.0705784061927,0.226592532173,0.088088297622,0.0873107676894
171.7574379,0.94160520884,0.0190995189934,0.0702094727152,0.22588183249,0.0875960779149,0.0868237316884
171.7594508,0.941944718327,0.0189889221926,0.0698421326018,0.225172583749,0.0871059247078,0.086338731174
171.7614637,0.94228242305,0.0188789083844,0.0694763816738,0.2244647879,0.0866178338743,0.0858557635362
171.7634766,0.942618330773,0.0187694751134,0.0691122157407,0.223758446857,0.086131801266,0.0853748261084
171.7654895,0.942952449247,0.0186606199278,0.0687496306005,0.223053562503,0.0856478253021,0.0848959161683
171.7675024,0.943284786209,0.0185523403797,0.0683886220399,0.222350136687,0.0851659043163,0.0844190309388
171.7695152,0.943615349381,0.0184446340252,0.0680291858345,0.221648171221,0.084686034781,0.0839441675884
171.7715281,0.94394414647,0.0183374984242,0.0676713177491,0.220947667888,0.0842082116468,0.0834713232321
171.773541,0.944271185172,0.0182309311409,0.0673150135381,0.220248628434,0.0837324330198,0.0830004949324
171.7755539,0.944596473163,0.0181249297433,0.0669602689454,0.219551054573,0.0832586969954,0.0825316796996
171.7775668,0.944920018108,0.0180194918038,0.0666070797047,0.218854947985,0.0827870004789,0.0820648744927
171.7795797,0.945241827654,0.0179146148991,0.0662554415401,0.218160310317,0.0823173378445,0.0816000762204
171.7815925,0.945561909435,0.0178102966099,0.0659053501658,0.217467143183,0.0818497067612,0.0811372817412
171.7836054,0.945880271068,0.0177065345217,0.0655568012868,0.216775448163,0.0813841050983,0.0806764878646
171.7856183,0.946196920154,0.017603326224,0.0652097905988,0.216085226805,0.0809205300388,0.0802176913516
171.7876312,0.94651186428,0.0175006693111,0.0648643137885,0.215396480623,0.0804589756828,0.0797608889154
171.7896441,0.946825111014,0.0173985613818,0.064520366534,0.214709211099,0.0799994391486,0.0793060772221
171.7916569,0.94713666791,0.0172970000395,0.0641779445049,0.214023419683,0.0795419180904,0.0788532528914
171.7936698,0.947446542505,0.0171959828923,0.0638370433623,0.213339107789,0.0790864098247,0.0784024124971
171.7956827,0.947754742319,0.0170955075529,0.0634976587595,0.212656276802,0.0786329084586,0.077953552568
171.7976956,0.948061274856,0.0169955716389,0.0631597863417,0.211974928073,0.0781814104547,0.0775066695883
171.7997085,0.948366147602,0.0168961727729,0.0628234217467,0.211295062921,0.0777319132638,0.0770617599984
171.8017214,0.948669368027,0.0167973085821,0.0624885606048,0.210616682632,0.0772844142009,0.0766188201958
171.8037342,0.948970943583,0.016698976699,0.062155198539,0.209939788459,0.0768389076409,0.0761778465349
171.8057471,0.949270881705,0.0166011747607,0.0618233311654,0.209264381626,0.0763953892953,0.0757388353286
171.80776,0.949569189811,0.0165039004099,0.0614929540934,0.208590463323,0.075953856422,0.0753017828484
171.8097729,0.9498658753,0.0164071512938,0.0611640629257,0.207918034706,0.0755143062102,0.0748666853248
171.8117858,0.950160945554,0.0163109250653,0.0608366532587,0.207247096904,0.0750767335429,0.0744335389486
171.8137987,0.950454407938,0.0162152193823,0.0605107206827,0.20657765101,0.074641133294,0.0740023398709
171.8158115,0.950746269797,0.0161200319079,0.060186260782,0.205909698087,0.0742075025386,0.0735730842038
171.8178244,0.951036538459,0.0160253603107,0.0598632691352,0.205243239168,0.0737758382861,0.0731457680213
171.8198373,0.951325221234,0.0159312022644,0.0595417413153,0.204578275251,0.0733461359662,0.0727203873595
171.8218502,0.951612325412,0.0158375554485,0.05922167289,0.203914807307,0.0729183897199,0.0722969382174
171.8238631,0.951897858265,0.0157444175475,0.0589030594219,0.203252836272,0.0724925963884,0.0718754165574
171.825876,0.952181827048,0.0156517862519,0.0585858964687,0.202592363053,0.0720687528108,0.0714558183058
171.8278888,0.952464238996,0.0155596592573,0.0582701795831,0.201933388527,0.0716468548199,0.0710381393535
171.8299017,0.952745101323,0.0154680342651,0.0579559043136,0.201275913536,0.0712268961005,0.0706223755565
171.8319146,0.953024421226,0.0153769089824,0.0576430662042,0.200619938897,0.0708088731537,0.0702085227365
171.8339275,0.953302205884,0.0152862811219,0.0573316607948,0.199965465392,0.0703927826579,0.0697965766811
171.8359404,0.953578462454,0.0151961484019,0.0570216836211,0.199312493774,0.0699786207146,0.0693865331448
171.8379532,0.953853198075,0.0151065085467,0.0567131302153,0.198661024765,0.0695663808099,0.0689783878494
171.8399661,0.954126419867,0.0150173592862,0.0564059961059,0.198011059059,0.0691560590073,0.0685721364844
171.841979,0.954398134928,0.0149286983562,0.0561002768181,0.197362597315,0.0687476518332,0.0681677747075
171.8439919,0.954668350339,0.0148405234984,0.0557959678737,0.196715640168,0.0683411555336,0.0677652981454
171.8460048,0.95493707316,0.0147528324605,0.0554930647916,0.196070188218,0.0679365636341,0.0673647023938
171.8480177,0.955204310431,0.0146656229959,0.0551915630878,0.195426242039,0.0675338716714,0.0669659830186
171.8500305,0.955470069172,0.0145788928642,0.0548914582757,0.194783802172,0.0671330760289,0.0665691355558
171.8520434,0.955734356382,0.014492639831,0.0545927458661,0.19414286913,0.0667341729813,0.0661741555123
171.8540563,0.955997179043,0.0144068616679,0.0542954213676,0.193503443397,0.0663371563139,0.0657810383661
171.8560692,0.956258544112,0.0143215561525,0.0539994802866,0.192865525427,0.0659420209558,0.0653897795674
171.8580821,0.956518458529,0.0142367210687,0.0537049181275,0.192229115644,0.0655487631556,0.0650003745383
171.860095,0.956776929213,0.0141523542065,0.0534117303931,0.191594214445,0.0651573791101,0.0646128186739
171.8621078,0.957033963061,0.0140684533621,0.0531199125843,0.190960822196,0.0647678630669,0.0642271073423
171.8641207,0.957289566951,0.0139850163378,0.0528294602008,0.190328939236,0.0643802092744,0.0638432358856
171.8661336,0.957543747739,0.0139020409422,0.052540368741,0.189698565872,0.0639944138544,0.0634611996198
171.8681465,0.957796512261,0.0138195249904,0.0522526337021,0.189069702387,0.0636104728793,0.0630809938356
171.8701594,0.958047867332,0.0137374663034,0.0519662505803,0.188442349032,0.0632283810897,0.0627026137989
171.8721723,0.958297819746,0.0136558627088,0.0516812148713,0.18781650603,0.0628481321426,0.0623260547509
171.8741851,0.958546376275,0.0135747120406,0.05139752207,0.187192173577,0.0624697219892,0.061951311909
171.876198,0.958793543672,0.013494012139,0.0511151676708,0.18656935184,0.0620931465851,0.0615783804669
171.8782109,0.959039328667,0.0134137608508,0.0508341471679,0.18594804096,0.0617184010402,0.0612072555951
171.8802238,0.95928373797,0.0133339560291,0.0505544560554,0.185328241047,0.0613454786552,0.0608379324415
171.8822367,0.959526778268,0.0132545955335,0.0502760898275,0.184709952185,0.0609743751201,0.0604704061316
171.8842496,0.959768456228,0.0131756772301,0.0499990439784,0.18409317443,0.0606050862812,0.0601046717693
171.8862624,0.960008778496,0.0130971989917,0.0497233140028,0.183477907811,0.0602376075029,0.0597407244367
171.8882753,0.960247751695,0.0130191586972,0.0494488953958,0.18286415233,0.0598719319468,0.0593785591951
171.8902882,0.960485382428,0.0129415542325,0.0491757836532,0.18225190796,0.0595080549596,0.0590181710852
171.8923011,0.960721677276,0.0128643834898,0.0489039742717,0.181641174649,0.059145972285,0.0586595551275
171.894314,0.960956642797,0.012787644368,0.0486334627488,0.181031952317,0.0587856794356,0.0583027063226
171.8963268,0.961190285529,0.0127113347727,0.0483642445832,0.180424240857,0.058427169635,0.0579476196519
171.8983397,0.961422611988,0.012635452616,0.0480963152748,0.179818040136,0.0580704378111,0.0575942900776
171.9003526,0.961653628668,0.0125599958167,0.0478296703249,0.179213349994,0.0577154796123,0.0572427125436
171.9023655,0.96188334204,0.0124849623004,0.0475643052364,0.178610170244,0.0573622906008,0.0568928819753
171.9043784,0.962111758555,0.0124103499992,0.0473002155139,0.178008500675,0.0570108642469,0.0565447932805
171.9063913,0.962338884641,0.012336156852,0.0470373966637,0.177408341048,0.0566611949921,0.0561984413495
171.9084041,0.962564726705,0.0122623808046,0.0467758441942,0.176809691097,0.0563132783961,0.0558538210555
171.910417,0.962789291131,0.0121890198092,0.0465155536158,0.176212550532,0.0559671099801,0.0555109272552
171.9124299,0.96301258428,0.0121160718251,0.0462565204413,0.175616919037,0.0556226836304,0.0551697547888
171.9144428,0.963234612494,0.0120435348182,0.0459987401858,0.175022796269,0.0552799932415,0.0548302984808
171.9164557,0.963455382091,0.0119714067613,0.0457422083668,0.174430181863,0.0549390342905,0.0544925531401
171.9184686,0.963674899366,0.0118996856338,0.0454869205046,0.173839075424,0.0545998022181,0.0541565135602
171.9204814,0.963893170593,0.0118283694222,0.0452328721223,0.173249476535,0.0542622913511,0.05382217452
171.9224943,0.964110202024,0.0117574561196,0.0449800587459,0.172661384752,0.0539264951126,0.0534895307839
171.9245072,0.964325999889,0.0116869437262,0.0447284759043,0.172074799609,0.05359240886,0.0531585771021
171.9265201,0.964540570394,0.0116168302488,0.0444781191297,0.171489720612,0.0532600279598,0.0528293082111
171.928533,0.964753919725,0.0115471137012,0.0442289839577,0.170906147244,0.0529293470737,0.0525017188341
171.9305459,0.964966054044,0.0114777921042,0.0439810659272,0.170324078963,0.0526003593515,0.052175803681
171.9325587,0.965176979491,0.0114088634851,0.0437343605807,0.169743515203,0.0522730599548,0.0518515574491
171.9345716,0.965386702185,0.0113403258786,0.0434888634643,0.169164455374,0.0519474441818,0.0515289748234
171.9365845,0.965595228221,0.0112721773261,0.0432445701279,0.168586898861,0.0516235069315,0.0512080504768
171.9385974,0.965802563672,0.0112044158757,0.0430014761256,0.168010845026,0.0513012412629,0.0508887790702
171.9406103,0.966008714589,0.0111370395829,0.0427595770152,0.167436293207,0.0509806420731,0.0505711552537
171.9426231,0.966213687001,0.0110700465096,0.0425188683589,0.166863242717,0.0506617045972,0.0502551736657
171.944636,0.966417486914,0.0110034347252,0.0422793457229,0.166291692847,0.0503444238817,0.0499408289344
171.9466489,0.966620120311,0.0109372023055,0.0420410046781,0.165721642866,0.0500287930629,0.0496281156774
171.9486618,0.966821593154,0.0108713473338,0.0418038407998,0.165153092015,0.0497148067103,0.049317028502
171.9506747,0.967021911381,0.0108058679,0.0415678496679,0.164586039517,0.0494024600022,0.049007562006
171.9526876,0.967221080908,0.0107407621011,0.041333026867,0.16402048457,0.0490917480492,0.0486997107776
171.9547004,0.967419107631,0.0106760280411,0.0410993679866,0.163456426348,0.0487826642187,0.0483934693961
171.9567133,0.967615997419,0.0106116638308,0.0408668686213,0.162893864004,0.0484752026971,0.0480888324315
171.9587262,0.967811756121,0.0105476675883,0.0406355243705,0.162332796668,0.0481693586104,0.0477857944457
171.9607391,0.968006389566,0.0104840374385,0.0404053308389,0.161773223447,0.0478651270577,0.0474843499921
171.962752,0.968199903555,0.0104207715132,0.0401762836365,0.161215143428,0.0475625017782,0.0471844936164
171.9647649,0.968392303871,0.0103578679515,0.0399483783787,0.160658555672,0.0472614765244,0.0468862198564
171.9667777,0.968583596274,0.0102953248992,0.0397216106865,0.160103459221,0.04696204677,0.0465895232427
171.9687906,0.968773786498,0.0102331405093,0.0394959761861,0.159549853095,0.0466642061548,0.0462943982989
171.9708035,0.968962880259,0.0101713129418,0.0392714705099,0.158997736292,0.0463679497877,0.0460008395418
171.9728164,0.969150883249,0.0101098403635,0.0390480892958,0.158447107787,0.0460732723519,0.0457088414817
171.9748293,0.969337801136,0.0100487209484,0.0388258281876,0.157897966535,0.0457801680381,0.0454183986227
171.9768422,0.969523639567,0.00998795287754,0.0386046828352,0.15735031147,0.0454886303526,0.0451295054631
171.978855,0.969708404167,0.00992753433883,0.0383846488946,0.156804141505,0.0451986539218,0.0448421564956
171.9808679,0.969892100537,0.00986746352728,0.0381657220279,0.156259455531,0.0449102334126,0.0445563462072
171.9828808,0.970074734258,0.0098077386449,0.0379478979035,0.155716252419,0.0446233634791,0.0442720690804
171.9848937,0.970256310885,0.00974835790068,0.0377311721962,0.155174531018,0.0443380387629,0.0439893195925
171.9869066,0.970436835955,0.00968931951065,0.0375155405874,0.154634290158,0.0440542536904,0.0437080922164
171.9889194,0.970616314978,0.00963062169784,0.0373009987648,0.154095528649,0.0437720016747,0.0434283814207
171.9909323,0.970794753446,0.00957226269227,0.037087542423,0.15355824528,0.0434912771543,0.0431501816701
171.9929452,0.970972156826,0.00951424073098,0.0368751672632,0.153022438818,0.0432120747611,0.0428734874255
171.9949581,0.971148530562,0.00945655405801,0.0366638689934,0.152488108013,0.042934389116,0.0425982931444
171.996971,0.971323880078,0.00939920092438,0.0364536433288,0.151955251594,0.0426582148294,0.0423245932811
171.9989839,0.971498210776,0.00934217958813,0.0362444859911,0.151423868271,0.0423835464528,0.0420523822868
172.0009967,0.971671528032,0.00928548831428,0.0360363927096,0.150893956732,0.0421103775186,0.0417816546101
172.0030096,0.971843837203,0.00922912537484,0.0358293592205,0.150365515649,0.0418387022029,0.0415124046973
172.0050225,0.972015143624,0.00917308904879,0.0356233812674,0.149838543673,0.0415685151123,0.0412446269923
172.0070354,0.972185452605,0.0091173776221,0.0354184546009,0.149313039436,0.0412998108442,0.0409783159372
172.0090483,0.972354769437,0.00906198938772,0.0352145749795,0.14878900155,0.0410325839874,0.0407134659723
172.0110612,0.972523099386,0.00900692264556,0.0350117381689,0.148266428611,0.0407668291218,0.0404500715365
172.013074,0.972690447698,0.00895217570249,0.0348099399425,0.147745319194,0.0405025400841,0.0401881270676
172.0150869,0.972856819596,0.00889774687235,0.0346091760811,0.147225671857,0.0402397107257,0.0399276270021
172.0170998,0.973022220282,0.00884363447593,0.0344094423737,0.146707485137,0.0399783356373,0.0396685657761
172.0191127,0.973186654933,0.00878983684095,0.0342107346167,0.146190757556,0.0397184094019,0.0394109378251
172.0211256,0.973350128706,0.00873635230207,0.0340130486144,0.145675487616,0.0394599265956,0.0391547375843
172.0231385,0.973512646738,0.00868317920091,0.0338163801794,0.145161673802,0.0392028817873,0.0388999594889
172.0251513,0.97367421414,0.00863031588598,0.033620725132,0.144649314579,0.0389472691451,0.0386465979742
172.0271642,0.973834836005,0.00857776071273,0.0334260793007,0.144138408398,0.0386930822771,0.038394647476
172.0291771,0.973994517399,0.0085255120435,0.0332324385222,0.14362895369,0.0384403157225,0.0381441024309
172.03119,0.974153263372,0.00847356824755,0.0330397986413,0.143120948869,0.0381889640587,0.037894957276
172.0332029,0.974311078949,0.00842192770103,0.0328481555113,0.142614392331,0.0379390218577,0.0376472064499
172.0352157,0.974467969132,0.00837058878695,0.0326575049937,0.142109282457,0.037690483686,0.0374008443922
172.0372286,0.974623938904,0.00831954989522,0.0324678429587,0.141605617609,0.0374433439382,0.0371558655441
172.0392415,0.974778993225,0.00826880942262,0.0322791652847,0.141103396134,0.0371975961791,0.0369122643487
172.0412544,0.974933137033,0.00821836577276,0.0320914678588,0.14060261636,0.0369532348245,0.0366700352509
172.0432673,0.975086375245,0.00816821735612,0.0319047465768,0.140103276601,0.0367102544543,0.0364291726978
172.0452802,0.975238712756,0.00811836259002,0.031718997343,0.139605375153,0.0364686496447,0.0361896711389
172.047293,0.975390154439,0.00806879989858,0.0315342160708,0.139108910295,0.0362284149678,0.0359515250262
172.0493059,0.975540705147,0.00801952771277,0.031350398682,0.138613880293,0.0359895449528,0.0357147288145
172.0513188,0.97569036971,0.00797054447035,0.0311675411076,0.138120283394,0.0357520332959,0.0354792769618
172.0533317,0.975839152936,0.00792184861586,0.0309856392875,0.13762811783,0.0355158742284,0.0352451639291
172.0553446,0.975987059614,0.00787343860066,0.0308046891704,0.137137381818,0.035281062341,0.0350123841807
172.0573575,0.976134094509,0.00782531288286,0.0306246867141,0.136648073558,0.0350475922214,0.0347809321847
172.0593703,0.976280262366,0.00777746992733,0.0304456278858,0.136160191237,0.0348154584553,0.0345508024128
172.0613832,0.976425567909,0.00772990820569,0.0302675086615,0.135673733025,0.0345846556263,0.034321989341
172.0633961,0.97657001584,0.00768262619632,0.0300903250266,0.135188697076,0.0343551777131,0.034094487449
172.065409,0.976713610839,0.0076356223843,0.0299140729758,0.134705081531,0.0341270187124,0.0338682912213
172.0674219,0.976856357568,0.00758889526143,0.029738748513,0.134222884516,0.0339001732325,0.0336433951466
172.0694348,0.976998260663,0.00754244332622,0.0295643476515,0.13374210414,0.0336746358805,0.0334197937186
172.0714476,0.977139324744,0.00749626508387,0.0293908664141,0.133262738499,0.0334504012625,0.0331974814358
172.0734605,0.977279554407,0.00745035904624,0.0292183008331,0.132784785676,0.0332274639841,0.0329764528018
172.0754734,0.977418954226,0.00740472373185,0.0290466469502,0.132308243737,0.0330058183272,0.0327567023256
172.0774863,0.977557528758,0.0073593576659,0.0288759008168,0.131833110736,0.0327854581213,0.0325382245214
172.0794992,0.977695282536,0.0073142593802,0.0287060584938,0.131359384711,0.0325663779635,0.0323210139093
172.081512,0.977832220072,0.00726942741318,0.0285371160518,0.130887063687,0.0323485724868,0.0321050650152
172.0835249,0.977968345859,0.00722486030988,0.0283690695713,0.130416145676,0.0321320363248,0.0318903723709
172.0855378,0.978103664368,0.00718055662196,0.0282019151422,0.129946628675,0.0319167641117,0.0316769305143
172.0875507,0.97823818005,0.00713651490762,0.0280356488645,0.129478510669,0.0317027503458,0.0314647339898
172.0895636,0.978371897334,0.00709273373165,0.027870266848,0.129011789628,0.0314899888534,0.0312537773482
172.0915765,0.978504820632,0.00704921166539,0.0277057652122,0.128546463511,0.0312784741611,0.031044055147
172.0935893,0.97863695433,0.0070059472867,0.0275421400868,0.12808253026,0.0310682009349,0.0308355619506
172.0956022,0.978768302798,0.00696293917999,0.0273793876113,0.127619987809,0.030859163842,0.0306282923302
172.0976151,0.978898870384,0.00692018593614,0.0272175039352,0.127158834075,0.0306513575516,0.0304222408645
172.099628,0.979028661415,0.00687768615255,0.0270564852181,0.126699066965,0.0304447767026,0.0302174021391
172.1016409,0.979157680199,0.00683543843309,0.0268963276298,0.126240684371,0.0302394152603,0.0300137707474
172.1036538,0.979285931022,0.00679344138807,0.0267370273499,0.125783684176,0.0300352676317,0.0298113412903
172.1056666,0.979413418151,0.00675169363428,0.0265785805685,0.125328064248,0.0298323285214,0.0296101083766
172.1076795,0.979540145832,0.0067101937949,0.0264209834857,0.124873822442,0.0296305926368,0.0294100666229
172.1096924,0.979666118293,0.00666894049955,0.0262642323119,0.124420956605,0.029430054688,0.0292112106539
172.1117053,0.97979133974,0.00662793238425,0.0261083232679,0.123969464567,0.0292307093886,0.0290135351027
172.1137182,0.979915814358,0.00658716809137,0.0259532525845,0.123519344151,0.0290325509651,0.0288170346108
172.1157311,0.980039546315,0.00654664626968,0.025799016503,0.123070593165,0.0288355736646,0.0286217038279
172.1177439,0.980162539757,0.00650636557427,0.0256456112752,0.122623209407,0.0286397722359,0.0284275374128
172.1197568,0.98028479881,0.00646632466659,0.0254930331631,0.122177190663,0.0284451414321,0.028234530033
172.1217697,0.980406327581,0.00642652221436,0.0253412784391,0.121732534708,0.0282516760101,0.0280426763648
172.1237826,0.980527130158,0.00638695689166,0.0251903433863,0.121289239306,0.0280593707311,0.0278519710938
172.1257955,0.980647210608,0.00634762737879,0.025040224298,0.12084730221,0.0278682200989,0.0276624089147
172.1278083,0.980766572979,0.00630853236235,0.0248909174783,0.120406721161,0.0276782182553,0.0274739845319
172.1298212,0.980885221298,0.00626967053517,0.0247424192416,0.119967493892,0.0274893599702,0.0272866926588
172.1318341,0.981003159576,0.00623104059633,0.024594725913,0.119529618122,0.0273016400472,0.027100528019
172.133847,0.981120391801,0.00619264125111,0.0244478338281,0.119093091562,0.0271150532955,0.0269154853455
172.1358599,0.981236921943,0.00615447121096,0.0243017393333,0.118657911911,0.0269295945291,0.0267315593814
172.1378728,0.981352753953,0.00611652919355,0.0241564387856,0.118224076858,0.0267452584571,0.0265487448798
172.1398856,0.981467891762,0.00607881392268,0.0240119285524,0.117791584085,0.0265620392498,0.026367036604
172.1418985,0.981582339283,0.00604132412831,0.0238682050122,0.117360431258,0.0263799316496,0.0261864293275
172.1439114,0.981696100408,0.0060040585465,0.023725264554,0.116930616039,0.0261989305163,0.0260069178343
172.1459243,0.981809179011,0.00596701591944,0.0235831035776,0.116502136076,0.0260190307156,0.0258284969189
172.1479372,0.981921578948,0.0059301949954,0.0234417184934,0.11607498901,0.0258402271196,0.0256511613866
172.1499501,0.982033304054,0.0058935945287,0.0233011057229,0.115649172472,0.0256625145804,0.0254749060533
172.1519629,0.982144358146,0.00585721327974,0.0231612616982,0.115224684082,0.0254858874114,0.0252997257459
172.1539758,0.982254745022,0.00582105001494,0.0230221828622,0.114801521452,0.0253103402877,0.0251256153024
172.1559887,0.982364468463,0.00578510350673,0.0228838656688,0.114379682186,0.0251358681297,0.0249525695717
172.1580016,0.982473532228,0.00574937253353,0.0227463065826,0.113959163877,0.0249624658647,0.0247805834141
172.1600145,0.98258194006,0.00571385587977,0.0226095020793,0.11353996411,0.024790128427,0.0246096517014
172.1620274,0.982689695682,0.00567855233579,0.0224734486452,0.113122080461,0.0246188507582,0.0244397693165
172.1640402,0.982796802798,0.00564346069792,0.0223381427777,0.112705510497,0.0244486274123,0.0242709311541
172.1660531,0.982903265096,0.00560857976837,0.0222035809852,0.112290251778,0.0242794529651,0.0241031321207
172.168066,0.983009086243,0.00557390835527,0.0220697597869,0.111876301853,0.0241113224016,0.0239363671344
172.1700789,0.98311426989,0.00553944527263,0.0219366757131,0.111463658265,0.0239442307148,0.0237706311252
172.1720918,0.983218819666,0.00550518934033,0.0218043253048,0.111052318548,0.0237781729055,0.0236059190352
172.1741046,0.983322739186,0.00547113938409,0.0216727051145,0.110642280227,0.0236131439825,0.0234422258184
172.1761175,0.983426032045,0.00543729423546,0.0215418117051,0.110233540821,0.0234491387524,0.0232795464414
172.1781304,0.983528701818,0.00540365273179,0.0214116416511,0.10982609784,0.023286151736,0.0231178758826
172.1801433,0.983630752066,0.00537021371622,0.0212821915375,0.109419948785,0.0231241779635,0.0229572091331
172.1821562,0.983732186328,0.00533697603765,0.0211534579607,0.109015091152,0.0229632124975,0.0227975411963
172.1841691,0.983833008129,0.00530393855076,0.021025437528,0.108611522428,0.0228032504091,0.0226388670885
172.1861819,0.983933220972,0.00527110011592,0.0208981268579,0.108209240092,0.0226442867781,0.0224811818383
172.1881948,0.984032828346,0.00523845959923,0.0207715225797,0.107808241618,0.022486316605,0.0223244804873
172.1902077,0.98413183372,0.00520601587248,0.0206456213342,0.10740852447,0.0223293344625,0.0221687580897
172.1922206,0.984230240545,0.00517376781313,0.0205204197728,0.107010086107,0.0221733353873,0.022014009713
172.1942335,0.984328052256,0.00514171430429,0.0203959145585,0.106612923979,0.0220183145152,0.0218602304375
172.1962464,0.98442527227,0.0051098542347,0.0202721023649,0.106217035533,0.021864266991,0.0217074153566
172.1982592,0.984521903987,0.00507818649872,0.0201489798771,0.105822418205,0.0217111879693,0.021555559577
172.2002721,0.984617950787,0.00504670999629,0.0200265437912,0.105429069427,0.0215590725931,0.0214046582186
172.202285,0.984713416036,0.00501542363293,0.0199047908144,0.105036986623,0.021407915579,0.0212547064146
172.2042979,0.984808303081,0.00498432631971,0.0197837176651,0.104646167212,0.0212577119382,0.0211056993118
172.2063108,0.984902615252,0.00495341697324,0.0196633210726,0.104256608606,0.0211084568825,0.0209576320705
172.2083237,0.984996355863,0.00492269451564,0.0195435977777,0.10386830821,0.020960145634,0.0208104998644
172.2103365,0.985089528208,0.00489215787451,0.0194245445321,0.103481263425,0.0208127734249,0.020664297881
172.2123494,0.985182135567,0.00486180598294,0.0193061580987,0.103095471644,0.0206663354976,0.0205190213217
172.2143623,0.985274181201,0.00483163777947,0.0191884352517,0.102710930255,0.0205208267895,0.0203746654015
172.2163752,0.985365668356,0.00480165220807,0.0190713727762,0.10232763664,0.0203762422602,0.0202312253492
172.2183881,0.98545660026,0.00477184821812,0.0189549674686,0.101945588177,0.020232577201,0.0200886964079
172.2204009,0.985546980125,0.00474222476441,0.0188392161365,0.101564782235,0.0200898269138,0.0199470738345
172.2224138,0.985636811144,0.00471278080708,0.0187241155985,0.101185216181,0.0199479867112,0.0198063528999
172.2244267,0.985726096497,0.00468351531163,0.0186096626846,0.100806887375,0.0198070519168,0.0196665288893
172.2264396,0.985814839344,0.00465442724892,0.0184958542358,0.100429793172,0.0196670176972,0.0195275971023
172.2284525,0.985903042831,0.00462551559508,0.0183826871043,0.100053930921,0.0195278789961,0.0193895528524
172.2304654,0.985990710086,0.00459677933156,0.0182701581533,0.0996792979675,0.0193896311678,0.0192523914677
172.2324782,0.986077844221,0.00456821744508,0.0181582642575,0.0993058916516,0.0192522695968,0.0191161082907
172.2344911,0.986164448334,0.00453982892761,0.0180470023025,0.0989337093082,0.0191157896789,0.0189806986783
172.236504,0.986250525502,0.00451161277635,0.017936369185,0.0985627482677,0.018980186821,0.018846158002
172.2385169,0.98633607879,0.00448356799371,0.0178263618132,0.0981930058558,0.0188454563714,0.0187124816477
172.2405298,0.986421111245,0.00445569358731,0.0177169771061,0.0978244793937,0.0187115933424,0.0185796650163
172.2425427,0.986505625898,0.00442798856992,0.0176082119941,0.0974571661981,0.0185785931206,0.0184477035231
172.2445555,0.986589625765,0.00440045195947,0.0175000634184,0.0970910635816,0.0184464511753,0.0183165925982
172.2465684,0.986673113845,0.00437308277903,0.0173925283318,0.0967261688522,0.0183151629873,0.0181863276865
172.2485813,0.986756093122,0.00434588005677,0.0172856036978,0.0963624793141,0.0181847240496,0.0180569042479
172.2505942,0.986838566563,0.00431884282596,0.0171792864914,0.0959999922672,0.0180551298504,0.0179283177571
172.2526071,0.986920537121,0.00429197012494,0.0170735736985,0.0956387050076,0.0179263755434,0.0178005637036
172.25462,0.987002007732,0.00426526099709,0.0169684623161,0.0952786148275,0.0177984565212,0.0176736375922
172.2566328,0.987082981317,0.00423871449083,0.0168639493525,0.0949197190154,0.0176713683398,0.0175475349424
172.2586457,0.98716346078,0.0042123296596,0.0167600318269,0.094562014856,0.0175451065676,0.0174222512892
172.2606586,0.987243449013,0.00418610556182,0.0166567067698,0.0942054996306,0.0174196667852,0.0172977821824
172.2626715,0.987322948889,0.00416004126087,0.0165539712226,0.0938501706168,0.0172950445855,0.017174123187
172.2646844,0.987401963268,0.0041341358251,0.016451822238,0.0934960250889,0.0171712353241,0.0170512698835
172.2666972,0.987480494993,0.00410838832778,0.0163502568796,0.0931430603182,0.0170482343786,0.0169292178673
172.2687101,0.987558546892,0.0040827978471,0.0162492722222,0.0927912735722,0.0169260373939,0.0168079627493
172.270723,0.98763612178,0.00405736346611,0.0161488653514,0.0924406621158,0.0168046400272,0.0166875001556
172.2727359,0.987713222455,0.00403208427277,0.0160490333643,0.0920912232107,0.0166840379484,0.016567825728
172.2747488,0.987789851699,0.00400695935986,0.0159497733686,0.0917429541156,0.0165642268404,0.0164489351232
172.2767617,0.987866012282,0.003981987825,0.0158510824833,0.0913958520864,0.0164452022659,0.0163308240137
172.2787745,0.987941706956,0.00395716877063,0.0157529578383,0.0910499143763,0.0163269596157,0.0162134880875
172.2807874,0.988016938461,0.00393250130396,0.0156553965747,0.0907051382356,0.01620949461,0.0160969230478
172.2828003,0.988091709521,0.00390798453698,0.0155583958443,0.0903615209124,0.0160928029964,0.0159811246135
172.2848132,0.988166022844,0.00388361758642,0.0154619528102,0.090019059652,0.0159768805357,0.0158660885193
172.2868261,0.988239881125,0.00385939957376,0.0153660646462,0.0896777516973,0.0158617230018,0.0157518105151
172.288839,0.988313287045,0.00383532962516,0.0152707285373,0.089337594289,0.0157473261259,0.0156382863667
172.2908518,0.988386243269,0.0038114068715,0.0151759416794,0.0889985846655,0.0156336853789,0.0155255118553
172.2928647,0.988458752447,0.0037876304483,0.0150817012792,0.0886607200631,0.0155207965308,0.0154134827782
172.2948776,0.988530817216,0.00376399949574,0.0149880045545,0.0883239977159,0.0154086554211,0.0153021949479
172.2968905,0.9886024402,0.00374051315865,0.0148948487339,0.0879884148561,0.0152972579024,0.0151916441929
172.2989034,0.988673624006,0.00371717058644,0.0148022310571,0.087653968714,0.0151865998409,0.0150818263574
172.3009163,0.988744371227,0.00369397093312,0.0147101487744,0.087320656518,0.0150766771028,0.0149727373015
172.3029291,0.988814684444,0.00367091335727,0.0146185991472,0.0869884754947,0.0149674852953,0.0148643729008
172.304942,0.988884566222,0.00364799702203,0.0145275794478,0.0866574228693,0.0148590202177,0.0147567290469
172.3069549,0.988954019114,0.00362522109505,0.0144370869591,0.0863274958652,0.014751277802,0.0146498016473
172.3089678,0.989023045656,0.0036025847485,0.014347118975,0.0859986917042,0.0146442539939,0.0145435866251
172.3109807,0.989091648373,0.00358008715905,0.0142576728003,0.0856710076069,0.0145379447525,0.0144380799195
172.3129935,0.989159829775,0.00355772750783,0.0141687457505,0.0853444407926,0.0144323460506,0.0143332774854
172.3150064,0.989227592358,0.00353550498043,0.0140803351518,0.085018988479,0.0143274536786,0.0142291752937
172.3170193,0.989294938605,0.00351341876685,0.0139924383414,0.0846946478829,0.0142232634479,0.0141257693312
172.3190322,0.989361870984,0.00349146806153,0.013905052667,0.0843714162198,0.0141197713841,0.0140230556005
172.3210451,0.989428391952,0.00346965206329,0.0138181754873,0.0840492907044,0.0140169735265,0.0139210301203
172.323058,0.98949450395,0.00344796997531,0.0137318041715,0.0837282685501,0.0139148659279,0.0138196889252
172.3250708,0.989560209407,0.00342642100515,0.0136459360997,0.0834083469698,0.0138134446553,0.0137190280655
172.3270837,0.989625510737,0.00340500436468,0.0135605686624,0.0830895231753,0.0137127056851,0.0136190436079
172.3290966,0.989690410342,0.0033837192701,0.0134756992612,0.0827717943777,0.0136126448632,0.0135197316347
172.3311095,0.989754910612,0.00336256494189,0.013391325308,0.0824551577875,0.0135132582972,0.0134210882443
172.3331224,0.989819013921,0.00334154060482,0.0133074442255,0.0821396106146,0.0134145421205,0.0133231095511
172.3351353,0.989882722631,0.00332064548791,0.0132240534469,0.0818251500685,0.0133164924803,0.0132257916854
172.3371481,0.989946039092,0.00329987882442,0.0131411504162,0.081511773358,0.0132191055378,0.0131291307937
172.339161,0.99000896564,0.00327923985182,0.0130587325878,0.0811994776917,0.0131223774247,0.0130331230383
172.3411739,0.990071504597,0.00325872781179,0.0129767974268,0.0808882602778,0.0130263040724,0.0129377645975
172.3431868,0.990133658274,0.00323834195018,0.0128953424086,0.0805781183244,0.0129308816508,0.0128430516656
172.3451997,0.990195428969,0.00321808151699,0.0128143650195,0.0802690490393,0.0128361063875,0.012748980453
172.3472126,0.990256818966,0.00319794576639,0.0127338627559,0.0799610496302,0.0127419745243,0.0126555471859
172.3492254,0.990317830536,0.00317793395665,0.0126538331251,0.079654117305,0.0126484823169,0.0125627481069
172.3512383,0.99037846594,0.00315804535015,0.0125742736445,0.0793482492713,0.0125556260251,0.0124705794741
172.3532512,0.990438727424,0.00313827921335,0.0124951818422,0.0790434427372,0.0124634017097,0.0123790375618
172.3552641,0.990498617221,0.00311863481677,0.0124165552565,0.0787396949105,0.0123718055854,0.0122881186605
172.357277,0.990558137554,0.003099111435,0.0123383914364,0.0784370029997,0.0122808339745,0.0121978190763
172.3592898,0.990617290632,0.00307970834662,0.012260687941,0.0781353642134,0.0121904832133,0.0121081351316
172.3613027,0.990676078651,0.00306042483425,0.01218344234,0.0778347757605,0.0121007496523,0.0120190631645
172.3633156,0.990734503796,0.00304126018449,0.0121066522132,0.0775352348506,0.0120116296561,0.0119305995294
172.3653285,0.99079256824,0.00302221368791,0.0120303151509,0.0772367386935,0.0119231194506,0.0118427405964
172.3673414,0.990850274142,0.00300328463902,0.0119544287536,0.0769392844997,0.011835215282,0.0117554827515
172.3693543,0.990907623651,0.00298447233629,0.0118789906322,0.0766428694805,0.0117479135669,0.0116688223969
172.3713671,0.990964618902,0.00296577608207,0.0118039984077,0.0763474908476,0.0116612107361,0.0115827559507
172.37338,0.99102126202,0.00294719518265,0.0117294497115,0.0760531458137,0.0115751032346,0.0114972798466
172.3753929,0.991077555116,0.00292872894815,0.0116553421851,0.0757598315922,0.0114895875216,0.0114123905346
172.3774058,0.991133500291,0.00291037669259,0.0115816734802,0.0754675453973,0.0114046599896,0.0113280844805
172.3794187,0.991189099632,0.00289213773381,0.0115084412586,0.0751762844444,0.0113203169328,0.0112443581658
172.3814316,0.991244355217,0.00287401139348,0.0114356431925,0.0748860459497,0.0112365548527,0.0111612080881
172.3834444,0.99129926911,0.00285599699707,0.0113632769639,0.0745968271305,0.0111533702744,0.0110786307607
172.3854573,0.991353843363,0.00283809387384,0.0112913402652,0.0743086252053,0.0110707597371,0.0109966227129
172.3874702,0.99140808002,0.00282030135681,0.0112198307985,0.0740214373936,0.0109887197941,0.0109151804897
172.3894831,0.991461981108,0.00280261878276,0.0111487462764,0.0737352609164,0.0109072469795,0.0108343006521
172.391496,0.991515548648,0.00278504549221,0.0110780844212,0.0734500929958,0.0108263376748,0.0107539797767
172.3935089,0.991568784645,0.00276758082936,0.0110078429652,0.0731659308553,0.0107459884505,0.010674214456
172.3955217,0.991621691096,0.00275022414214,0.010938019651,0.0728827717199,0.0106661959251,0.0105950012981
172.3975346,0.991674269985,0.00273297478214,0.0108686122308,0.0726006128159,0.0105869567318,0.0105163369271
172.3995475,0.991726523285,0.00271583210462,0.0107996184668,0.0723194513713,0.0105082675175,0.0104382179827
172.4015604,0.991778452957,0.00269879546848,0.0107310361314,0.0720392846156,0.0104301249358,0.0103606411202
172.4035733,0.991830060953,0.00268186423623,0.0106628630065,0.0717601097799,0.0103525254891,0.0102836030109
172.4055861,0.991881349212,0.00266503777402,0.0105950968841,0.0714819240971,0.0102754658027,0.0102071003414
172.407599,0.991932319662,0.00264831545154,0.0105277355659,0.0712047248017,0.0101989425884,0.0101311298142
172.4096119,0.991982974221,0.0026316966421,0.0104607768636,0.0709285091301,0.0101229525722,0.0100556881473
172.4116248,0.992033314796,0.00261518072253,0.0103942185983,0.0706532743205,0.0100474924945,0.00998077207441
172.4136377,0.992083343282,0.00259876707321,0.0103280586014,0.0703790176131,0.00997255910954,0.00990637834465
172.4156506,0.992133061564,0.00258245507804,0.0102622947135,0.0701057362498,0.00989814906748,0.00983250372282
172.4176634,0.992182471516,0.00256624412442,0.0101969247853,0.0698334274749,0.00982425903743,0.00975914498924
172.4196763,0.992231575002,0.00255013360323,0.010131946677,0.0695620885344,0.00975088582368,0.0096862989397
172.4216892,0.992280373875,0.00253412290881,0.0100673582585,0.0692917166765,0.00967802624464,0.00961396238548
172.4237021,0.992328869976,0.00251821143898,0.0100031574093,0.0690223091518,0.00960567713283,0.00954213215331
172.425715,0.992377065137,0.00250239859495,0.00993934201861,0.0687538632127,0.0095338353349,0.00947080508537
172.4277279,0.992424961179,0.00248668378137,0.00987590998506,0.0684863761142,0.00946249764892,0.00939997803919
172.4297407,0.992472559913,0.0024710664063,0.00981285921694,0.0682198451135,0.00939166080012,0.00932964788772
172.4317536,0.992519863139,0.00245554588114,0.00975018763205,0.0679542674699,0.00932132167734,0.00925981151921
172.4337665,0.992566872647,0.0024401216207,0.0096878931577,0.0676896404456,0.00925147719048,0.00919046583725
172.4357794,0.992613590216,0.0024247930431,0.00962597373066,0.0674259613047,0.00918212426343,0.0091216077607
172.4377923,0.992660017616,0.00240955956982,0.00956442729715,0.0671632273143,0.00911325983414,0.00905323422369
172.4398052,0.992706156606,0.00239442062562,0.00950325181282,0.0669014357437,0.0090448808284,0.00898534217557
172.441818,0.992752008935,0.0023793756386,0.00944244524271,0.0666405838649,0.00897698405765,0.00891792858086
172.4438309,0.992797576341,0.0023644240401,0.00938200556124,0.0663806689525,0.00890956648194,0.00885099041926
172.4458438,0.992842860555,0.00234956526475,0.00932193075216,0.0661216882838,0.00884262510165,0.00878452468561
172.4478567,0.992887863294,0.00233479875041,0.00926221880854,0.0658636391389,0.00877615693106,0.00871852838983
172.4498696,0.992932586268,0.00232012393818,0.00920286773275,0.0656065188004,0.00871015899838,0.00865299855691
172.4518824,0.992977031175,0.00230554027237,0.0091438755364,0.0653503245541,0.00864462833953,0.00858793222688
172.4538953,0.993021199706,0.00229104720048,0.00908524024035,0.0650950536884,0.00857956187701,0.00852332645476
172.4559082,0.993065093539,0.00227664417322,0.00902695987468,0.0648407034945,0.00851495663096,0.00845917831054
172.4579211,0.993108714345,0.00226233064443,0.00896903247861,0.0645872712669,0.00845080969117,0.00839548487913
172.459934,0.993152063783,0.00224810607111,0.00891145610056,0.0643347543026,0.00838711816116,0.00833224326036
172.4619469,0.993195143504,0.00223396991341,0.00885422879805,0.0640831499021,0.00832387915826,0.00826945056889
172.4639597,0.993237955149,0.00221992163457,0.00879734863769,0.0638324553686,0.00826108981351,0.00820710393422
172.4659726,0.99328050035,0.00220596070095,0.00874081369519,0.0635826680086,0.00819874718048,0.00814520050064
172.4679855,0.993322780728,0.00219208658198,0.00868462205528,0.0633337851316,0.00813684833031,0.0080837374272
172.4699984,0.993364797895,0.00217829875017,0.0086287718117,0.0630858040505,0.00807539044097,0.00802271188764
172.4720113,0.993406553456,0.00216459668108,0.00857326106721,0.0628387220811,0.00801437070404,0.0079621210704
172.4740242,0.993448049003,0.00215097985331,0.00851808793349,0.0625925365428,0.00795378632471,0.00790196217855
172.476037,0.993489286121,0.00213744774846,0.00846325053119,0.0623472447581,0.00789363452176,0.00784223242978
172.4780499,0.993530266386,0.00212399985116,0.00840874698982,0.0621028440527,0.0078339124794,0.00778292905632
172.4800628,0.993570991364,0.00211063564903,0.00835457544782,0.0618593317561,0.00777461732863,0.00772404930495
172.4820757,0.993611462611,0.00209735463264,0.00830073405242,0.0616167052008,0.00771574632892,0.00766559043691
172.4840886,0.993651681675,0.00208415629554,0.00824722095972,0.0613749617229,0.0076572967586,0.00760754972792
172.4861015,0.993691650096,0.00207104013422,0.00819403433459,0.061134098662,0.0075992659094,0.00754992446809
172.4881143,0.993731369404,0.0020580056481,0.00814117235065,0.0608941133612,0.0075416510865,0.00749271196189
172.4901272,0.993770841118,0.00204505233949,0.00808863319029,0.0606550031672,0.0074844495884,0.00743590952813
172.4921401,0.993810066752,0.00203217971363,0.00803641504457,0.0604167654301,0.00742765862854,0.00737951449992
172.494153,0.993849047808,0.00201938727863,0.00798451611325,0.060179397504,0.00737127553706,0.00732352422459
172.4961659,0.993887785781,0.00200667454545,0.00793293460475,0.0599428967462,0.00731529767762,0.00726793606368
172.4981787,0.993926282156,0.00199404102792,0.00788166873609,0.059707260518,0.00725972242714,0.00721274739292
172.5001916,0.993964538411,0.00198148624271,0.0078307167329,0.0594724861843,0.00720454717576,0.00715795560213
172.5022045,0.994002556014,0.00196900970929,0.00778007682936,0.0592385711139,0.00714976932214,0.00710355809523
172.5042174,0.994040336423,0.00195661094997,0.00772974726819,0.0590055126792,0.00709538618056,0.00704955229017
172.5062303,0.994077881092,0.00194428948981,0.00767972630065,0.0587733082565,0.00704139514274,0.00699593561889
172.5082432,0.994115191461,0.00193204485668,0.00763001218643,0.058541955226,0.00698779365626,0.00694270552729
172.510256,0.994152268965,0.00191987658121,0.0075806031937,0.0583114509718,0.00693457918174,0.00688985947517
172.5122689,0.994189115031,0.00190778419677,0.00753149759906,0.0580817928817,0.00688174919281,0.00683739493622
172.5142818,0.994225731074,0.00189576723945,0.00748269368749,0.0578529783478,0.00682930117612,0.00678530939792
172.5162947,0.994262118505,0.00188382524808,0.00743418975232,0.0576250047659,0.00677723256149,0.00673360036155
172.5183076,0.994298278723,0.00187195776418,0.00738598409526,0.0573978695359,0.00672554079472,0.0066822653421
172.5203205,0.994334213121,0.00186016433197,0.00733807502629,0.0571715700618,0.00667422340577,0.00663130186828
172.5223333,0.994369923084,0.00184844449835,0.00729046086368,0.0569461037515,0.00662327793744,0.00658070748243
172.5243462,0.994405409987,0.00183679781286,0.00724313993396,0.0567214680172,0.00657270194532,0.00653047974048
172.5263591,0.994440675198,0.0018252238277,0.00719611057187,0.056497660275,0.00652249299779,0.00648061621193
172.528372,0.994475720078,0.00181372209771,0.00714937112035,0.0562746779455,0.00647264863921,0.00643111447978
172.5303849,0.994510545978,0.00180229218033,0.00710291993051,0.056052518453,0.00642316637571,0.00638197214051
172.5323978,0.994545154241,0.00179093363562,0.00705675536158,0.0558311792264,0.00637404381395,0.00633318680399
172.5344106,0.994579546204,0.00177964602622,0.00701087578091,0.0556106576987,0.0063252785773,0.00628475609349
172.5364235,0.994613723195,0.00176842891735,0.00696527956393,0.0553909513071,0.00627686830175,0.00623667764559
172.5384364,0.994647686534,0.0017572818768,0.0069199650941,0.0551720574932,0.0062288106358,0.00618894911017
172.5404493,0.994681437533,0.00174620447489,0.00687493076293,0.0549539737028,0.0061811032252,0.00614156815032
172.5424622,0.994714977496,0.0017351962845,0.00683017496989,0.0547366973862,0.00613374365312,0.00609453244232
172.544475,0.994748307722,0.00172425688101,0.00678569612243,0.0545202259978,0.00608672959408,0.00604783967562
172.5464879,0.994781429498,0.00171338584231,0.00674149263594,0.0543045569967,0.00604005875042,0.00600148755272
172.5485008,0.994814344106,0.0017025827488,0.00669756293371,0.0540896878461,0.00599372883686,0.00595547378921
172.5505137,0.99484705282,0.00169184718334,0.00665390544691,0.053875616014,0.00594773758039,0.00590979611365
172.5525266,0.994879556907,0.00168117873127,0.00661051861453,0.0536623389725,0.00590208271675,0.00586445226755
172.5545395,0.994911857625,0.00167057698038,0.00656740088342,0.0534498541984,0.00585676191963,0.00581944000535
172.5565523,0.994943956226,0.00166004152089,0.00652455070819,0.0532381591729,0.00581177292395,0.00577475709433
172.5585652,0.994975853953,0.00164957194547,0.00648196655123,0.0530272513818,0.00576711350937,0.00573040131458
172.5605781,0.995007552044,0.00163916784918,0.00643964688265,0.0528171283155,0.00572278146764,0.00568637045894
172.562591,0.995039051727,0.00162882882949,0.00639759018028,0.0526077874688,0.0056787746026,0.005642662333
172.5646039,0.995070354223,0.00161855448626,0.0063557949296,0.0523992263413,0.00563509073012,0.00559927475498
172.5666168,0.995101460749,0.00160834442172,0.00631425962375,0.0521914424371,0.005591727625,0.00555620555572
172.5686296,0.99513237251,0.00159819824046,0.0062729827635,0.0519844332649,0.00554868307634,0.00551345257864
172.5706425,0.995163090707,0.00158811554942,0.00623196285718,0.0517781963381,0.00550595493943,0.00547101367968
172.5726554,0.995193616534,0.00157809595787,0.0061911984207,0.0515727291749,0.00546354108135,0.00542888672725
172.5746683,0.995223951175,0.00156813907741,0.00615068797751,0.0513680292981,0.00542143938107,0.00538706960217
172.5766812,0.995254095811,0.00155824452195,0.00611043005853,0.0511640942352,0.00537964772929,0.00534556019765
172.5786941,0.995284051611,0.0015484119077,0.00607042320219,0.0509609215184,0.00533816400055,0.00530435641921
172.5807069,0.995313819743,0.00153864085313,0.00603066595433,0.0507585086848,0.00529698604244,0.00526345618466
172.5827198,0.995343401362,0.001528930979,0.00599115686824,0.0505568532762,0.00525611178096,0.00522285742402
172.5847327,0.99537279762,0.00151928190835,0.00595189450458,0.0503559528391,0.00521553915686,0.00518255807952
172.5867456,0.995402009662,0.00150969326642,0.00591287743137,0.050155804925,0.00517526612243,0.00514255610548
172.5887585,0.995431038623,0.00150016468072,0.00587410422396,0.0499564070902,0.0051352906415,0.00510284946831
172.5907713,0.995459885635,0.00149069578097,0.00583557346502,0.0497577568957,0.0050956106778,0.00506343614647
172.5927842,0.995488551822,0.00148128619909,0.00579728374445,0.0495598519074,0.00505622414956,0.00502431413038
172.5947971,0.995517038299,0.00147193556922,0.00575923365946,0.0493626896964,0.00501712904633,0.00498548142239
172.59681,0.995545346178,0.00146264352766,0.00572142181441,0.0491662678382,0.00497832338071,0.00494693603675
172.5988229,0.995573476561,0.0014534097129,0.00568384682089,0.0489705839136,0.00493980517663,0.00490867599952
172.6008358,0.995601430546,0.00144423376559,0.00564650729764,0.0487756355081,0.00490157246926,0.00487069934855
172.6028486,0.995629209223,0.00143511532851,0.00560940187054,0.0485814202124,0.00486362330232,0.00483300413343
172.6048615,0.995656813676,0.00142605404659,0.00557252917254,0.048387935622,0.0048259556744,0.00479558841543
172.6068744,0.995684244983,0.00141704956689,0.00553588784371,0.0481951793374,0.00478856763245,0.00475845026744
172.6088873,0.995711504213,0.00140810153857,0.00549947653113,0.048003148964,0.00475145725919,0.00472158777396
172.6109002,0.995738592431,0.00139920961291,0.00546329388892,0.0478118421125,0.00471462264839,0.00468499903099
172.6129131,0.995765510696,0.00139037344326,0.00542733857818,0.0476212563983,0.00467806190481,0.00464868214604
172.6149259,0.995792260059,0.00138159268505,0.00539160926698,0.047431389442,0.00464177314418,0.00461263523805
172.6169388,0.995818841566,0.00137286699579,0.00535610463031,0.0472422388693,0.00460575445297,0.00457685643733
172.6189517,0.995845256254,0.00136419603502,0.00532082335008,0.0470538023109,0.00457000393036,0.00454134388554
172.6209646,0.995871505158,0.00135557946435,0.00528576411506,0.0468660774026,0.0045345197274,0.00450609573561
172.6229775,0.995897589304,0.00134701694741,0.00525092562089,0.0466790617852,0.00449930000594,0.00447111015171
172.6249904,0.995923509712,0.00133850814983,0.00521630657003,0.0464927531049,0.00446434293853,0.00443638530921
172.6270032,0.995949267396,0.00133005273928,0.00518190567171,0.0463071490125,0.00442964670843,0.0044019193946
172.6290161,0.995974863364,0.00132165038541,0.00514772164194,0.0461222471646,0.00439520948844,0.00436771060545
172.631029,0.99600029862,0.00131330075986,0.00511375320348,0.0459380452223,0.00436102943274,0.00433375715037
172.6330419,0.996025574157,0.00130500353625,0.00507999908578,0.0457545408523,0.00432710475659,0.00430005724896
172.6350548,0.996050690968,0.00129675839015,0.00504645802498,0.0455717317263,0.00429343368811,0.00426660913175
172.6370676,0.996075650035,0.00128856499908,0.00501312876388,0.0453896155212,0.00426001446588,0.00423341104017
172.6390805,0.996100452336,0.00128042304253,0.00498001005189,0.0452081899192,0.00422684533889,0.00420046122646
172.6410934,0.996125098845,0.00127233220188,0.00494710064504,0.0450274526074,0.00419392455778,0.00416775795365
172.6431063,0.996149590526,0.00126429216047,0.00491439930592,0.0448474012784,0.00416125034053,0.00413529949554
172.6451192,0.996173928342,0.00125630260353,0.00488190480366,0.0446680336299,0.00412882096068,0.00410308413658
172.6471321,0.996198113245,0.00124836321816,0.0048496159139,0.0444893473649,0.00409663471085,0.00407111017186
172.6491449,0.996222146186,0.0012404736934,0.0048175314188,0.0443113401916,0.00406468989385,0.00403937590708
172.6511578,0.996246028107,0.00123263372013,0.00478565010695,0.0441340098235,0.00403298482267,0.00400787965845
172.6531707,0.996269759946,0.0012248429911,0.00475397077338,0.0439573539792,0.00400151781832,0.00397661975269
172.6551836,0.996293342635,0.00121710120093,0.00472249221953,0.0437813703829,0.00397028716949,0.00394559452694
172.6571965,0.996316777099,0.00120940804607,0.00469121325323,0.0436060567636,0.00393929120292,0.00391480232875
172.6592094,0.99634006426,0.0012017632248,0.00466013268864,0.0434314108561,0.00390852827397,0.00388424151598
172.6612222,0.996363205032,0.00119416643723,0.00462924934627,0.0432574304002,0.00387799674792,0.00385391045681
172.6632351,0.996386200325,0.0011866173853,0.0045985620529,0.043084113141,0.00384769499993,0.00382380752963
172.665248,0.996409051042,0.00117911577273,0.0045680696416,0.042911456829,0.003817621415,0.00379393112306
172.6672609,0.996431758082,0.00117166130503,0.00453777095169,0.04273945922,0.00378777435767,0.00376427963583
172.6692738,0.996454322338,0.0011642536895,0.00450766482867,0.0425681180751,0.00375815220361,0.00373485147677
172.6712867,0.996476744697,0.00115689263522,0.00447775012427,0.0423974311608,0.00372875336913,0.00370564506476
172.6732995,0.996499026043,0.00114957785303,0.00444802569637,0.042227396249,0.00369957628023,0.00367665882867
172.6753124,0.99652116725,0.0011423090555,0.00441849040898,0.0420580111167,0.00367061937247,0.00364789120731
172.6773253,0.996543169192,0.00113508595696,0.00438914313222,0.0418892735465,0.00364188109101,0.00361934064941
172.6793382,0.996565032733,0.00112790827347,0.0043599827423,0.0417211813263,0.00361335987464,0.00359100561351
172.6813511,0.996586758736,0.00112077572281,0.00433100812148,0.0415537322492,0.00358505414964,0.00356288456798
172.6833639,0.996608348055,0.00111368802448,0.00430221815805,0.041386924114,0.00355696238977,0.00353497599093
172.6853768,0.996629801542,0.00110664489965,0.00427361174631,0.0412207547246,0.00352908307995,0.00350727837017
172.6873897,0.996651120041,0.00109964607123,0.00424518778652,0.0410552218904,0.00350141471442,0.00347979020317
172.6894026,0.996672304393,0.00109269126377,0.0042169451849,0.0408903234262,0.00347395579673,0.00345250999699
172.6914155,0.996693355433,0.00108578020351,0.00418888285361,0.0407260571522,0.00344670483309,0.00342543626826
172.6934284,0.99671427399,0.00107891261836,0.00416099971067,0.0405624208939,0.00341966030664,0.00339856754312
172.6954412,0.99673506089,0.00107208823787,0.00413329468002,0.0403994124824,0.00339282074372,0.00337190235715
172.6974541,0.996755716953,0.00106530679323,0.00410576669139,0.040237029754,0.00336618468642,0.00334543925536
172.699467,0.996776242993,0.0010585680173,0.00407841468038,0.0400752705505,0.00333975068594,0.00331917679212
172.7014799,0.996796639821,0.00105187164451,0.00405123758835,0.0399141327193,0.00331351730249,0.00329311353112
172.7034928,0.996816908241,0.00104521741094,0.00402423436244,0.0397536141129,0.00328748310372,0.0032672480453
172.7055057,0.996837049053,0.00103860505428,0.00399740395553,0.0395937125894,0.00326164663438,0.00324157891684
172.7075185,0.996857063054,0.00103203431379,0.00397074532621,0.0394344260124,0.00323600646921,0.00321610473708
172.7095314,0.996876951032,0.00102550493035,0.00394425743877,0.0392757522507,0.00321056120579,0.0031908241065
172.7115443,0.996896713774,0.00101901664638,0.00391793926315,0.0391176891789,0.00318530945052,0.00316573563463
172.7135572,0.99691635206,0.00101256920591,0.00389178977495,0.0389602346767,0.00316024981856,0.00314083794006
172.7155701,0.996935866667,0.0010061623545,0.00386580795535,0.0388033866294,0.00313538093378,0.00311612965034
172.717583,0.996955258366,0.000999795839271,0.00383999279114,0.0386471429277,0.00311070140605,0.00309160940197
172.7195958,0.996974527922,0.000993469408886,0.00381434327468,0.0384915014679,0.0030862098549,0.00306727584035
172.7216087,0.996993676099,0.00098718281354,0.00378885840384,0.0383364601514,0.00306190493172,0.00304312761968
172.7236216,0.997012703652,0.000980935804953,0.00376353718203,0.0381820168855,0.0030377852964,0.003019163403
172.7256345,0.997031611336,0.000974728136359,0.00373837861811,0.0380281695826,0.00301384961735,0.00299538186208
172.7276474,0.997050399897,0.000968559562497,0.00371338172644,0.0378749161607,0.00299009657144,0.00297178167738
172.7296602,0.997069070079,0.000962429839606,0.00368854552679,0.0377222545433,0.00296652483204,0.00294836153804
172.7316731,0.997087622621,0.000956338725412,0.00366386904435,0.0375701826593,0.00294313306444,0.00292512014179
172.733686,0.997106058257,0.000950285979121,0.00363935130969,0.037418698443,0.00291991997077,0.00290205619494
172.7356989,0.997124377717,0.000944271361411,0.00361499135874,0.0372677998343,0.00289688426278,0.0028791684123
172.7377118,0.997142581727,0.00093829463442,0.00359078823278,0.0371174847785,0.00287402466044,0.00285645551715
172.7397247,0.997160671006,0.000932355561745,0.00356674097838,0.0369677512264,0.00285133989194,0.00283391624122
172.7417375,0.997178646273,0.000926453908424,0.00354284864741,0.0368185971342,0.00282882868869,0.0028115493246
172.7437504,0.997196508238,0.000920589440934,0.003519110297,0.0366700204635,0.00280648976603,0.00278935351571
172.7457633,0.99721425761,0.000914761927182,0.00349552498952,0.0365220191816,0.00278432187289,0.00276732757126
172.7477762,0.997231895092,0.000908971136493,0.00347209179254,0.036374591261,0.00276232377118,0.00274547025623
172.7497891,0.997249421383,0.000903216839605,0.00344880977882,0.0362277346799,0.00274049423084,0.00272378034376
172.751802,0.997266837178,0.000897498808659,0.00342567802631,0.0360814474218,0.00271883202971,0.00270225661516
172.7538148,0.997284143168,0.000891816817194,0.00340269561807,0.0359357274758,0.00269733595242,0.00268089785986
172.7558277,0.997301340037,0.000886170640133,0.00337986164228,0.0357905728362,0.00267600476758,0.00265970287533
172.7578406,0.99731842847,0.000880560053779,0.00335717519223,0.0356459815032,0.00265483726745,0.00263867046708
172.7598535,0.997335409144,0.000874984835808,0.00333463536625,0.035501951482,0.00263383226253,0.00261779944858
172.7618664,0.997352282731,0.000869444765257,0.00331224126774,0.0353584807836,0.00261298857105,0.00259708864123
172.7638793,0.997369049903,0.000863939622518,0.00328999200509,0.0352155674243,0.00259230501893,0.00257653687433
172.7658921,0.997385711324,0.000858469189329,0.00326788669172,0.035073209426,0.00257178043973,0.002556142985
172.767905,0.997402267656,0.00085303324877,0.003245924446,0.0349314048158,0.00255141365767,0.00253590581818
172.7699179,0.997418719556,0.00084763158525,0.00322410439125,0.0347901516265,0.00253120350532,0.00251582422654
172.7719308,0.997435067678,0.000842263984501,0.00320242565571,0.0346494478962,0.00251114884015,0.00249589707049
172.7739437,0.99745131267,0.00083693023357,0.00318088737253,0.0345092916687,0.00249124852712,0.00247612321808
172.7759565,0.997467455179,0.000831630120813,0.00315948867975,0.0343696809929,0.00247150143862,0.00245650154499
172.7779694,0.997483495845,0.000826363435886,0.00313822872023,0.0342306139235,0.00245190645444,0.00243703093448
172.7799823,0.997499435305,0.000821129969736,0.00311710664169,0.0340920885203,0.00243246245285,0.00241771027737
172.7819952,0.997515274193,0.000815929514594,0.00309612159664,0.0339541028488,0.00241316830714,0.00239853847193
172.7840081,0.997531013139,0.000810761863971,0.00307527274239,0.0338166549798,0.0023940229192,0.00237951442392
172.786021,0.997546652769,0.000805626812645,0.003054559241,0.0336797429898,0.00237502519915,0.00236063704649
172.7880338,0.997562193703,0.000800524156655,0.00303398025926,0.0335433649603,0.00235617406428,0.00234190526016
172.7900467,0.997577636561,0.000795453693298,0.0030135349687,0.0334075189787,0.00233746843908,0.00232331799278
172.7920596,0.997592981956,0.000790415221113,0.00299322254553,0.0332722031374,0.00231890725145,0.00230487417946
172.7940725,0.997608230498,0.000785408539883,0.00297304217061,0.0331374155346,0.00230048941834,0.00228657276258
172.7960854,0.997623382795,0.000780433450621,0.00295299302948,0.0330031542737,0.00228221388278,0.00226841269169
172.7980983,0.997638439449,0.000775489755565,0.00293307431229,0.0328694174635,0.00226407959851,0.00225039292351
172.8001111,0.997653401059,0.000770577258171,0.00291328521378,0.0327362032185,0.00224608552624,0.00223251242189
172.802124,0.997668268221,0.000765695763106,0.00289362493329,0.0326035096583,0.00222823063361,0.00221477015771
172.8041369,0.997683041526,0.000760845076238,0.00287409267469,0.032471334908,0.00221051389425,0.00219716510893
172.8061498,0.997697721563,0.000756025004634,0.00285468764642,0.0323396770982,0.0021929342709,0.00217969626046
172.8081627,0.997712308917,0.000751235356547,0.0028354090614,0.0322085343649,0.00217549074485,0.00216236260419
172.8101756,0.997726804168,0.000746475941415,0.00281625613706,0.0320779048493,0.00215818231201,0.0021451631389
172.8121884,0.997741207893,0.000741746569847,0.00279722809529,0.0319477866982,0.00214100797498,0.00212809687025
172.8142013,0.997755520666,0.000737047053622,0.00277832416241,0.0318181780637,0.00212396674306,0.00211116281072
172.8162142,0.997769743058,0.000732377205681,0.00275954356919,0.0316890771034,0.00210705763219,0.00209435997957
172.8182271,0.997783875635,0.000727736840116,0.0027408855508,0.0315604819801,0.00209027965229,0.00207768740282
172.82024,0.99779791896,0.000723125772167,0.00272234934677,0.0314323908621,0.00207363182044,0.0020611441132
172.8222528,0.997811873593,0.000718543818215,0.002703934201,0.0313048019231,0.00205711317322,0.0020447291501
172.8242657,0.997825740091,0.000713990795775,0.00268563936172,0.031177713342,0.00204072275368,0.00202844155953
172.8262786,0.997839519005,0.000709466523486,0.0026674640815,0.0310511233033,0.00202445961133,0.00201228039411
172.8282915,0.997853210887,0.000704970821108,0.00264940761716,0.0309250299967,0.0020083228021,0.00199624471298
172.8303044,0.99786681628,0.000700503509516,0.00263146922984,0.0307994316172,0.00199231138169,0.00198033358182
172.8323173,0.997880335729,0.000696064410688,0.00261364818489,0.0306743263653,0.00197642440301,0.00196454607275
172.8343301,0.997893769772,0.000691653347705,0.0025959437519,0.0305497124468,0.00196066094112,0.00194888126434
172.836343,0.997907118946,0.000687270144739,0.0025783552047,0.0304255880728,0.0019450200781,0.00193333824156
172.8383559,0.997920383783,0.000682914627051,0.00256088182126,0.0303019514598,0.00192950090227,0.00191791609571
172.8403688,0.997933564811,0.000678586620979,0.00254352288374,0.0301788008294,0.00191410250812,0.00190261392442
172.8423817,0.997946662558,0.000674285953938,0.00252627767845,0.0300561344088,0.0018988239936,0.0018874308316
172.8443946,0.997959677546,0.000670012454408,0.00250914549581,0.0299339504304,0.00188366444935,0.0018723659274
172.8464074,0.997972610295,0.000665765951931,0.00249212563035,0.0298122471319,0.00186862298624,0.00185741832816
172.8484203,0.997985461321,0.000661546277104,0.00247521738069,0.0296910227563,0.00185369872401,0.00184258715639
172.8504332,0.997998231136,0.000657353261571,0.00245842004949,0.0295702755519,0.00183889078838,0.00182787154074
172.8524461,0.998010920252,0.000653186738018,0.00244173294348,0.0294500037724,0.00182419831104,0.00181327061592
172.854459,0.998023529174,0.000649046540166,0.00242515537338,0.0293302056765,0.00180962042902,0.00179878352271
172.8564719,0.998036058407,0.000644932502769,0.00240868665394,0.0292108795285,0.00179515627203,0.00178440940791
172.8584847,0.998048508451,0.000640844461599,0.00239232610387,0.0290920235977,0.0017808049844,0.00177014742428
172.8604976,0.998060879803,0.000636782253449,0.00237607304585,0.0289736361589,0.00176656572215,0.00175599673054
172.8625105,0.998073172958,0.000632745716121,0.00235992680649,0.0288557154921,0.00175243764705,0.00174195649129
172.8645234,0.998085388407,0.000628734688423,0.00234388671632,0.0287382598823,0.00173841992667,0.00172802587702
172.8665363,0.998097526638,0.000624749010161,0.00232795210979,0.0286212676201,0.0017245117343,0.00171420406404
172.8685491,0.998109588137,0.000620788522133,0.0023121223252,0.0285047370011,0.00171071223953,0.00170049023446
172.870562,0.998121573385,0.000616853066126,0.00229639670472,0.0283886663262,0.00169702061808,0.00168688357613
172.8725749,0.998133482862,0.000612942484906,0.00228077459437,0.0282730539017,0.00168343606091,0.00167338328267
172.8745878,0.998145317044,0.000609056622214,0.00226525534398,0.0281578980387,0.00166995776454,0.00165998855333
172.8766007,0.998157076404,0.000605195322762,0.00224983830719,0.0280431970539,0.0016565849311,0.00164669859305
172.8786136,0.998168761413,0.000601358432222,0.00223452284139,0.027928949269,0.00164331676821,0.00163351261237
172.8806264,0.998180372537,0.000597545797227,0.00221930830777,0.0278151530109,0.00163015248406,0.00162042982743
172.8826393,0.998191910242,0.000593757265359,0.00220419407125,0.0277018066119,0.00161709128555,0.0016074494599
172.8846522,0.998203374989,0.000589992685146,0.00218917950045,0.0275889084092,0.00160413239675,0.00159457073696
172.8866651,0.998214767237,0.000586251906057,0.00217426396772,0.0274764567453,0.00159127504768,0.00158179289128
172.888678,0.998226087442,0.000582534778495,0.00215944684908,0.0273644499678,0.00157851847371,0.00156911516097
172.8906909,0.998237336056,0.000578841153793,0.00214472752422,0.0272528864295,0.00156586191554,0.00155653678954
172.8927037,0.998248513531,0.000575170884205,0.00213010537648,0.0271417644885,0.00155330461712,0.00154405702588
172.8947166,0.998259620313,0.000571523822904,0.00211557979281,0.0270310825077,0.00154084581773,0.00153167512422
172.8967295,0.998270656847,0.000567899823976,0.00210115016378,0.0269208388555,0.00152848477237,0.0015193903441
172.8987424,0.998281623575,0.00056429874241,0.00208681588355,0.0268110319051,0.00151622074328,0.00150720195032
172.9007553,0.998292520936,0.0005607204341,0.00207257634984,0.026701660035,0.00150405299787,0.00149510921295
172.9027682,0.998303349366,0.000557164755834,0.00205843096393,0.0265927216288,0.00149198080868,0.00148311140722
172.904781,0.9983141093,0.000553631565289,0.00204437913063,0.0264842150752,0.00148000345286,0.00147120781357
172.9067939,0.998324801168,0.000550120721028,0.00203042025827,0.0263761387679,0.00146812020285,0.00145939771756
172.9088068,0.998335425399,0.000546632082493,0.00201655375867,0.0262684911057,0.00145633034261,0.00144768040987
172.9108197,0.998345982418,0.000543165510001,0.00200277904712,0.0261612704927,0.00144463316542,0.00143605518625
172.9128326,0.998356472648,0.000539720864735,0.00198909554237,0.0260544753377,0.00143302796951,0.00142452134749
172.9148454,0.998366896509,0.000536298008745,0.00197550266664,0.0259481040548,0.00142151405806,0.00141307819938
172.9168583,0.99837725442,0.000532896804938,0.00196199984553,0.0258421550631,0.00141009073915,0.00140172505271
172.9188712,0.998387546796,0.000529517117071,0.00194858650807,0.0257366267868,0.00139875731878,0.00139046122319
172.9208841,0.998397774048,0.000526158809753,0.00193526208667,0.025631517655,0.00138751310814,0.00137928603146
172.922897,0.998407936588,0.000522821748434,0.00192202601711,0.0255268261018,0.00137635743035,0.00136819880303
172.9249099,0.998418034822,0.000519505799401,0.00190887773852,0.0254225505666,0.00136528961331,0.00135719886828
172.9269227,0.998428069155,0.000516210829774,0.00189581669336,0.0253186894935,0.00135430898968,0.00134628556238
172.9289356,0.998438039991,0.0005129367075,0.00188284232741,0.0252152413316,0.00134341489682,0.0013354582253
172.9309485,0.998447947727,0.000509683301349,0.00186995408975,0.0251122045353,0.00133260667318,0.00132471620178
172.9329614,0.998457792763,0.000506450480907,0.00185715143274,0.0250095775636,0.00132188365682,0.00131405884127
172.9349743,0.998467575493,0.000503238116575,0.00184443381198,0.0249073588808,0.00131124519918,0.00130348549791
172.9369872,0.998477296309,0.000500046079559,0.00183180068634,0.0248055469559,0.00130069065667,0.00129299553052
172.939,0.998486955601,0.000496874241867,0.00181925151793,0.0247041402629,0.00129021939031,0.00128258830254
172.9410129,0.998496553757,0.000493722476307,0.00180678577202,0.0246031372809,0.00127983076565,0.00127226318201
172.9430258,0.998506091163,0.000490590656478,0.00179440291713,0.0245025364938,0.00126952415124,0.00126201954157
172.9450387,0.9985155682,0.000487478656767,0.00178210242493,0.0244023363905,0.00125929891277,0.00125185675837
172.9470516,0.998524985249,0.000484386352345,0.00176988377023,0.0243025354646,0.00124915442816,0.00124177421408
172.9490645,0.998534342688,0.000481313619161,0.00175774643102,0.024203132215,0.00123909008127,0.00123177129488
172.9510773,0.998543640893,0.000478260333937,0.0017456898884,0.0241041251451,0.00122910526036,0.00122184739138
172.9530902,0.998552880237,0.000475226374163,0.00173371362656,0.0240055127634,0.00121919935808,0.0012120018986
172.9551031,0.99856206109,0.000472211618096,0.00172181713281,0.0239072935832,0.00120937177104,0.001202234216
172.957116,0.998571183823,0.00046921594475,0.00170999989753,0.0238094661228,0.00119962189295,0.00119254374737
172.9591289,0.9985802488,0.000466239233894,0.00169826141413,0.0237120289051,0.00118994912659,0.00118292990085
172.9611417,0.998589256386,0.000463281366049,0.00168660117911,0.0236149804581,0.0011803528822,0.00117339208889
172.9631546,0.998598206942,0.000460342222479,0.00167501869194,0.0235183193146,0.00117083257425,0.00116392972821
172.9651675,0.998607100829,0.000457421685191,0.00166351345516,0.023422044012,0.0011613876214,0.0011545422398
172.9671804,0.998615938403,0.000454519636928,0.00165208497424,0.0233261530929,0.00115201744648,0.00114522904886
172.9691933,0.99862472002,0.000451635961166,0.00164073275768,0.0232306451043,0.00114272147134,0.00113598958479
172.9712062,0.998633446031,0.000448770542106,0.0016294563169,0.0231355185982,0.0011334991222,0.00112682328115
172.973219,0.998642116789,0.000445923264674,0.00161825516629,0.0230407721316,0.00112434983463,0.00111772957566
172.9752319,0.998650732641,0.000443094014515,0.00160712882317,0.0229464042658,0.00111527304826,0.00110870791014
172.9772448,0.998659293933,0.000440282677986,0.00159607680774,0.0228524135673,0.00110626820678,0.00109975773048
172.9792577,0.99866780101,0.000437489142158,0.00158509864314,0.0227587986071,0.00109733475786,0.00109087848664
172.9812706,0.998676254214,0.000434713294803,0.00157419385535,0.0226655579611,0.0010884721505,0.00108206963263
172.9832835,0.998684653883,0.000431955024396,0.00156336197325,0.0225726902099,0.00107967983392,0.00107333062643
172.9852963,0.998693000357,0.000429214220111,0.00155260252855,0.0224801939387,0.00107095726775,0.00106466093002
172.9873092,0.99870129397,0.000426490771811,0.00154191505578,0.0223880677377,0.00106230391579,0.00105606000931
172.9893221,0.998709535055,0.000423784570049,0.00153129909232,0.0222963102014,0.00105371924576,0.00104752733415
172.991335,0.998717723945,0.000421095506064,0.00152075417833,0.0222049199295,0.0010452027292,0.00103906237828
172.9933479,0.998725860969,0.000418423471772,0.00151027985677,0.0221138955259,0.00103675384039,0.0010306646193
172.9953608,0.998733946453,0.000415768359766,0.00149987567336,0.0220232355995,0.00102837205196,0.00102233353868
172.9973736,0.998741980723,0.000413130063311,0.00148954117659,0.0219329387638,0.00102005684609,0.00101406862168
172.9993865,0.998749964103,0.00041050847634,0.00147927591767,0.0218430036369,0.00101180770982,0.00100586935738
173.0013994,0.998757896912,0.000407903493447,0.00146907945055,0.0217534288416,0.00100362413391,0.000997735238586
173.0034123,0.998765779471,0.000405315009887,0.00145895133191,0.0216642130052,0.000995505612844,0.000989665761888
173.0054252,0.998773612096,0.000402742921572,0.00144889112108,0.0215753547599,0.0009874516445,0.000981660427568
173.007438,0.998781395103,0.000400187125062,0.00143889838012,0.0214868527422,0.000979461725087,0.000973718739605
173.0094509,0.998789128804,0.000397647517567,0.00142897267372,0.0213987055934,0.000971535357985,0.000965840205641
173.0114638,0.998796813511,0.000395123996937,0.00141911356924,0.0213109119595,0.000963672052532,0.000958024336959
173.0134767,0.998804449533,0.000392616461666,0.00140932063668,0.0212234704908,0.000955871321643,0.000950270648457
173.0154896,0.998812037178,0.000390124810878,0.00139959344864,0.0211363798423,0.000948132680971,0.000942578658626
173.0175025,0.998819576751,0.000387648944333,0.00138993158035,0.0210496386737,0.000940455652969,0.000934947889519
173.0195153,0.998827068554,0.000385188762417,0.00138033460964,0.020963245649,0.000932839755704,0.000927377866735
173.0215282,0.998834512891,0.000382744166138,0.00137080211688,0.020877199437,0.000925284513541,0.000919868119388
173.0235411,0.99884191006,0.000380315057127,0.00136133368505,0.0207914987108,0.00091778945629,0.000912418180085
173.025554,0.998849260359,0.000377901337628,0.00135192889964,0.0207061421481,0.000910354117244,0.000905027584904
173.0275669,0.998856564085,0.000375502910499,0.00134258734871,0.0206211284313,0.000902978033148,0.000897695873368
173.0295798,0.998863821531,0.000373119679207,0.00133330862282,0.0205364562471,0.000895660744183,0.000890422588422
173.0315926,0.998871032989,0.000370751547823,0.00132409231505,0.0204521242866,0.000888401793936,0.000883207276408
173.0336055,0.998878198751,0.000368398421018,0.00131493802096,0.0203681312457,0.000881200729382,0.000876049487046
173.0356184,0.998885319104,0.000366060204062,0.00130584533861,0.0202844758244,0.000874057100857,0.000868948773403
173.0376313,0.998892394335,0.000363736802818,0.00129681386849,0.0202011567274,0.000866970462037,0.000861904691878
173.0396442,0.99889942473,0.000361428123738,0.00128784321359,0.0201181726638,0.000859940369917,0.000854916802176
173.0416571,0.99890641057,0.000359134073862,0.0012789329793,0.0200355223471,0.000852966384785,0.000847984667281
173.0436699,0.998913352139,0.000356854560811,0.00127008277344,0.0199532044953,0.000846048069789,0.00084110785344
173.0456828,0.998920249716,0.000354589492787,0.00126129220627,0.0198712178307,0.000839184989329,0.000834285930136
173.0476957,0.998927103577,0.000352338778566,0.0012525608904,0.0197895610801,0.000832376713142,0.000827518470068
173.0497086,0.998933914001,0.000350102327497,0.00124388844087,0.0197082329746,0.000825622814586,0.000820805049125
173.0517215,0.99894068126,0.000347880049497,0.00123527447505,0.0196272322497,0.000818922870198,0.000814145246369
173.0537343,0.998947405628,0.000345671855047,0.0012267186127,0.0195465576455,0.000812276459671,0.000807538644008
173.0557472,0.998954087375,0.00034347765519,0.00121822047591,0.0194662079061,0.000805683165836,0.000800984827378
173.0577601,0.998960726772,0.000341297361529,0.00120977968909,0.0193861817801,0.000799142574641,0.00079448338492
173.059773,0.998967324085,0.000339130886219,0.00120139587898,0.0193064780206,0.000792654275125,0.000788033908154
173.0617859,0.99897387958,0.000336978141967,0.00119306867462,0.0192270953848,0.000786217859399,0.000781635991667
173.0637988,0.998980393522,0.000334839042027,0.00118479770734,0.0191480326343,0.000779832922625,0.000775289233081
173.0658116,0.998986866174,0.000332713500199,0.00117658261076,0.019069288535,0.000773499062997,0.000768993233039
173.0678245,0.998993297795,0.000330601430821,0.00116842302073,0.0189908618572,0.000767215881714,0.000762747595183
173.0698374,0.998999688646,0.000328502748773,0.0011603185754,0.0189127513753,0.00076098298157,0.000756551926127
173.0718503,0.999006038984,0.000326417369465,0.00115226891512,0.018834955868,0.000754799968391,0.000750405835444
173.0738632,0.999012349065,0.00032434520884,0.00114427368249,0.0187574741184,0.000748666452382,0.000744308935642
173.0758761,0.999018619144,0.000322286183368,0.00113633252231,0.0186803049138,0.000742582046668,0.000738260842142
173.0778889,0.999024849474,0.000320240210045,0.00112844508159,0.0186034470457,0.000736546367279,0.000732261173259
173.0799018,0.999031040305,0.000318207206385,0.00112061100953,0.0185268993098,0.000730559033128,0.000726309550181
173.0819147,0.999037191887,0.000316187090424,0.00111282995749,0.0184506605061,0.000724619665991,0.000720405596951
173.0839276,0.999043304469,0.000314179780708,0.00110510157901,0.0183747294388,0.000718727890487,0.000714548940442
173.0859405,0.999049378297,0.000312185196299,0.00109742552977,0.0182991049162,0.000712883334058,0.000708739210344
173.0879534,0.999055413616,0.000310203256765,0.00108980146761,0.0182237857509,0.000707085626949,0.000702976039135
173.0899662,0.99906141067,0.000308233882179,0.00108222905246,0.0181487707596,0.000701334402189,0.000697259062071
173.0919791,0.9990673697,0.000306276993117,0.00107470794641,0.0180740587632,0.000695629295573,0.000691587917158
173.093992,0.999073290947,0.000304332510653,0.00106723781361,0.0179996485868,0.000689969945337,0.000685962245142
173.0960049,0.99907917465,0.000302400356359,0.00105981832033,0.0179255390594,0.000684355990972,0.000680381689476
173.0980178,0.999085021046,0.000300480452298,0.0010524491349,0.0178517290145,0.000678787076231,0.000674845896315
173.1000306,0.999090830371,0.000298572721022,0.00104512992772,0.0177782172895,0.000673262847858,0.000669354514488
173.1020435,0.999096602859,0.000296677085571,0.00103786037126,0.0177050027259,0.000667782948658,0.000663907195481
173.1040564,0.999102338744,0.000294793469469,0.00103064014002,0.0176320841694,0.000662347044397,0.000658503593419
173.1060693,0.999108038256,0.00029292179672,0.00102346891052,0.0175594604697,0.000656954783028,0.000653143365048
173.1080822,0.999113701627,0.000291061991805,0.00101634636131,0.0174871304805,0.000651605821701,0.000647826169714
173.1100951,0.999119329084,0.000289213979682,0.00100927217295,0.0174150930598,0.000646299820166,0.000642551669345
173.1121079,0.999124920855,0.000287377685778,0.00100224602801,0.0173433470695,0.000641036440755,0.000637319528435
173.1141208,0.999130477165,0.00028555303599,0.000995267611,0.0172718913755,0.000635815348359,0.000632129414021
173.1161337,0.999135998239,0.000283739956682,0.000988336608449,0.0172007248478,0.000630636210415,0.000626980995671
173.1181466,0.999141484299,0.00028193837468,0.000981452708823,0.0171298463605,0.000625498696886,0.00062187394546
173.1201595,0.999146935568,0.00028014821727,0.000974615602544,0.0170592547915,0.000620402479726,0.000616807937957
173.1221724,0.999152352264,0.000278369412195,0.000967824981972,0.0169889490229,0.000615347233409,0.000611782650202
173.1241852,0.999157734608,0.000276601887654,0.000961080541395,0.0169189279407,0.000610332635401,0.000606797761693
173.1261981,0.999163082815,0.000274845572296,0.000954381977018,0.0168491904349,0.000605358365625,0.000601852954366
173.128211,0.999168397102,0.00027310039522,0.000947728986948,0.0167797353993,0.000600424106437,0.000596947912577
173.1302239,0.999173677685,0.000271366285971,0.000941121271189,0.016710561732,0.000595529542612,0.000592082323088
173.1322368,0.999178924775,0.000269643174535,0.000934558531628,0.0166416683348,0.000590674361327,0.000587255875044
173.1342497,0.999184138585,0.000267930991342,0.000928040472021,0.0165730541134,0.000585858252141,0.000582468259961
173.1362625,0.999189319325,0.000266229667257,0.000921566797987,0.0165047179776,0.000581080906981,0.000577719171708
173.1382754,0.999194467205,0.000264539133582,0.000915137216997,0.0164366588409,0.000576342020121,0.000573008306486
173.1402883,0.999199582433,0.00026285932205,0.000908751438358,0.0163688756208,0.00057164128817,0.000568335362817
173.1423012,0.999204665214,0.000261190164824,0.000902409173207,0.0163013672388,0.000566978410052,0.000563700041523
173.1443141,0.999209715756,0.000259531594494,0.000896110134501,0.0162341326201,0.000562353086989,0.000559102045713
173.1463269,0.999214734261,0.000257883544074,0.000889854037,0.0161671706938,0.000557765022487,0.000554541080761
173.1483398,0.999219720932,0.000256245947002,0.000883640597264,0.016100480393,0.000553213922317,0.000550016854296
173.1503527,0.999224675971,0.000254618737131,0.000877469533639,0.0160340606545,0.000548699494499,0.00054552907618
173.1523656,0.999229599578,0.000253001848733,0.000871340566246,0.0159679104189,0.000544221449289,0.000541077458498
173.1543785,0.999234491951,0.000251395216494,0.000865253416971,0.0159020286308,0.000539779499156,0.000536661715536
173.1563914,0.99923935329,0.000249798775509,0.000859207809455,0.0158364142384,0.000535373358775,0.000532281563767
173.1584042,0.999244183789,0.000248212461286,0.000853203469084,0.0157710661938,0.000531002745002,0.000527936721837
173.1604171,0.999248983645,0.000246636209734,0.000847240122979,0.015705983453,0.000526667376864,0.000523626910546
173.16243,0.99925375305,0.000245069957169,0.000841317499983,0.0156411649755,0.000522366975541,0.000519351852837
173.1644429,0.999258492199,0.000243513640308,0.000835435330655,0.0155766097249,0.000518101264353,0.000515111273775
173.1664558,0.999263201282,0.000241967196264,0.000829593347258,0.0155123166683,0.000513869968739,0.000510904900535
173.1684687,0.99926788049,0.00024043056255,0.000823791283748,0.0154482847766,0.000509672816248,0.000506732462386
173.1704815,0.999272530012,0.000238903677068,0.000818028875763,0.0153845130246,0.000505509536142,0.000502593690675
173.1724944,0.999277150035,0.000237386478116,0.00081230586062,0.0153210003906,0.00050137985978,0.000498488318812
173.1745073,0.999281740747,0.000235878904378,0.000806621977294,0.0152577458567,0.000497283520965,0.000494416082257
173.1765202,0.999286302334,0.000234380894924,0.000800976966418,0.0151947484087,0.000493220255547,0.0004903767185
173.1785331,0.999290834978,0.000232892389209,0.000795370570269,0.0151320070362,0.000489189801407,0.000486369967053
173.180546,0.999295338865,0.00023141332707,0.000789802532758,0.0150695207322,0.000485191898441,0.000482395569431
173.1825588,0.999299814176,0.000229943648722,0.00078427259942,0.0150072884937,0.000481226288547,0.000478453269135
173.1845717,0.999304261091,0.000228483294757,0.000778780517407,0.0149453093212,0.000477292715608,0.000474542811645
173.1865846,0.999308679791,0.000227032206142,0.000773326035475,0.0148835822187,0.000473390917628,0.000470663944397
173.1885975,0.999313070454,0.000225590324215,0.000767908903979,0.0148221061942,0.000469520671031,0.000466816416775
173.1906104,0.999317433258,0.000224157590684,0.000762528874858,0.0147608802589,0.000465681679687,0.000462999980094
173.1926232,0.999321768379,0.000222733947627,0.00075718570163,0.014699903428,0.000461873745952,0.000459214387585
173.1946361,0.999326075993,0.000221319337483,0.000751879139378,0.01463917472,0.00045809657234,0.000455459394385
173.196649,0.999330356274,0.000219913703057,0.000746608944748,0.0145786931572,0.000454349965103,0.000451734757516
173.1986619,0.999334609394,0.000218516987513,0.000741374875932,0.0145184577654,0.00045063363178,0.000448040235879
173.2006748,0.999338835526,0.000217129134373,0.000736176692664,0.0144584675739,0.000446947379882,0.000444375590233
173.2026877,0.999343034841,0.000215750087519,0.000731014156206,0.0143987216157,0.000443290924405,0.000440740583189
173.2047005,0.999347207509,0.00021437979118,0.000725887029345,0.0143392189274,0.00043966407167,0.000437134979189
173.2067134,0.999351353698,0.000213018189944,0.00072079507638,0.0142799585488,0.000436066546377,0.000433558544495
173.2087263,0.999355473576,0.000211665228743,0.000715738063111,0.0142209395236,0.000432498151388,0.000430011047179
173.2107392,0.99935956731,0.000210320852859,0.000710715756836,0.0141621608988,0.000428958623181,0.000426492257104
173.2127521,0.999363635065,0.000208985007918,0.000705727926336,0.0141036217251,0.000425447759064,0.000423001945916
173.214765,0.999367677006,0.00020765763989,0.000700774341871,0.0140453210564,0.000421965309199,0.000419539887028
173.2167778,0.999371693297,0.000206338695085,0.000695854775168,0.0139872579504,0.000418511063405,0.000416105855605
173.2187907,0.999375684099,0.000205028120153,0.000690968999412,0.0139294314681,0.000415084787278,0.000412699628556
173.2208036,0.999379649575,0.000203725862077,0.00068611678924,0.013871840674,0.000411686261374,0.000409320984517
173.2228165,0.999383589885,0.000202431868179,0.00068129792073,0.013814484636,0.000408315267772,0.000405969703842
173.2248294,0.999387505188,0.000201146086111,0.000676512171393,0.0137573624255,0.000404971577771,0.000402645568584
173.2268423,0.999391395642,0.000199868463856,0.000671759320164,0.0137004731174,0.000401654988722,0.00039934836249
173.2288551,0.999395261406,0.000198598949724,0.000667039147396,0.0136438157899,0.000398365264827,0.000396077870983
173.230868,0.999399102635,0.000197337492352,0.000662351434846,0.0135873895247,0.000395102215962,0.000392833881151
173.2328809,0.999402919485,0.000196084040702,0.000657695965671,0.0135311934068,0.000391865601795,0.000389616181738
173.2348938,0.99940671211,0.000194838544056,0.000653072524421,0.0134752265247,0.000388655242151,0.000386424563124
173.2369067,0.999410480664,0.000193600952019,0.000648480897025,0.0134194879702,0.000385470894549,0.000383258817321
173.2389195,0.9994142253,0.000192371214511,0.000643920870786,0.0133639768385,0.000382312386367,0.000380118737956
173.2409324,0.999417946169,0.000191149281771,0.000639392234374,0.0133086922281,0.000379179475194,0.000377004120261
173.2429453,0.999421643421,0.000189935104349,0.000634894777814,0.0132536332411,0.000376071993719,0.00037391476106
173.2449582,0.999425317206,0.00018872863311,0.000630428292483,0.0131987989825,0.000372989701672,0.000370850458757
173.2469711,0.999428967674,0.000187529819228,0.000625992571096,0.013144188561,0.000369932434964,0.000367811013326
173.248984,0.999432594971,0.000186338614184,0.000621587407702,0.0130898010885,0.000366899957381,0.000364796226296
173.2509968,0.999436199244,0.000185154969767,0.000617212597674,0.0130356356801,0.000363892106121,0.000361805900745
173.2530097,0.99943978064,0.000183978838071,0.000612867937703,0.0129816914544,0.000360908650796,0.00035883984128
173.2550226,0.999443339303,0.00018281017149,0.000608553225786,0.0129279675331,0.000357949428095,0.000355897854034
173.2570355,0.999446875378,0.000181648922721,0.000604268261224,0.0128744630413,0.000355014215097,0.00035297974665
173.2590484,0.999450389007,0.000180495044758,0.000600012844609,0.0128211771072,0.000352102846311,0.000350085328271
173.2610613,0.999453880333,0.000179348490893,0.000595786777817,0.0127681088624,0.000349215107799,0.000347214409528
173.2630741,0.999457349498,0.000178209214712,0.000591589864003,0.0127152574418,0.000346350830347,0.000344366802529
173.265087,0.999460796641,0.000177077170095,0.000587421907591,0.0126626219834,0.000343509810388,0.00034154232085
173.2670999,0.999464221902,0.000175952311212,0.000583282714266,0.0126102016284,0.000340691873569,0.000338740779519
173.2691128,0.99946762542,0.000174834592525,0.000579172090968,0.0125579955213,0.000337896827967,0.000335961995011
173.2711257,0.999471007333,0.000173723968781,0.000575089845882,0.0125060028098,0.00033512448522,0.000333205785236
173.2731386,0.999474367777,0.000172620395014,0.000571035788433,0.0124542226448,0.000332374686216,0.000330471969521
173.2751514,0.999477706889,0.000171523826542,0.000567009729276,0.0124026541803,0.000329647236382,0.000327760368612
173.2771643,0.999481024804,0.000170434218965,0.000563011480292,0.0123512965736,0.000326941943266,0.000325070804651
173.2791772,0.999484321657,0.000169351528164,0.000559040854576,0.012300148985,0.000324258635719,0.000322403101175
173.2811901,0.99948759758,0.000168275710298,0.000555097666432,0.012249210578,0.000321597159593,0.000319757083098
173.283203,0.999490852707,0.000167206721803,0.000551181731368,0.0121984805194,0.00031895732728,0.000317132576705
173.2852158,0.999494087169,0.000166144519391,0.000547292866082,0.0121479579789,0.000316338952437,0.000314529409643
173.2872287,0.999497301097,0.000165089060048,0.000543430888462,0.0120976421296,0.000313741862438,0.000311947410906
173.2892416,0.999500494622,0.000164040301029,0.000539595617574,0.0120475321473,0.000311165912024,0.000309386410828
173.2912545,0.999503667873,0.000162998199863,0.000535786873658,0.0119976272113,0.000308610921762,0.000306846241072
173.2932674,0.999506820978,0.000161962714345,0.000532004478117,0.0119479265038,0.000306076711234,0.000304326734621
173.2952803,0.999509954065,0.000160933802536,0.000528248253513,0.0118984292101,0.000303563108224,0.000301827725767
173.2972931,0.999513067261,0.000159911422764,0.00052451802356,0.0118491345185,0.00030106997301,0.0002993490501
173.299306,0.999516160693,0.00015889553362,0.000520813613113,0.0118000416206,0.000298597135349,0.0002968905445
173.3013189,0.999519234484,0.000157886093955,0.000517134848167,0.0117511497108,0.000296144420559,0.00029445204713
173.3033318,0.999522288761,0.000156883062883,0.000513481555845,0.0117024579867,0.000293711658482,0.000292033397418
173.3053447,0.999525323646,0.000155886399773,0.000509853564394,0.0116539656488,0.000291298712026,0.000289634436056
173.3073576,0.999528339263,0.000154896064254,0.000506250703175,0.0116056719006,0.000288905420959,0.000287255004986
173.3093704,0.999531335734,0.000153912016209,0.000502672802661,0.0115575759489,0.00028653161616,0.00028489494739
173.3113833,0.99953431318,0.000152934215774,0.000499119694424,0.0115096770031,0.000284177130948,0.000282554107684
173.3133962,0.999537271722,0.000151962623336,0.000495591211134,0.0114619742759,0.000281841828357,0.000280232331506
173.3154091,0.999540211479,0.000150997199537,0.00049208718655,0.0114144669828,0.000279525558821,0.000277929465707
173.317422,0.999543132572,0.000150037905262,0.000488607455512,0.0113671543424,0.000277228158609,0.000275645358343
173.3194349,0.999546035117,0.000149084701647,0.000485151853934,0.0113200355762,0.000274949465736,0.000273379858665
173.3214477,0.999548919233,0.000148137550073,0.000481720218801,0.0112731099085,0.000272689341216,0.000271132817109
173.3234606,0.999551785037,0.000147196412165,0.00047831238816,0.0112263765669,0.000270447646664,0.00026890408529
173.3254735,0.999554632645,0.00014626124979,0.000474928201112,0.0111798347816,0.000268224223566,0.000266693515988
173.3274864,0.999557462172,0.000145332025057,0.00047156749781,0.0111334837859,0.000266018915098,0.000264500963144
173.3294993,0.999560273732,0.000144408700315,0.000468230119445,0.0110873228159,0.000263831580152,0.000262326281851
173.3315121,0.999563067441,0.00014349123815,0.000464915908249,0.0110413511106,0.000261662090185,0.00026016932834
173.333525,0.99956584341,0.000142579601385,0.00046162470748,0.0109955679121,0.000259510292314,0.000258029959977
173.3355379,0.999568601753,0.000141673753078,0.000458356361421,0.0109499724652,0.000257376034712,0.000255908035252
173.3375508,0.999571342581,0.000140773656521,0.000455110715373,0.0109045640176,0.000255259175714,0.000253803413772
173.3395637,0.999574066005,0.000139879275239,0.000451887615645,0.0108593418198,0.000253159593795,0.000251715956247
173.3415766,0.999576772136,0.000138990572985,0.000448686909553,0.0108143051252,0.000251077142569,0.000249645524491
173.3435894,0.999579461084,0.000138107513744,0.000445508445411,0.0107694531903,0.000249011675053,0.000247591981404
173.3456023,0.999582132956,0.000137230061728,0.000442352072522,0.0107247852739,0.000246963050392,0.000245555190972
173.3476152,0.999584787863,0.000136358181376,0.000439217641178,0.0106803006382,0.000244931151611,0.000243535018249
173.3496281,0.999587425911,0.000135491837349,0.00043610500265,0.0106359985478,0.000242915846991,0.000241531329362
173.351641,0.999590047207,0.000134630994535,0.000433014009182,0.0105918782703,0.000240916973541,0.000239543991489
173.3536539,0.999592651857,0.000133775618043,0.000429944513986,0.010547939076,0.000238934409364,0.000237572872861
173.3556667,0.999595239968,0.000132925673203,0.000426896371236,0.0105041802381,0.000236968033525,0.000235617842749
173.3576796,0.999597811644,0.000132081125563,0.00042386943606,0.0104606010325,0.000235017717103,0.000233678771457
173.3596925,0.999600366988,0.00013124194089,0.000420863564537,0.0104172007379,0.000233083328401,0.000231755530314
173.3617054,0.999602906106,0.000130408085168,0.000417878613689,0.0103739786357,0.000231164736853,0.000229847991669
173.3637183,0.999605429099,0.000129579524596,0.000414914441477,0.0103309340101,0.000229261813017,0.000227956028878
173.3657312,0.999607936071,0.000128756225587,0.000411970906792,0.0102880661481,0.00022737442856,0.000226079516301
173.367744,0.999610427122,0.000127938154765,0.000409047869452,0.0102453743393,0.000225502456249,0.00022421832929
173.3697569,0.999612902353,0.000127125278967,0.000406145190197,0.0102028578762,0.00022364576994,0.000222372344186
173.3717698,0.999615361866,0.000126317565239,0.000403262730678,0.0101605160537,0.000221804252343,0.000220541438308
173.3737827,0.999617805759,0.000125514980837,0.000400400353459,0.0101183481698,0.000219977786834,0.000218725489947
173.3757956,0.999620234133,0.000124717493221,0.000397557922004,0.0100763535249,0.00021816624988,0.000216924378357
173.3778084,0.999622647084,0.000123925070061,0.000394735300676,0.0100345314222,0.00021636951901,0.000215137983751
173.3798213,0.999625044712,0.000123137679229,0.000391932354729,0.00999288116754,0.000214587472804,0.000213366187289
173.3818342,0.999627427112,0.000122355288801,0.000389148950305,0.0099514020695,0.000212819990884,0.000211608871074
173.3838471,0.999629794383,0.000121577867054,0.000386384954426,0.00991009343923,0.000211066953903,0.000209865918144
173.38586,0.99963214662,0.000120805382468,0.000383640234988,0.00986895459058,0.000209328243534,0.000208137212464
173.3878729,0.999634483918,0.000120037803722,0.000380914660758,0.00982798484001,0.000207603745588,0.000206422638921
173.3898857,0.999636806372,0.00011927509969,0.000378208101367,0.00978718350662,0.000205893353657,0.000204722083314
173.3918986,0.999639114077,0.000118517239449,0.000375520427306,0.00974654991214,0.000204196952671,0.000203035432347
173.3939115,0.999641407125,0.000117764192265,0.000372851509918,0.0097060833809,0.000202514427766,0.000201362573627
173.3959244,0.99964368561,0.000117015927605,0.000370201221395,0.00966578323984,0.000200845665059,0.000199703395651
173.3979373,0.999645949624,0.000116272415124,0.000367569434771,0.00962564881849,0.000199190551648,0.000198057787801
173.3999502,0.999648199259,0.000115533624673,0.000364956023918,0.00958567944897,0.000197548975593,0.000196425640339
173.401963,0.999650434607,0.000114799526291,0.00036236086354,0.00954587446596,0.000195920825914,0.000194806844399
173.4039759,0.999652655757,0.000114070090209,0.000359783829169,0.00950623320673,0.000194305993284,0.000193201291979
173.4059888,0.999654862801,0.000113345286845,0.000357224797158,0.0094667550111,0.000192704377652,0.000191608875937
173.4080017,0.999657055827,0.000112625086804,0.000354683644676,0.00942743922142,0.000191115873228,0.000190029489982
173.4100146,0.999659234924,0.000111909460879,0.000352160249704,0.00938828518262,0.00018954037229,0.000188463028667
173.4120275,0.999661400182,0.000111198380047,0.000349654491031,0.00934929224212,0.00018797776804,0.000186909387387
173.4140403,0.999663551687,0.000110491815467,0.000347166248244,0.00931045974989,0.000186427954595,0.000185368462367
173.4160532,0.999665689527,0.000109789738484,0.000344695401729,0.0092717870584,0.000184890826977,0.000183840150656
173.4180661,0.999667813789,0.000109092120621,0.000342241832661,0.00923327352264,0.000183366281107,0.000182324350127
173.420079,0.999669924558,0.000108398933584,0.000339805423004,0.00919491850007,0.000181854213792,0.000180820959463
173.4220919,0.999672021921,0.000107710149258,0.0003373860555,0.00915672135066,0.0001803545284,0.000179329878154
173.4241047,0.999674105962,0.000107025739703,0.000334983613669,0.00911868143686,0.000178867128875,0.000177851006491
173.4261176,0.999676176767,0.00010634567716,0.000332597981803,0.00908079812357,0.000177391928442,0.000176384245559
173.4281305,0.999678234418,0.000105669934044,0.000330229044959,0.00904307077818,0.000175928772891,0.000174929497231
173.4301434,0.999680279,0.000104998482944,0.000327876688957,0.0090054987705,0.000174477648732,0.000173486664164
173.4321563,0.999682310596,0.000104331296624,0.000325540800373,0.00896808147281,0.00017303836877,0.000172055649787
173.4341692,0.999684329287,0.000103668348019,0.000323221266534,0.00893081825982,0.000171610915954,0.000170636358304
173.436182,0.999686335157,0.000103009610237,0.000320917975516,0.00889370850865,0.00017019513519,0.000169228694678
173.4381949,0.999688328285,0.000102355056556,0.000318630816137,0.00885675159887,0.000168790961317,0.000167832564632
173.4402078,0.999690308753,0.000101704660421,0.000316359677953,0.00881994691243,0.000167398307665,0.000166447874643
173.4422207,0.999692276642,0.000101058395449,0.000314104451252,0.0087832938337,0.000166017041688,0.000165074531932
173.4442336,0.999694232031,0.000100416235422,0.000311865027052,0.00874679174942,0.000164647134081,0.000163712444461
173.4462465,0.999696174999,9.97781542871e-05,0.000309641297093,0.00871044004876,0.000163288414927,0.000162361520926
173.4482593,0.999698105626,9.9144126159e-05,0.000307433153836,0.00867423812321,0.00016194087449,0.000161021670754
173.4502722,0.999700023989,9.85141253144e-05,0.000305240490456,0.00863818536666,0.000160604346313,0.000159692804094
173.4522851,0.999701930167,9.78881261939e-05,0.000303063200838,0.00860228117537,0.000159278800907,0.000158374831813
173.454298,0.999703824237,9.72661033994e-05,0.000300901179573,0.00856652494792,0.000157964113031,0.000157067665489
173.4563109,0.999705706276,9.66480316945e-05,0.000298754321952,0.00853091608524,0.000156660201196,0.000155771217408
173.4583238,0.999707576359,9.60338860019e-05,0.000296622523964,0.00849545399062,0.000155367003976,0.000154485400556
173.4603366,0.999709434564,9.54236414023e-05,0.000294505682283,0.00846013806962,0.000154084403433,0.000153210128616
173.4623495,0.999711280965,9.48172731395e-05,0.000292403694295,0.00842496773022,0.000152812326289,0.00015194531596
173.4643624,0.999713115637,9.42147566062e-05,0.000290316458035,0.00838994238258,0.000151550643135,0.000150690877646
173.4663753,0.999714938655,9.36160673556e-05,0.000288243872235,0.00835506143924,0.000150299357888,0.000149446729407
173.4683882,0.999716750092,9.30211810976e-05,0.000286185836312,0.00832032431504,0.000149058349376,0.000148212787657
173.470401,0.999718550023,9.24300736924e-05,0.000284142250337,0.00828573042708,0.000147827482739,0.000146988969475
173.4724139,0.99972033852,9.18427211522e-05,0.000282113015041,0.00825127919469,0.000146606716949,0.000145775192603
173.4744268,0.999722115656,9.12590996458e-05,0.00028009803184,0.00821697003956,0.000145396008701,0.000144571375442
173.4764397,0.999723881503,9.06791854916e-05,0.000278097202798,0.00818280238561,0.000144195225573,0.000143377437048
173.4784526,0.999725636132,9.01029551548e-05,0.000276110430621,0.00814877565896,0.000143004254891,0.000142193297124
173.4804655,0.999727379615,8.95303852516e-05,0.000274137618671,0.00811488928801,0.000141823098082,0.000141018876015
173.4824783,0.999729112023,8.89614525494e-05,0.000272178670969,0.00808114270344,0.000140651653973,0.000139854094706
173.4844912,0.999730833426,8.83961339599e-05,0.000270233492162,0.0080475353381,0.00013948979627,0.000138698874814
173.4865041,0.999732543893,8.78344065389e-05,0.000268301987527,0.00801406662704,0.000138337462808,0.000137553138584
173.488517,0.999734243494,8.7276247492e-05,0.000266384062992,0.00798073600759,0.000137194632169,0.000136416808884
173.4905299,0.999735932299,8.6721634169e-05,0.000264479625111,0.00794754291927,0.000136061182071,0.000135289809204
173.4925428,0.999737610375,8.61705440598e-05,0.00026258858105,0.00791448680375,0.000134936998525,0.000134172063642
173.4945556,0.999739277791,8.5622954798e-05,0.000260710838598,0.00788156710489,0.000133822074243,0.000133063496906
173.4965685,0.999740934615,8.50788441623e-05,0.000258846306176,0.0078487832688,0.000132716328785,0.000131964034311
173.4985814,0.999742580913,8.45381900699e-05,0.000256994892808,0.00781613474373,0.000131619643871,0.000130873601769
173.5005943,0.999744216752,8.40009705755e-05,0.000255156508115,0.00778362098002,0.000130531943047,0.000129792125786
173.5026072,0.9997458422,8.34671638763e-05,0.00025333106234,0.00775124143027,0.000129453217134,0.000128719533458
173.5046201,0.999747457321,8.29367483087e-05,0.000251518466327,0.0077189955492,0.000128383356293,0.000127655752468
173.5066329,0.999749062182,8.2409702343e-05,0.000249718631508,0.00768688279364,0.000127322249145,0.000126600711078
173.5086458,0.999750656847,8.18860045858e-05,0.000247931469902,0.00765490262254,0.000126269875073,0.000125554338125
173.5106587,0.999752241382,8.13656337833e-05,0.000246156894138,0.00762305449705,0.00012522617457,0.00012451656302
173.5126716,0.99975381585,8.08485688147e-05,0.000244394817422,0.0075913378804,0.000124191036848,0.00012348731574
173.5146845,0.999755380316,8.03347886901e-05,0.00024264515353,0.0075597522379,0.000123164376764,0.000122466526823
173.5166973,0.999756934843,7.98242725554e-05,0.000240907816826,0.00752829703697,0.000122146189719,0.000121454127366
173.5187102,0.999758479494,7.93169996906e-05,0.000239182722259,0.00749697174719,0.000121136379899,0.000120450049023
173.5207231,0.999760014331,7.88129495038e-05,0.000237469785333,0.00746577584015,0.000120134841565,0.000119454223992
173.522736,0.999761539418,7.83121015327e-05,0.000235768922116,0.00743470878953,0.000119141537507,0.000118466585019
173.5247489,0.999763054816,7.78144354488e-05,0.000234080049255,0.00740377007113,0.00011815642891,0.000117487065391
173.5267618,0.999764560587,7.73199310513e-05,0.000232403083954,0.0073729591628,0.000117179411999,0.000116515598932
173.5287746,0.999766056791,7.68285682646e-05,0.00023073794396,0.00734227554438,0.000116210397468,0.000115552119995
173.5307875,0.99976754349,7.63403271422e-05,0.000229084547579,0.00731171869783,0.000115249379318,0.000114596563463
173.5328004,0.999769020743,7.58551878662e-05,0.000227442813677,0.00728128810714,0.000114296276751,0.000113648864746
173.5348133,0.999770488611,7.53731307421e-05,0.000225812661655,0.00725098325835,0.0001133509907,0.000112708959769
173.5368262,0.999771947154,7.48941361984e-05,0.000224194011447,0.00722080363944,0.000112413468945,0.000111776784975
173.5388391,0.99977339643,7.44181847916e-05,0.000222586783544,0.0071907487405,0.000111483689048,0.000110852277318
173.5408519,0.999774836498,7.39452572008e-05,0.000220990898967,0.00716081805364,0.000110561555042,0.000109935374261
173.5428648,0.999776267417,7.34753342253e-05,0.000219406279259,0.00713101107291,0.00010964697707,0.000109026013769
173.5448777,0.999777689245,7.30083967862e-05,0.000217832846493,0.00710132729435,0.000108739943168,0.000108124134307
173.5468906,0.99977910204,7.25444259293e-05,0.00021627052328,0.00707176621608,0.000107840388065,0.000107229674836
173.5489035,0.999780505859,7.20834028181e-05,0.000214719232743,0.00704232733814,0.000106948218937,0.000106342574809
173.5509164,0.999781900759,7.16253087334e-05,0.000213178898513,0.00701301016252,0.000106063373532,0.000105462774166
173.5529292,0.999783286797,7.11701250779e-05,0.000211649444749,0.00698381419323,0.000105185838722,0.000104590213331
173.5549421,0.999784664028,7.07178333728e-05,0.000210130796124,0.00695473893624,0.000104315528007,0.000103724833211
173.556955,0.999786032509,7.02684152538e-05,0.000208622877806,0.00692578389945,0.000103452353817,0.000102866575185
173.5589679,0.999787392296,6.98218524728e-05,0.00020712561547,0.00689694859267,0.000102596294842,0.000102015381107
173.5609808,0.999788743444,6.93781269008e-05,0.000205638935302,0.00686823252773,0.000101747301451,0.0001011711933
173.5629936,0.999790086006,6.89372205224e-05,0.000204162763982,0.00683963521836,0.000100905286665,0.000100333954553
173.5650065,0.999791420039,6.84991154337e-05,0.000202697028674,0.00681115618018,0.000100070182263,9.95036081136e-05
173.5670194,0.999792745596,6.80637938471e-05,0.000201241657044,0.00678279493075,9.92419788187e-05,9.86800976901e-05
173.5690323,0.999794062731,6.76312380889e-05,0.000199796577251,0.00675455098958,9.84206004266e-05,9.78633674441e-05
173.5710452,0.999795371498,6.7201430595e-05,0.00019836171793,0.00672642387805,9.76059639965e-05,9.70533619878e-05
173.5730581,0.999796671949,6.6774353912e-05,0.000196937008191,0.00669841311938,9.67980364678e-05,9.62500263793e-05
173.5750709,0.999797964137,6.63499907005e-05,0.000195522377642,0.00667051823878,9.59967836568e-05,9.54533061225e-05
173.5770838,0.999799248116,6.59283237301e-05,0.00019411775636,0.00664273876331,9.52021240529e-05,9.46631471603e-05
173.5790967,0.999800523936,6.55093358771e-05,0.000192723074882,0.00661507422187,9.44139867477e-05,9.38794958714e-05
173.5811096,0.999801791651,6.50930101282e-05,0.000191338264226,0.00658752414522,9.36323616365e-05,9.31022990678e-05
173.5831225,0.99980305131,6.46793295798e-05,0.000189963255881,0.00656008806608,9.28571841106e-05,9.23315039924e-05
173.5851354,0.999804302966,6.42682774335e-05,0.000188597981791,0.00653276551892,9.20883762874e-05,9.15670583134e-05
173.5871482,0.999805546669,6.38598369959e-05,0.000187242374356,0.00650555604008,9.1325894496e-05,9.08089101211e-05
173.5891611,0.99980678247,6.34539916827e-05,0.000185896366444,0.00647845916778,9.05697168277e-05,9.00570079264e-05
173.591174,0.999808010419,6.30507250146e-05,0.00018455989138,0.00645147444206,8.98197678014e-05,8.93113006567e-05
173.5931869,0.999809230566,6.26500206142e-05,0.000183232882926,0.00642460140475,8.90759764376e-05,8.85717376508e-05
173.5951998,0.999810442961,6.22518622087e-05,0.000181915275298,0.00639783959952,8.83383286049e-05,8.78382686579e-05
173.5972127,0.999811647652,6.18562336314e-05,0.000180607003167,0.0063711885719,8.76067713411e-05,8.71108438337e-05
173.5992255,0.999812844688,6.14631188159e-05,0.000179308001641,0.00634464786917,8.68812316397e-05,8.63894137377e-05
173.6012384,0.999814034119,6.10725017961e-05,0.000178018206257,0.00631821704041,8.61616588324e-05,8.56739293272e-05
173.6032513,0.999815215992,6.068436671e-05,0.000176737553003,0.00629189563651,8.54480381138e-05,8.49643419571e-05
173.6052642,0.999816390355,6.02986977964e-05,0.000175465978302,0.00626568321018,8.47403012193e-05,8.42606033777e-05
173.6072771,0.999817557257,5.9915479392e-05,0.000174203418997,0.00623957931586,8.40383791513e-05,8.35626657275e-05
173.6092899,0.999818716744,5.95346959326e-05,0.00017294981236,0.00621358350976,8.33422512673e-05,8.28704815325e-05
173.6113028,0.999819868864,5.91563319557e-05,0.000171705096101,0.00618769534989,8.2651876317e-05,8.2184003704e-05
173.6133157,0.999821013663,5.87803720956e-05,0.000170469208348,0.00616191439604,8.19671858594e-05,8.15031855347e-05
173.6153286,0.999822151188,5.84068010818e-05,0.000169242087637,0.00613624020967,8.12881251746e-05,8.08279806938e-05
173.6173415,0.999823281486,5.80356037429e-05,0.000168023672933,0.00611067235404,8.06146824523e-05,8.01583432263e-05
173.6193544,0.999824404601,5.76667650049e-05,0.000166813903618,0.00608521039419,7.99467974506e-05,7.94942275508e-05
173.6213672,0.99982552058,5.73002698873e-05,0.00016561271948,0.00605985389682,7.92844047318e-05,7.88355884537e-05
173.6233801,0.999826629468,5.69361035039e-05,0.00016442006071,0.00603460243037,7.86274753757e-05,7.8182381087e-05
173.625393,0.99982773131,5.65742510658e-05,0.000163235867918,0.00600945556505,7.79759796817e-05,7.75345609681e-05
173.6274059,0.999828826151,5.62146978771e-05,0.000162060082115,0.00598441287275,7.73298534844e-05,7.6892083974e-05
173.6294188,0.999829914035,5.58574293331e-05,0.000160892644704,0.00595947392706,7.66890403889e-05,7.62549063374e-05
173.6314317,0.999830995006,5.5502430923e-05,0.000159733497491,0.00593463830326,7.60535283685e-05,7.56229846486e-05
173.6334445,0.999832069109,5.51496882299e-05,0.000158582582688,0.00590990557839,7.5423265698e-05,7.49962758481e-05
173.6354574,0.999833136386,5.47991869265e-05,0.000157439842889,0.00588527533112,7.47981910148e-05,7.43747372267e-05
173.6374703,0.999834196882,5.44509127751e-05,0.000156305221074,0.00586074714178,7.41782679363e-05,7.37583264192e-05
173.6394832,0.999835250639,5.41048516309e-05,0.000155178660624,0.00583632059245,7.35634759821e-05,7.31470014063e-05
173.6414961,0.999836297701,5.3760989439e-05,0.000154060105304,0.00581199526685,7.29537556541e-05,7.25407205095e-05
173.643509,0.999837338109,5.34193122314e-05,0.000152949499253,0.00578777075033,7.23490507741e-05,7.19394423862e-05
173.6455218,0.999838371906,5.30798061292e-05,0.000151846786991,0.00576364662992,7.17493466432e-05,7.13431260309e-05
173.6475347,0.999839399134,5.27424573439e-05,0.000150751913428,0.00573962249432,7.11546002909e-05,7.07517307709e-05
173.6495476,0.999840419834,5.24072521729e-05,0.000149664823842,0.00571569793386,7.05647541713e-05,7.01652162629e-05
173.6515605,0.999841434049,5.2074176999e-05,0.000148585463877,0.00569187254047,6.99797670597e-05,6.95835424908e-05
173.6535734,0.999842441819,5.17432182937e-05,0.000147513779557,0.00566814590778,6.93996239094e-05,6.90066697637e-05
173.6555862,0.999843443185,5.14143626148e-05,0.000146449717275,0.00564451763101,6.88242707388e-05,6.84345587137e-05
173.6575991,0.999844438189,5.10875966033e-05,0.000145393223784,0.00562098730699,6.82536530683e-05,6.78671702911e-05
173.659612,0.999845426869,5.0762906985e-05,0.000144344246197,0.00559755453417,6.76877517014e-05,6.73044657634e-05
173.6616249,0.999846409267,5.04402805723e-05,0.000143302732,0.00557421891262,6.71265324536e-05,6.67464067139e-05
173.6636378,0.999847385423,5.01197042602e-05,0.00014226862903,0.00555098004403,6.6569941355e-05,6.61929550372e-05
173.6656507,0.999848355376,4.9801165025e-05,0.000141241885476,0.00552783753161,6.6017934472e-05,6.56440729367e-05
173.6676635,0.999849319165,4.94846499276e-05,0.000140222449887,0.00550479098023,6.54704991816e-05,6.50997229233e-05
173.6696764,0.99985027683,4.91701461118e-05,0.000139210271165,0.00548183999633,6.4927587592e-05,6.45598678137e-05
173.6716893,0.999851228409,4.88576408012e-05,0.000138205298557,0.00545898418792,6.43891480576e-05,6.40244707255e-05
173.6737022,0.999852173941,4.85471213e-05,0.000137207481651,0.00543622316455,6.38551555836e-05,6.34934950759e-05
173.6757151,0.999853113465,4.82385749954e-05,0.000136216770392,0.00541355653739,6.33255846385e-05,6.29669045792e-05
173.677728,0.999854047019,4.79319893537e-05,0.000135233115064,0.00539098391914,6.28003846023e-05,6.2444663247e-05
173.6797408,0.999854974641,4.76273519193e-05,0.000134256466282,0.00536850492405,6.22795105515e-05,6.192673538e-05
173.6817537,0.999855896368,4.73246503165e-05,0.000133286775005,0.00534611916791,6.17629499328e-05,6.14130855718e-05
173.6837666,0.999856812237,4.70238722498e-05,0.000132323992532,0.00532382626808,6.12506612895e-05,6.09036787029e-05
173.6857795,0.999857722287,4.67250055e-05,0.000131368070489,0.00530162584346,6.07425961721e-05,6.03984799395e-05
173.6877924,0.999858626554,4.64280379246e-05,0.00013041896083,0.00527951751441,6.02387243693e-05,5.98974547308e-05
173.6898053,0.999859525074,4.61329574604e-05,0.000129476615845,0.00525750090289,5.97390272903e-05,5.94005688077e-05
173.6918181,0.999860417885,4.58397521203e-05,0.000128540988152,0.00523557563236,5.92434579373e-05,5.89077881797e-05
173.693831,0.999861305022,4.55484099919e-05,0.000127612030685,0.00521374132777,5.87519717631e-05,5.84190791328e-05
173.6958439,0.999862186522,4.52589192387e-05,0.000126689696701,0.00519199761557,5.82645544813e-05,5.79344082267e-05
173.6978568,0.99986306242,4.49712681012e-05,0.000125773939788,0.00517034412377,5.778117123e-05,5.74537422943e-05
173.6998697,0.999863932752,4.46854448933e-05,0.000124864713844,0.00514878048182,5.73017765549e-05,5.69770484384e-05
173.7018825,0.999864797553,4.44014380016e-05,0.000123961973078,0.00512730632065,5.68263369259e-05,5.65042940283e-05
173.7038954,0.999865656859,4.41192358886e-05,0.000123065672021,0.00510592127271,5.63548379203e-05,5.60354467005e-05
173.7059083,0.999866510704,4.38388270901e-05,0.000122175765518,0.00508462497193,5.58872367684e-05,5.55704743544e-05
173.7079212,0.999867359124,4.35602002132e-05,0.000121292208716,0.00506341705368,5.54234903671e-05,5.51093451504e-05
173.7099341,0.999868202151,4.32833439372e-05,0.000120414957068,0.0050422971548,5.49635813548e-05,5.4652027508e-05
173.711947,0.999869039822,4.30082470151e-05,0.000119543966342,0.00502126491363,5.45074814749e-05,5.41984901058e-05
173.7139598,0.999869872169,4.27348982707e-05,0.000118679192608,0.00500031996994,5.405514808e-05,5.37487018754e-05
173.7159727,0.999870699227,4.2463286597e-05,0.000117820592226,0.00497946196492,5.36065458648e-05,5.33026320022e-05
173.7179856,0.999871521029,4.2193400959e-05,0.000116968121867,0.00495869054123,5.31616623688e-05,5.28602499228e-05
173.7199985,0.999872337608,4.19252303927e-05,0.0001161217385,0.00493800534301,5.27204594565e-05,5.24215253231e-05
173.7220114,0.999873148999,4.16587640021e-05,0.000115281399383,0.00491740601577,5.22828962842e-05,5.19864281357e-05
173.7240243,0.999873955233,4.13939909597e-05,0.000114447062066,0.00489689220644,5.18489514565e-05,5.15549285376e-05
173.7260371,0.999874756344,4.11309005091e-05,0.0001136186844,0.00487646356345,5.14186032129e-05,5.11269969501e-05
173.72805,0.999875552363,4.08694819614e-05,0.000112796224522,0.00485611973658,5.09918115368e-05,5.07026040356e-05
173.7300629,0.999876343324,4.0609724694e-05,0.000111979640851,0.00483586037703,5.05685405894e-05,5.02817206943e-05
173.7320758,0.999877129259,4.03516181528e-05,0.000111168892095,0.00481568513742,5.01487781459e-05,4.98643180646e-05
173.7340887,0.999877910199,4.00951518519e-05,0.000110363937252,0.00479559367177,4.97324909448e-05,4.9450367521e-05
173.7361016,0.999878686176,3.98403153706e-05,0.000109564735596,0.0047755856355,4.9319640655e-05,4.90398406704e-05
173.7381144,0.999879457222,3.95870983535e-05,0.000108771246676,0.00475566068537,4.89102022606e-05,4.86327093505e-05
173.7401273,0.999880223368,3.9335490513e-05,0.000107983430331,0.0047358184796,4.85041592385e-05,4.82289456312e-05
173.7421402,0.999880984646,3.90854816263e-05,0.000107201246672,0.00471605867774,4.81014743902e-05,4.78285218077e-05
173.7441531,0.999881741085,3.88370615344e-05,0.00010642465608,0.00469638094073,4.77021123283e-05,4.74314104033e-05
173.746166,0.999882492717,3.8590220143e-05,0.00010565361921,0.00467678493085,4.73060597398e-05,4.7037584164e-05
173.7481788,0.999883239573,3.83449474234e-05,0.000104888096994,0.00465727031179,4.6913288343e-05,4.66470160584e-05
173.7501917,0.999883981682,3.81012334097e-05,0.000104128050629,0.00463783674857,4.65237621621e-05,4.62596792772e-05
173.7522046,0.999884719075,3.78590681979e-05,0.000103373441574,0.00461848390754,4.61374539339e-05,4.58755472276e-05
173.7542175,0.999885451782,3.76184419487e-05,0.000102624231563,0.00459921145644,4.57543503416e-05,4.54945935358e-05
173.7562304,0.999886179833,3.73793448854e-05,0.00010188038259,0.00458001906435,4.53744174363e-05,4.51167920425e-05
173.7582433,0.999886903257,3.71417672921e-05,0.000101141856908,0.00456090640164,4.499762105e-05,4.47421168018e-05
173.7602561,0.999887622083,3.69056995145e-05,0.000100408617031,0.00454187314005,4.46239457939e-05,4.437054208e-05
173.762269,0.999888336341,3.66711319611e-05,9.96806257364e-05,0.00452291895264,4.42533683633e-05,4.40020423539e-05
173.7642819,0.999889046061,3.64380551009e-05,9.89578460553e-05,0.0045040435138,4.38858549908e-05,4.36365923079e-05
173.7662948,0.999889751269,3.62064594617e-05,9.82402412694e-05,0.0044852464992,4.35213772813e-05,4.32741668336e-05
173.7683077,0.999890451997,3.59763356332e-05,9.75277749181e-05,0.00446652758584,4.31599235071e-05,4.2914741028e-05
173.7703206,0.999891148271,3.5747674265e-05,9.68204107958e-05,0.00444788645207,4.28014632549e-05,4.25582901909e-05
173.7723334,0.99989184012,3.55204660652e-05,9.61181129411e-05,0.00442932277748,4.24459641609e-05,4.2204789825e-05
173.7743463,0.999892527572,3.52947018003e-05,9.54208456387e-05,0.00441083624296,4.20934080527e-05,4.18542156312e-05
173.7763592,0.999893210655,3.5070372297e-05,9.47285734277e-05,0.00439242653072,4.17437765137e-05,4.15065435114e-05
173.7783721,0.999893889398,3.48474684401e-05,9.40412610896e-05,0.00437409332426,4.13970378471e-05,4.1161749563e-05
173.780385,0.999894563826,3.46259811708e-05,9.3358873644e-05,0.00435583630832,4.10531634215e-05,4.08198100784e-05
173.7823979,0.999895233969,3.44059014886e-05,9.26813763551e-05,0.00433765516894,4.07121418313e-05,4.04807015451e-05
173.7844107,0.999895899853,3.41872204512e-05,9.20087347319e-05,0.00431954959344,4.03739463647e-05,4.01444006419e-05
173.7864236,0.999896561505,3.3969929172e-05,9.13409145168e-05,0.0043015192704,4.0038546637e-05,3.98108842387e-05
173.7884365,0.999897218952,3.37540188201e-05,9.06778816858e-05,0.00428356388963,3.97059219853e-05,3.94801293938e-05
173.7904494,0.999897872221,3.35394806222e-05,9.00196024571e-05,0.00426568314224,3.93760579544e-05,3.91521133545e-05
173.7924623,0.999898521338,3.33263058607e-05,8.93660432816e-05,0.00424787672057,3.90489250462e-05,3.88268135529e-05
173.7944751,0.99989916633,3.31144858721e-05,8.87171708374e-05,0.00423014431822,3.87244951017e-05,3.8504207606e-05
173.796488,0.999899807223,3.2904012048e-05,8.80729520339e-05,0.00421248562999,3.84027560648e-05,3.81842733139e-05
173.7985009,0.999900444043,3.26948758364e-05,8.74333540155e-05,0.00419490035197,3.80836849929e-05,3.78669886587e-05
173.8005138,0.999901076815,3.24870687384e-05,8.67983441498e-05,0.00417738818146,3.77672533578e-05,3.75523318023e-05
173.8025267,0.999901705566,3.22805823081e-05,8.61678900263e-05,0.00415994881696,3.74534389983e-05,3.72402810854e-05
173.8045396,0.999902330322,3.20754081548e-05,8.55419594646e-05,0.00414258195823,3.71422299326e-05,3.69308150255e-05
173.8065524,0.999902951107,3.18715379411e-05,8.49205205081e-05,0.00412528730625,3.68335991668e-05,3.66239123163e-05
173.8085653,0.999903567946,3.16689633815e-05,8.43035414166e-05,0.00410806456317,3.65275195661e-05,3.63195518263e-05
173.8105782,0.999904180865,3.14676762431e-05,8.36909906692e-05,0.00409091343238,3.62239776962e-05,3.60177125961e-05
173.8125911,0.99990478989,3.12676683466e-05,8.30828369698e-05,0.00407383361846,3.59229543738e-05,3.5718373838e-05
173.814604,0.999905395043,3.10689315641e-05,8.24790492361e-05,0.00405682482723,3.56244228118e-05,3.54215149358e-05
173.8166169,0.999905996351,3.08714578181e-05,8.18795965968e-05,0.00403988676562,3.53283601555e-05,3.51271154397e-05
173.8186297,0.999906593837,3.06752390836e-05,8.12844483988e-05,0.00402301914181,3.50347557105e-05,3.48351550695e-05
173.8206426,0.999907187526,3.0480267387e-05,8.06935742042e-05,0.00400622166517,3.47435851878e-05,3.45456137103e-05
173.8226555,0.999907777441,3.02865348044e-05,8.01069437816e-05,0.00398949404622,3.44548228952e-05,3.42584714111e-05
173.8246684,0.999908363608,3.00940334617e-05,7.95245271071e-05,0.00397283599665,3.41684534966e-05,3.39737083858e-05
173.8266813,0.999908946049,2.99027555364e-05,7.89462943719e-05,0.00395624722935,3.38844614958e-05,3.36913050091e-05
173.8286942,0.999909524789,2.97126932552e-05,7.8372215972e-05,0.00393972745838,3.36028217389e-05,3.34112418174e-05
173.830707,0.99991009985,2.95238388931e-05,7.78022625041e-05,0.00392327639891,3.33235113226e-05,3.31334995061e-05
173.8327199,0.999910671257,2.93361847748e-05,7.7236404772e-05,0.0039068937673,3.30465199098e-05,3.28580589286e-05
173.8347328,0.999911239033,2.91497232746e-05,7.66746137857e-05,0.00389057928109,3.27718260296e-05,3.25849010956e-05
173.8367457,0.999911803199,2.89644468145e-05,7.61168607527e-05,0.00387433265893,3.24994055521e-05,3.23140071729e-05
173.8387586,0.999912363781,2.87803478637e-05,7.55631170773e-05,0.00385815362059,3.22292414467e-05,3.20453584812e-05
173.8407714,0.999912920799,2.85974189408e-05,7.50133543687e-05,0.00384204188704,3.19613212213e-05,3.17789364939e-05
173.8427843,0.999913474278,2.84156526116e-05,7.44675444324e-05,0.00382599718036,3.16956214416e-05,3.15147228361e-05
173.8447972,0.999914024239,2.82350414883e-05,7.39256592657e-05,0.00381001922375,3.14321196652e-05,3.12526992843e-05
173.8468101,0.999914570704,2.80555782302e-05,7.33876710611e-05,0.00379410774151,3.11708051963e-05,3.09928477635e-05
173.848823,0.999915113697,2.78772555443e-05,7.28535522098e-05,0.00377826245912,3.09116594248e-05,3.07351503475e-05
173.8508359,0.999915653239,2.77000661831e-05,7.2323275291e-05,0.00376248310316,3.0654659687e-05,3.04795892569e-05
173.8528487,0.999916189351,2.75240029444e-05,7.17968130714e-05,0.00374676940127,3.03997879736e-05,3.02261468578e-05
173.8548616,0.999916722056,2.7349058673e-05,7.1274138512e-05,0.00373112108225,3.01470337059e-05,2.99748056613e-05
173.8568745,0.999917251376,2.71752262592e-05,7.07552247625e-05,0.003715537876,2.9896375385e-05,2.97255483217e-05
173.8588874,0.999917777332,2.70024986375e-05,7.02400451555e-05,0.00370001951351,2.96477914248e-05,2.94783576359e-05
173.8609003,0.999918299945,2.68308687871e-05,6.97285732084e-05,0.00368456572685,2.94012702343e-05,2.92332165414e-05
173.8629132,0.999918819236,2.66603297333e-05,6.92207826285e-05,0.00366917624919,2.915679605e-05,2.8990108116e-05
173.864926,0.999919335227,2.64908745449e-05,6.87166473034e-05,0.00365385081482,2.89143475842e-05,2.87490155761e-05
173.8669389,0.999919847939,2.63224963339e-05,6.8216141299e-05,0.00363858915904,2.86739064286e-05,2.85099222758e-05
173.8689518,0.999920357392,2.61551882569e-05,6.7719238865e-05,0.00362339101828,2.84354630479e-05,2.82728117063e-05
173.8709647,0.999920863607,2.59889435146e-05,6.7225914433e-05,0.00360825613006,2.81989980181e-05,2.8037667494e-05
173.8729776,0.999921366605,2.58237553498e-05,6.67361426084e-05,0.00359318423291,2.79644909076e-05,2.78044733995e-05
173.8749905,0.999921866406,2.56596170479e-05,6.62498981722e-05,0.00357817506646,2.77319288434e-05,2.75732133162e-05
173.8770033,0.999922363031,2.54965219383e-05,6.57671560866e-05,0.0035632283714,2.75012988495e-05,2.73438712706e-05
173.8790162,0.999922856499,2.53344633923e-05,6.52878914865e-05,0.00354834388948,2.72725809292e-05,2.71164314202e-05
173.8810291,0.999923346831,2.51734348226e-05,6.48120796763e-05,0.00353352136348,2.70457567393e-05,2.6890878052e-05
173.883042,0.999923834047,2.5013429684e-05,6.4339696135e-05,0.00351876053724,2.68208171039e-05,2.66671955823e-05
173.8850549,0.999924318166,2.48544414739e-05,6.38707165156e-05,0.00350406115566,2.65977447507e-05,2.64453685558e-05
173.8870677,0.999924799208,2.469646373e-05,6.34051166376e-05,0.00348942296467,2.63765204844e-05,2.62253816433e-05
173.8890806,0.999925277193,2.45394900307e-05,6.29428724866e-05,0.0034748457112,2.61571302941e-05,2.60072196414e-05
173.8910935,0.99992575214,2.43835139962e-05,6.2483960221e-05,0.00346032914327,2.59395634886e-05,2.5790867473e-05
173.8931064,0.999926224069,2.42285292871e-05,6.20283561648e-05,0.00344587300991,2.57238014192e-05,2.5576310183e-05
173.8951193,0.999926692998,2.40745296035e-05,6.15760368035e-05,0.00343147706114,2.55098261732e-05,2.53635329402e-05
173.8971322,0.999927158947,2.39215086857e-05,6.11269787878e-05,0.00341714104802,2.52976284072e-05,2.51525210347e-05
173.899145,0.999927621934,2.37694603148e-05,6.06811589352e-05,0.00340286472265,2.50871930258e-05,2.49432598782e-05
173.9011579,0.999928081979,2.36183783104e-05,6.02385542223e-05,0.00338864783811,2.48785019941e-05,2.47357350018e-05
173.9031708,0.9999285391,2.34682565312e-05,5.97991417837e-05,0.00337449014849,2.46715406798e-05,2.45299320548e-05
173.9051837,0.999928993315,2.33190888754e-05,5.93628989177e-05,0.00336039140889,2.44662998762e-05,2.43258368053e-05
173.9071966,0.999929444644,2.31708692806e-05,5.8929803082e-05,0.00334635137543,2.42627624345e-05,2.41234351385e-05
173.9092095,0.999929893104,2.30235917215e-05,5.84998318879e-05,0.00333236980519,2.40609111549e-05,2.39227130544e-05
173.9112223,0.999930338714,2.28772502116e-05,5.80729631033e-05,0.00331844645624,2.38607361304e-05,2.37236566695e-05
173.9132352,0.999930781492,2.27318388031e-05,5.76491746556e-05,0.00330458108768,2.36622244271e-05,2.35262522134e-05
173.9152481,0.999931221455,2.25873515856e-05,5.72284446245e-05,0.00329077345956,2.34653590992e-05,2.33304860295e-05
173.917261,0.999931658623,2.24437826855e-05,5.68107512398e-05,0.00327702333291,2.32701253103e-05,2.31363445728e-05
173.9192739,0.999932093012,2.23011262672e-05,5.63960728865e-05,0.00326333046974,2.30765146991e-05,2.294381441e-05
173.9212868,0.99993252464,2.21593765328e-05,5.59843881027e-05,0.00324969463305,2.28845117133e-05,2.27528822189e-05
173.9232996,0.999932953524,2.20185277202e-05,5.55756755732e-05,0.00323611558679,2.26941000782e-05,2.25635347855e-05
173.9253125,0.999933379683,2.18785741037e-05,5.51699141307e-05,0.00322259309585,2.25052690365e-05,2.23757590052e-05
173.9273254,0.999933803133,2.17395099951e-05,5.47670827605e-05,0.00320912692614,2.23180077672e-05,2.21895418818e-05
173.9293383,0.999934223892,2.16013297419e-05,5.43671605936e-05,0.00319571684449,2.21323003474e-05,2.20048705246e-05
173.9313512,0.999934641977,2.14640277269e-05,5.39701269041e-05,0.00318236261866,2.19481320693e-05,2.18217321498e-05
173.933364,0.999935057404,2.13275983689e-05,5.35759611126e-05,0.00316906401741,2.17654949143e-05,2.16401140786e-05
173.9353769,0.999935470191,2.1192036123e-05,5.31846427871e-05,0.00315582081041,2.15843749772e-05,2.14600037364e-05
173.9373898,0.999935880355,2.10573354786e-05,5.27961516352e-05,0.00314263276829,2.14047569634e-05,2.12813886522e-05
173.9394027,0.999936287912,2.09234909599e-05,5.24104675051e-05,0.0031294996626,2.12266293654e-05,2.11042564565e-05
173.9414156,0.999936692878,2.07904971265e-05,5.202757039e-05,0.00311642126583,2.10499831048e-05,2.09285948838e-05
173.9434285,0.99993709527,2.06583485729e-05,5.16474404231e-05,0.00310339735142,2.08748033175e-05,2.07543917679e-05
173.9454413,0.999937495105,2.0527039927e-05,5.12700578735e-05,0.00309042769372,2.07010756866e-05,2.05816350426e-05
173.9474542,0.999937892399,2.03965658509e-05,5.08954031494e-05,0.00307751206797,2.05287921472e-05,2.04103127416e-05
173.9494671,0.999938287167,2.02669210416e-05,5.05234567998e-05,0.0030646502504,2.03579404555e-05,2.02404129972e-05
173.95148,0.999938679427,2.01381002292e-05,5.01541995075e-05,0.00305184201811,2.01885062369e-05,2.00719240389e-05
173.9534929,0.999939069193,2.00100981766e-05,4.97876120883e-05,0.0030390871491,2.00204776057e-05,1.99048341931e-05
173.9555058,0.999939456482,1.98829096809e-05,4.94236754963e-05,0.0030263854223,1.98538466382e-05,1.97391318822e-05
173.9575186,0.99993984131,1.97565295724e-05,4.90623708194e-05,0.00301373661757,1.9688599636e-05,1.95748056247e-05
173.9595315,0.999940223691,1.96309527135e-05,4.87036792754e-05,0.00300114051563,1.95247228737e-05,1.9411844033e-05
173.9615444,0.999940603642,1.9506173999e-05,4.83475822134e-05,0.00298859689808,1.9362207948e-05,1.92502358125e-05
173.9635573,0.999940981179,1.93821883575e-05,4.79940611175e-05,0.00297610554749,1.92010442604e-05,1.90899697635e-05
173.9655702,0.999941356316,1.92589907489e-05,4.76430975996e-05,0.00296366624725,1.90412183004e-05,1.89310347767e-05
173.9675831,0.999941729068,1.91365761647e-05,4.72946733982e-05,0.00295127878166,1.88827181036e-05,1.87734198346e-05
173.9695959,0.999942099451,1.90149396289e-05,4.69487703825e-05,0.00293894293591,1.87255364314e-05,1.86171140116e-05
173.9716088,0.999942467481,1.88940761975e-05,4.66053705505e-05,0.00292665849607,1.85696608173e-05,1.84621064708e-05
173.9736217,0.999942833171,1.8773980957e-05,4.62644560239e-05,0.00291442524907,1.84150782781e-05,1.83083864655e-05
173.9756346,0.999943196537,1.86546490252e-05,4.5926009049e-05,0.00290224298272,1.82617798586e-05,1.81559433361e-05
173.9776475,0.999943557593,1.85360755515e-05,4.55900120003e-05,0.0028901114857,1.81097565668e-05,1.80047665124e-05
173.9796603,0.999943916354,1.84182557161e-05,4.52564473754e-05,0.00287803054758,1.79589957034e-05,1.7854845511e-05
173.9816732,0.999944272836,1.83011847291e-05,4.49252977919e-05,0.00286599995875,1.78094854641e-05,1.77061699335e-05
173.9836861,0.999944627051,1.81848578313e-05,4.45965459913e-05,0.00285401951047,1.76612189253e-05,1.75587294685e-05
173.985699,0.999944979015,1.80692702946e-05,4.42701748387e-05,0.00284208899488,1.75141848852e-05,1.74125138893e-05
173.9877119,0.999945328742,1.795441742e-05,4.39461673171e-05,0.00283020820496,1.73683711387e-05,1.72675130533e-05
173.9897248,0.999945676247,1.78402945382e-05,4.36245065275e-05,0.0028183769345,1.72237682482e-05,1.71237169012e-05
173.9917376,0.999946021542,1.77268970102e-05,4.33051756935e-05,0.00280659497821,1.70803685541e-05,1.69811154574e-05
173.9937505,0.999946364643,1.76142202267e-05,4.2988158156e-05,0.00279486213158,1.69381601915e-05,1.68396988274e-05
173.9957634,0.999946705563,1.75022596068e-05,4.26734373707e-05,0.00278317819096,1.67971317028e-05,1.6699457199e-05
173.9977763,0.999947044317,1.73910105989e-05,4.23609969101e-05,0.00277154295353,1.66572761925e-05,1.65603808414e-05
173.9997892,0.999947380917,1.7280468681e-05,4.20508204654e-05,0.00275995621731,1.65185837301e-05,1.64224601025e-05
174.0018021,0.999947715378,1.71706293595e-05,4.17428918404e-05,0.00274841778115,1.63810428414e-05,1.6285685411e-05
174.0038149,0.999948047713,1.70614881687e-05,4.14371949508e-05,0.00273692744471,1.62446438736e-05,1.61500472739e-05
174.0058278,0.999948377935,1.69530406721e-05,4.11337138285e-05,0.00272548500847,1.61093800679e-05,1.60155362763e-05
174.0078407,0.999948706059,1.68452824613e-05,4.08324326186e-05,0.00271409027376,1.59752404675e-05,1.58821430823e-05
174.0098536,0.999949032098,1.67382091556e-05,4.05333355748e-05,0.0027027430427,1.58422141046e-05,1.57498584311e-05
174.0118665,0.999949356064,1.66318164018e-05,4.02364070618e-05,0.0026914431182,1.57102938953e-05,1.56186731387e-05
174.0138794,0.999949677971,1.65260998753e-05,3.99416315577e-05,0.00268019030403,1.55794711653e-05,1.54885780982e-05
174.0158922,0.999949997831,1.64210552787e-05,3.96489936482e-05,0.00266898440474,1.54497351271e-05,1.53595642764e-05
174.0179051,0.999950315659,1.63166783411e-05,3.93584780254e-05,0.00265782522567,1.53210761274e-05,1.52316227149e-05
174.019918,0.999950631467,1.62129648194e-05,3.90700694916e-05,0.00264671257296,1.51934879626e-05,1.51047445293e-05
174.0219309,0.999950945268,1.61099104978e-05,3.87837529573e-05,0.00263564625358,1.50669606291e-05,1.49789209086e-05
174.0239438,0.999951257074,1.60075111867e-05,3.84995134372e-05,0.00262462607526,1.4941483755e-05,1.48541431141e-05
174.0259566,0.999951566898,1.59057627229e-05,3.82173360507e-05,0.00261365184651,1.48170499095e-05,1.47304024799e-05
174.0279695,0.999951874753,1.58046609705e-05,3.79372060252e-05,0.00260272337667,1.46936516427e-05,1.46076904103e-05
174.0299824,0.999952180651,1.57042018195e-05,3.76591086914e-05,0.00259184047582,1.45712788122e-05,1.44859983824e-05
174.0319953,0.999952484605,1.56043811855e-05,3.73830294814e-05,0.00258100295484,1.44499219346e-05,1.43653179415e-05
174.0340082,0.999952786627,1.55051950106e-05,3.71089539311e-05,0.00257021062537,1.4329575089e-05,1.42456407041e-05
174.0360211,0.999953086729,1.54066392629e-05,3.68368676805e-05,0.00255946329986,1.42102292457e-05,1.41269583554e-05
174.0380339,0.999953384924,1.53087099357e-05,3.65667564689e-05,0.0025487607915,1.40918746515e-05,1.40092626496e-05
174.0400468,0.999953681224,1.52114030474e-05,3.62986061349e-05,0.00253810291424,1.39745035764e-05,1.38925454083e-05
174.0420597,0.99995397564,1.51147146426e-05,3.60324026198e-05,0.00252748948282,1.38581095921e-05,1.37767985208e-05
174.0440726,0.999954268185,1.50186407906e-05,3.57681319641e-05,0.00251692031273,1.3742683215e-05,1.36620139434e-05
174.0460855,0.999954558871,1.49231775855e-05,3.55057803044e-05,0.00250639522022,1.36282152645e-05,1.35481836991e-05
174.0480984,0.999954847709,1.48283211461e-05,3.52453338758e-05,0.00249591402228,1.35146998905e-05,1.34352998765e-05
174.0501112,0.999955134711,1.47340676166e-05,3.49867790132e-05,0.00248547653667,1.34021290389e-05,1.33233546293e-05
174.0521241,0.999955419889,1.46404131653e-05,3.47301021461e-05,0.0024750825819,1.32904935382e-05,1.32123401759e-05
174.054137,0.999955703254,1.45473539843e-05,3.44752897983e-05,0.00246473197722,1.31797855502e-05,1.31022487999e-05
174.0561499,0.999955984818,1.44548862906e-05,3.42223285911e-05,0.0024544245426,1.30699993513e-05,1.2993072847e-05
174.0581628,0.999956264593,1.43630063252e-05,3.39712052408e-05,0.00244416009881,1.29611261674e-05,1.28848047271e-05
174.0601757,0.999956542589,1.42717103528e-05,3.37219065557e-05,0.0024339384673,1.28531572223e-05,1.27774369129e-05
174.0621885,0.999956818819,1.41809946613e-05,3.34744194368e-05,0.00242375947026,1.27460865759e-05,1.26709619392e-05
174.0642014,0.999957093292,1.40908555634e-05,3.32287308805e-05,0.00241362293064,1.26399071358e-05,1.25653724018e-05
174.0662143,0.999957366022,1.40012893944e-05,3.29848279741e-05,0.00240352867211,1.25346102771e-05,1.24606609583e-05
174.0682272,0.999957637017,1.39122925127e-05,3.2742697894e-05,0.00239347651904,1.24301882074e-05,1.23568203266e-05
174.0702401,0.99995790629,1.38238613003e-05,3.25023279092e-05,0.00238346629654,1.23266356533e-05,1.22538432847e-05
174.0722529,0.999958173852,1.37359921625e-05,3.226370538e-05,0.00237349783047,1.22239445799e-05,1.21517226709e-05
174.0742658,0.999958439713,1.36486815267e-05,3.20268177539e-05,0.00236357094734,1.21221066903e-05,1.20504513813e-05
174.0762787,0.999958703884,1.3561925843e-05,3.17916525666e-05,0.00235368547442,1.2021115836e-05,1.19500223722e-05
174.0782916,0.999958966376,1.34757215848e-05,3.15581974447e-05,0.00234384123969,1.19209658607e-05,1.18504286571e-05
174.0803045,0.9999592272,1.33900652476e-05,3.13264401015e-05,0.00233403807182,1.18216486532e-05,1.17516633075e-05
174.0823174,0.999959486366,1.33049533487e-05,3.10963683355e-05,0.0023242758002,1.17231565882e-05,1.16537194526e-05
174.0843302,0.999959743884,1.32203824278e-05,3.08679700326e-05,0.00231455425489,1.16254846414e-05,1.15565902773e-05
174.0863431,0.999959999766,1.3136349047e-05,3.0641233166e-05,0.00230487326671,1.15286255297e-05,1.14602690235e-05
174.088356,0.999960254022,1.305284979e-05,3.04161457925e-05,0.00229523266712,1.14325714496e-05,1.1364748989e-05
174.0903689,0.999960506661,1.29698812616e-05,3.01926960522e-05,0.00228563228829,1.13373160763e-05,1.12700235267e-05
174.0923818,0.999960757694,1.28874400891e-05,2.99708721717e-05,0.0022760719631,1.12428540394e-05,1.11760860449e-05
174.0943947,0.999961007132,1.28055229209e-05,2.97506624609e-05,0.0022665515251,1.11491777488e-05,1.10829300055e-05
174.0964075,0.999961254985,1.27241264265e-05,2.95320553106e-05,0.00225707080852,1.10562798408e-05,1.09905489254e-05
174.0984204,0.999961501262,1.26432472963e-05,2.9315039194e-05,0.00224762964827,1.09641553831e-05,1.08989363746e-05
174.1004333,0.999961745974,1.25628822428e-05,2.90996026684e-05,0.00223822787998,1.08727978437e-05,1.08080859758e-05
174.1024462,0.99996198913,1.24830279985e-05,2.88857343707e-05,0.00222886533992,1.07821998824e-05,1.07179914056e-05
174.1044591,0.999962230741,1.24036813165e-05,2.86734230167e-05,0.00221954186502,1.06923551356e-05,1.06286463916e-05
174.106472,0.999962470816,1.23248389712e-05,2.84626574045e-05,0.00221025729292,1.06032587852e-05,1.05400447138e-05
174.1084848,0.999962709365,1.22464977573e-05,2.8253426412e-05,0.00220101146192,1.05149037969e-05,1.04521802041e-05
174.1104977,0.999962946398,1.21686544898e-05,2.80457189939e-05,0.00219180421096,1.04272831401e-05,1.03650467444e-05
174.1125106,0.999963181924,1.20913060035e-05,2.78395241834e-05,0.00218263537966,1.03403918552e-05,1.02786382683e-05
174.1145235,0.999963415953,1.20144491541e-05,2.76348310935e-05,0.00217350480832,1.02542241488e-05,1.01929487581e-05
174.1165364,0.999963648495,1.1938080817e-05,2.74316289136e-05,0.00216441233788,1.01687731165e-05,1.01079722473e-05
174.1185492,0.999963879559,1.18621978871e-05,2.72299069079e-05,0.00215535780992,1.00840324651e-05,1.00237028177e-05
174.1205621,0.999964109154,1.17867972792e-05,2.70296544188e-05,0.00214634106669,9.99999774181e-06,9.94013460093e-06
174.122575,0.999964337289,1.17118759281e-05,2.68308608648e-05,0.0021373619511,9.91666248728e-06,9.85726177655e-06
174.1245879,0.999964563975,1.16374307879e-05,2.6633515738e-05,0.00212842030669,9.83402005642e-06,9.77507857208e-06
174.1266008,0.99996478922,1.15634588313e-05,2.64376086046e-05,0.00211951597765,9.75206537406e-06,9.69357926345e-06
174.1286137,0.999965013033,1.14899570514e-05,2.62431291069e-05,0.00211064880881,9.67079336436e-06,9.61275817318e-06
174.1306265,0.999965235423,1.14169224599e-05,2.60500669603e-05,0.00210181864565,9.59019753247e-06,9.53260967146e-06
174.1326394,0.9999654564,1.13443520873e-05,2.58584119516e-05,0.00209302533427,9.51027174242e-06,9.45312817463e-06
174.1346523,0.999965675973,1.12722429829e-05,2.5668153941e-05,0.00208426872141,9.43101175741e-06,9.37430814524e-06
174.1366652,0.999965894149,1.12005922155e-05,2.54792828622e-05,0.00207554865446,9.3524117006e-06,9.29614409206e-06
174.1386781,0.999966110939,1.11293968719e-05,2.52917887188e-05,0.00206686498143,9.27446532043e-06,9.21863056824e-06
174.140691,0.999966326351,1.10586540571e-05,2.51056615846e-05,0.00205821755093,9.19716744751e-06,9.14176217287e-06
174.1427038,0.999966540394,1.09883608953e-05,2.4920891606e-05,0.00204960621222,9.12051361213e-06,9.06553355001e-06
174.1447167,0.999966753077,1.09185145288e-05,2.47374689993e-05,0.0020410308152,9.04449773243e-06,8.98993938719e-06
174.1467296,0.999966964407,1.08491121175e-05,2.45553840486e-05,0.00203249121034,8.96911389623e-06,8.91497441574e-06
174.1487425,0.999967174394,1.07801508396e-05,2.43746271076e-05,0.00202398724876,8.89435796675e-06,8.8406334125e-06
174.1507554,0.999967383047,1.07116278917e-05,2.41951886001e-05,0.0020155187822,8.8202246467e-06,8.76691119456e-06
174.1527683,0.999967590373,1.06435404879e-05,2.40170590171e-05,0.00200708566299,8.74670805455e-06,8.69380262442e-06
174.1547811,0.999967796382,1.05758858596e-05,2.38402289158e-05,0.00199868774407,8.67380302456e-06,8.62130260598e-06
174.156794,0.999968001081,1.05086612563e-05,2.36646889223e-05,0.00199032487901,8.60150552128e-06,8.54940608513e-06
174.1588069,0.999968204479,1.04418639451e-05,2.34904297299e-05,0.00198199692196,8.5298098992e-06,8.47810804999e-06
174.1608198,0.999968406584,1.037549121e-05,2.33174420962e-05,0.00197370372768,8.45871052008e-06,8.40740353053e-06
174.1628327,0.999968607404,1.03095403522e-05,2.31457168449e-05,0.00196544515153,8.38820325834e-06,8.33728759719e-06
174.1648455,0.999968806948,1.02440086907e-05,2.29752448666e-05,0.00195722104948,8.31828338542e-06,8.26775536128e-06
174.1668584,0.999969005224,1.01788935612e-05,2.28060171159e-05,0.00194903127807,8.24894536769e-06,8.1988019745e-06
174.1688713,0.99996920224,1.01141923159e-05,2.26380246106e-05,0.00194087569444,8.18018412115e-06,8.13042262954e-06
174.1708842,0.999969398003,1.00499023244e-05,2.24712584334e-05,0.00193275415632,8.11199590619e-06,8.06261255804e-06
174.1728971,0.999969592522,9.98602097301e-06,2.23057097318e-05,0.00192466652205,8.04437552609e-06,7.99536703094e-06
174.17491,0.999969785804,9.92254566435e-06,2.21413697143e-05,0.00191661265053,7.97731765277e-06,7.92868135929e-06
174.1769228,0.999969977858,9.85947381742e-06,2.1978229652e-05,0.00190859240123,7.91081810582e-06,7.86255089213e-06
174.1789357,0.999970168691,9.79680286812e-06,2.18162808799e-05,0.00190060563422,7.84487270834e-06,7.79697101727e-06
174.1809486,0.999970358311,9.7345302685e-06,2.1655514794e-05,0.00189265221017,7.77947625387e-06,7.73193716058e-06
174.1829615,0.999970546726,9.67265348645e-06,2.14959228506e-05,0.00188473199028,7.71462380133e-06,7.66744478625e-06
174.1849744,0.999970733944,9.61117000614e-06,2.13374965675e-05,0.00187684483635,7.65031179691e-06,7.60348939538e-06
174.1869873,0.999970919971,9.55007732807e-06,2.11802275239e-05,0.00186899061074,7.58653549613e-06,7.54006652676e-06
174.1890001,0.999971104816,9.48937296828e-06,2.10241073581e-05,0.00186116917639,7.52328988545e-06,7.47717175642e-06
174.191013,0.999971288486,9.42905445837e-06,2.0869127767e-05,0.00185338039679,7.46057074339e-06,7.41480069566e-06
174.1930259,0.999971470989,9.36911934611e-06,2.07152805087e-05,0.00184562413601,7.39837436196e-06,7.35294899412e-06
174.1950388,0.999971652331,9.30956519481e-06,2.05625573995e-05,0.00183790025868,7.33669586264e-06,7.29161233581e-06
174.1970517,0.999971832521,9.25038958291e-06,2.0410950313e-05,0.00183020862998,7.27553049428e-06,7.23078644138e-06
174.1990646,0.999972011566,9.19159010432e-06,2.0260451181e-05,0.00182254911563,7.21487480261e-06,7.17046706644e-06
174.2010774,0.999972189472,9.13316436863e-06,2.01110519944e-05,0.00181492158195,7.15472449177e-06,7.11065000242e-06
174.2030903,0.999972366248,9.07511000034e-06,1.99627448e-05,0.00180732589578,7.09507484397e-06,7.05133107504e-06
174.2051032,0.9999725419,9.01742463881e-06,1.98155217005e-05,0.00179976192452,7.03592166642e-06,6.99250614428e-06
174.2071161,0.999972716436,8.96010593876e-06,1.96693748563e-05,0.00179222953611,6.97726159326e-06,6.93417110514e-06
174.209129,0.999972889862,8.9031515699e-06,1.95242964841e-05,0.00178472859904,6.9190900894e-06,6.87632188634e-06
174.2111418,0.999973062186,8.84655921639e-06,1.93802788549e-05,0.00177725898236,6.8614026286e-06,6.81895445082e-06
174.2131547,0.999973233414,8.79032657712e-06,1.92373142946e-05,0.00176982055562,6.80419578992e-06,6.7620647935e-06
174.2151676,0.999973403554,8.73445136599e-06,1.90953951856e-05,0.00176241318895,6.7474657167e-06,6.70564894428e-06
174.2171805,0.999973572613,8.67893131124e-06,1.89545139639e-05,0.00175503675301,6.69120796933e-06,6.64970296466e-06
174.2191934,0.999973740597,8.62376415527e-06,1.88146631184e-05,0.00174769111898,6.63541843909e-06,6.59422294969e-06
174.2212063,0.999973907514,8.56894765509e-06,1.86758351928e-05,0.00174037615856,6.58009399995e-06,6.53920502636e-06
174.2232191,0.999974073369,8.51447958216e-06,1.85380227844e-05,0.00173309174403,6.52523046784e-06,6.48464535319e-06
174.225232,0.99997423817,8.46035772178e-06,1.84012185427e-05,0.00172583774815,6.47082356638e-06,6.43054012145e-06
174.2272449,0.999974401924,8.4065798732e-06,1.82654151687e-05,0.00171861404422,6.4168698584e-06,6.37688555377e-06
174.2292578,0.999974564637,8.35314385009e-06,1.81306054177e-05,0.00171142050607,6.36336591264e-06,6.3236779036e-06
174.2312707,0.999974726315,8.30004747991e-06,1.7996782096e-05,0.00170425700806,6.31030755111e-06,6.2709134559e-06
174.2332836,0.999974886966,8.2472886036e-06,1.78639380601e-05,0.00169712342505,6.25769079234e-06,6.21858852623e-06
174.2352964,0.999975046596,8.19486507601e-06,1.77320662185e-05,0.00169001963242,6.20551266857e-06,6.16669946074e-06
174.2373093,0.999975205211,8.14277476589e-06,1.7601159531e-05,0.00168294550607,6.15376934793e-06,6.11524263616e-06
174.2393222,0.999975362818,8.09101555524e-06,1.74712110071e-05,0.00167590092244,6.10245680567e-06,6.0642144587e-06
174.2413351,0.999975519423,8.03958533935e-06,1.73422137053e-05,0.00166888575842,6.05157159711e-06,6.01361136465e-06
174.243348,0.999975675033,7.9884820273e-06,1.72141607354e-05,0.00166189989146,6.00111065473e-06,5.96342981984e-06
174.2453609,0.999975829654,7.93770354138e-06,1.70870452561e-05,0.0016549431995,5.95107006142e-06,5.91366631936e-06
174.2473737,0.999975983292,7.88724781683e-06,1.69608604742e-05,0.00164801556099,5.90144599586e-06,5.86431738753e-06
174.2493866,0.999976135953,7.83711280204e-06,1.68355996451e-05,0.00164111685488,5.85223558445e-06,5.81537957672e-06
174.2513995,0.999976287644,7.78729645881e-06,1.67112560738e-05,0.00163424696061,5.80343534354e-06,5.7668494694e-06
174.2534124,0.999976438371,7.73779676163e-06,1.65878231125e-05,0.00162740575814,5.75504148508e-06,5.71872367494e-06
174.2554253,0.999976588139,7.68861169766e-06,1.64652941597e-05,0.00162059312791,5.70705060641e-06,5.67099883136e-06
174.2574381,0.999976736956,7.63973926716e-06,1.63436626628e-05,0.00161380895086,5.65945991012e-06,5.62367160467e-06
174.259451,0.999976884827,7.59117748317e-06,1.6222922116e-05,0.00160705310842,5.61226575e-06,5.57673868817e-06
174.2614639,0.999977031758,7.54292437108e-06,1.61030660593e-05,0.00160032548252,5.56546448914e-06,5.53019680311e-06
174.2634768,0.999977177755,7.49497796878e-06,1.59840880786e-05,0.00159362595555,5.51905329861e-06,5.4840426974e-06
174.2654897,0.999977322824,7.44733632702e-06,1.58659818071e-05,0.00158695441044,5.47302903492e-06,5.43827314642e-06
174.2675026,0.99997746697,7.39999750876e-06,1.57487409231e-05,0.00158031073056,5.42738813272e-06,5.39288495216e-06
174.2695154,0.999977610201,7.352959589e-06,1.56323591491e-05,0.00157369479977,5.38212727046e-06,5.34787494205e-06
174.2715283,0.999977752521,7.30622065524e-06,1.55168302535e-05,0.00156710650241,5.33724384515e-06,5.30323997217e-06
174.2735412,0.999977893937,7.25977880728e-06,1.540214805e-05,0.00156054572333,5.29273448585e-06,5.25897692194e-06
174.2755541,0.999978034454,7.21363215673e-06,1.52883063955e-05,0.00155401234781,5.24859575703e-06,5.21508269918e-06
174.277567,0.999978174077,7.16777882709e-06,1.51752991905e-05,0.00154750626164,5.20482483719e-06,5.17155423518e-06
174.2795799,0.999978312813,7.12221695417e-06,1.50631203807e-05,0.00154102735105,5.16141891177e-06,5.12838848837e-06
174.2815927,0.999978450667,7.07694468551e-06,1.49517639548e-05,0.00153457550278,5.11837462492e-06,5.08558244144e-06
174.2836056,0.999978587645,7.03196018016e-06,1.48412239434e-05,0.00152815060402,5.0756887665e-06,5.0431331024e-06
174.2856185,0.999978723753,6.98726160905e-06,1.47314944206e-05,0.0015217525424,5.03335886746e-06,5.0010375045e-06
174.2876314,0.999978858995,6.94284715492e-06,1.4622569504e-05,0.00151538120607,4.99138183182e-06,4.95929270433e-06
174.2896443,0.999978993377,6.89871501185e-06,1.45144433522e-05,0.00150903648361,4.94975442566e-06,4.91789578455e-06
174.2916572,0.999979126906,6.85486338524e-06,1.44071101652e-05,0.00150271826406,4.90847384012e-06,4.87684385114e-06
174.29367,0.999979259585,6.81129049221e-06,1.43005641858e-05,0.00149642643692,4.86753754359e-06,4.83613403368e-06
174.2956829,0.999979391422,6.76799456121e-06,1.41947996982e-05,0.00149016089216,4.82694238808e-06,4.79576348661e-06
174.2976958,0.99997952242,6.72497383168e-06,1.40898110263e-05,0.0014839215202,4.78668529781e-06,4.75572938696e-06
174.2997087,0.999979652585,6.68222655431e-06,1.39855925353e-05,0.00147770821191,4.74676388984e-06,4.71602893637e-06
174.3017216,0.999979781924,6.63975099119e-06,1.38821386315e-05,0.00147152085861,4.70717533923e-06,4.67665935799e-06
174.3037344,0.99997991044,6.59754541526e-06,1.3779443761e-05,0.00146535935209,4.66791660175e-06,4.63761789976e-06
174.3057473,0.999980038139,6.55560811023e-06,1.36775024087e-05,0.00145922358456,4.62898491621e-06,4.59890183169e-06
174.3077602,0.999980165027,6.51393737102e-06,1.35763091002e-05,0.00145311344869,4.59037796475e-06,4.56050844633e-06
174.3097731,0.999980291108,6.47253150342e-06,1.34758584008e-05,0.00144702883761,4.55209281352e-06,4.52243505877e-06
174.311786,0.999980416387,6.43138882376e-06,1.33761449136e-05,0.00144096964485,4.51412653775e-06,4.48467900649e-06
174.3137989,0.999980540871,6.39050765903e-06,1.32771632805e-05,0.00143493576443,4.47647680355e-06,4.44723764881e-06
174.3158117,0.999980664563,6.34988634719e-06,1.31789081831e-05,0.00142892709077,4.43914105019e-06,4.41010836738e-06
174.3178246,0.999980787468,6.30952323658e-06,1.30813743405e-05,0.00142294351877,4.40211641189e-06,4.37328856573e-06
174.3198375,0.999980909593,6.26941668585e-06,1.29845565091e-05,0.00141698494371,4.36540020269e-06,4.33677566825e-06
174.3218504,0.999981030941,6.22956506428e-06,1.28884494835e-05,0.00141105126135,4.32899026236e-06,4.30056712081e-06
174.3238633,0.999981151518,6.18996675166e-06,1.27930480963e-05,0.00140514236787,4.29288387338e-06,4.26466039122e-06
174.3258762,0.999981271329,6.15062013782e-06,1.26983472165e-05,0.00139925815987,4.25707827341e-06,4.22905296765e-06
174.327889,0.999981390378,6.11152362275e-06,1.26043417494e-05,0.00139339853437,4.22157114958e-06,4.19374235905e-06
174.3299019,0.99998150867,6.07267561694e-06,1.25110266382e-05,0.00138756338886,4.18636019622e-06,4.15872609588e-06
174.3319148,0.999981626211,6.03407454086e-06,1.2418396862e-05,0.00138175262121,4.15144271548e-06,4.12400172789e-06
174.3339277,0.999981743004,5.99571882483e-06,1.23264474354e-05,0.00137596612973,4.11681611777e-06,4.08956682602e-06
174.3359406,0.999981859055,5.95760690925e-06,1.22351734091e-05,0.00137020381315,4.08247835548e-06,4.0554189813e-06
174.3379535,0.999981974368,5.91973724464e-06,1.21445698701e-05,0.00136446557063,4.04842692637e-06,4.02155580437e-06
174.3399663,0.999982088949,5.88210829116e-06,1.20546319401e-05,0.00135875130173,4.01465922975e-06,3.98797492646e-06
174.3419792,0.999982202801,5.84471851863e-06,1.19653547753e-05,0.00135306090644,3.98117297668e-06,3.954673997e-06
174.3439921,0.999982315929,5.80756640686e-06,1.18767335678e-05,0.00134739428515,3.94796608217e-06,3.9216506868e-06
174.346005,0.999982428338,5.77065044533e-06,1.17887635441e-05,0.00134175133869,3.91503601425e-06,3.8889026846e-06
174.3480179,0.999982540033,5.73396913289e-06,1.17014399643e-05,0.00133613196827,3.88238029554e-06,3.85642769957e-06
174.3500307,0.999982651018,5.69752097796e-06,1.16147581229e-05,0.00133053607552,3.84999695536e-06,3.82422345802e-06
174.3520436,0.999982761297,5.6613044987e-06,1.1528713349e-05,0.00132496356249,3.81788370301e-06,3.79228770725e-06
174.3540565,0.999982870875,5.62531822253e-06,1.14433010046e-05,0.00131941433164,3.78603808996e-06,3.76061821189e-06
174.3560694,0.999982979757,5.58956068605e-06,1.13585164847e-05,0.00131388828579,3.75445787585e-06,3.72921275549e-06
174.3580823,0.999983087947,5.5540304354e-06,1.12743552181e-05,0.00130838532822,3.72314114515e-06,3.69806914041e-06
174.3600952,0.999983195449,5.518726026e-06,1.11908126668e-05,0.00130290536258,3.6920855355e-06,3.66718518657e-06
174.362108,0.999983302268,5.48364602226e-06,1.11078843246e-05,0.00129744829293,3.66128869304e-06,3.63655873281e-06
174.3641209,0.999983408408,5.44878899768e-06,1.10255657178e-05,0.00129201402371,3.63074869622e-06,3.60618763484e-06
174.3661338,0.999983513873,5.41415353509e-06,1.09438524057e-05,0.00128660245978,3.60046346011e-06,3.57606976775e-06
174.3681467,0.999983618667,5.37973822622e-06,1.08627399793e-05,0.00128121350638,3.57043067937e-06,3.54620302223e-06
174.3701596,0.999983722796,5.34554167155e-06,1.07822240605e-05,0.00127584706915,3.54064818146e-06,3.51658530839e-06
174.3721725,0.999983826263,5.31156247984e-06,1.07023003007e-05,0.00127050305407,3.51111431837e-06,3.48721455218e-06
174.3741853,0.999983929072,5.27779927091e-06,1.06229643903e-05,0.00126518136764,3.48182633779e-06,3.45808869828e-06
174.3761982,0.999984031228,5.24425067272e-06,1.05442120488e-05,0.0012598819167,3.45278285987e-06,3.42920570767e-06
174.3782111,0.999984132734,5.21091531746e-06,1.04660390103e-05,0.00125460460827,3.42398156987e-06,3.4005635573e-06
174.380224,0.999984233595,5.17779185336e-06,1.03884410658e-05,0.00124934935009,3.39542016511e-06,3.3721602431e-06
174.3822369,0.999984333815,5.14487893266e-06,1.03114140204e-05,0.00124411605009,3.36709731293e-06,3.34399377583e-06
174.3842498,0.999984433398,5.11217521469e-06,1.02349537042e-05,0.00123890461651,3.33901041908e-06,3.31606218318e-06
174.3862626,0.999984532348,5.07967937349e-06,1.01590559993e-05,0.00123371495823,3.31115762531e-06,3.28836350966e-06
174.3882755,0.999984630669,5.04739008526e-06,1.00837167952e-05,0.00122854698425,3.28353748252e-06,3.26089581637e-06
174.3902884,0.999984728365,5.01530603658e-06,1.00089320181e-05,0.00122340060403,3.25614732583e-06,3.23365717864e-06
174.3923013,0.99998482544,4.98342592592e-06,9.93469763587e-06,0.00121827572755,3.22898561945e-06,3.2066456907e-06
174.3943142,0.999984921898,4.95174845353e-06,9.86100962283e-06,0.0012131722649,3.20205071751e-06,3.17985945969e-06
174.396327,0.999985017743,4.92027233281e-06,9.78786399939e-06,0.00120809012673,3.17534007254e-06,3.15329661071e-06
174.3983399,0.999985112979,4.88899628556e-06,9.71525681547e-06,0.0012030292241,3.14885236048e-06,3.12695528326e-06
174.4003528,0.999985207609,4.85791903641e-06,9.64318413081e-06,0.00119798946819,3.12258566737e-06,3.10083363181e-06
174.4023657,0.999985301638,4.82703932466e-06,9.57164205672e-06,0.00119297077082,3.09653773168e-06,3.07492982821e-06
174.4043786,0.999985395069,4.79635589469e-06,9.50062672222e-06,0.00118797304409,3.0707073305e-06,3.04924205763e-06
174.4063915,0.999985487906,4.76586749596e-06,9.4301342741e-06,0.00118299620031,3.04509225014e-06,3.02376852079e-06
174.4084043,0.999985580154,4.73557289235e-06,9.36016090957e-06,0.00117804015243,3.01969063409e-06,2.99850743396e-06
174.4104172,0.999985671814,4.70547085042e-06,9.29070283522e-06,0.00117310481355,2.99450121061e-06,2.97345702749e-06
174.4124301,0.999985762893,4.67556014481e-06,9.22175628584e-06,0.00116819009714,2.96952162128e-06,2.94861554606e-06
174.414443,0.999985853392,4.64583956254e-06,9.15331753944e-06,0.00116329591723,2.94475033797e-06,2.92398125096e-06
174.4164559,0.999985943316,4.61630789232e-06,9.08538287986e-06,0.00115842218793,2.92018595661e-06,2.8995524155e-06
174.4184688,0.999986032669,4.58696393381e-06,9.01794862912e-06,0.00115356882387,2.8958261432e-06,2.8753273289e-06
174.4204816,0.999986121453,4.55780649606e-06,8.95101114193e-06,0.0011487357401,2.87166959873e-06,2.85130429384e-06
174.4224945,0.999986209673,4.52883439008e-06,8.88456677982e-06,0.00114392285177,2.84771472206e-06,2.82748162767e-06
174.4245074,0.999986297333,4.50004643996e-06,8.81861194968e-06,0.00113913007464,2.8239593556e-06,2.80385766127e-06
174.4265203,0.999986384435,4.4714414759e-06,8.75314307977e-06,0.00113435732475,2.80040233949e-06,2.78043073981e-06
174.4285332,0.999986470984,4.44301833163e-06,8.68815661047e-06,0.00112960451831,2.77704181818e-06,2.75719922105e-06
174.4305461,0.999986556982,4.41477585456e-06,8.62364902966e-06,0.00112487157219,2.75387594648e-06,2.73416147856e-06
174.4325589,0.999986642434,4.38671289551e-06,8.55961683704e-06,0.00112015840337,2.7309035872e-06,2.7113158978e-06
174.4345718,0.999986727343,4.35882831137e-06,8.49605655325e-06,0.00111546492918,2.7081226854e-06,2.68866087766e-06
174.4365847,0.999986811712,4.33112097154e-06,8.43296474228e-06,0.00111079106749,2.68553172386e-06,2.66619483086e-06
174.4385976,0.999986895544,4.3035897476e-06,8.3703379756e-06,0.00110613673631,2.66312938896e-06,2.6439161836e-06
174.4406105,0.999986978844,4.2762335198e-06,8.30817285465e-06,0.00110150185404,2.64091384272e-06,2.62182337402e-06
174.4426233,0.999987061614,4.24905117625e-06,8.24646600803e-06,0.00109688633945,2.6188836315e-06,2.59991485463e-06
174.4446362,0.999987143859,4.22204161112e-06,8.18521408514e-06,0.00109229011163,2.59703729556e-06,2.57818908972e-06
174.4466491,0.99998722558,4.19520372684e-06,8.12441376396e-06,0.00108771309002,2.57537297475e-06,2.55664455701e-06
174.448662,0.999987306782,4.16853643338e-06,8.06406174832e-06,0.00108315519447,2.55388950577e-06,2.53527974692e-06
174.4506749,0.999987387468,4.14203864327e-06,8.00415475091e-06,0.00107861634491,2.53258533999e-06,2.51409316127e-06
174.4526878,0.999987467641,4.11570928159e-06,7.94468952755e-06,0.0010740964619,2.51145867697e-06,2.49308331629e-06
174.4547006,0.999987547305,4.08954727772e-06,7.88566284888e-06,0.00106959546621,2.49050847418e-06,2.47224873856e-06
174.4567135,0.999987626462,4.06355156539e-06,7.8270715004e-06,0.00106511327879,2.46973296845e-06,2.4515879683e-06
174.4587264,0.999987705116,4.03772109062e-06,7.76891230976e-06,0.00106064982123,2.44913065825e-06,2.43109955778e-06
174.4607393,0.999987783269,4.01205480171e-06,7.71118211246e-06,0.0010562050152,2.42870046921e-06,2.41078206981e-06
174.4627522,0.999987860927,3.98655165385e-06,7.65387776759e-06,0.0010517787827,2.40844053648e-06,2.39063408108e-06
174.4647651,0.99998793809,3.9612106128e-06,7.5969961704e-06,0.00104737104627,2.38834960148e-06,2.37065417985e-06
174.4667779,0.999988014763,3.93603064575e-06,7.54053422096e-06,0.00104298172851,2.36842649709e-06,2.35084096417e-06
174.4687908,0.999988090949,3.91101072921e-06,7.48448885133e-06,0.00103861075248,2.34866937992e-06,2.33119304582e-06
174.4708037,0.999988166651,3.88614984774e-06,7.42885702087e-06,0.00103425804161,2.32907716191e-06,2.31170904785e-06
174.4728166,0.999988241871,3.86144698754e-06,7.37363569464e-06,0.00102992351946,2.30964853594e-06,2.29238760407e-06
174.4748295,0.999988316613,3.83690114594e-06,7.31882187566e-06,0.00102560711009,2.29038179075e-06,2.27322735957e-06
174.4768424,0.99998839088,3.81251132555e-06,7.26441258477e-06,0.00102130873785,2.27127594314e-06,2.25422697181e-06
174.4788552,0.999988464675,3.78827653191e-06,7.21040485299e-06,0.00101702832723,2.25232950413e-06,2.23538510818e-06
174.4808681,0.999988538001,3.76419578228e-06,7.15679575102e-06,0.00101276580329,2.23354099354e-06,2.21670044781e-06
174.482881,0.999988610861,3.74026809681e-06,7.10358235946e-06,0.00100852109126,2.21490944814e-06,2.1981716809e-06
174.4848939,0.999988683258,3.71649250083e-06,7.05076177642e-06,0.0010042941166,2.19643323707e-06,2.17979750805e-06
174.4869068,0.999988755195,3.69286803031e-06,6.99833113624e-06,0.00100008480531,2.17811112251e-06,2.16157664107e-06
174.4889196,0.999988826674,3.66939372313e-06,6.94628757954e-06,0.000995893083504,2.15994201577e-06,2.14350780214e-06
174.4909325,0.999988897699,3.64606862451e-06,6.89462827195e-06,0.000991718877643,2.14192444513e-06,2.12558972484e-06
174.4929454,0.999988968273,3.6228917864e-06,6.84335040181e-06,0.000987562114535,2.12405722757e-06,2.10782115201e-06
174.4949583,0.999989038398,3.59986226593e-06,6.79245117494e-06,0.00098342272125,2.10633917175e-06,2.0902008383e-06
174.4969712,0.999989108077,3.57697912723e-06,6.74192782091e-06,0.000979300625211,2.08876878937e-06,2.07272754793e-06
174.4989841,0.999989177313,3.5542414409e-06,6.69177759102e-06,0.000975195754169,2.07134510992e-06,2.05540005582e-06
174.5009969,0.99998924611,3.5316482797e-06,6.64199774389e-06,0.000971108035986,2.05406688012e-06,2.03821714595e-06
174.5030098,0.999989314469,3.5091987271e-06,6.59258557426e-06,0.000967037399066,2.03693266437e-06,2.021177614e-06
174.5050227,0.999989382393,3.48689187024e-06,6.5435383892e-06,0.000962983772005,2.01994158029e-06,2.00428026531e-06
174.5070356,0.999989449886,3.46472679996e-06,6.49485350822e-06,0.000958947083584,2.00309222141e-06,1.98752391406e-06
174.5090485,0.99998951695,3.44270261757e-06,6.4465282861e-06,0.000954927263123,1.98638337298e-06,1.97090738563e-06
174.5110614,0.999989583587,3.42081842635e-06,6.39856008413e-06,0.000950924240043,1.96981413248e-06,1.95442951423e-06
174.5130742,0.999989649801,3.39907333545e-06,6.35094628334e-06,0.000946937944066,1.95338302238e-06,1.938089144e-06
174.5150871,0.999989715594,3.377466463e-06,6.30368429496e-06,0.00094296830538,1.93708900798e-06,1.92188512954e-06
174.5171,0.999989780969,3.35599692839e-06,6.2567715343e-06,0.000939015254236,1.9209311221e-06,1.9058163338e-06
174.5191129,0.999989845928,3.33466385895e-06,6.21020544334e-06,0.000935078721295,1.90490790586e-06,1.88988162947e-06
174.5211258,0.999989910475,3.31346638883e-06,6.16398348693e-06,0.000931158637577,1.8890184517e-06,1.87407989927e-06
174.5231387,0.999989974611,3.29240365364e-06,6.11810313465e-06,0.000927254934174,1.87326169334e-06,1.85841003469e-06
174.5251515,0.999990038339,3.27147479845e-06,6.07256188782e-06,0.000923367542674,1.85763627105e-06,1.84287093624e-06
174.5271644,0.999990101663,3.25067897282e-06,6.02735726264e-06,0.000919496394898,1.84214135654e-06,1.82746151439e-06
174.5291773,0.999990164584,3.23001532884e-06,5.98248678383e-06,0.000915641422801,1.82677575385e-06,1.81218068745e-06
174.5311902,0.999990227104,3.20948302857e-06,5.93794800926e-06,0.000911802558861,1.81153827445e-06,1.79702738384e-06
174.5332031,0.999990289228,3.18908123653e-06,5.89373850508e-06,0.000907979735687,1.79642810734e-06,1.78200054074e-06
174.5352159,0.999990350957,3.16880912167e-06,5.84985585205e-06,0.000904172886119,1.78144395597e-06,1.76709910332e-06
174.5372288,0.999990412293,3.14866586203e-06,5.80629766124e-06,0.00090038194348,1.76658481113e-06,1.75232202709e-06
174.5392417,0.99999047324,3.12865063722e-06,5.76306154893e-06,0.000896606841176,1.75184979195e-06,1.73766827438e-06
174.5412546,0.999990533799,3.10876263319e-06,5.72014515235e-06,0.000892847512949,1.73723766691e-06,1.72313681723e-06
174.5432675,0.999990593973,3.08900104154e-06,5.6775461276e-06,0.000889103892842,1.72274751536e-06,1.70872663657e-06
174.5452804,0.999990653764,3.06936505836e-06,5.63526214554e-06,0.000885375915138,1.70837836107e-06,1.69443672104e-06
174.5472932,0.999990713176,3.04985388567e-06,5.59329089675e-06,0.000881663514436,1.69412900794e-06,1.68026606767e-06
174.5493061,0.99999077221,3.03046673102e-06,5.55163008998e-06,0.000877966625634,1.67999864879e-06,1.66621368292e-06
174.551319,0.999990830869,3.01120280379e-06,5.51027744016e-06,0.000874285183725,1.66598626917e-06,1.65227857973e-06
174.5533319,0.999990889155,2.99206132251e-06,5.46923069233e-06,0.000870619124197,1.65209072275e-06,1.63845978113e-06
174.5553448,0.99999094707,2.97304150882e-06,5.42848760187e-06,0.000866968382706,1.63831126709e-06,1.62475631749e-06
174.5573577,0.999991004617,2.95414258754e-06,5.38804593454e-06,0.000863332895077,1.62464677866e-06,1.61116722658e-06
174.5593705,0.999991061799,2.93536379238e-06,5.34790348556e-06,0.00085971259762,1.61109627456e-06,1.59769155528e-06
174.5613834,0.999991118617,2.91670435877e-06,5.30805805559e-06,0.000856107426737,1.59765900011e-06,1.5843283579e-06
174.5633963,0.999991175074,2.8981635271e-06,5.26850746179e-06,0.000852517319101,1.58433378249e-06,1.57107669613e-06
174.5654092,0.999991231172,2.87974054548e-06,5.22924954655e-06,0.000848942211805,1.57111977241e-06,1.55793564033e-06
174.5674221,0.999991286914,2.86143466302e-06,5.19028215564e-06,0.000845382041997,1.55801617049e-06,1.54490426868e-06
174.569435,0.999991342301,2.84324513566e-06,5.15160315714e-06,0.0008418367472,1.54502181991e-06,1.5319816658e-06
174.5714478,0.999991397336,2.82517122513e-06,5.11321043821e-06,0.000838306265254,1.53213596638e-06,1.51916692565e-06
174.5734607,0.999991452021,2.80721219439e-06,5.07510188999e-06,0.000834790534068,1.51935774065e-06,1.50645914793e-06
174.5754736,0.999991506359,2.78936731451e-06,5.03727543009e-06,0.000831289491997,1.50668606052e-06,1.49385744114e-06
174.5774865,0.999991560351,2.77163586034e-06,4.99972898859e-06,0.000827803077606,1.49412023173e-06,1.48136092104e-06
174.5794994,0.999991614001,2.75401710892e-06,4.96246050266e-06,0.000824331229581,1.48165929285e-06,1.46896871028e-06
174.5815122,0.999991667309,2.73651034578e-06,4.92546793717e-06,0.00082087388708,1.46930228871e-06,1.45667993878e-06
174.5835251,0.999991720278,2.71911485854e-06,4.88874926389e-06,0.000817430989378,1.4570485399e-06,1.44449374451e-06
174.585538,0.999991772911,2.70182993861e-06,4.85230246683e-06,0.000814002475958,1.44489701394e-06,1.43240927153e-06
174.5875509,0.999991825209,2.68465488514e-06,4.81612555525e-06,0.00081058828674,1.43284688853e-06,1.42042567208e-06
174.5895638,0.999991877175,2.66758899857e-06,4.78021654264e-06,0.000807188361714,1.42089744936e-06,1.40854210473e-06
174.5915767,0.99999192881,2.65063158447e-06,4.74457345908e-06,0.000803802641159,1.40904768645e-06,1.39675773503e-06
174.5935895,0.999991980117,2.6337819548e-06,4.70919435548e-06,0.000800431065713,1.39729682975e-06,1.3850717363e-06
174.5956024,0.999992031098,2.61703942292e-06,4.67407728724e-06,0.000797073576093,1.38564415138e-06,1.37348328766e-06
174.5976153,0.999992081755,2.60040330868e-06,4.63922033083e-06,0.000793730113384,1.37408864375e-06,1.36199157591e-06
174.5996282,0.999992132091,2.58387293647e-06,4.60462157742e-06,0.000790400618927,1.36262964877e-06,1.35059579409e-06
174.6016411,0.999992182106,2.56744763218e-06,4.57027912303e-06,0.000787085034148,1.35126634522e-06,1.33929514196e-06
174.603654,0.999992231803,2.55112672948e-06,4.53619108883e-06,0.000783783300917,1.33999781651e-06,1.32808882669e-06
174.6056668,0.999992281184,2.5349095647e-06,4.50235560463e-06,0.000780495361256,1.32882344101e-06,1.31697606109e-06
174.6076797,0.999992330252,2.51879547688e-06,4.46877080891e-06,0.000777221157339,1.31774232005e-06,1.30595606523e-06
174.6096926,0.999992379007,2.50278381265e-06,4.43543486474e-06,0.00077396063178,1.30675365817e-06,1.29502806501e-06
174.6117055,0.999992427453,2.48687392009e-06,4.40234593974e-06,0.000770713727271,1.29585682681e-06,1.28419129364e-06
174.6137184,0.999992475591,2.47106515154e-06,4.3695022153e-06,0.000767480386752,1.28505089339e-06,1.27344498968e-06
174.6157313,0.999992523423,2.45535686587e-06,4.33690189387e-06,0.000764260553539,1.27433516176e-06,1.26278839924e-06
174.6177441,0.99999257095,2.43974842284e-06,4.30454318074e-06,0.000761054171001,1.26370897275e-06,1.25222077385e-06
174.619757,0.999992618176,2.42423918804e-06,4.27242429982e-06,0.00075786118284,1.25317140739e-06,1.24174137095e-06
174.6217699,0.999992665102,2.40882853197e-06,4.24054349094e-06,0.00075468153305,1.24272184067e-06,1.23134945518e-06
174.6237828,0.999992711729,2.39351582621e-06,4.20889899726e-06,0.000751515165681,1.23235956442e-06,1.2210442969e-06
174.6257957,0.99999275806,2.3783004492e-06,4.17748908404e-06,0.00074836202519,1.22208371593e-06,1.21082517207e-06
174.6278085,0.999992804096,2.36318178268e-06,4.14631202695e-06,0.00074522205622,1.21189371581e-06,1.20069136367e-06
174.6298214,0.99999284984,2.34815921019e-06,4.11536610757e-06,0.000742095203524,1.20178879057e-06,1.19064215948e-06
174.6318343,0.999992895293,2.33323212254e-06,4.08464963062e-06,0.00073898141228,1.19176817192e-06,1.18067685401e-06
174.6338472,0.999992940457,2.31839991234e-06,4.05416090657e-06,0.000735880627772,1.18183129311e-06,1.17079474743e-06
174.6358601,0.999992985334,2.30366197538e-06,4.02389825611e-06,0.000732792795474,1.1719773307e-06,1.1609951458e-06
174.637873,0.999993029926,2.2890177141e-06,3.993860021e-06,0.000729717861249,1.16220561503e-06,1.15127736072e-06
174.6398858,0.999993074235,2.27446653193e-06,3.96404454628e-06,0.000726655771021,1.15251556153e-06,1.14164071013e-06
174.6418987,0.999993118262,2.26000783689e-06,3.93445019153e-06,0.000723606470986,1.14290634392e-06,1.13208451658e-06
174.6439116,0.999993162009,2.24564104241e-06,3.90507533354e-06,0.000720569907663,1.13337735975e-06,1.1226081098e-06
174.6459245,0.999993205477,2.2313655628e-06,3.87591835188e-06,0.000717546027622,1.12392799586e-06,1.11321082352e-06
174.6479374,0.99999324867,2.2171808182e-06,3.84697764465e-06,0.000714534777781,1.11455745227e-06,1.10389199781e-06
174.6499503,0.999993291588,2.20308623257e-06,3.81825162205e-06,0.000711536105289,1.10526518299e-06,1.09465097836e-06
174.6519631,0.999993334234,2.18908123113e-06,3.78973869825e-06,0.000708549957368,1.09605052311e-06,1.08548711597e-06
174.653976,0.999993376608,2.17516524573e-06,3.76143730843e-06,0.000705576281641,1.08691273886e-06,1.07639976665e-06
174.6559889,0.999993418713,2.16133771049e-06,3.73334589498e-06,0.000702615025867,1.0778513119e-06,1.06738829297e-06
174.6580018,0.99999346055,2.14759806184e-06,3.70546290752e-06,0.000699666137943,1.06886552255e-06,1.05845206111e-06
174.6600147,0.999993502121,2.13394574269e-06,3.67778681619e-06,0.000696729566163,1.05995472695e-06,1.04959044367e-06
174.6620276,0.999993543429,2.12038019716e-06,3.65031609495e-06,0.000693805258889,1.05111840333e-06,1.04080281849e-06
174.6640404,0.999993584473,2.10690087303e-06,3.62304922922e-06,0.000690893164709,1.04235580892e-06,1.03208856767e-06
174.6660533,0.999993625257,2.09350722365e-06,3.59598472202e-06,0.00068799323255,1.03366637383e-06,1.02344707936e-06
174.6680662,0.999993665781,2.08019870311e-06,3.56912107873e-06,0.000685105411383,1.02504955555e-06,1.01487774662e-06
174.6700791,0.999993706048,2.06697477047e-06,3.54245682026e-06,0.000682229650485,1.01650462282e-06,1.00637996714e-06
174.672092,0.999993746059,2.05383488899e-06,3.51599048081e-06,0.00067936589939,1.00803105913e-06,9.97953144566e-07
174.6741048,0.999993785816,2.04077852285e-06,3.48972059738e-06,0.000676514107688,9.99628287802e-07,9.89596686207e-07
174.6761177,0.99999382532,2.02780514208e-06,3.46364572539e-06,0.00067367422533,9.9129562014e-07,9.8131000531e-07
174.6781306,0.999993864573,2.0149142195e-06,3.43776442894e-06,0.000670846202441,9.83032574371e-07,9.73092520007e-07
174.6801435,0.999993903577,2.00210522951e-06,3.41207527709e-06,0.00066802998924,9.7483852774e-07,9.64943651927e-07
174.6821564,0.999993942332,1.98937765266e-06,3.38657685817e-06,0.000665225536332,9.66712861848e-07,9.56862829971e-07
174.6841693,0.999993980841,1.97673097106e-06,3.36126776536e-06,0.000662432794416,9.58655105457e-07,9.48849485483e-07
174.6861821,0.999994019106,1.9641646696e-06,3.33614660049e-06,0.000659651714366,9.50664599424e-07,9.40903055635e-07
174.688195,0.999994057127,1.95167823863e-06,3.31121198248e-06,0.000656882247395,9.4274080525e-07,9.33022982319e-07
174.6902079,0.999994094907,1.93927116945e-06,3.28646253312e-06,0.000654124344778,9.34883231642e-07,9.25208711644e-07
174.6922208,0.999994132446,1.92694295751e-06,3.26189688722e-06,0.000651377958049,9.27091222955e-07,9.17459694438e-07
174.6942337,0.999994169747,1.9146931026e-06,3.23751369303e-06,0.000648643039014,9.19364287677e-07,9.09775386748e-07
174.6962466,0.999994206811,1.90252110526e-06,3.21331160118e-06,0.000645919539529,9.11701921107e-07,9.02155248228e-07
174.6982594,0.999994243639,1.89042647112e-06,3.18928927802e-06,0.000643207411767,9.04103485932e-07,8.94598743306e-07
174.7002723,0.999994280233,1.87840870899e-06,3.16544539989e-06,0.000640506608109,8.96568530079e-07,8.87105341574e-07
174.7022852,0.999994316595,1.8664673288e-06,3.14177864647e-06,0.000637817081,8.89096515141e-07,8.79674515786e-07
174.7042981,0.999994352725,1.8546018461e-06,3.11828771495e-06,0.000635138783246,8.81686853018e-07,8.72305744692e-07
174.706311,0.999994388626,1.84281177841e-06,3.09497130855e-06,0.000632471667779,8.74339113041e-07,8.64998509598e-07
174.7083239,0.999994424299,1.83109664517e-06,3.07182813651e-06,0.000629815687652,8.67052718234e-07,8.57752297301e-07
174.7103367,0.999994459745,1.8194559714e-06,3.04885692518e-06,0.000627170796275,8.59827147343e-07,8.50566598876e-07
174.7123496,0.999994494965,1.80788928313e-06,3.02605640411e-06,0.000624536947124,8.52661968503e-07,8.43440909171e-07
174.7143625,0.999994529962,1.79639610948e-06,3.00342531241e-06,0.000621914093874,8.45556589234e-07,8.36374726976e-07
174.7163754,0.999994564736,1.78497598436e-06,2.98096240386e-06,0.000619302190507,8.38510543477e-07,8.29367556354e-07
174.7183883,0.99999459929,1.7736284423e-06,2.95866643422e-06,0.000616701191046,8.3152338553e-07,8.224189047e-07
174.7204011,0.999994633623,1.76235302206e-06,2.9365361722e-06,0.000614111049786,8.24594532585e-07,8.15528283515e-07
174.722414,0.999994667739,1.75114926599e-06,2.9145703976e-06,0.000611531721258,8.17723558745e-07,8.08695208687e-07
174.7244269,0.999994701638,1.74001671722e-06,2.89276789254e-06,0.000608963160041,8.10909994658e-07,8.01919200155e-07
174.7264398,0.999994735321,1.72895492386e-06,2.87112745452e-06,0.00060640532104,8.04153289776e-07,7.95199781189e-07
174.7284527,0.99999476879,1.71796343642e-06,2.84964788828e-06,0.000603858159315,7.97453044747e-07,7.88536479723e-07
174.7304656,0.999994802046,1.70704180672e-06,2.82832800267e-06,0.000601321630014,7.90808757858e-07,7.81928827631e-07
174.7324784,0.999994835091,1.69618959187e-06,2.80716662266e-06,0.00059879568863,7.84219931012e-07,7.75376360507e-07
174.7344913,0.999994867926,1.68540635029e-06,2.78616257722e-06,0.000596280290743,7.77686173567e-07,7.68878617607e-07
174.7365042,0.999994900553,1.67469164282e-06,2.76531470277e-06,0.000593775392092,7.71206957006e-07,7.62435142354e-07
174.7385171,0.999994932972,1.66404503476e-06,2.7446218493e-06,0.000591280948711,7.6478185052e-07,7.56045481443e-07
174.74053,0.999994965185,1.65346609239e-06,2.72408286974e-06,0.000588796916697,7.58410436998e-07,7.49709186565e-07
174.7425429,0.999994997193,1.64295438563e-06,2.70369662816e-06,0.00058632325239,7.52092202554e-07,7.43425811744e-07
174.7445557,0.999995028998,1.63250948789e-06,2.68346199929e-06,0.000583859912363,7.45826741394e-07,7.37194915557e-07
174.7465686,0.9999950606,1.62213097332e-06,2.66337786001e-06,0.000581406853235,7.39613640947e-07,7.31016059852e-07
174.7485815,0.999995092002,1.61181842037e-06,2.64344310034e-06,0.000578964031915,7.33452392405e-07,7.24888809922e-07
174.7505944,0.999995123204,1.60157141024e-06,2.62365661861e-06,0.000576531405494,7.27342622322e-07,7.18812736167e-07
174.7526073,0.999995154208,1.59138952506e-06,2.60401731595e-06,0.000574108931127,7.21283894675e-07,7.12787410539e-07
174.7546202,0.999995185015,1.58127235177e-06,2.5845241081e-06,0.000571696566289,7.15275737633e-07,7.06812409601e-07
174.756633,0.999995215626,1.57121947897e-06,2.56517591579e-06,0.000569294268571,7.09317794431e-07,7.00887313576e-07
174.7586459,0.999995246043,1.56123049691e-06,2.54597166479e-06,0.000566901995673,7.03409602032e-07,6.95011705742e-07
174.7606588,0.999995276266,1.55130500059e-06,2.52691029517e-06,0.000564519705616,6.97550738397e-07,6.89185173264e-07
174.7626717,0.999995306297,1.54144258587e-06,2.50799074962e-06,0.00056214735648,6.9174084695e-07,6.83407306856e-07
174.7646846,0.999995336137,1.53164285127e-06,2.48921197882e-06,0.000559784906525,6.85979454423e-07,6.77677699013e-07
174.7666974,0.999995365788,1.52190539935e-06,2.47057294569e-06,0.000557432314288,6.80266180045e-07,6.71995948331e-07
174.7687103,0.99999539525,1.51222983324e-06,2.45207261478e-06,0.000555089538342,6.74600658194e-07,6.66361654744e-07
174.7707232,0.999995424525,1.50261575965e-06,2.43370996146e-06,0.000552756537506,6.6898242369e-07,6.60774422123e-07
174.7727361,0.999995453614,1.49306278837e-06,2.41548397033e-06,0.000550433270811,6.63411126051e-07,6.55233857783e-07
174.774749,0.999995482518,1.48357052983e-06,2.39739362793e-06,0.00054811969733,6.5788638343e-07,6.49739572478e-07
174.7767619,0.999995511238,1.47413859873e-06,2.37943793362e-06,0.000545815776433,6.52407755174e-07,6.44291179186e-07
174.7787747,0.999995539776,1.4647666118e-06,2.3616158928e-06,0.000543521467627,6.46974911134e-07,6.3888829549e-07
174.7807876,0.999995568132,1.45545418691e-06,2.3439265143e-06,0.000541236730498,6.41587446872e-07,6.33530541028e-07
174.7828005,0.999995596308,1.44620094642e-06,2.32636882038e-06,0.000538961524944,6.36244960947e-07,6.28217539655e-07
174.7848134,0.999995624306,1.4370065138e-06,2.30894183666e-06,0.000536695810942,6.30947130394e-07,6.2294891745e-07
174.7868263,0.999995652125,1.42787051466e-06,2.29164459506e-06,0.000534439548613,6.25693531161e-07,6.1772430382e-07
174.7888392,0.999995679767,1.41879257821e-06,2.27447613834e-06,0.000532192698335,6.20483818876e-07,6.12543331835e-07
174.790852,0.999995707234,1.40977233471e-06,2.25743551229e-06,0.000529955220554,6.15317638711e-07,6.07405636954e-07
174.7928649,0.999995734526,1.40080941747e-06,2.24052177188e-06,0.000527727075934,6.10194590183e-07,6.02310857911e-07
174.7948778,0.999995761645,1.39190346275e-06,2.22373398074e-06,0.000525508225341,6.05114337846e-07,5.97258636548e-07
174.7968907,0.999995788591,1.38305410741e-06,2.20707120444e-06,0.00052329862969,6.00076544744e-07,5.92248617426e-07
174.7989036,0.999995815366,1.37426099204e-06,2.19053251944e-06,0.000521098250153,5.95080804121e-07,5.87280447994e-07
174.8009165,0.999995841971,1.36552375953e-06,2.17411700918e-06,0.000518907048067,5.9012680816e-07,5.82353780032e-07
174.8029293,0.999995868407,1.35684205358e-06,2.15782375939e-06,0.000516724984826,5.85214203721e-07,5.77468265706e-07
174.8049422,0.999995894675,1.34821552198e-06,2.14165186801e-06,0.000514552022116,5.80342611894e-07,5.726235624e-07
174.8069551,0.999995920776,1.33964381395e-06,2.12560043712e-06,0.000512388121721,5.755117379e-07,5.67819329222e-07
174.808968,0.999995946711,1.33112658011e-06,2.10966857303e-06,0.00051023324553,5.70721209795e-07,5.63055228164e-07
174.8109809,0.999995972481,1.32266347514e-06,2.09385539392e-06,0.000508087355715,5.65970685831e-07,5.58330924105e-07
174.8129937,0.999995998087,1.31425415443e-06,2.07816002019e-06,0.000505950414507,5.61259872223e-07,5.53646085255e-07
174.8150066,0.999996023531,1.30589827566e-06,2.06258157889e-06,0.000503822384294,5.5658839044e-07,5.49000381656e-07
174.8170195,0.999996048813,1.29759549995e-06,2.04711920728e-06,0.000501703227716,5.51955929654e-07,5.4439348679e-07
174.8190324,0.999996073934,1.2893454889e-06,2.03177204395e-06,0.000499592907446,5.47362190327e-07,5.39825076584e-07
174.8210453,0.999996098896,1.28114790715e-06,2.01653923655e-06,0.000497491386377,5.42806800669e-07,5.35294829962e-07
174.8230582,0.999996123699,1.273002422e-06,2.00141994039e-06,0.000495398627594,5.38289472749e-07,5.30802428234e-07
174.825071,0.999996148344,1.26490870127e-06,1.9864133124e-06,0.00049331459422,5.33809896027e-07,5.26347555319e-07
174.8270839,0.999996172833,1.25686641642e-06,1.9715185202e-06,0.000491239249644,5.29367717408e-07,5.21929898412e-07
174.8290968,0.999996197166,1.24887524067e-06,1.95673473646e-06,0.00048917255738,5.24962664581e-07,5.17549145762e-07
174.8311097,0.999996221345,1.24093484816e-06,1.94206113668e-06,0.000487114481012,5.2059441135e-07,5.13204990227e-07
174.8331226,0.99999624537,1.2330449169e-06,1.92749690755e-06,0.000485064984407,5.16262633993e-07,5.08897125939e-07
174.8351355,0.999996269242,1.22520512586e-06,1.9130412386e-06,0.0004830240315,5.11967066113e-07,5.04625249753e-07
174.8371483,0.999996292963,1.21741515581e-06,1.89869332468e-06,0.000480991586362,5.07707367299e-07,5.00389061853e-07
174.8391612,0.999996316532,1.20967469049e-06,1.88445236924e-06,0.000478967613281,5.03483262375e-07,4.96188263199e-07
174.8411741,0.999996339952,1.20198341474e-06,1.87031757891e-06,0.000476952076625,4.99294449348e-07,4.9202255914e-07
174.843187,0.999996363223,1.19434101588e-06,1.85628816756e-06,0.000474944940946,4.95140617767e-07,4.87891656131e-07
174.8451999,0.999996386347,1.18674718373e-06,1.84236335638e-06,0.000472946170983,4.91021490104e-07,4.83795264405e-07
174.8472128,0.999996409323,1.17920160868e-06,1.82854236812e-06,0.000470955731517,4.86936791381e-07,4.79733095082e-07
174.8492256,0.999996432153,1.17170398425e-06,1.81482443469e-06,0.00046897358756,4.82886196025e-07,4.75704862779e-07
174.8512385,0.999996454839,1.16425400595e-06,1.80120879374e-06,0.000466999704275,4.78869450801e-07,4.71710283834e-07
174.8532514,0.99999647738,1.15685136997e-06,1.78769468488e-06,0.000465034046875,4.7488626967e-07,4.67749077748e-07
174.8552643,0.999996499778,1.149495776e-06,1.77428135785e-06,0.000463076580835,4.70936348081e-07,4.63820965857e-07
174.8572772,0.999996522033,1.14218692492e-06,1.76096806589e-06,0.000461127271721,4.67019443012e-07,4.59925671159e-07
174.85929,0.999996544147,1.13492451885e-06,1.74775406571e-06,0.000459186085188,4.63135255442e-07,4.56062920096e-07
174.8613029,0.999996566121,1.12770826332e-06,1.73463862396e-06,0.000457252987155,4.59283508606e-07,4.52232440884e-07
174.8633158,0.999996587955,1.1205378645e-06,1.7216210091e-06,0.000455327943583,4.55463960906e-07,4.48433964073e-07
174.8653287,0.99999660965,1.11341303051e-06,1.70870049515e-06,0.000453410920585,4.5167630922e-07,4.44667222654e-07
174.8673416,0.999996631207,1.10633347238e-06,1.69587636462e-06,0.000451501884494,4.47920300005e-07,4.40931951673e-07
174.8693545,0.999996652627,1.09929890158e-06,1.68314790117e-06,0.000449600801675,4.44195688151e-07,4.37227887617e-07
174.8713673,0.999996673912,1.09230903215e-06,1.67051439594e-06,0.000447707638692,4.40502176133e-07,4.33554770807e-07
174.8733802,0.99999669506,1.0853635804e-06,1.6579751465e-06,0.000445822362279,4.36839527763e-07,4.29912342392e-07
174.8753931,0.999996716075,1.07846226309e-06,1.64552945177e-06,0.000443944939208,4.33207490578e-07,4.26300346079e-07
174.877406,0.999996736956,1.0716048001e-06,1.63317661956e-06,0.000442075336487,4.29605781346e-07,4.22718527959e-07
174.8794189,0.999996757704,1.06479091276e-06,1.62091596188e-06,0.000440213521239,4.2603417591e-07,4.19166635957e-07
174.8814318,0.999996778321,1.05802032324e-06,1.60874679311e-06,0.00043835946065,4.22492411053e-07,4.15644420215e-07
174.8834446,0.999996798806,1.05129275698e-06,1.59666843695e-06,0.000436513122159,4.18980225594e-07,4.12151632989e-07
174.8854575,0.999996819162,1.04460794024e-06,1.58468021947e-06,0.000434674473269,4.15497400233e-07,4.0868802853e-07
174.8874704,0.999996839388,1.03796560085e-06,1.57278147123e-06,0.000432843481604,4.12043661601e-07,4.05253362923e-07
174.8894833,0.999996859485,1.03136546906e-06,1.56097152966e-06,0.000431020114977,4.08618787039e-07,4.01847394638e-07
174.8914962,0.999996879455,1.02480727622e-06,1.5492497353e-06,0.000429204341287,4.05222527936e-07,3.98469883978e-07
174.8935091,0.999996899298,1.01829075569e-06,1.53761543442e-06,0.000427396128588,4.01854636588e-07,3.95120593688e-07
174.8955219,0.999996919014,1.01181564299e-06,1.52606797944e-06,0.000425595445107,3.98514886022e-07,3.91799287403e-07
174.8975348,0.999996938606,1.00538167411e-06,1.51460672411e-06,0.000423802259104,3.95203052001e-07,3.88505732307e-07
174.8995477,0.999996958073,9.98988587715e-07,1.50323102977e-06,0.000422016539053,3.91918873632e-07,3.85239695977e-07
174.9015606,0.999996977416,9.92636124188e-07,1.49194026258e-06,0.000420238253561,3.88662142933e-07,3.82000949206e-07
174.9035735,0.999996996637,9.86324024467e-07,1.48073379031e-06,0.000418467371278,3.85432628199e-07,3.78789263455e-07
174.9055863,0.999997015735,9.8005203248e-07,1.46961098919e-06,0.000416703861094,3.82230084449e-07,3.7560441285e-07
174.9075992,0.999997034712,9.73819893185e-07,1.45857123833e-06,0.000414947691978,3.79054311723e-07,3.72446173791e-07
174.9096121,0.999997053568,9.67627352569e-07,1.44761391975e-06,0.000413198832982,3.75905069436e-07,3.693143239e-07
174.911625,0.999997072305,9.61474159548e-07,1.43673842374e-06,0.000411457253392,3.72782133431e-07,3.66208642522e-07
174.9136379,0.999997090922,9.55360063584e-07,1.42594414212e-06,0.000409722922535,3.69685305349e-07,3.63128911052e-07
174.9156508,0.999997109421,9.49284815778e-07,1.41523047131e-06,0.000407995809873,3.66614342185e-07,3.60074913053e-07
174.9176636,0.999997127803,9.43248169746e-07,1.40459681483e-06,0.000406275885067,3.63569037265e-07,3.57046433475e-07
174.9196765,0.999997146068,9.37249879447e-07,1.39404257711e-06,0.000404563117806,3.60549190219e-07,3.54043259321e-07
174.9216894,0.999997164216,9.31289701062e-07,1.38356716887e-06,0.000402857477959,3.57554562679e-07,3.51065179427e-07
174.9237023,0.99999718225,9.25367392681e-07,1.37317000615e-06,0.000401158935548,3.54584961157e-07,3.48111983739e-07
174.9257152,0.999997200169,9.19482712793e-07,1.36285050611e-06,0.000399467460629,3.51640180468e-07,3.45183464701e-07
174.9277281,0.999997217974,9.13635422535e-07,1.35260809333e-06,0.00039778302347,3.48719993199e-07,3.42279416754e-07
174.9297409,0.999997235666,9.07825284297e-07,1.34244219586e-06,0.000396105594444,3.45824215157e-07,3.39399634453e-07
174.9317538,0.999997253245,9.02052061175e-07,1.33235224377e-06,0.000394435143979,3.42952633848e-07,3.36543915846e-07
174.9337667,0.999997270713,8.96315519048e-07,1.32233767485e-06,0.000392771642731,3.40105038455e-07,3.3371205993e-07
174.9357796,0.99999728807,8.90615424501e-07,1.31239792887e-06,0.000391115061415,3.37281248764e-07,3.30903867196e-07
174.9377925,0.999997305316,8.84951545482e-07,1.30253244941e-06,0.000389465370856,3.344810452e-07,3.28119140414e-07
174.9398054,0.999997322453,8.79323651911e-07,1.29274068552e-06,0.000387822542041,3.31704246277e-07,3.25357682962e-07
174.9418182,0.999997339481,8.73731514778e-07,1.28302208923e-06,0.000386186546047,3.28950650697e-07,3.22619301052e-07
174.9438311,0.999997356401,8.6817490669e-07,1.27337611705e-06,0.000384557354083,3.26220057824e-07,3.19903801893e-07
174.945844,0.999997373214,8.62653602128e-07,1.26380223069e-06,0.000382934937512,3.23512283071e-07,3.1721099425e-07
174.9478569,0.999997389919,8.57167375979e-07,1.25429989299e-06,0.000381319267734,3.20827143693e-07,3.14540688717e-07
174.9498698,0.999997406519,8.51716005404e-07,1.24486857309e-06,0.000379710316334,3.18164430412e-07,3.11892696891e-07
174.9518826,0.999997423013,8.4629926902e-07,1.23550774415e-06,0.000378108055021,3.1552397266e-07,3.09266832921e-07
174.9538955,0.999997439402,8.40916945928e-07,1.22621688065e-06,0.000376512455543,3.12905582734e-07,3.06662911898e-07
174.9559084,0.999997455687,8.35568817777e-07,1.21699546414e-06,0.000374923489862,3.10309063428e-07,3.0408075069e-07
174.9579213,0.999997471869,8.3025466709e-07,1.20784297854e-06,0.000373341130012,3.07734250491e-07,3.01520167223e-07
174.9599342,0.999997487948,8.24974277272e-07,1.19875891024e-06,0.000371765348102,3.05180950219e-07,2.98980981361e-07
174.9619471,0.999997503924,8.19727434223e-07,1.18974275245e-06,0.000370196116451,3.02648981049e-07,2.96463014582e-07
174.9639599,0.999997519799,8.14513924307e-07,1.18079399971e-06,0.000368633407417,3.0013818035e-07,2.93966089637e-07
174.9659728,0.999997535574,8.09333535288e-07,1.17191215037e-06,0.000367077193475,2.97648353121e-07,2.91490030224e-07
174.9679857,0.999997551248,8.04186057074e-07,1.16309670866e-06,0.000365527447283,2.95179330987e-07,2.89034662704e-07
174.9699986,0.999997566822,7.99071279862e-07,1.15434717962e-06,0.000363984141525,2.92730950303e-07,2.86599814769e-07
174.9720115,0.999997582298,7.93988995749e-07,1.14566307349e-06,0.000362447249043,2.90303019894e-07,2.84185313393e-07
174.9740244,0.999997597675,7.88938998454e-07,1.13704390495e-06,0.000360916742821,2.87895381434e-07,2.8179099032e-07
174.9760372,0.999997612955,7.83921082041e-07,1.12848918962e-06,0.000359392595869,2.85507868207e-07,2.79416675963e-07
174.9780501,0.999997628137,7.78935042828e-07,1.11999844927e-06,0.000357874781394,2.8314029746e-07,2.77062203402e-07
174.980063,0.999997643223,7.73980678202e-07,1.1115712086e-06,0.00035636327269,2.80792518068e-07,2.74727407157e-07
174.9820759,0.999997658214,7.69057786154e-07,1.10320699394e-06,0.000354858043107,2.78464358419e-07,2.72412122582e-07
174.9840888,0.999997673109,7.64166167046e-07,1.0949053381e-06,0.000353359066197,2.76155648278e-07,2.70116187251e-07
174.9861017,0.999997687909,7.59305621842e-07,1.0866657755e-06,0.000351866315566,2.73866239773e-07,2.6783943885e-07
174.9881145,0.999997702615,7.5447595268e-07,1.07848784377e-06,0.00035037976492,2.71595956547e-07,2.65581717396e-07
174.9901274,0.999997717228,7.49676963327e-07,1.07037108495e-06,0.000348899388106,2.6934465018e-07,2.63342863904e-07
174.9921403,0.999997731749,7.44908458549e-07,1.06231504382e-06,0.000347425159059,2.67112158487e-07,2.61122721334e-07
174.9941532,0.999997746176,7.40170244425e-07,1.05431926868e-06,0.000345957051828,2.64898318423e-07,2.58921132423e-07
174.9961661,0.999997760513,7.35462128652e-07,1.04638331223e-06,0.000344495040604,2.62702980045e-07,2.56737943127e-07
174.9981789,0.999997774758,7.30783919273e-07,1.03850672811e-06,0.000343039099607,2.60525994509e-07,2.54572998959e-07
175.0001918,0.999997788913,7.26135426268e-07,1.03068907517e-06,0.000341589203228,2.58367193777e-07,2.52426147929e-07
175.0022047,0.999997802977,7.21516460861e-07,1.02292991565e-06,0.000340145325966,2.56226438147e-07,2.50297238991e-07
175.0042176,0.999997816953,7.16926834685e-07,1.01522881288e-06,0.000338707442358,2.5410357555e-07,2.48186122098e-07
175.0062305,0.999997830839,7.12366361547e-07,1.00758533604e-06,0.00033727552713,2.51998447137e-07,2.46092648981e-07
175.0082434,0.999997844638,7.07834856001e-07,9.99999056331e-07,0.000335849555078,2.49910918186e-07,2.44016671536e-07
175.0102562,0.999997858349,7.0333213335e-07,9.92469546961e-07,0.00033442950106,2.47840832641e-07,2.41958044322e-07
175.0122691,0.999997871972,6.98858011026e-07,9.8499638686e-07,0.000333015340127,2.45788043426e-07,2.39916621736e-07
175.014282,0.99999788551,6.94412306856e-07,9.77579156019e-07,0.000331607047363,2.43752417375e-07,2.3789226089e-07
175.0162949,0.999997898961,6.89994839859e-07,9.70217437631e-07,0.000330204597959,2.41733797858e-07,2.35884818622e-07
175.0183078,0.999997912327,6.85605430886e-07,9.62910819781e-07,0.00032880796727,2.39732047776e-07,2.33894153767e-07
175.0203207,0.999997925608,6.81243901029e-07,9.55658891217e-07,0.000327417130672,2.37747033585e-07,2.31920126381e-07
175.0223335,0.999997938804,6.76910073005e-07,9.48461245016e-07,0.000326032063688,2.35778601812e-07,2.29962597464e-07
175.0243464,0.999997951917,6.72603770911e-07,9.4131747795e-07,0.000324652741963,2.33826623034e-07,2.2802142885e-07
175.0263593,0.999997964946,6.68324819136e-07,9.3422718757e-07,0.000323279141172,2.31890961827e-07,2.26096484146e-07
175.0283722,0.999997977893,6.64073043997e-07,9.27189976559e-07,0.00032191123716,2.29971471208e-07,2.24187627684e-07
175.0303851,0.999997990757,6.59848272717e-07,9.20205450018e-07,0.000320549005857,2.28068027349e-07,2.22294725238e-07
175.032398,0.99999800354,6.55650333035e-07,9.13273214423e-07,0.00031919242324,2.26180491605e-07,2.20417643526e-07
175.0344108,0.999998016242,6.51479054713e-07,9.06392881622e-07,0.000317841465468,2.24308726461e-07,2.18556250209e-07
175.0364237,0.999998028863,6.47334268026e-07,8.99564064826e-07,0.000316496108748,2.22452610743e-07,2.16710414502e-07
175.0384366,0.999998041403,6.43215804253e-07,8.92786379911e-07,0.00031515632938,2.20612002864e-07,2.14880005955e-07
175.0404495,0.999998053864,6.39123496034e-07,8.86059446361e-07,0.000313822103786,2.18786781061e-07,2.13064896504e-07
175.0424624,0.999998066246,6.35057176917e-07,8.7938288606e-07,0.000312493408473,2.16976815051e-07,2.11264957528e-07
175.0444752,0.99999807855,6.3101668152e-07,8.72756323723e-07,0.000311170220045,2.15181972247e-07,2.09480062963e-07
175.0464881,0.999998090775,6.2700184586e-07,8.66179387765e-07,0.000309852515238,2.13402130861e-07,2.0771008663e-07
175.048501,0.999998102923,6.23012506246e-07,8.59651707365e-07,0.000308540270812,2.11637169719e-07,2.05954903909e-07
175.0505139,0.999998114993,6.1904850064e-07,8.53172916066e-07,0.000307233463681,2.09886953782e-07,2.04214391564e-07
175.0525268,0.999998126987,6.15109668061e-07,8.46742650195e-07,0.000305932070857,2.08151368757e-07,2.02488426748e-07
175.0545397,0.999998138904,6.1119584788e-07,8.40360547006e-07,0.000304636069384,2.06430291437e-07,2.00776888337e-07
175.0565525,0.999998150746,6.07306881321e-07,8.34026248621e-07,0.000303345436481,2.04723593793e-07,1.99079655316e-07
175.0585654,0.999998162513,6.03442610243e-07,8.27739398833e-07,0.000302060149424,2.0303116547e-07,1.97396608392e-07
175.0605783,0.999998174205,5.99602877144e-07,8.21499643116e-07,0.00030078018555,2.01352880666e-07,1.95727628993e-07
175.0625912,0.999998185823,5.95787526339e-07,8.15306631696e-07,0.000299505522365,1.99688620238e-07,1.94072599935e-07
175.0646041,0.999998197367,5.91996402477e-07,8.09160015685e-07,0.000298236137408,1.9803827526e-07,1.924314042e-07
175.066617,0.999998208837,5.88229351227e-07,8.03059448856e-07,0.000296972008313,1.96401719823e-07,1.90803926603e-07
175.0686298,0.999998220235,5.84486219814e-07,7.97004589055e-07,0.000295713112861,1.94778842345e-07,1.89190052013e-07
175.0706427,0.999998231561,5.80766855675e-07,7.90995094677e-07,0.000294459428854,1.93169533924e-07,1.87589667522e-07
175.0726556,0.999998242814,5.77071107627e-07,7.85030627717e-07,0.000293210934224,1.91573671244e-07,1.86002659719e-07
175.0746685,0.999998253997,5.73398825666e-07,7.79110853247e-07,0.000291967607015,1.89991148606e-07,1.84428917305e-07
175.0766814,0.999998265108,5.69749860038e-07,7.73235436985e-07,0.000290729425295,1.88421856025e-07,1.8286832959e-07
175.0786943,0.999998276148,5.6612406263e-07,7.67404048917e-07,0.000289496367288,1.86865675204e-07,1.81320786385e-07
175.0807071,0.999998287119,5.62521286102e-07,7.61616361042e-07,0.000288268411292,1.853225048e-07,1.79786178556e-07
175.08272,0.99999829802,5.58941383556e-07,7.55872046501e-07,0.00028704553565,1.83792232767e-07,1.78264398298e-07
175.0847329,0.999998308851,5.55384209816e-07,7.50170782904e-07,0.000285827718866,1.82274747984e-07,1.76755338366e-07
175.0867458,0.999998319614,5.51849620146e-07,7.44512248998e-07,0.000284614939489,1.80769951268e-07,1.75258892399e-07
175.0887587,0.999998330309,5.48337470665e-07,7.38896125747e-07,0.00028340717615,1.79277729059e-07,1.73774955148e-07
175.0907715,0.999998340935,5.4484761864e-07,7.33322097077e-07,0.00028220440759,1.7779798102e-07,1.72303422308e-07
175.0927844,0.999998351494,5.41379922144e-07,7.27789849e-07,0.000281006612631,1.76330602903e-07,1.70844190017e-07
175.0947973,0.999998361986,5.37934240127e-07,7.22299069792e-07,0.000279813770176,1.74875486835e-07,1.69397155469e-07
175.0968102,0.999998372412,5.34510432751e-07,7.16849450852e-07,0.000278625859249,1.7343253388e-07,1.67962216691e-07
175.0988231,0.999998382771,5.31108360423e-07,7.11440684204e-07,0.000277442858896,1.72001645436e-07,1.66539272817e-07
175.100836,0.999998393065,5.27727884956e-07,7.060724655e-07,0.000276264748302,1.70582712895e-07,1.65128223373e-07
175.1028488,0.999998403293,5.24368869069e-07,7.0074449271e-07,0.00027509150674,1.69175642844e-07,1.63728969493e-07
175.1048617,0.999998413456,5.21031175779e-07,6.95456464574e-07,0.000273923113511,1.67780335458e-07,1.62341412202e-07
175.1068746,0.999998423555,5.1771466968e-07,6.90208083879e-07,0.000272759548074,1.66396687493e-07,1.60965453966e-07
175.1088875,0.99999843359,5.14419215911e-07,6.84999054806e-07,0.000271600789938,1.65024608653e-07,1.59600997862e-07
175.1109004,0.999998443561,5.11144680156e-07,6.79829082927e-07,0.000270446818668,1.63663997478e-07,1.58247947413e-07
175.1129133,0.999998453469,5.07890929644e-07,6.74697877772e-07,0.000269297613983,1.62314757441e-07,1.5690620786e-07
175.1149261,0.999998463313,5.04657831892e-07,6.69605149605e-07,0.000268153155627,1.60976799538e-07,1.55575684668e-07
175.116939,0.999998473096,5.01445255285e-07,6.64550610902e-07,0.000267013423434,1.59650022472e-07,1.54256283857e-07
175.1189519,0.999998482816,4.98253069536e-07,6.59533977528e-07,0.000265878397369,1.5833433547e-07,1.52947912391e-07
175.1209648,0.999998492474,4.95081144538e-07,6.54554965804e-07,0.000264748057413,1.5702964978e-07,1.51650478508e-07
175.1229777,0.999998502072,4.91929351359e-07,6.49613295043e-07,0.000263622383668,1.55735866237e-07,1.50363890672e-07
175.1249906,0.999998511608,4.88797562074e-07,6.44708687119e-07,0.000262501356333,1.54452898588e-07,1.49088058343e-07
175.1270034,0.999998521084,4.85685648971e-07,6.3984086444e-07,0.000261384955632,1.53180657527e-07,1.47822891594e-07
175.1290163,0.999998530499,4.82593485735e-07,6.35009552966e-07,0.000260273161928,1.51919047779e-07,1.46568301052e-07
175.1310292,0.999998539855,4.79520946712e-07,6.30214480329e-07,0.000259165955651,1.50667986491e-07,1.45324198786e-07
175.1330421,0.999998549152,4.76467906624e-07,6.25455375112e-07,0.000258063317268,1.49427383087e-07,1.44090496978e-07
175.135055,0.999998558389,4.7343424166e-07,6.20731969611e-07,0.000256965227396,1.48197147746e-07,1.42867108754e-07
175.1370678,0.999998567568,4.70419828386e-07,6.16043997071e-07,0.00025587166669,1.46977199369e-07,1.41653947572e-07
175.1390807,0.999998576689,4.67424544096e-07,6.11391192578e-07,0.000254782615878,1.45767447048e-07,1.40450928832e-07
175.1410936,0.999998585752,4.64448267057e-07,6.06773293669e-07,0.000253698055789,1.44567807524e-07,1.39257967324e-07
175.1431065,0.999998594757,4.61490876241e-07,6.02190039656e-07,0.000252617967323,1.43378197956e-07,1.38074978617e-07
175.1451194,0.999998603705,4.58552251344e-07,5.97641171682e-07,0.000251542331453,1.42198530447e-07,1.36901880221e-07
175.1471323,0.999998612596,4.55632273111e-07,5.93126433514e-07,0.000250471129262,1.41028724615e-07,1.35738588591e-07
175.1491451,0.999998621431,4.52730822488e-07,5.88645569435e-07,0.000249404341852,1.39868700256e-07,1.34585022349e-07
175.151158,0.99999863021,4.49847781626e-07,5.84198326744e-07,0.000248341950451,1.38718369959e-07,1.33441100503e-07
175.1531709,0.999998638933,4.46983033444e-07,5.79784454664e-07,0.000247283936364,1.37577657445e-07,1.32306741785e-07
175.1551838,0.999998647601,4.44136461114e-07,5.75403703061e-07,0.000246230280923,1.36446481828e-07,1.31181866814e-07
175.1571967,0.999998656214,4.41307949156e-07,5.71055825166e-07,0.000245180965601,1.35324759812e-07,1.30066395931e-07
175.1592096,0.999998664772,4.38497382553e-07,5.66740575366e-07,0.000244135971917,1.3421241759e-07,1.28960251033e-07
175.1612224,0.999998673276,4.35704646752e-07,5.62457709207e-07,0.000243095281441,1.33109373292e-07,1.27863354127e-07
175.1632353,0.999998681726,4.32929628516e-07,5.58206985524e-07,0.000242058875878,1.32015548715e-07,1.26775627496e-07
175.1652482,0.999998690123,4.30172214857e-07,5.53988163761e-07,0.00024102673696,1.30930871192e-07,1.25696994702e-07
175.1672611,0.999998698466,4.27432293524e-07,5.49801005204e-07,0.000239998846497,1.29855259173e-07,1.24627380194e-07
175.169274,0.999998706756,4.24709753398e-07,5.45645273953e-07,0.000238975186416,1.28788638839e-07,1.23566708088e-07
175.1712869,0.999998714993,4.22004483515e-07,5.41520734488e-07,0.000237955738663,1.27730937903e-07,1.22514903833e-07
175.1732997,0.999998723179,4.19316373911e-07,5.37427153779e-07,0.000236940485287,1.26682076564e-07,1.21471893655e-07
175.1753126,0.999998731312,4.16645315482e-07,5.33364300919e-07,0.000235929408429,1.25641984485e-07,1.20437603557e-07
175.1773255,0.999998739394,4.13991199303e-07,5.29331945449e-07,0.000234922490249,1.24610589164e-07,1.19411961097e-07
175.1793384,0.999998747424,4.11353917644e-07,5.25329859863e-07,0.000233919713034,1.23587813824e-07,1.18394893889e-07
175.1813513,0.999998755404,4.08733363334e-07,5.21357818041e-07,0.00023292105913,1.2257359079e-07,1.17386330434e-07
175.1833641,0.999998763333,4.06129429524e-07,5.17415594658e-07,0.000231926510919,1.21567846822e-07,1.16386199289e-07
175.185377,0.999998771212,4.03542010618e-07,5.13502967471e-07,0.000230936050914,1.20570509299e-07,1.15394430233e-07
175.1873899,0.99999877904,4.00971001338e-07,5.0961971503e-07,0.000229949661664,1.19581511967e-07,1.14410953211e-07
175.1894028,0.99999878682,3.98416297025e-07,5.05765617405e-07,0.000228967325784,1.18600781976e-07,1.13435699334e-07
175.1914157,0.999998794549,3.95877793856e-07,5.01940456718e-07,0.000227989025979,1.17628250463e-07,1.12468599878e-07
175.1934286,0.99999880223,3.93355388607e-07,4.9814401657e-07,0.000227014745019,1.16663851409e-07,1.1150958612e-07
175.1954414,0.999998809862,3.90848978663e-07,4.94376082053e-07,0.000226044465739,1.15707513303e-07,1.10558591282e-07
175.1974543,0.999998817446,3.88358462312e-07,4.90636440468e-07,0.000225078171072,1.14759170835e-07,1.09615547639e-07
175.1994672,0.999998824981,3.85883738011e-07,4.86924879536e-07,0.000224115843969,1.13818758789e-07,1.08680389244e-07
175.2014801,0.999998832469,3.83424705243e-07,4.83241189485e-07,0.000223157467494,1.12886206768e-07,1.0775305026e-07
175.203493,0.999998839909,3.80981264145e-07,4.79585162143e-07,0.00022220302478,1.11961452532e-07,1.06833464852e-07
175.2055059,0.999998847302,3.78553315074e-07,4.75956589872e-07,0.000221252498986,1.11044430543e-07,1.05921568738e-07
175.2075187,0.999998854649,3.76140759531e-07,4.72355267827e-07,0.000220305873395,1.10135073565e-07,1.05017297414e-07
175.2095316,0.999998861948,3.73743499413e-07,4.68780992129e-07,0.000219363131333,1.09233321326e-07,1.04120587485e-07
175.2115445,0.999998869202,3.71361437013e-07,4.65233559859e-07,0.000218424256172,1.08339107737e-07,1.03231375115e-07
175.2135574,0.999998876409,3.68994475747e-07,4.61712770832e-07,0.000217489231404,1.07452369435e-07,1.02349598408e-07
175.2155703,0.999998883571,3.66642519241e-07,4.58218425369e-07,0.000216558040547,1.06573047138e-07,1.01475194747e-07
175.2175832,0.999998890687,3.6430547175e-07,4.54750325321e-07,0.000215630667188,1.05701075153e-07,1.00608102627e-07
175.219596,0.999998897758,3.61983238494e-07,4.51308274879e-07,0.000214707095019,1.04836393471e-07,9.97482611509e-08
175.2216089,0.999998904785,3.59675724824e-07,4.47892078548e-07,0.00021378730775,1.03978943242e-07,9.88956098125e-08
175.2236218,0.999998911767,3.57382836946e-07,4.44501542902e-07,0.000212871289183,1.03128660207e-07,9.80500883263e-08
175.2256347,0.999998918704,3.55104481797e-07,4.41136476282e-07,0.000211959023202,1.02285487045e-07,9.72116365738e-08
175.2276476,0.999998925598,3.52840566466e-07,4.37796687398e-07,0.000211050493711,1.01449364906e-07,9.63801965459e-08
175.2296604,0.999998932448,3.50590999061e-07,4.34481987414e-07,0.000210145684724,1.00620231887e-07,9.55557088456e-08
175.2316733,0.999998939254,3.48355688167e-07,4.31192188649e-07,0.00020924458031,9.97980327547e-08,9.47381160743e-08
175.2336862,0.999998946018,3.46134542645e-07,4.27927104076e-07,0.000208347164571,9.89827082759e-08,9.39273601119e-08
175.2356991,0.999998952738,3.43927472419e-07,4.24686549237e-07,0.000207453421725,9.81741997209e-08,9.31233838375e-08
175.237712,0.999998959416,3.4173438769e-07,4.21470340327e-07,0.000206563336026,9.73724530037e-08,9.23261310182e-08
175.2397249,0.999998966052,3.39555199177e-07,4.18278294793e-07,0.000205676891782,9.65774095484e-08,9.15355450881e-08
175.2417377,0.999998972646,3.3738981833e-07,4.15110231827e-07,0.000204794073386,9.57890129909e-08,9.07515702031e-08
175.2437506,0.999998979197,3.35238157092e-07,4.11965971809e-07,0.000203914865288,9.50072101494e-08,8.99741514626e-08
175.2457635,0.999998985708,3.33100127928e-07,4.08845336363e-07,0.000203039251996,9.42319430622e-08,8.92032340771e-08
175.2477764,0.999998992177,3.30975644077e-07,4.05748148962e-07,0.000202167218107,9.34631586621e-08,8.84387639233e-08
175.2497893,0.999998998605,3.2886461892e-07,4.02674233422e-07,0.000201298748233,9.27008039414e-08,8.76806867112e-08
175.2518022,0.999999004992,3.26766966715e-07,3.99623415643e-07,0.000200433827089,9.19448221699e-08,8.69289493166e-08
175.253815,0.999999011339,3.24682602273e-07,3.96595522851e-07,0.00019957243945,9.11951626004e-08,8.61834984489e-08
175.2558279,0.999999017646,3.22611440594e-07,3.93590382719e-07,0.000198714570117,9.04517721267e-08,8.5444281428e-08
175.2578408,0.999999023913,3.20553397656e-07,3.9060782524e-07,0.000197860204,8.97145964595e-08,8.4711247017e-08
175.2598537,0.99999903014,3.1850838977e-07,3.87647681207e-07,0.000197009326049,8.89835864169e-08,8.39843432576e-08
175.2618666,0.999999036327,3.16476333588e-07,3.84709782213e-07,0.000196161921255,8.82586886279e-08,8.32635183579e-08
175.2638795,0.999999042476,3.14457146717e-07,3.8179396212e-07,0.000195317974716,8.75398517553e-08,8.25487220801e-08
175.2658923,0.999999048585,3.12450746943e-07,3.78900055212e-07,0.000194477471556,8.6827027469e-08,8.18399035762e-08
175.2679052,0.999999054656,3.10457052588e-07,3.76027897045e-07,0.000193640396956,8.612016282e-08,8.11370134413e-08
175.2699181,0.999999060688,3.084759828e-07,3.73177325115e-07,0.000192806736198,8.54192090395e-08,8.04400018262e-08
175.271931,0.999999066683,3.06507456832e-07,3.70348177182e-07,0.000191976474574,8.4724118242e-08,7.97488199922e-08
175.2739439,0.999999072639,3.04551394671e-07,3.67540292723e-07,0.000191149597462,8.40348386504e-08,7.90634187009e-08
175.2759567,0.999999078557,3.02607716925e-07,3.64753512684e-07,0.000190326090314,8.33513235786e-08,7.83837499352e-08
175.2779696,0.999999084438,3.00676344331e-07,3.61987678317e-07,0.000189505938596,8.26735252677e-08,7.77097658444e-08
175.2799825,0.999999090282,2.98757198496e-07,3.59242632912e-07,0.000188689127878,8.20013937803e-08,7.70414188001e-08
175.2819954,0.999999096089,2.96850201433e-07,3.56518220718e-07,0.000187875643778,8.13348840733e-08,7.63786618951e-08
175.2840083,0.999999101859,2.94955275387e-07,3.53814286529e-07,0.00018706547194,8.06739482307e-08,7.57214481117e-08
175.2860212,0.999999107593,2.93072343515e-07,3.51130677269e-07,0.000186258598117,8.00185387484e-08,7.50697314866e-08
175.288034,0.99999911329,2.91201329204e-07,3.48467240409e-07,0.00018545500809,7.93686115025e-08,7.44234659456e-08
175.2900469,0.999999118951,2.89342156281e-07,3.45823824443e-07,0.000184654687693,7.8724119309e-08,7.37826055808e-08
175.2920598,0.999999124576,2.87494749213e-07,3.43200279365e-07,0.000183857622834,7.80850162767e-08,7.31471060944e-08
175.2940727,0.999999130166,2.85659032866e-07,3.40596456096e-07,0.000183063799471,7.745125932e-08,7.25169218563e-08
175.2960856,0.999999135721,2.83834932556e-07,3.38012206608e-07,0.000182273203616,7.68228015533e-08,7.18920090126e-08
175.2980985,0.99999914124,2.82022374264e-07,3.35447384423e-07,0.000181485821359,7.61995998608e-08,7.12723230989e-08
175.3001113,0.999999146724,2.80221284091e-07,3.32901843336e-07,0.000180701638807,7.55816111695e-08,7.06578207055e-08
175.3021242,0.999999152174,2.7843158888e-07,3.30375438878e-07,0.000179920642156,7.49687897404e-08,7.00484588112e-08
175.3041371,0.999999157589,2.76653215952e-07,3.27868027679e-07,0.000179142817657,7.43610942225e-08,6.94441938398e-08
175.30615,0.99999916297,2.74886092786e-07,3.2537946674e-07,0.000178368151585,7.37584815841e-08,6.88449834363e-08
175.3081629,0.999999168317,2.73130147692e-07,3.22909614988e-07,0.000177596630312,7.31609079737e-08,6.82507855787e-08
175.3101758,0.99999917363,2.71385309268e-07,3.20458332016e-07,0.000176828240247,7.25683332886e-08,6.76615583006e-08
175.3121886,0.999999178909,2.69651506399e-07,3.18025478081e-07,0.000176062967833,7.1980714415e-08,6.70772600242e-08
175.3142015,0.999999184155,2.67928668786e-07,3.15610915322e-07,0.000175300799615,7.13980097575e-08,6.64978497267e-08
175.3162144,0.999999189368,2.66216726282e-07,3.13214506232e-07,0.000174541722153,7.08201799398e-08,6.59232861078e-08
175.3182273,0.999999194548,2.64515609197e-07,3.10836114357e-07,0.000173785722066,7.02471822635e-08,6.53535295325e-08
175.3202402,0.999999199695,2.62825248542e-07,3.08475604855e-07,0.000173032786059,6.96789771067e-08,6.47885388116e-08
175.322253,0.99999920481,2.61145575423e-07,3.06132843105e-07,0.000172282900847,6.91155255215e-08,6.42282748653e-08
175.3242659,0.999999209892,2.59476521565e-07,3.03807695909e-07,0.000171536053223,6.85567857673e-08,6.36726978365e-08
175.3262788,0.999999214942,2.57818019227e-07,3.0150003129e-07,0.000170792230046,6.80027198398e-08,6.31217688674e-08
175.3282917,0.99999921996,2.56170000776e-07,2.99209717525e-07,0.000170051418188,6.74532889855e-08,6.25754487671e-08
175.3303046,0.999999224947,2.5453239932e-07,2.96936624582e-07,0.000169313604613,6.69084529048e-08,6.2033699566e-08
175.3323175,0.999999229902,2.52905148313e-07,2.94680623227e-07,0.000168578776329,6.63681748881e-08,6.14964825729e-08
175.3343303,0.999999234826,2.51288181407e-07,2.92441584678e-07,0.000167846920369,6.58324161686e-08,6.09637601512e-08
175.3363432,0.999999239718,2.49681433032e-07,2.90219381921e-07,0.00016711802386,6.53011383159e-08,6.04354949418e-08
175.3383561,0.99999924458,2.48084837811e-07,2.88013888396e-07,0.000166392073957,6.47743053537e-08,5.99116490863e-08
175.340369,0.999999249411,2.46498330737e-07,2.85824978375e-07,0.000165669057861,6.42518792407e-08,5.93921861136e-08
175.3423819,0.999999254211,2.44921847376e-07,2.83652527439e-07,0.000164948962843,6.37338227067e-08,5.88770697751e-08
175.3443948,0.999999258981,2.43355323597e-07,2.81496411859e-07,0.000164231776215,6.32201007483e-08,5.83662632669e-08
175.3464076,0.999999263721,2.41798695668e-07,2.79356508811e-07,0.000163517485336,6.27106754789e-08,5.78597305068e-08
175.3484205,0.999999268431,2.40251900427e-07,2.77232696764e-07,0.000162806077641,6.22055118721e-08,5.73574360785e-08
175.3504334,0.999999273111,2.3871487481e-07,2.7512485441e-07,0.000162097540576,6.17045749378e-08,5.68593445105e-08
175.3524463,0.999999277762,2.37187556387e-07,2.73032861879e-07,0.000161391861665,6.12078277822e-08,5.63654204422e-08
175.3544592,0.999999282384,2.35669883134e-07,2.70956600215e-07,0.000160689028488,6.07152367303e-08,5.58756295677e-08
175.3564721,0.999999286976,2.34161793162e-07,2.6889595077e-07,0.000159989028641,6.02267669141e-08,5.53899370259e-08
175.3584849,0.999999291539,2.3266322529e-07,2.66850796495e-07,0.000159291849808,5.97423829034e-08,5.49083086221e-08
175.3604978,0.999999296073,2.31174118581e-07,2.64821020893e-07,0.000158597479707,5.92620520197e-08,5.44307101058e-08
175.3625107,0.999999300579,2.29694412346e-07,2.62806508017e-07,0.000157905906087,5.87857394258e-08,5.39571084479e-08
175.3645236,0.999999305056,2.28224046587e-07,2.60807143486e-07,0.000157217116788,5.831341142e-08,5.34874702307e-08
175.3665365,0.999999309505,2.26762961437e-07,2.5882281321e-07,0.000156531099663,5.78450359393e-08,5.30217618699e-08
175.3685493,0.999999313926,2.25311097419e-07,2.56853403971e-07,0.000155847842618,5.73805785367e-08,5.2559950392e-08
175.3705622,0.999999318319,2.23868395654e-07,2.54898803895e-07,0.000155167333636,5.6920007031e-08,5.21020038224e-08
175.3725751,0.999999322684,2.2243479734e-07,2.52958901286e-07,0.000154489560711,5.64632897559e-08,5.16478897428e-08
175.374588,0.999999327022,2.21010244207e-07,2.5103358563e-07,0.000153814511904,5.6010393047e-08,5.1197576012e-08
175.3766009,0.999999331333,2.19594678436e-07,2.49122747429e-07,0.000153142175337,5.55612859823e-08,5.07510312109e-08
175.3786138,0.999999335616,2.18188042303e-07,2.47226277393e-07,0.000152472539143,5.51159371209e-08,5.03082232539e-08
175.3806266,0.999999339872,2.16790278712e-07,2.45344067638e-07,0.000151805591538,5.46743139292e-08,4.98691214434e-08
175.3826395,0.999999344101,2.15401330865e-07,2.43476010939e-07,0.000151141320777,5.42363865078e-08,4.94336949708e-08
175.3846524,0.999999348304,2.14021142132e-07,2.41622000449e-07,0.000150479715137,5.38021234885e-08,4.90019124721e-08
175.3866653,0.99999935248,2.12649656542e-07,2.39781930787e-07,0.000149820762982,5.33714937774e-08,4.85737436384e-08
175.3886782,0.99999935663,2.11286818295e-07,2.37955696948e-07,0.000149164452697,5.29444680573e-08,4.81491589932e-08
175.3906911,0.999999360754,2.0993257189e-07,2.36143194601e-07,0.000148510772709,5.25210156439e-08,4.77281279498e-08
175.3927039,0.999999364851,2.0858686235e-07,2.34344320568e-07,0.000147859711514,5.2101106304e-08,4.73106213095e-08
175.3947168,0.999999368923,2.07249634917e-07,2.32558972155e-07,0.000147211257636,5.16847115661e-08,4.68966090961e-08
175.3967297,0.99999937297,2.05920835186e-07,2.3078704746e-07,0.000146565399646,5.12718008315e-08,4.64860623883e-08
175.3987426,0.99999937699,2.04600409244e-07,2.29028445658e-07,0.000145922126181,5.08623456499e-08,4.60789522094e-08
175.4007555,0.999999380986,2.03288303256e-07,2.27283066104e-07,0.000145281425889,5.04563176054e-08,4.56752499711e-08
175.4027684,0.999999384956,2.01984463929e-07,2.25550809343e-07,0.000144643287491,5.00536869274e-08,4.52749269741e-08
175.4047812,0.999999388901,2.00688838315e-07,2.23831576683e-07,0.000144007699752,4.96544262071e-08,4.48779554629e-08
175.4067941,0.999999392821,1.99401373579e-07,2.22125269683e-07,0.000143374651454,4.92585071925e-08,4.44843072933e-08
175.408807,0.999999396717,1.98122017491e-07,2.20431791233e-07,0.000142744131461,4.88659012507e-08,4.40939542656e-08
175.4108199,0.999999400588,1.96850718031e-07,2.18751044677e-07,0.000142116128664,4.84765817696e-08,4.3706869346e-08
175.4128328,0.999999404435,1.95587423384e-07,2.17082933819e-07,0.000141490631982,4.80905205935e-08,4.33230250008e-08
175.4148456,0.999999408257,1.9433208233e-07,2.1542736376e-07,0.000140867630415,4.77076904173e-08,4.29423943071e-08
175.4168585,0.999999412056,1.93084643756e-07,2.13784239841e-07,0.000140247112979,4.73280651472e-08,4.25649505642e-08
175.4188714,0.99999941583,1.91845056883e-07,2.12153468131e-07,0.000139629068731,4.6951616983e-08,4.21906668491e-08
175.4208843,0.999999419581,1.90613271439e-07,2.1053495581e-07,0.000139013486803,4.65783197944e-08,4.18195168495e-08
175.4228972,0.999999423308,1.89389237223e-07,2.08928610206e-07,0.000138400356333,4.62081478454e-08,4.14514744751e-08
175.4249101,0.999999427012,1.88172904482e-07,2.07334339631e-07,0.00013778966652,4.58410739748e-08,4.10865138023e-08
175.4269229,0.999999430693,1.86964223847e-07,2.05752053236e-07,0.000137181406618,4.54770730348e-08,4.07246092959e-08
175.4289358,0.99999943435,1.85763146032e-07,2.04181660346e-07,0.000136575565892,4.51161195217e-08,4.03657351988e-08
175.4309487,0.999999437984,1.84569622286e-07,2.02623071451e-07,0.000135972133679,4.47581871641e-08,4.00098660314e-08
175.4329616,0.999999441596,1.83383604111e-07,2.01076197591e-07,0.000135371099352,4.44032516232e-08,3.96569770911e-08
175.4349745,0.999999445184,1.82205043149e-07,1.99540950116e-07,0.000134772452304,4.40512875156e-08,3.93070431204e-08
175.4369874,0.99999944875,1.81033891608e-07,1.98017241594e-07,0.000134176182006,4.37022696815e-08,3.89600400275e-08
175.4390002,0.999999452294,1.79870101839e-07,1.96504984904e-07,0.000133582277948,4.33561742596e-08,3.86159426657e-08
175.4410131,0.999999455816,1.7871362644e-07,1.95004093467e-07,0.000132990729656,4.3012976444e-08,3.8274727221e-08
175.443026,0.999999459315,1.77564418485e-07,1.93514481725e-07,0.00013240152672,4.2672651772e-08,3.79363694347e-08
175.4450389,0.999999462792,1.76422431194e-07,1.92036064436e-07,0.000131814658754,4.23351770615e-08,3.76008454928e-08
175.4470518,0.999999466248,1.75287618109e-07,1.90568757057e-07,0.000131230115414,4.20005276052e-08,3.72681320249e-08
175.4490647,0.999999469682,1.74159933188e-07,1.89112475937e-07,0.000130647886415,4.16686802992e-08,3.69382053278e-08
175.4510775,0.999999473094,1.73039330458e-07,1.87667137573e-07,0.000130067961483,4.13396120734e-08,3.66110420313e-08
175.4530904,0.999999476485,1.71925764402e-07,1.86232659447e-07,0.000129490330407,4.10132988975e-08,3.62866190984e-08
175.4551033,0.999999479854,1.70819189799e-07,1.84808959673e-07,0.000128914983019,4.06897184749e-08,3.59649136583e-08
175.4571162,0.999999483203,1.69719561526e-07,1.83395956576e-07,0.000128341909163,4.03688479156e-08,3.56459034512e-08
175.4591291,0.99999948653,1.68626834975e-07,1.81993569581e-07,0.000127771098757,4.00506640766e-08,3.53295654398e-08
175.4611419,0.999999489837,1.67540965711e-07,1.80601718493e-07,0.000127202541745,3.97351452985e-08,3.50158776419e-08
175.4631548,0.999999493122,1.6646190948e-07,1.79220323495e-07,0.000126636228094,3.9422268822e-08,3.47048177973e-08
175.4651677,0.999999496387,1.65389622532e-07,1.77849305849e-07,0.000126072147845,3.91120125265e-08,3.43963642013e-08
175.4671806,0.999999499632,1.64324061207e-07,1.76488587014e-07,0.000125510291052,3.88043551871e-08,3.40904944829e-08
175.4691935,0.999999502856,1.63265182132e-07,1.75138089052e-07,0.000124950647808,3.84992743618e-08,3.37871879363e-08
175.4712064,0.99999950606,1.62212942364e-07,1.73797734948e-07,0.00012439320827,3.81967488395e-08,3.34864225238e-08
175.4732192,0.999999509244,1.61167299018e-07,1.7246744781e-07,0.000123837962601,3.78967577123e-08,3.3188177484e-08
175.4752321,0.999999512408,1.60128209594e-07,1.71147151558e-07,0.000123284901022,3.75992790594e-08,3.28924313897e-08
175.477245,0.999999515553,1.59095631918e-07,1.69836770811e-07,0.0001227340138,3.73042924385e-08,3.25991637018e-08
175.4792579,0.999999518677,1.58069523885e-07,1.68536230332e-07,0.000122185291211,3.70117771663e-08,3.23083536036e-08
175.4812708,0.999999521782,1.57049843846e-07,1.67245455851e-07,0.000121638723598,3.67217120236e-08,3.20199806669e-08
175.4832837,0.999999524868,1.56036550368e-07,1.65964373549e-07,0.000121094301336,3.64340772094e-08,3.17340243527e-08
175.4852965,0.999999527934,1.55029602137e-07,1.64692909869e-07,0.000120552014817,3.61488521829e-08,3.14504648435e-08
175.4873094,0.999999530981,1.5402895832e-07,1.63430992261e-07,0.000120011854502,3.58660165855e-08,3.11692820998e-08
175.4893223,0.999999534009,1.53034578204e-07,1.62178548434e-07,0.00011947381087,3.55855510694e-08,3.08904557489e-08
175.4913352,0.999999537018,1.52046421284e-07,1.60935506531e-07,0.000118937874432,3.5307435392e-08,3.06139667505e-08
175.4933481,0.999999540008,1.51064447484e-07,1.59701795602e-07,0.00011840403576,3.50316499499e-08,3.03397954537e-08
175.495361,0.999999542979,1.50088616814e-07,1.58477344874e-07,0.000117872285439,3.47581758097e-08,3.00679227627e-08
175.4973738,0.999999545932,1.49118889579e-07,1.57262084197e-07,0.000117342614099,3.44869930228e-08,2.97983287489e-08
175.4993867,0.999999548866,1.48155226436e-07,1.5605594416e-07,0.000116815012419,3.4218082832e-08,2.95309950382e-08
175.5013996,0.999999551782,1.47197588101e-07,1.54858855471e-07,0.00011628947109,3.39514265131e-08,2.92659025902e-08
175.5034125,0.99999955468,1.46245935676e-07,1.53670749653e-07,0.000115765980858,3.36870046655e-08,2.90030327532e-08
175.5054254,0.99999955756,1.45300230517e-07,1.52491558756e-07,0.000115244532508,3.34247991604e-08,2.87423670975e-08
175.5074382,0.999999560421,1.44360434061e-07,1.51321215e-07,0.000114725116835,3.3164791455e-08,2.84838872489e-08
175.5094511,0.999999563265,1.43426508183e-07,1.50159651521e-07,0.000114207724703,3.29069628416e-08,2.82275745001e-08
175.511464,0.999999566091,1.42498414908e-07,1.49006801766e-07,0.000113692346994,3.26512957022e-08,2.79734113651e-08
175.5134769,0.9999995689,1.41576116413e-07,1.478625995e-07,0.000113178974615,3.23977716384e-08,2.77213797473e-08
175.5154898,0.999999571691,1.40659575302e-07,1.46726979376e-07,0.000112667598539,3.2146372732e-08,2.7471461661e-08
175.5175027,0.999999574464,1.3974875426e-07,1.45599876217e-07,0.000112158209747,3.18970817277e-08,2.72236398424e-08
175.5195155,0.99999957722,1.38843616212e-07,1.4448122534e-07,0.000111650799258,3.16498805058e-08,2.69778966944e-08
175.5215284,0.999999579959,1.37944124449e-07,1.43370962829e-07,0.000111145358149,3.1404751854e-08,2.67342145643e-08
175.5235413,0.999999582681,1.37050242316e-07,1.42269024869e-07,0.000110641877499,3.11616787939e-08,2.64925766325e-08
175.5255542,0.999999585386,1.36161933478e-07,1.41175348322e-07,0.000110140348442,3.09206436306e-08,2.62529658013e-08
175.5275671,0.999999588074,1.35279161884e-07,1.40089870622e-07,0.00010964076215,3.0681629755e-08,2.60153649734e-08
175.52958,0.999999590745,1.34401891538e-07,1.39012529328e-07,0.000109143109807,3.04446203973e-08,2.57797579395e-08
175.5315928,0.9999995934,1.33530086832e-07,1.37943262797e-07,0.000108647382654,3.02095984171e-08,2.55461276022e-08
175.5336057,0.999999596038,1.32663712343e-07,1.36882009762e-07,0.000108153571961,2.99765477144e-08,2.53144573081e-08
175.5356186,0.99999959866,1.3180273275e-07,1.35828709175e-07,0.000107661669013,2.97454516649e-08,2.50847313477e-08
175.5376315,0.999999601265,1.30947113136e-07,1.34783300813e-07,0.000107171665157,2.95162938058e-08,2.48569328454e-08
175.5396444,0.999999603854,1.30096818686e-07,1.33745724661e-07,0.000106683551757,2.92890584212e-08,2.46310463137e-08
175.5416573,0.999999606427,1.29251814771e-07,1.32715921096e-07,0.000106197320204,2.90637290838e-08,2.44070555433e-08
175.5436701,0.999999608984,1.28412067128e-07,1.31693831232e-07,0.000105712961946,2.88402899919e-08,2.41849449911e-08
175.545683,0.999999611525,1.27577541549e-07,1.30679396307e-07,0.00010523046844,2.8618725727e-08,2.39646983924e-08
175.5476959,0.999999614051,1.2674820409e-07,1.29672558093e-07,0.000104749831183,2.83990201842e-08,2.37463009256e-08
175.5497088,0.99999961656,1.25924021106e-07,1.28673258977e-07,0.000104271041718,2.81811581386e-08,2.35297366036e-08
175.5517217,0.999999619054,1.25104958998e-07,1.27681441437e-07,0.000103794091597,2.79651243991e-08,2.33149905493e-08
175.5537345,0.999999621533,1.242909845e-07,1.26697048632e-07,0.000103318972422,2.77509033012e-08,2.31020474972e-08
175.5557474,0.999999623996,1.23482064558e-07,1.25720024152e-07,0.000102845675829,2.7538480113e-08,2.28908924593e-08
175.5577603,0.999999626444,1.22678166187e-07,1.24750311732e-07,0.000102374193464,2.73278398164e-08,2.26815106141e-08
175.5597732,0.999999628877,1.21879256777e-07,1.23787855863e-07,0.000101904517033,2.71189672895e-08,2.24738869181e-08
175.5617861,0.999999631294,1.21085303844e-07,1.22832601294e-07,0.000101436638261,2.69118482104e-08,2.22680071049e-08
175.563799,0.999999633697,1.20296275031e-07,1.21884493036e-07,0.000100970548893,2.67064677064e-08,2.206385602e-08
175.5658118,0.999999636085,1.19512138347e-07,1.20943476839e-07,0.000100506240731,2.65028112667e-08,2.18614200631e-08
175.5678247,0.999999638458,1.18732861869e-07,1.20009498589e-07,0.000100043705589,2.63008648712e-08,2.16606846348e-08
175.5698376,0.999999640816,1.17958413876e-07,1.19082504586e-07,9.95829353119e-05,2.6100613889e-08,2.14616354688e-08
175.5718505,0.999999643159,1.17188762962e-07,1.18162441759e-07,9.91239217949e-05,2.59020443588e-08,2.12642587427e-08
175.5738634,0.999999645488,1.16423877762e-07,1.17249257126e-07,9.86666569397e-05,2.57051424995e-08,2.10685402458e-08
175.5758763,0.999999647803,1.15663727187e-07,1.16342898262e-07,9.82111326921e-05,2.55098940267e-08,2.08744664332e-08
175.5778891,0.999999650103,1.14908280386e-07,1.15443313217e-07,9.77573410354e-05,2.53162854528e-08,2.06820234827e-08
175.579902,0.99999965239,1.14157506558e-07,1.14550450144e-07,9.73052739611e-05,2.5124303186e-08,2.04911979607e-08
175.5819149,0.999999654662,1.13411375229e-07,1.13664257856e-07,9.6854923513e-05,2.49339333807e-08,2.03019762113e-08
175.5839278,0.999999656919,1.12669856082e-07,1.12784685477e-07,9.64062817602e-05,2.47451629547e-08,2.01143449674e-08
175.5859407,0.999999659163,1.11932918893e-07,1.11911682322e-07,9.59593407864e-05,2.45579784511e-08,1.99282912394e-08
175.5879536,0.999999661394,1.11200533771e-07,1.11045198368e-07,9.5514092729e-05,2.43723665744e-08,1.97438013161e-08
175.5899664,0.99999966361,1.10472670906e-07,1.10185183761e-07,9.50705297388e-05,2.41883145312e-08,1.95608626519e-08
175.5919793,0.999999665813,1.09749300675e-07,1.09331589016e-07,9.46286439963e-05,2.40058090615e-08,1.93794625902e-08
175.5939922,0.999999668002,1.09030393739e-07,1.08484365216e-07,9.4188427728e-05,2.38248373593e-08,1.9199587753e-08
175.5960051,0.999999670177,1.08315920815e-07,1.07643463558e-07,9.37498731699e-05,2.36453869065e-08,1.90212257056e-08
175.598018,0.999999672339,1.07605852841e-07,1.0680883568e-07,9.33129725936e-05,2.34674447023e-08,1.88443637916e-08
175.6000309,0.999999674488,1.06900161013e-07,1.0598043373e-07,9.28777183127e-05,2.3290998393e-08,1.86689897985e-08
175.6020437,0.999999676624,1.06198816563e-07,1.05158209933e-07,9.24441026467e-05,2.31160356599e-08,1.84950909032e-08
175.6040566,0.999999678746,1.05501791006e-07,1.04342117074e-07,9.20121179614e-05,2.29425438552e-08,1.83226552819e-08
175.6060695,0.999999680856,1.04809056039e-07,1.03532108296e-07,9.15817566522e-05,2.27705110156e-08,1.81516706665e-08
175.6080824,0.999999682952,1.04120583417e-07,1.02728136862e-07,9.11530111241e-05,2.25999249815e-08,1.79821249557e-08
175.6100953,0.999999685036,1.0343634521e-07,1.01930156659e-07,9.07258738342e-05,2.24307735315e-08,1.7814005715e-08
175.6121081,0.999999687106,1.02756313598e-07,1.0113812179e-07,9.03003372571e-05,2.22630450313e-08,1.76473022862e-08
175.614121,0.999999689164,1.0208046087e-07,1.00351986573e-07,8.98763938858e-05,2.20967274604e-08,1.74820017351e-08
175.6161339,0.99999969121,1.01408759623e-07,9.95717059367e-08,8.94540362641e-05,2.19318090715e-08,1.73180929042e-08
175.6181468,0.999999693242,1.00741182513e-07,9.87972349227e-08,8.90332569454e-05,2.1768278481e-08,1.71555640804e-08
175.6201597,0.999999695263,1.00077702366e-07,9.80285289144e-08,8.86140485117e-05,2.16061238762e-08,1.69944041062e-08
175.6221726,0.999999697271,9.94182922768e-08,9.72655438176e-08,8.81964035892e-05,2.14453339385e-08,1.68346013241e-08
175.6241854,0.999999699266,9.87629253744e-08,9.65082356083e-08,8.77803148102e-05,2.12858974889e-08,1.66761444098e-08
175.6261983,0.99999970125,9.81115750225e-08,9.57565607245e-08,8.73657748459e-05,2.11278029972e-08,1.65190222612e-08
175.6282112,0.999999703221,9.7464214786e-08,9.50104759979e-08,8.69527764013e-05,2.09710395182e-08,1.63632240535e-08
175.6302241,0.99999970518,9.68208182718e-08,9.42699383433e-08,8.65413121882e-05,2.08155960407e-08,1.6208738296e-08
175.632237,0.999999707127,9.6181359366e-08,9.35349052224e-08,8.61313749654e-05,2.0661461383e-08,1.60555547191e-08
175.6342499,0.999999709062,9.55458120862e-08,9.28053343541e-08,8.5722957514e-05,2.05086249226e-08,1.5903662054e-08
175.6362627,0.999999710986,9.49141505327e-08,9.20811836192e-08,8.53160526286e-05,2.03570757717e-08,1.57530498646e-08
175.6382756,0.999999712897,9.42863490788e-08,9.13624114319e-08,8.49106531503e-05,2.02068031961e-08,1.56037073262e-08
175.6402885,0.999999714797,9.36623821714e-08,9.06489763496e-08,8.45067519323e-05,2.00577967833e-08,1.54556238363e-08
175.6423014,0.999999716686,9.3042224425e-08,8.99408372569e-08,8.41043418563e-05,1.99100458411e-08,1.53087890697e-08
175.6443143,0.999999718563,9.2425850683e-08,8.92379534837e-08,8.3703415843e-05,1.97635399935e-08,1.5163192868e-08
175.6463272,0.999999720428,9.18132358401e-08,8.85402844599e-08,8.33039668217e-05,1.96182690843e-08,1.50188245174e-08
175.64834,0.999999722282,9.12043549801e-08,8.78477899826e-08,8.29059877537e-05,1.94742226208e-08,1.48756743035e-08
175.6503529,0.999999724125,9.05991834025e-08,8.71604302681e-08,8.25094716376e-05,1.93313905858e-08,1.47337316792e-08
175.6523658,0.999999725956,8.99976964397e-08,8.64781655961e-08,8.21144114772e-05,1.9189762996e-08,1.4592987263e-08
175.6543787,0.999999727777,8.93998696634e-08,8.58009567101e-08,8.17208003174e-05,1.90493296423e-08,1.4453430397e-08
175.6563916,0.999999729586,8.8805678798e-08,8.51287646488e-08,8.13286312294e-05,1.89100808169e-08,1.43150516441e-08
175.6584044,0.999999731384,8.82150996186e-08,8.44615505493e-08,8.09378972931e-05,1.877200668e-08,1.41778411233e-08
175.6604173,0.999999733172,8.7628108168e-08,8.37992760654e-08,8.05485916345e-05,1.86350973579e-08,1.40417894534e-08
175.6624302,0.999999734948,8.70446805806e-08,8.31419030278e-08,8.01607073953e-05,1.84993434075e-08,1.39068865868e-08
175.6644431,0.999999736714,8.64647930833e-08,8.24893934454e-08,7.97742377334e-05,1.83647351175e-08,1.37731230865e-08
175.666456,0.999999738469,8.58884221647e-08,8.18417098309e-08,7.93891758518e-05,1.8231262983e-08,1.36404898488e-08
175.6684689,0.999999740214,8.53155443621e-08,8.11988147906e-08,7.90055149622e-05,1.80989177686e-08,1.35089774922e-08
175.6704817,0.999999741947,8.47461363594e-08,8.05606712127e-08,7.86232483017e-05,1.79676899403e-08,1.33785763579e-08
175.6724946,0.999999743671,8.41801750653e-08,7.99272424166e-08,7.82423691463e-05,1.78375703287e-08,1.32492774529e-08
175.6745075,0.999999745384,8.36176374188e-08,7.92984917798e-08,7.78628707778e-05,1.77085498724e-08,1.31210715626e-08
175.6765204,0.999999747086,8.30585005575e-08,7.86743830606e-08,7.74847465123e-05,1.75806192677e-08,1.29939499161e-08
175.6785333,0.999999748779,8.25027417894e-08,7.80548803428e-08,7.71079896959e-05,1.745376964e-08,1.28679030764e-08
175.6805462,0.999999750461,8.19503384579e-08,7.74399477782e-08,7.6732593681e-05,1.73279920752e-08,1.27429222174e-08
175.682559,0.999999752133,8.1401268143e-08,7.682954997e-08,7.63585518615e-05,1.72032775467e-08,1.26189994565e-08
175.6845719,0.999999753794,8.08555085357e-08,7.62236517337e-08,7.59858576508e-05,1.70796174372e-08,1.24961250236e-08
175.6865848,0.999999755446,8.03130373996e-08,7.56222180226e-08,7.56145044753e-05,1.69570029435e-08,1.23742906477e-08
175.6885977,0.999999757088,7.97738327221e-08,7.50252142164e-08,7.52444858007e-05,1.68354254049e-08,1.22534876135e-08
175.6906106,0.99999975872,7.9237872558e-08,7.44326058228e-08,7.4875795105e-05,1.67148763494e-08,1.21337073722e-08
175.6926235,0.999999760342,7.87051351081e-08,7.38443586268e-08,7.45084258918e-05,1.65953471667e-08,1.20149415417e-08
175.6946363,0.999999761955,7.81755987601e-08,7.32604387681e-08,7.41423716981e-05,1.64768294536e-08,1.18971816843e-08
175.6966492,0.999999763557,7.76492419474e-08,7.26808124731e-08,7.37776260689e-05,1.6359314978e-08,1.17804195288e-08
175.6986621,0.999999765151,7.71260432633e-08,7.2105446271e-08,7.34141825778e-05,1.62427952755e-08,1.16646471926e-08
175.700675,0.999999766734,7.66059814837e-08,7.15343070364e-08,7.30520348312e-05,1.61272622311e-08,1.15498559605e-08
175.7026879,0.999999768308,7.60890354122e-08,7.09673616961e-08,7.26911764403e-05,1.6012707761e-08,1.14360376724e-08
175.7047007,0.999999769873,7.55751840548e-08,7.04045775595e-08,7.23316010525e-05,1.58991236293e-08,1.13231852228e-08
175.7067136,0.999999771428,7.50644065465e-08,6.98459221788e-08,7.19733023387e-05,1.57865019667e-08,1.12112895079e-08
175.7087265,0.999999772974,7.45566820654e-08,6.92913631876e-08,7.16162739774e-05,1.56748348166e-08,1.11003429781e-08
175.7107394,0.999999774511,7.40519900156e-08,6.87408686451e-08,7.12605096878e-05,1.55641142076e-08,1.09903384171e-08
175.7127523,0.999999776039,7.35503098791e-08,6.81944067563e-08,7.09060032032e-05,1.54543324835e-08,1.08812676647e-08
175.7147652,0.999999777557,7.30516212156e-08,6.76519458728e-08,7.05527482712e-05,1.5345481804e-08,1.07731225052e-08
175.716778,0.999999779067,7.25559038062e-08,6.71134547613e-08,7.02007386793e-05,1.52375544853e-08,1.06658960553e-08
175.7187909,0.999999780567,7.2063137473e-08,6.65789022656e-08,6.98499682226e-05,1.5130543043e-08,1.05595805433e-08
175.7208038,0.999999782059,7.15733021622e-08,6.60482574615e-08,6.95004307187e-05,1.50244397875e-08,1.04541681978e-08
175.7228167,0.999999783541,7.10863780097e-08,6.552148978e-08,6.91521200198e-05,1.49192372979e-08,1.03496520243e-08
175.7248296,0.999999785015,7.0602345177e-08,6.49985686997e-08,6.8805029983e-05,1.48149282372e-08,1.02460239182e-08
175.7268425,0.99999978648,7.01211839935e-08,6.44794640128e-08,6.84591544959e-05,1.47115051038e-08,1.01432772737e-08
175.7288553,0.999999787937,6.96428749322e-08,6.39641457794e-08,6.81144874725e-05,1.46089607099e-08,1.00414047632e-08
175.7308682,0.999999789385,6.91673984965e-08,6.34525841155e-08,6.77710228323e-05,1.45072878466e-08,9.94039883739e-09
175.7328811,0.999999790824,6.86947353888e-08,6.29447495087e-08,6.74287545317e-05,1.44064792329e-08,9.84025316786e-09
175.734894,0.999999792255,6.8224866406e-08,6.24406126209e-08,6.70876765443e-05,1.43065278871e-08,9.74095931694e-09
175.7369069,0.999999793677,6.77577724074e-08,6.1940144231e-08,6.67477828553e-05,1.42074266985e-08,9.6425116225e-09
175.7389198,0.999999795091,6.72934344356e-08,6.14433154572e-08,6.64090674837e-05,1.4109168687e-08,9.54490197991e-09
175.7409326,0.999999796497,6.68318335964e-08,6.09500975355e-08,6.60715244606e-05,1.40117469628e-08,9.44812467152e-09
175.7429455,0.999999797894,6.63729511176e-08,6.04604619273e-08,6.57351478392e-05,1.39151546054e-08,9.35217203679e-09
175.7449584,0.999999799283,6.59167683827e-08,5.99743803822e-08,6.53999317021e-05,1.38193848147e-08,9.2570379695e-09
175.7469713,0.999999800664,6.54632668146e-08,5.94918247224e-08,6.50658701392e-05,1.37244309266e-08,9.16271469809e-09
175.7489842,0.999999802037,6.50124279711e-08,5.90127670194e-08,6.47329572654e-05,1.36302861193e-08,9.06919678245e-09
175.750997,0.999999803401,6.45642335639e-08,5.85371796282e-08,6.44011872246e-05,1.35369438271e-08,8.97647700615e-09
175.7530099,0.999999804758,6.41186653281e-08,5.8065034947e-08,6.4070554165e-05,1.34443975129e-08,8.88454859682e-09
175.7550228,0.999999806107,6.36757051694e-08,5.7596305688e-08,6.37410522667e-05,1.3352640539e-08,8.79340550375e-09
175.7570357,0.999999807448,6.32353351023e-08,5.71309647634e-08,6.34126757305e-05,1.32616665354e-08,8.70304128764e-09
175.7590486,0.999999808781,6.27975371776e-08,5.66689851518e-08,6.30854187639e-05,1.31714690765e-08,8.61344923164e-09
175.7610615,0.999999810106,6.23622936365e-08,5.62103401813e-08,6.27592756104e-05,1.30820417336e-08,8.52462339607e-09
175.7630743,0.999999811424,6.19295867856e-08,5.57550033001e-08,6.24342405259e-05,1.29933783088e-08,8.4365572306e-09
175.7650872,0.999999812734,6.14993989972e-08,5.53029480763e-08,6.21103077787e-05,1.29054724796e-08,8.34924440696e-09
175.7671001,0.999999814036,6.10717128301e-08,5.48541484191e-08,6.17874716725e-05,1.28183180425e-08,8.26267937404e-09
175.769113,0.999999815331,6.06465108776e-08,5.44085783008e-08,6.14657265175e-05,1.27319089417e-08,8.17685569254e-09
175.7711259,0.999999816618,6.02237758372e-08,5.39662118842e-08,6.11450666438e-05,1.26462389822e-08,8.09176697869e-09
175.7731388,0.999999817898,5.98034905663e-08,5.35270236232e-08,6.08254864122e-05,1.25613021672e-08,8.00740757034e-09
175.7751516,0.99999981917,5.9385637944e-08,5.30909880111e-08,6.05069801872e-05,1.24770925652e-08,7.9237714723e-09
175.7771645,0.999999820435,5.89702009903e-08,5.26580797983e-08,6.01895423608e-05,1.23936041349e-08,7.84085274486e-09
175.7791774,0.999999821693,5.85571628465e-08,5.22282739548e-08,5.98731673479e-05,1.23108310646e-08,7.75864550384e-09
175.7811903,0.999999822943,5.81465066788e-08,5.18015454965e-08,5.95578495684e-05,1.22287675329e-08,7.67714392058e-09
175.7832032,0.999999824187,5.77382158214e-08,5.13778697438e-08,5.92435834745e-05,1.21474076748e-08,7.59634233294e-09
175.7852161,0.999999825423,5.73322736877e-08,5.09572221602e-08,5.89303635335e-05,1.20667458439e-08,7.51623535633e-09
175.7872289,0.999999826652,5.69286637447e-08,5.0539578307e-08,5.86181842232e-05,1.19867763056e-08,7.43681655146e-09
175.7892418,0.999999827874,5.65273696087e-08,5.01249140149e-08,5.83070400504e-05,1.19074934416e-08,7.35808086683e-09
175.7912547,0.999999829089,5.61283749562e-08,4.97132052237e-08,5.79969255335e-05,1.18288916599e-08,7.28002297334e-09
175.7932676,0.999999830297,5.57316635619e-08,4.93044280501e-08,5.76878352097e-05,1.17509654069e-08,7.20263665377e-09
175.7952805,0.999999831498,5.53372193319e-08,4.88985588479e-08,5.73797636423e-05,1.1673709189e-08,7.12591685659e-09
175.7972933,0.999999832692,5.49450262056e-08,4.84955740309e-08,5.70727054007e-05,1.15971176215e-08,7.04985836375e-09
175.7993062,0.999999833879,5.45550682359e-08,4.80954502167e-08,5.67666550765e-05,1.15211852149e-08,6.97445518005e-09
175.8013191,0.99999983506,5.41673296045e-08,4.7698164255e-08,5.64616072866e-05,1.14459066671e-08,6.89970275358e-09
175.803332,0.999999836234,5.3781794513e-08,4.73036930309e-08,5.61575566519e-05,1.13712767018e-08,6.8255954222e-09
175.8053449,0.999999837401,5.33984473062e-08,4.69120136861e-08,5.58544978211e-05,1.12972899779e-08,6.75212796786e-09
175.8073578,0.999999838562,5.30172724201e-08,4.65231035259e-08,5.5552425461e-05,1.12239413498e-08,6.67929483944e-09
175.8093706,0.999999839716,5.26382543209e-08,4.61369399101e-08,5.52513342446e-05,1.11512256378e-08,6.60709159606e-09
175.8113835,0.999999840864,5.22613776349e-08,4.57535004839e-08,5.49512188761e-05,1.1079137667e-08,6.53551290863e-09
175.8133964,0.999999842005,5.18866270431e-08,4.53727629908e-08,5.46520740707e-05,1.10076724307e-08,6.46455328157e-09
175.8154093,0.99999984314,5.15139872814e-08,4.49947052723e-08,5.43538945545e-05,1.093682484e-08,6.39420827397e-09
175.8174222,0.999999844268,5.11434432422e-08,4.46193054482e-08,5.40566750845e-05,1.08665898966e-08,6.32447294535e-09
175.8194351,0.99999984539,5.07749798465e-08,4.42465416902e-08,5.37604104236e-05,1.07969627115e-08,6.25534152254e-09
175.8214479,0.999999846505,5.04085821031e-08,4.38763923253e-08,5.34650953521e-05,1.07279383034e-08,6.18680995323e-09
175.8234608,0.999999847615,5.00442351544e-08,4.35088359182e-08,5.31707246768e-05,1.06595118371e-08,6.11887335245e-09
175.8254737,0.999999848718,4.96819241607e-08,4.31438510657e-08,5.28772932082e-05,1.05916785283e-08,6.05152661315e-09
175.8274866,0.999999849815,4.93216344008e-08,4.27814165743e-08,5.25847957806e-05,1.05244335215e-08,5.98476518343e-09
175.8294995,0.999999850906,4.89633512545e-08,4.24215114296e-08,5.22932272485e-05,1.04577721288e-08,5.91858406729e-09
175.8315124,0.999999851991,4.86070601229e-08,4.20641146546e-08,5.20025824706e-05,1.03916896604e-08,5.8529791569e-09
175.8335252,0.99999985307,4.82527465473e-08,4.17092055207e-08,5.17128563338e-05,1.03261814023e-08,5.78794545625e-09
175.8355381,0.999999854143,4.79003961352e-08,4.13567634156e-08,5.14240437384e-05,1.02612427992e-08,5.7234782469e-09
175.837551,0.99999985521,4.754999454e-08,4.10067678083e-08,5.11361395941e-05,1.01968692378e-08,5.65957275489e-09
175.8395639,0.999999856271,4.72015275361e-08,4.06591983811e-08,5.08491388348e-05,1.01330562002e-08,5.59622526097e-09
175.8415768,0.999999857326,4.68549809541e-08,4.03140349149e-08,5.0563036406e-05,1.00697991768e-08,5.53343088017e-09
175.8435896,0.999999858376,4.6510340702e-08,3.99712573273e-08,5.02778272689e-05,1.00070937059e-08,5.47118522709e-09
175.8456025,0.999999859419,4.61675927994e-08,3.96308457311e-08,4.99935064073e-05,9.94493536585e-09,5.40948363881e-09
175.8476154,0.999999860457,4.58267232934e-08,3.92927802879e-08,4.97100688105e-05,9.88331981799e-09,5.34832195198e-09
175.8496283,0.99999986149,4.54877183254e-08,3.89570413247e-08,4.94275094874e-05,9.82224265572e-09,5.2876961143e-09
175.8516412,0.999999862516,4.5150564145e-08,3.86236093576e-08,4.91458234686e-05,9.76169960967e-09,5.22760112975e-09
175.8536541,0.999999863537,4.48152470178e-08,3.8292464931e-08,4.88650057884e-05,9.70168643286e-09,5.16803366768e-09
175.8556669,0.999999864553,4.44817533292e-08,3.79635887982e-08,4.85850515053e-05,9.64219883929e-09,5.10898906514e-09
175.8576798,0.999999865563,4.41500695402e-08,3.76369618452e-08,4.83059556935e-05,9.58323268478e-09,5.05046299226e-09
175.8596927,0.999999866567,4.38201821375e-08,3.73125650021e-08,4.80277134324e-05,9.52478380603e-09,4.99245156327e-09
175.8617056,0.999999867566,4.34920777406e-08,3.69903794308e-08,4.77503198291e-05,9.46684804926e-09,4.93495044829e-09
175.8637185,0.99999986856,4.3165743015e-08,3.66703863729e-08,4.74737699998e-05,9.40942138301e-09,4.8779560391e-09
175.8657314,0.999999869548,4.28411646718e-08,3.63525671495e-08,4.71980590702e-05,9.35249972338e-09,4.82146395031e-09
175.8677442,0.999999870531,4.25183295522e-08,3.60369033074e-08,4.69231821933e-05,9.29607905566e-09,4.76547018513e-09
175.8697571,0.999999871509,4.21972245213e-08,3.57233764351e-08,4.66491345267e-05,9.24015544579e-09,4.70997091329e-09
175.87177,0.999999872482,4.18778365171e-08,3.54119682475e-08,4.63759112433e-05,9.18472490087e-09,4.65496219348e-09
175.8737829,0.999999873449,4.15601525889e-08,3.51026606514e-08,4.61035075391e-05,9.12978353531e-09,4.60044002892e-09
175.8757958,0.999999874411,4.12441598008e-08,3.479543558e-08,4.58319186135e-05,9.07532750329e-09,4.54640058933e-09
175.8778087,0.999999875368,4.09298453152e-08,3.4490275136e-08,4.55611396861e-05,9.02135291524e-09,4.492840322e-09
175.8798215,0.99999987632,4.06171963785e-08,3.4187161567e-08,4.52911659942e-05,8.96785600312e-09,4.43975545217e-09
175.8818344,0.999999877267,4.03062002548e-08,3.3886077151e-08,4.5021992779e-05,8.91483300214e-09,4.38714164996e-09
175.8838473,0.999999878209,3.99968443244e-08,3.35870043664e-08,4.47536153058e-05,8.86228013642e-09,4.33499580677e-09
175.8858602,0.999999879146,3.96891160228e-08,3.32899257858e-08,4.44860288517e-05,8.81019374511e-09,4.28331381475e-09
175.8878731,0.999999880078,3.93830028239e-08,3.29948240486e-08,4.4219228702e-05,8.75857013088e-09,4.23209223221e-09
175.8898859,0.999999881006,3.90784922996e-08,3.27016819616e-08,4.39532101626e-05,8.70740567137e-09,4.18132761748e-09
175.8918988,0.999999881928,3.87755720721e-08,3.24104824188e-08,4.368796855e-05,8.65669675036e-09,4.13101608476e-09
175.8939117,0.999999882846,3.84742298251e-08,3.21212084184e-08,4.34234991939e-05,8.60643979159e-09,4.08115430339e-09
175.8959246,0.999999883758,3.81744533354e-08,3.18338431183e-08,4.31597974435e-05,8.55663125229e-09,4.03173872066e-09
175.8979375,0.999999884667,3.78762304024e-08,3.15483697153e-08,4.28968586531e-05,8.50726765101e-09,3.98276578384e-09
175.8999504,0.99999988557,3.75795489038e-08,3.12647715394e-08,4.26346781935e-05,8.45834546456e-09,3.93423194023e-09
175.9019632,0.999999886469,3.72843968065e-08,3.09830320728e-08,4.23732514548e-05,8.40986126976e-09,3.88613385915e-09
175.9039761,0.999999887363,3.6990762091e-08,3.07031348206e-08,4.21125738297e-05,8.36181166307e-09,3.83846787688e-09
175.905989,0.999999888252,3.66986328362e-08,3.04250634558e-08,4.18526407322e-05,8.31419321948e-09,3.79123121785e-09
175.9080019,0.999999889137,3.64079971839e-08,3.01488017579e-08,4.15934475897e-05,8.26700261657e-09,3.7444200518e-09
175.9100148,0.999999890018,3.6118843297e-08,2.9874333542e-08,4.13349898341e-05,8.22023652301e-09,3.69803127009e-09
175.9120277,0.999999890894,3.5831159448e-08,2.96016428095e-08,4.10772629211e-05,8.17389161961e-09,3.6520617086e-09
175.9140405,0.999999891765,3.55449339471e-08,2.93307136253e-08,4.08202623143e-05,8.12796467575e-09,3.60650753706e-09
175.9160534,0.999999892633,3.52601551424e-08,2.90615301183e-08,4.05639834858e-05,8.08245242926e-09,3.56136642399e-09
175.9180663,0.999999893495,3.4976811489e-08,2.87940765983e-08,4.03084219305e-05,8.03735167101e-09,3.51663453912e-09
175.9200792,0.999999894354,3.46948914617e-08,2.85283374087e-08,4.00535731479e-05,7.99265925138e-09,3.4723090514e-09
175.9220921,0.999999895208,3.44143835955e-08,2.82642969935e-08,3.97994326504e-05,7.94837198518e-09,3.42838651912e-09
175.924105,0.999999896058,3.41352765166e-08,2.80019399511e-08,3.95459959703e-05,7.90448676605e-09,3.3848640002e-09
175.9261178,0.999999896903,3.38575588636e-08,2.77412509003e-08,3.92932586427e-05,7.86100051884e-09,3.34173877459e-09
175.9281307,0.999999897745,3.3581219356e-08,2.74822145956e-08,3.90412162203e-05,7.81791014361e-09,3.29900717855e-09
175.9301436,0.999999898582,3.33062467821e-08,2.72248159075e-08,3.87898642708e-05,7.77521262841e-09,3.25666665857e-09
175.9321565,0.999999899415,3.30326299447e-08,2.69690397302e-08,3.85391983651e-05,7.73290496748e-09,3.21471377296e-09
175.9341694,0.999999900244,3.27603577422e-08,2.67148711183e-08,3.82892140953e-05,7.6909841529e-09,3.17314607923e-09
175.9361822,0.999999901069,3.24894191179e-08,2.64622952012e-08,3.80399070631e-05,7.64944725965e-09,3.13196013568e-09
175.9381951,0.99999990189,3.22198030473e-08,2.62112971622e-08,3.77912728775e-05,7.60829134168e-09,3.09115305575e-09
175.940208,0.999999902707,3.19514985842e-08,2.59618623151e-08,3.75433071648e-05,7.56751351035e-09,3.05072261897e-09
175.9422209,0.99999990352,3.16844948269e-08,2.57139760479e-08,3.72960055609e-05,7.52711088517e-09,3.01066538366e-09
175.9442338,0.99999990433,3.14187809211e-08,2.54676238274e-08,3.70493637126e-05,7.48708061571e-09,2.97097879631e-09
175.9462467,0.999999905135,3.11543460898e-08,2.52227912489e-08,3.68033772835e-05,7.44741988123e-09,2.9316597483e-09
175.9482595,0.999999905936,3.08911795744e-08,2.4979463938e-08,3.65580419415e-05,7.40812590596e-09,2.89270563059e-09
175.9502724,0.999999906734,3.06292706802e-08,2.47376276266e-08,3.63133533688e-05,7.36919589067e-09,2.85411394518e-09
175.9522853,0.999999907527,3.03686087853e-08,2.44972681668e-08,3.60693072637e-05,7.33062710885e-09,2.81588136142e-09
175.9542982,0.999999908317,3.01091832788e-08,2.42583714288e-08,3.58258993269e-05,7.29241685107e-09,2.77800560333e-09
175.9563111,0.999999909103,2.98509836302e-08,2.40209234158e-08,3.55831252774e-05,7.25456239857e-09,2.74048428395e-09
175.958324,0.999999909886,2.959399936e-08,2.37849102153e-08,3.53409808455e-05,7.2170611064e-09,2.70331407259e-09
175.9603368,0.999999910665,2.93382200061e-08,2.35503179429e-08,3.50994617654e-05,7.17991032754e-09,2.66649247127e-09
175.9623497,0.99999991144,2.90836351954e-08,2.33171328609e-08,3.48585637913e-05,7.14310742846e-09,2.63001737055e-09
175.9643626,0.999999912212,2.88302345856e-08,2.30853412823e-08,3.46182826845e-05,7.10664983944e-09,2.59388571733e-09
175.9663755,0.99999991298,2.85780078649e-08,2.285492957e-08,3.43786142131e-05,7.07053497373e-09,2.55809506911e-09
175.9683884,0.999999913744,2.83269448087e-08,2.26258842297e-08,3.41395541651e-05,7.03476028551e-09,2.52264314993e-09
175.9704013,0.999999914505,2.80770352083e-08,2.23981917932e-08,3.39010983318e-05,6.99932327273e-09,2.48752729526e-09
175.9724141,0.999999915263,2.78282689035e-08,2.21718388717e-08,3.3663242516e-05,6.96422141411e-09,2.45274495159e-09
175.974427,0.999999916017,2.75806358084e-08,2.19468121973e-08,3.3425982537e-05,6.92945224616e-09,2.41829334335e-09
175.9764399,0.999999916767,2.73341258469e-08,2.17230985185e-08,3.31893142165e-05,6.89501333002e-09,2.3841711938e-09
175.9784528,0.999999917515,2.70887290082e-08,2.15006846898e-08,3.29532333914e-05,6.86090221517e-09,2.35037472818e-09
175.9804657,0.999999918258,2.68444353374e-08,2.12795576565e-08,3.27177359109e-05,6.8271165145e-09,2.31690189256e-09
175.9824785,0.999999918999,2.66012348912e-08,2.10597043827e-08,3.24828176274e-05,6.7936538488e-09,2.28375102163e-09
175.9844914,0.999999919736,2.63591178032e-08,2.08411119576e-08,3.22484744106e-05,6.76051184259e-09,2.25091911776e-09
175.9865043,0.99999992047,2.61180742435e-08,2.06237675289e-08,3.20147021387e-05,6.72768817982e-09,2.21840407155e-09
175.9885172,0.999999921201,2.58780944082e-08,2.04076582865e-08,3.17814966961e-05,6.69518053448e-09,2.18620321846e-09
175.9905301,0.999999921928,2.56391685553e-08,2.01927715204e-08,3.15488539814e-05,6.66298662324e-09,2.15431511519e-09
175.992543,0.999999922653,2.5401286981e-08,1.99790945817e-08,3.1316769902e-05,6.63110417414e-09,2.1227365421e-09
175.9945558,0.999999923374,2.51644400169e-08,1.97666148791e-08,3.10852403735e-05,6.59953093672e-09,2.0914660559e-09
175.9965687,0.999999924092,2.49286180582e-08,1.9555319923e-08,3.08542613266e-05,6.56826468694e-09,2.06050099205e-09
175.9985816,0.999999924807,2.46938115144e-08,1.93451972467e-08,3.06238286951e-05,6.53730323377e-09,2.02983935216e-09
176.0005945,0.999999925519,2.44600108464e-08,1.9136234466e-08,3.03939384247e-05,6.5066443754e-09,1.99947880475e-09
176.0026074,0.999999926228,2.4227206573e-08,1.89284192894e-08,3.01645864749e-05,6.47628596271e-09,1.96941735142e-09
176.0046203,0.999999926934,2.3995389222e-08,1.87217394397e-08,2.99357688073e-05,6.44622586152e-09,1.93965299378e-09
176.0066331,0.999999927637,2.37645493855e-08,1.8516182742e-08,2.97074813984e-05,6.41646193648e-09,1.91018328932e-09
176.008646,0.999999928337,2.35346776962e-08,1.83117370863e-08,2.94797202346e-05,6.38699210513e-09,1.88100623966e-09
176.0106589,0.999999929034,2.33057648006e-08,1.81083903843e-08,2.92524813053e-05,6.35781428744e-09,1.8521199574e-09
176.0126718,0.999999929728,2.30778014163e-08,1.79061306607e-08,2.90257606168e-05,6.3289264174e-09,1.82352233313e-09
176.0146847,0.999999930419,2.28507782849e-08,1.77049459783e-08,2.87995541812e-05,6.30032647473e-09,1.79521120192e-09
176.0166976,0.999999931108,2.2624686173e-08,1.75048244388e-08,2.85738580163e-05,6.27201243214e-09,1.76718467637e-09
176.0187104,0.999999931793,2.23995159156e-08,1.73057542529e-08,2.83486681564e-05,6.24398229418e-09,1.73944092463e-09
176.0207233,0.999999932476,2.21752583608e-08,1.71077236511e-08,2.8123980639e-05,6.21623409761e-09,1.71197772625e-09
176.0227362,0.999999933156,2.19519043951e-08,1.69107209246e-08,2.78997915104e-05,6.1887658712e-09,1.68479308282e-09
176.0247491,0.999999933834,2.17294449634e-08,1.67147344564e-08,2.76760968314e-05,6.16157568615e-09,1.65788555107e-09
176.026762,0.999999934508,2.15078710188e-08,1.65197526421e-08,2.74528926643e-05,6.13466163323e-09,1.63125274399e-09
176.0287748,0.99999993518,2.12871735655e-08,1.63257639578e-08,2.72301750841e-05,6.10802180056e-09,1.60489277423e-09
176.0307877,0.99999993585,2.10673436521e-08,1.61327569482e-08,2.70079401763e-05,6.08165432176e-09,1.57880403195e-09
176.0328006,0.999999936516,2.0848372336e-08,1.59407201723e-08,2.67861840285e-05,6.05555733926e-09,1.5529847408e-09
176.0348135,0.999999937181,2.06302507354e-08,1.57496422834e-08,2.65649027431e-05,6.02972900301e-09,1.52743273585e-09
176.0368264,0.999999937842,2.04129699969e-08,1.5559511979e-08,2.63440924295e-05,6.00416750535e-09,1.5021465738e-09
176.0388393,0.999999938501,2.01965212875e-08,1.53703179883e-08,2.61237492019e-05,5.97887103661e-09,1.47712420073e-09
176.0408521,0.999999939158,1.99808958223e-08,1.5182049115e-08,2.59038691863e-05,5.95383781765e-09,1.45236372928e-09
176.042865,0.999999939812,1.97660848476e-08,1.49946942104e-08,2.56844485163e-05,5.92906608411e-09,1.42786377166e-09
176.0448779,0.999999940464,1.95520796357e-08,1.48082421667e-08,2.5465483332e-05,5.90455408641e-09,1.40362232948e-09
176.0468908,0.999999941113,1.93388715093e-08,1.46226819529e-08,2.52469697857e-05,5.88030009831e-09,1.37963768188e-09
176.0489037,0.99999994176,1.91264518021e-08,1.44380025552e-08,2.50289040326e-05,5.85630241798e-09,1.35590844108e-09
176.0509166,0.999999942404,1.89148118878e-08,1.42541930207e-08,2.48112822376e-05,5.83255934149e-09,1.33243271971e-09
176.0529294,0.999999943046,1.87039431849e-08,1.40712424656e-08,2.45941005768e-05,5.80906920307e-09,1.30920868591e-09
176.0549423,0.999999943686,1.84938371189e-08,1.38891400162e-08,2.43773552281e-05,5.78583035001e-09,1.28623495188e-09
176.0569552,0.999999944324,1.82844851652e-08,1.37078748747e-08,2.41610423815e-05,5.76284113402e-09,1.26350996332e-09
176.0589681,0.999999944959,1.80758788303e-08,1.35274362908e-08,2.39451582352e-05,5.74009994447e-09,1.24103188837e-09
176.060981,0.999999945592,1.78680096316e-08,1.33478135303e-08,2.37296989898e-05,5.71760517608e-09,1.21879911719e-09
176.0629939,0.999999946222,1.76608691408e-08,1.31689959415e-08,2.35146608596e-05,5.6953552377e-09,1.19681009547e-09
176.0650067,0.999999946851,1.74544489487e-08,1.29909729008e-08,2.33000400637e-05,5.67334857076e-09,1.17506354647e-09
176.0670196,0.999999947477,1.72487406645e-08,1.28137338129e-08,2.30858328259e-05,5.65158361654e-09,1.15355730523e-09
176.0690325,0.999999948102,1.70437359504e-08,1.26372681615e-08,2.28720353833e-05,5.63005884139e-09,1.13229059462e-09
176.0710454,0.999999948724,1.68394264783e-08,1.24615654448e-08,2.26586439754e-05,5.60877273549e-09,1.11126152724e-09
176.0730583,0.999999949344,1.66358039494e-08,1.22866152049e-08,2.24456548494e-05,5.58772378865e-09,1.09046843777e-09
176.0750711,0.999999949962,1.64328601093e-08,1.21124070499e-08,2.22330642636e-05,5.56691052197e-09,1.06991010496e-09
176.077084,0.999999950578,1.623058671e-08,1.19389305971e-08,2.20208684779e-05,5.54633147233e-09,1.04958519653e-09
176.0790969,0.999999951192,1.60289755422e-08,1.17661755213e-08,2.18090637622e-05,5.52598518002e-09,1.0294922137e-09
176.0811098,0.999999951803,1.582801843e-08,1.15941315462e-08,2.1597646395e-05,5.50587021794e-09,1.00962932459e-09
176.0831227,0.999999952413,1.56277072044e-08,1.1422788406e-08,2.13866126565e-05,5.48598516818e-09,9.89995752043e-10
176.0851356,0.999999953021,1.5428033742e-08,1.12521359014e-08,2.11759588388e-05,5.46632862281e-09,9.70589497662e-10
176.0871484,0.999999953628,1.52289899407e-08,1.10821638645e-08,2.09656812393e-05,5.44689920399e-09,9.51409562244e-10
176.0891613,0.999999954232,1.5030567714e-08,1.09128621497e-08,2.07557761598e-05,5.42769553748e-09,9.32454613523e-10
176.0911742,0.999999954834,1.48327590109e-08,1.07442206634e-08,2.05462399109e-05,5.40871626996e-09,9.13723208207e-10
176.0931871,0.999999955435,1.46355558046e-08,1.05762293464e-08,2.033706881e-05,5.3899600659e-09,8.95213791985e-10
176.0952,0.999999956033,1.44389500864e-08,1.04088781661e-08,2.01282591789e-05,5.37142559953e-09,8.76925476678e-10
176.0972129,0.99999995663,1.42429338859e-08,1.02421571446e-08,1.99198073496e-05,5.35311156567e-09,8.58856596953e-10
176.0992257,0.999999957225,1.40474992405e-08,1.00760563154e-08,1.97117096562e-05,5.33501667742e-09,8.41006042585e-10
176.1012386,0.999999957819,1.38526382173e-08,9.91056575385e-09,1.95039624406e-05,5.31713965167e-09,8.23372592329e-10
176.1032515,0.99999995841,1.36583429165e-08,9.7456755826e-09,1.92965620536e-05,5.29947923302e-09,8.05954636363e-10
176.1052644,0.999999959,1.34646054431e-08,9.58137593132e-09,1.90895048472e-05,5.28203417767e-09,7.88751675085e-10
176.1072773,0.999999959588,1.3271417939e-08,9.41765698105e-09,1.88827871832e-05,5.26480324987e-09,7.71761599072e-10
176.1092902,0.999999960175,1.30787725686e-08,9.25450894492e-09,1.86764054296e-05,5.24778524068e-09,7.54984075257e-10
176.111303,0.99999996076,1.28866615042e-08,9.09192204684e-09,1.84703559565e-05,5.23097894838e-09,7.38417216262e-10
176.1133159,0.999999961343,1.26950769579e-08,8.92988656595e-09,1.82646351447e-05,5.21438318519e-09,7.22060355951e-10
176.1153288,0.999999961925,1.25040111552e-08,8.76839279998e-09,1.80592393787e-05,5.19799678662e-09,7.05911940013e-10
176.1173417,0.999999962505,1.23134563351e-08,8.60743106538e-09,1.78541650465e-05,5.18181859252e-09,6.89970913736e-10
176.1193546,0.999999963084,1.21234047747e-08,8.44699173057e-09,1.76494085469e-05,5.16584746299e-09,6.74236444453e-10
176.1213674,0.999999963661,1.19338487579e-08,8.2870651734e-09,1.74449662802e-05,5.15008227584e-09,6.5870686683e-10
176.1233803,0.999999964237,1.17447805897e-08,8.12764180023e-09,1.72408346527e-05,5.1345219137e-09,6.43381570242e-10
176.1253932,0.999999964811,1.15561926067e-08,7.96871206011e-09,1.70370100796e-05,5.11916528254e-09,6.2825949998e-10
176.1274061,0.999999965384,1.13680771499e-08,7.81026640774e-09,1.68334889769e-05,5.10401130129e-09,6.13339323774e-10
176.129419,0.999999965955,1.11804265877e-08,7.65229533475e-09,1.66302677686e-05,5.08905889631e-09,5.98619931402e-10
176.1314319,0.999999966525,1.0993233312e-08,7.49478936353e-09,1.64273428853e-05,5.07430701748e-09,5.84100212642e-10
176.1334447,0.999999967094,1.08064897196e-08,7.33773902293e-09,1.62247107588e-05,5.05975462397e-09,5.69779334825e-10
176.1354576,0.999999967661,1.0620188239e-08,7.18113488356e-09,1.60223678301e-05,5.04540068642e-09,5.55656576307e-10
176.1374705,0.999999968227,1.04343213137e-08,7.0249675351e-09,1.58203105442e-05,5.03124419692e-09,5.41730493797e-10
176.1394834,0.999999968792,1.02488813976e-08,6.86922758088e-09,1.56185353493e-05,5.01728415448e-09,5.28000143607e-10
176.1414963,0.999999969355,1.00638609696e-08,6.71390565614e-09,1.54170387007e-05,5.00351957397e-09,5.14464582047e-10
176.1435092,0.999999969918,9.87925252491e-09,6.55899241699e-09,1.52158170584e-05,4.98994948707e-09,5.01122920937e-10
176.145522,0.999999970478,9.69504857088e-09,6.40447853467e-09,1.5014866886e-05,4.97657293392e-09,4.87973772501e-10
176.1475349,0.999999971038,9.51124164114e-09,6.25035471323e-09,1.48141846547e-05,4.96338897235e-09,4.75017025714e-10
176.1495478,0.999999971597,9.32782427457e-09,6.09661166325e-09,1.46137668373e-05,4.95039667426e-09,4.62251403821e-10
176.1515607,0.999999972154,9.14478902988e-09,5.94324011966e-09,1.44136099124e-05,4.93759511916e-09,4.49675796599e-10
176.1535736,0.99999997271,8.96212848795e-09,5.79023084428e-09,1.42137103653e-05,4.92498340706e-09,4.37289593425e-10
176.1555865,0.999999973265,8.779835233e-09,5.63757460294e-09,1.40140646822e-05,4.91256064839e-09,4.25091739586e-10
176.1575993,0.999999973819,8.59790187334e-09,5.48526219025e-09,1.38146693565e-05,4.90032596395e-09,4.13081124861e-10
176.1596122,0.999999974372,8.41632103234e-09,5.33328441837e-09,1.36155208862e-05,4.88827849387e-09,4.01257360672e-10
176.1616251,0.999999974924,8.23508533837e-09,5.18163210538e-09,1.34166157711e-05,4.87641738662e-09,3.89619336794e-10
176.163638,0.999999975475,8.05418744562e-09,5.03029609899e-09,1.32179505184e-05,4.86474180435e-09,3.78166553627e-10
176.1656509,0.999999976025,7.87362001689e-09,4.87926725662e-09,1.30195216384e-05,4.85325092607e-09,3.66897567883e-10
176.1676637,0.999999976574,7.69337572372e-09,4.72853644554e-09,1.28213256439e-05,4.84194393806e-09,3.55812213026e-10
176.1696766,0.999999977121,7.51344726173e-09,4.57809455947e-09,1.26233590554e-05,4.83082004346e-09,3.44909378835e-10
176.1716895,0.999999977668,7.33382733087e-09,4.42793249685e-09,1.24256183946e-05,4.8198784589e-09,3.34188232642e-10
176.1737024,0.999999978214,7.1545086443e-09,4.27804117023e-09,1.22281001876e-05,4.80911840917e-09,3.23648219336e-10
176.1757153,0.999999978759,6.9754839348e-09,4.12841151268e-09,1.20308009666e-05,4.79853913696e-09,3.13288506248e-10
176.1777282,0.999999979304,6.79674593775e-09,3.9790344599e-09,1.18337172648e-05,4.78813989593e-09,3.03108427246e-10
176.179741,0.999999979847,6.61828740542e-09,3.82990096475e-09,1.16368456209e-05,4.77791994974e-09,2.93107094151e-10
176.1817539,0.99999998039,6.44010110414e-09,3.68100199378e-09,1.14401825782e-05,4.76787857941e-09,2.83283785318e-10
176.1837668,0.999999980932,6.26217980316e-09,3.53232851641e-09,1.12437246811e-05,4.75801507518e-09,2.73637945636e-10
176.1857797,0.999999981472,6.08451629067e-09,3.38387151992e-09,1.104746848e-05,4.74832873967e-09,2.64168853459e-10
176.1877926,0.999999982013,5.90710336348e-09,3.23562199931e-09,1.08514105288e-05,4.73881889116e-09,2.54875620609e-10
176.1898055,0.999999982552,5.7299338244e-09,3.08757095493e-09,1.06555473831e-05,4.72948485658e-09,2.45758025041e-10
176.1918183,0.999999983091,5.55300049097e-09,2.93970939992e-09,1.04598756037e-05,4.72032597655e-09,2.36815067556e-10
176.1938312,0.999999983629,5.37629618971e-09,2.79202835473e-09,1.02643917545e-05,4.71134160581e-09,2.28046137529e-10
176.1958441,0.999999984166,5.19981375375e-09,2.64451884516e-09,1.00690924019e-05,4.70253110808e-09,2.19450790873e-10
176.197857,0.999999984703,5.02354603102e-09,2.49717190814e-09,9.87397411756e-06,4.69389386229e-09,2.11028305941e-10
176.1998699,0.999999985239,4.84748587219e-09,2.34997858259e-09,9.67903347422e-06,4.68542925866e-09,2.02777905578e-10
176.2018828,0.999999985775,4.67162613866e-09,2.20292991495e-09,9.48426704852e-06,4.67713669742e-09,1.94699256717e-10
176.2038956,0.99999998631,4.49595970351e-09,2.05601695905e-09,9.28967142158e-06,4.66901559453e-09,1.86791693224e-10
176.2059085,0.999999986844,4.32047944155e-09,1.90923076979e-09,9.09524317516e-06,4.66106537555e-09,1.79054659988e-10
176.2079214,0.999999987378,4.14517824e-09,1.76256240904e-09,8.90097889587e-06,4.6532854778e-09,1.7148776843e-10
176.2099343,0.999999987911,3.97004899355e-09,1.61600294223e-09,8.70687517329e-06,4.64567535311e-09,1.6409001935e-10
176.2119472,0.999999988444,3.79508459943e-09,1.46954343603e-09,8.51292859803e-06,4.63823446221e-09,1.56861135192e-10
176.21396,0.999999988976,3.62027796735e-09,1.32317496198e-09,8.31913576587e-06,4.63096227932e-09,1.49800671867e-10
176.2159729,0.999999989508,3.44562201104e-09,1.17688859267e-09,8.12549327428e-06,4.62385829137e-09,1.42908074263e-10
176.2179858,0.999999990039,3.27110964831e-09,1.03067540195e-09,7.9319977225e-06,4.61692199434e-09,1.36182898292e-10
176.2199987,0.99999999057,3.09673380784e-09,8.84526465381e-10,7.73864571459e-06,4.61015289883e-09,1.29624699863e-10
176.2220116,0.999999991101,2.92248742016e-09,7.38432858554e-10,7.54543385545e-06,4.60355052631e-09,1.23232701821e-10
176.2240245,0.999999991631,2.74836342151e-09,5.92385657243e-10,7.35235875265e-06,4.59711440832e-09,1.17006793143e-10
176.2260373,0.999999992161,2.57435475619e-09,4.46375936022e-10,7.15941701767e-06,4.59084409095e-09,1.10946307696e-10
176.2280502,0.99999999269,2.40045436954e-09,3.00394769185e-10,6.96660526249e-06,4.58473912995e-09,1.05051189969e-10
176.2300631,0.99999999322,2.2266552135e-09,1.54433228811e-10,6.7739201025e-06,4.57879909253e-09,9.93203297384e-11
176.232076,0.999999993749,2.05295024512e-09,8.48238393709e-12,6.58135815587e-06,4.57302355951e-09,9.37538935375e-11
176.2340889,0.999999994277,1.87933242253e-09,-1.37466697039e-10,6.38891604136e-06,4.56741212082e-09,8.83513262551e-11
176.2361018,0.999999994806,1.70579471034e-09,-2.83422951358e-10,6.19659038151e-06,4.56196437923e-09,8.31119617573e-11
176.2381146,0.999999995334,1.53233007579e-09,-4.29395319761e-10,6.00437780059e-06,4.55667994967e-09,7.80359110664e-11
176.2401275,0.999999995862,1.35893148794e-09,-5.75392745428e-10,5.81227492401e-06,4.5515584566e-09,7.31225080486e-11
176.2421404,0.99999999639,1.18559192029e-09,-7.21424178781e-10,5.62027838025e-06,4.54659953727e-09,6.83715306593e-11
176.2441533,0.999999996917,1.01230434842e-09,-8.67498575349e-10,5.42838479945e-06,4.54180284068e-09,6.37823127647e-11
176.2461662,0.999999997445,8.39061749573e-10,-1.01362489471e-09,5.23659081308e-06,4.53716802562e-09,5.93548543648e-11
176.2481791,0.999999997972,6.65857104182e-10,-1.15981210765e-09,5.04489305558e-06,4.53269476445e-09,5.50887113704e-11
176.2501919,0.9999999985,4.92683393179e-10,-1.30606918712e-09,4.85328816195e-06,4.52838273918e-09,5.09837727591e-11
176.2522048,0.999999999027,3.19533599366e-10,-1.45240511534e-09,4.66177276931e-06,4.52423164312e-09,4.70393723973e-11
176.2542177,0.999999999554,1.46400707038e-10,-1.59882888658e-09,4.47034351707e-06,4.52024118263e-09,4.32555102847e-11
176.2562306,1.00000000008,-2.67222993123e-11,-1.74534949698e-09,4.27899704501e-06,4.51641107314e-09,3.96318533546e-11
176.2582435,1.00000000061,-1.99842434195e-10,-1.89197595746e-09,4.08772999537e-06,4.51274104255e-09,3.61679575178e-11
176.2602563,1.00000000114,-3.72966711982e-10,-2.03871728944e-09,3.89653901184e-06,4.50923083061e-09,3.28639337965e-11
176.2622692,1.00000000166,-5.46102146963e-10,-2.18558251777e-09,3.70542073863e-06,4.50588018623e-09,2.97188940124e-11
176.2642821,1.00000000219,-7.1925575392e-10,-2.33258068732e-09,3.51437182241e-06,4.50268887166e-09,2.67332822546e-11
176.266295,1.00000000272,-8.92434548135e-10,-2.47972085058e-09,3.32338891064e-06,4.49965665967e-09,2.39068764785e-11
176.2683079,1.00000000324,-1.0656455453e-09,-2.62701206745e-09,3.13246865157e-06,4.49678333288e-09,2.12390105503e-11
176.2703208,1.00000000377,-1.23889576322e-09,-2.77446342108e-09,2.9416076956e-06,4.49406868743e-09,1.87299065146e-11
176.2723336,1.0000000043,-1.4121922203e-09,-2.9220839993e-09,2.75080269346e-06,4.49151252891e-09,1.63786761931e-11
176.2743465,1.00000000483,-1.58554193652e-09,-3.0698829039e-09,2.56005029704e-06,4.48911467391e-09,1.41862077641e-11
176.2763594,1.00000000536,-1.75895193519e-09,-3.21786925983e-09,2.36934715976e-06,4.48687495189e-09,1.21513910045e-11
176.2783723,1.00000000588,-1.9324292401e-09,-3.3660521953e-09,2.17868993526e-06,4.4847932013e-09,1.02746700037e-11
176.2803852,1.00000000641,-2.10598087859e-09,-3.51444086041e-09,1.98807527843e-06,4.48286927271e-09,8.55515658316e-12
176.2823981,1.00000000694,-2.27961388165e-09,-3.66304442535e-09,1.79749984518e-06,4.48110302852e-09,6.99351687672e-12
176.2844109,1.00000000747,-2.45333528103e-09,-3.81187206452e-09,1.60696029159e-06,4.47949434015e-09,5.58975088438e-12
176.2864238,1.000000008,-2.62715211432e-09,-3.96093298194e-09,1.416453275e-06,4.47804309203e-09,4.34297042773e-12
176.2884367,1.00000000853,-2.80107142231e-09,-4.11023639662e-09,1.22597545323e-06,4.47674917921e-09,3.25384164057e-12
176.2904496,1.00000000906,-2.9751002479e-09,-4.25979153732e-09,1.03552348444e-06,4.4756125065e-09,2.32147634449e-12
176.2924625,1.00000000959,-3.1492456407e-09,-4.40960766284e-09,8.45094027651e-07,4.47463299139e-09,1.5463186287e-12
176.2944754,1.00000001012,-3.32351465398e-09,-4.55969404735e-09,6.5468374221e-07,4.47381056178e-09,9.28368493192e-13
176.2964882,1.00000001065,-3.49791434442e-09,-4.71005997923e-09,4.64289287788e-07,4.47314515582e-09,4.66848781855e-13
176.2985011,1.00000001118,-3.67245177739e-09,-4.86071478179e-09,2.73907324628e-07,4.47263672457e-09,1.62869717713e-13
176.300514,1.00000001171,-3.84713401988e-09,-5.01166778452e-09,8.35345130472e-08,4.47228522813e-09,1.56541446472e-14
176.3025269,1.00000001225,-4.02196814576e-09,-5.16292834349e-09,-1.0683248632e-07,4.47209063825e-09,2.5202062659e-14
176.3045398,1.00000001278,-4.19696123758e-09,-5.3145058469e-09,-2.97197012616e-07,4.47205293889e-09,1.91957560958e-13
176.3065526,1.00000001331,-4.3721203792e-09,-5.46640968793e-09,-4.87562404954e-07,4.47217212283e-09,5.15698594938e-13
176.3085655,1.00000001385,-4.54745266488e-09,-5.61864929704e-09,-6.77932002337e-07,4.47244819551e-09,9.95536986181e-13
176.3105784,1.00000001438,-4.72296519606e-09,-5.77123412987e-09,-8.6830914379e-07,4.47288117345e-09,1.63280500232e-12
176.3125913,1.00000001492,-4.89866507655e-09,-5.92417365031e-09,-1.05869716835e-06,4.47347108238e-09,2.42683650953e-12
176.3146042,1.00000001545,-5.07455942362e-09,-6.07747736822e-09,-1.24909941526e-06,4.47421796126e-09,3.37785355242e-12
176.3166171,1.00000001599,-5.25065535959e-09,-6.23115481014e-09,-1.43951922391e-06,4.47512185912e-09,4.48630022021e-12
176.3186299,1.00000001652,-5.42696001168e-09,-6.38521551909e-09,-1.62995993378e-06,4.4761828349e-09,5.75173242368e-12
176.3206428,1.00000001706,-5.60348052227e-09,-6.53966908746e-09,-1.82042488494e-06,4.47740096089e-09,7.17437220743e-12
176.3226557,1.0000000176,-5.78022403673e-09,-6.69452511727e-09,-2.01091741756e-06,4.47877631861e-09,8.75421957147e-12
176.3246686,1.00000001814,-5.95719770945e-09,-6.84979323932e-09,-2.20144087221e-06,4.48030900057e-09,1.04914965604e-11
176.3266815,1.00000001868,-6.1344087095e-09,-7.00548313069e-09,-2.39199859025e-06,4.48199911206e-09,1.23858701073e-11
176.3286944,1.00000001922,-6.31186420803e-09,-7.16160447485e-09,-2.58259391314e-06,4.48384676729e-09,1.44384504353e-11
176.3307072,1.00000001976,-6.48957138995e-09,-7.31816699789e-09,-2.77323018315e-06,4.48585209247e-09,1.66486824327e-11
176.3327201,1.0000000203,-6.66753745266e-09,-7.47518046402e-09,-2.96391074338e-06,4.48801522579e-09,1.9016344055e-11
176.334733,1.00000002085,-6.84576959621e-09,-7.63265464542e-09,-3.15463893711e-06,4.49033631432e-09,2.15427675698e-11
176.3367459,1.00000002139,-7.02427503891e-09,-7.79059936929e-09,-3.3454181089e-06,4.4928155181e-09,2.42268427542e-11
176.3387588,1.00000002193,-7.20306100823e-09,-7.94902448999e-09,-3.53625160403e-06,4.4954530081e-09,2.70699018756e-11
176.3407717,1.00000002248,-7.38213473723e-09,-8.10793987846e-09,-3.72714276823e-06,4.49824896471e-09,3.00710567558e-11
176.3427845,1.00000002302,-7.56150347859e-09,-8.26735546332e-09,-3.91809494879e-06,4.50120358145e-09,3.32309735285e-11
176.3447974,1.00000002357,-7.74117449266e-09,-8.42728119539e-09,-4.10911149369e-06,4.50431706227e-09,3.6549763216e-11
176.3468103,1.00000002412,-7.92115504884e-09,-8.58772705191e-09,-4.30019575167e-06,4.50758962111e-09,4.00280919521e-11
176.3488232,1.00000002467,-8.10145243778e-09,-8.74870307109e-09,-4.4913510734e-06,4.51102148535e-09,4.36658487146e-11
176.3508361,1.00000002522,-8.28207395363e-09,-8.91021930115e-09,-4.68258080987e-06,4.51461289167e-09,4.74632555481e-11
176.3528489,1.00000002577,-8.46302690636e-09,-9.07228583542e-09,-4.87388831359e-06,4.51836408796e-09,5.14207565416e-11
176.3548618,1.00000002632,-8.64431862499e-09,-9.23491282099e-09,-5.0652769389e-06,4.52227533514e-09,5.55387957846e-11
176.3568747,1.00000002687,-8.82595644145e-09,-9.39811041312e-09,-5.25675004044e-06,4.52634690306e-09,5.98171512323e-11
176.3588876,1.00000002743,-9.00794770966e-09,-9.56188882869e-09,-5.44831097509e-06,4.53057907386e-09,6.42558228847e-11
176.3609005,1.00000002798,-9.19029979824e-09,-9.72625832544e-09,-5.63996310124e-06,4.53497214193e-09,6.8855587898e-11
176.3629134,1.00000002854,-9.3730200807e-09,-9.89122917463e-09,-5.83170977783e-06,4.53952641055e-09,7.36173344507e-11
176.3649262,1.0000000291,-9.55611595731e-09,-1.00568117215e-08,-6.02355436662e-06,4.54424219633e-09,7.85402853865e-11
176.3669391,1.00000002966,-9.73959483804e-09,-1.02230163376e-08,-6.21550023049e-06,4.54911982714e-09,8.36251068392e-11
176.368952,1.00000003022,-9.92346414241e-09,-1.03898534211e-08,-6.40755073334e-06,4.55415964007e-09,8.88731310766e-11
176.3709649,1.00000003078,-1.01077313185e-08,-1.05573334475e-08,-6.5997092423e-06,4.55936198633e-09,9.42834699202e-11
176.3729778,1.00000003134,-1.02924038198e-08,-1.07254669076e-08,-6.79197912513e-06,4.56472722731e-09,9.98570115485e-11
176.3749907,1.0000000319,-1.04774891166e-08,-1.08942643368e-08,-6.9843637515e-06,4.57025573447e-09,1.05593866984e-10
176.3770035,1.00000003247,-1.06629947056e-08,-1.10637363421e-08,-7.17686649419e-06,4.57594789355e-09,1.11494702359e-10
176.3790164,1.00000003303,-1.0848928087e-08,-1.12338935403e-08,-7.36949072642e-06,4.58180409967e-09,1.17559850743e-10
176.3810293,1.0000000336,-1.10352967855e-08,-1.14047466134e-08,-7.56223982432e-06,4.58782475916e-09,1.23789978268e-10
176.3830422,1.00000003417,-1.12221083475e-08,-1.15763063011e-08,-7.75511716665e-06,4.59401029229e-09,1.3018486289e-10
176.3850551,1.00000003474,-1.14093703255e-08,-1.17485833598e-08,-7.94812613294e-06,4.60036112819e-09,1.36745836876e-10
176.387068,1.00000003531,-1.1597090299e-08,-1.19215886171e-08,-8.14127010602e-06,4.60687770898e-09,1.4347256716e-10
176.3890808,1.00000003589,-1.17852758633e-08,-1.20953329428e-08,-8.33455247072e-06,4.61356048785e-09,1.5036594192e-10
