x,m,c,b,f,V,T
-12,1,-8.31444010001e-43,-2.12800213767e-44,1.49385402746e-37,0,8.34687508401e-22
-11.988,1,1.93123914665e-19,9.8667658802e-22,4.90346854836e-13,0,8.35208787236e-22
-11.976,1,3.86525958381e-19,1.97553318825e-21,9.80999892852e-13,0,8.36773928907e-22
-11.964,1,5.80484667256e-19,2.968753942e-21,1.47226549152e-12,0,8.39386845825e-22
-11.952,1,7.75279379897e-19,3.96853181275e-21,1.96445041119e-12,0,8.43054065305e-22
-11.94,1,9.71190630281e-19,4.97707331399e-21,2.45786198214e-12,0,8.4778474583e-22
-11.928,1,1.16850055249e-18,5.99660338377e-21,2.95280829687e-12,0,8.53590702013e-22
-11.916,1,1.36749331325e-18,7.02937060033e-21,3.44959841491e-12,0,8.60486440622e-22
-11.904,1,1.56845550824e-18,8.07765199206e-21,3.94854254966e-12,0,8.68489190443e-22
-11.892,1,1.77167656246e-18,9.14375791025e-21,4.44995225614e-12,0,8.77618943109e-22
-11.88,1,1.97744913729e-18,1.02300369998e-20,4.95414062107e-12,0,8.87898502904e-22
-11.868,1,2.18606955919e-18,1.13388814537e-20,5.46142246177e-12,0,8.99353545854e-22
-11.856,1,2.39783829332e-18,1.24727328418e-20,5.97211454477e-12,0,9.12012690752e-22
-11.844,1,2.61306034332e-18,1.36340870939e-20,6.48653576804e-12,0,9.25907564038e-22
-11.832,1,2.83204567118e-18,1.48254997574e-20,7.00500735095e-12,0,9.41072876433e-22
-11.82,1,3.05510963319e-18,1.60495914853e-20,7.52785303022e-12,0,9.57546509407e-22
-11.808,1,3.28257344793e-18,1.73090539614e-20,8.0553992686e-12,0,9.75369612043e-22
-11.796,1,3.51476472823e-18,1.86066566633e-20,8.58797549075e-12,0,9.94586711314e-22
-11.784,1,3.75201789882e-18,1.99452522946e-20,9.12591426361e-12,0,1.01524581626e-21
-11.772,1,3.99467465084e-18,2.13277827176e-20,9.6695514916e-12,0,1.0373985353e-21
-11.76,1,4.24308442236e-18,2.2757285262e-20,1.02192266214e-11,0,1.0611002048e-21
-11.748,1,4.49760492275e-18,2.42368996466e-20,1.0775282864e-11,0,1.08641002969e-21
-11.736,1,4.75860274196e-18,2.57698760496e-20,1.13380674511e-11,0,1.11339123976e-21
-11.724,1,5.02645380127e-18,2.73595812902e-20,1.19079318165e-11,0,1.14211123985e-21
-11.712,1,5.30154385879e-18,2.90095057624e-20,1.24852318e-11,0,1.17264177527e-21
-11.7,1,5.58426905195e-18,3.07232709126e-20,1.3070327864e-11,0,1.2050591105e-21
-11.688,1,5.87503649709e-18,3.2504637539e-20,1.36635853319e-11,0,1.23944422244e-21
-11.676,1,6.17426499818e-18,3.43575156133e-20,1.42653746696e-11,0,1.27588301218e-21
-11.664,1,6.48238554687e-18,3.62859715513e-20,1.48760716712e-11,0,1.31446651094e-21
-11.652,1,6.79984189721e-18,3.8294236531e-20,1.54960576734e-11,0,1.35529110396e-21
-11.64,1,7.12709118981e-18,4.03867155493e-20,1.61257197883e-11,0,1.39845877071e-21
-11.628,1,7.46460464817e-18,4.25679975564e-20,1.67654511617e-11,0,1.44407734257e-21
-11.616,1,7.81286841251e-18,4.4842867568e-20,1.74156512846e-11,0,1.49226078345e-21
-11.604,1,8.17238410714e-18,4.72163154262e-20,1.80767261846e-11,0,1.54312946438e-21
-11.592,1,8.54366950523e-18,4.9693545958e-20,1.87490886557e-11,0,1.59681046018e-21
-11.58,1,8.92725925699e-18,5.22799901098e-20,1.94331585105e-11,0,1.65343786603e-21
-11.568,1,9.32370570811e-18,5.49813174734e-20,2.01293628623e-11,0,1.71315313596e-21
-11.556,1,9.7335798887e-18,5.78034513542e-20,2.08381364707e-11,0,1.77610544948e-21
-11.544,1,1.01574721684e-17,6.0752579504e-20,2.15599219434e-11,0,1.84245207244e-21
-11.532,1,1.05959930354e-17,6.3835166678e-20,2.2295169984e-11,0,1.91235874503e-21
-11.52,1,1.10497739546e-17,6.7057968459e-20,2.30443396667e-11,0,1.9860000947e-21
-11.508,1,1.15194683382e-17,7.04280468623e-20,2.38078987485e-11,0,2.06356007652e-21
-11.496,1,1.20057527248e-17,7.39527891887e-20,2.4586324053e-11,0,2.14523244874e-21
-11.484,1,1.25093275468e-17,7.76399213167e-20,2.53801016858e-11,0,2.23122124268e-21
-11.472,1,1.30309180507e-17,8.14975233498e-20,2.61897273045e-11,0,2.32174126656e-21
-11.46,1,1.35712753175e-17,8.55340468873e-20,2.70157064209e-11,0,2.41701864063e-21
-11.448,1,1.4131177419e-17,8.97583345668e-20,2.78585547462e-11,0,2.51729136698e-21
-11.436,1,1.47114308312e-17,9.41796437348e-20,2.87187986211e-11,0,2.62280994367e-21
-11.424,1,1.53128713402e-17,9.88076630301e-20,2.9596975247e-11,0,2.73383797344e-21
-11.412,1,1.59363651383e-17,1.03652531978e-19,3.04936329826e-11,0,2.85065281489e-21
-11.4,1,1.65828100426e-17,1.08724862659e-19,3.14093316783e-11,0,2.97354627351e-21
-11.388,1,1.72531368794e-17,1.14035764256e-19,3.23446430604e-11,0,3.10282533666e-21
-11.376,1,1.79483111823e-17,1.19596872847e-19,3.33001512133e-11,0,3.2388129646e-21
-11.364,1,1.86693342699e-17,1.25420372187e-19,3.42764528308e-11,0,3.38184887632e-21
-11.352,1,1.94172445569e-17,1.31519018324e-19,3.52741575436e-11,0,3.53229038914e-21
-11.34,1,2.01931190148e-17,1.37906166853e-19,3.62938882913e-11,0,3.69051330902e-21
-11.328,1,2.09980748349e-17,1.44595803821e-19,3.73362817514e-11,0,3.85691287663e-21
-11.316,1,2.18332714721e-17,1.5160258327e-19,3.84019888813e-11,0,4.03190478486e-21
-11.304,1,2.26999119331e-17,1.58941853356e-19,3.94916751935e-11,0,4.21592619123e-21
-11.292,1,2.35992443502e-17,1.66629687345e-19,4.06060211195e-11,0,4.40943679876e-21
-11.28,1,2.45325637368e-17,1.7468291794e-19,4.17457224245e-11,0,4.61292000125e-21
-11.268,1,2.5501213989e-17,1.83119176242e-19,4.29114906885e-11,0,4.82688410003e-21
-11.256,1,2.65065903485e-17,1.91956939097e-19,4.41040539166e-11,0,5.05186361133e-21
-11.244,1,2.75501409485e-17,2.01215561999e-19,4.53241568421e-11,0,5.28842056924e-21
-11.232,1,2.86333687068e-17,2.10915318147e-19,4.65725613322e-11,0,5.53714591559e-21
-11.22,1,2.97578334392e-17,2.21077441742e-19,4.7850046853e-11,0,5.79866097224e-21
-11.208,1,3.09251542719e-17,2.31724177128e-19,4.91574110089e-11,0,6.07361900461e-21
-11.196,1,3.21370126131e-17,2.42878838557e-19,5.04954702314e-11,0,6.362706901e-21
-11.184,1,3.33951540121e-17,2.54565851657e-19,5.18650601149e-11,0,6.66664684789e-21
-11.172,1,3.47013904394e-17,2.66810802711e-19,5.32670358706e-11,0,6.98619811626e-21
-11.16,1,3.60576028353e-17,2.79640493284e-19,5.47022728482e-11,0,7.32215895319e-21
-11.148,1,3.74657440199e-17,2.93083002252e-19,5.61716671434e-11,0,7.67536859036e-21
-11.136,1,3.89278422804e-17,3.07167761243e-19,5.76761363752e-11,0,8.04670940037e-21
-11.124,1,4.04460036106e-17,3.21925606962e-19,5.92166200592e-11,0,8.43710904991e-21
-11.112,1,4.20224144605e-17,3.37388843379e-19,6.07940801178e-11,0,8.84754279452e-21
-11.1,1,4.36593448124e-17,3.53591310689e-19,6.24095014662e-11,0,9.27903590837e-21
-11.088,1,4.53591516926e-17,3.70568463623e-19,6.40638926975e-11,0,9.73266626364e-21
-11.076,1,4.71242835053e-17,3.88357466705e-19,6.57582869603e-11,0,1.02095670991e-20
-11.064,1,4.89572827319e-17,4.06997260296e-19,6.74937423766e-11,0,1.07109297862e-20
-11.052,1,5.08607892512e-17,4.26528639103e-19,6.92713426147e-11,0,1.12380067768e-20
-11.04,1,5.28375440515e-17,4.4699433925e-19,7.10921975496e-11,0,1.17921147234e-20
-11.028,1,5.48903934739e-17,4.68439137159e-19,7.29574440363e-11,0,1.2374637791e-20
-11.016,1,5.70222944462e-17,4.9090996985e-19,7.48682469014e-11,0,1.29870312118e-20
-11.004,1,5.92363177422e-17,5.14456018316e-19,7.68257994116e-11,0,1.36308248384e-20
-10.992,1,6.153565199e-17,5.39128806658e-19,7.8831323919e-11,0,1.43076269286e-20
-10.98,1,6.39236081565e-17,5.64982312035e-19,8.08860726061e-11,0,1.50191281525e-20
-10.968,1,6.64036246731e-17,5.92073089534e-19,8.29913283587e-11,0,1.5767105845e-20
-10.956,1,6.89792737608e-17,6.20460424103e-19,8.51484058878e-11,0,1.6553428569e-20
-10.944,1,7.16542653653e-17,6.50206435823e-19,8.73586522558e-11,0,1.73800606787e-20
-10.932,1,7.44324519997e-17,6.81376205104e-19,8.96234476042e-11,0,1.82490671798e-20
-10.92,1,7.73178341621e-17,7.1403791153e-19,9.19442059945e-11,0,1.91626188748e-20
-10.908,1,8.03145665297e-17,7.4826299156e-19,9.43223763952e-11,0,2.01229978223e-20
-10.896,1,8.34269656026e-17,7.8412633042e-19,9.67594439505e-11,0,2.11326031959e-20
-10.884,1,8.66595144581e-17,8.21706395035e-19,9.92569305735e-11,0,2.21939571433e-20
-10.872,1,9.00168686009e-17,8.61085392135e-19,1.01816395767e-10,0,2.33097110279e-20
-10.86,1,9.35038625111e-17,9.02349443608e-19,1.04439437572e-10,0,2.44826520341e-20
-10.848,1,9.7125517129e-17,9.4558878567e-19,1.0712769369e-10,0,2.57157101778e-20
-10.836,1,1.00887049095e-16,9.90898011212e-19,1.09882842909e-10,0,2.70119658261e-20
-10.824,1,1.04793876493e-16,1.03837623768e-18,1.12706605781e-10,0,2.83746572224e-20
-10.812,1,1.08851625921e-16,1.08812730676e-18,1.15600745545e-10,0,2.98071884998e-20
-10.8,1,1.13066140406e-16,1.14026000579e-18,1.18567069202e-10,0,3.1313138162e-20
-10.788,1,1.17443488447e-16,1.19488831937e-18,1.21607428779e-10,0,3.28962680834e-20
-10.776,1,1.21989975188e-16,1.2521317354e-18,1.24723722951e-10,0,3.45605331633e-20
-10.764,1,1.26712149357e-16,1.3121154571e-18,1.27917897801e-10,0,3.63100909883e-20
-10.752,1,1.31616811812e-16,1.37497065515e-18,1.31191947864e-10,0,3.81493121207e-20
-10.74,1,1.36711025104e-16,1.44083474744e-18,1.34547917342e-10,0,4.00827909872e-20
-10.728,1,1.42002124416e-16,1.5098517167e-18,1.37987901536e-10,0,4.21153574341e-20
-10.716,1,1.47497731063e-16,1.58217249709e-18,1.41514048688e-10,0,4.42520891211e-20
-10.704,1,1.53205760878e-16,1.65795524194e-18,1.45128560824e-10,0,4.64983239278e-20
-10.692,1,1.59134434544e-16,1.7373656422e-18,1.48833694952e-10,0,4.88596731627e-20
-10.68,1,1.65292289155e-16,1.82057727969e-18,1.52631764428e-10,0,5.13420355439e-20
-10.668,1,1.71688191437e-16,1.9077720283e-18,1.56525140578e-10,0,5.39516120337e-20
-10.656,1,1.78331354065e-16,1.99914054218e-18,1.6051625478e-10,0,5.66949217502e-20
-10.644,1,1.85231345803e-16,2.09488259389e-18,1.64607599431e-10,0,5.95788178961e-20
-10.632,1,1.92398103995e-16,2.19520747658e-18,1.68801729284e-10,0,6.2610504719e-20
-10.62,1,1.99841948535e-16,2.30033445008e-18,1.73101263007e-10,0,6.57975554599e-20
-10.608,1,2.07573597852e-16,2.41049324754e-18,1.77508885015e-10,0,6.91479313988e-20
-10.596,1,2.15604188634e-16,2.5259246921e-18,1.82027347829e-10,0,7.2670002283e-20
-10.584,1,2.23945288089e-16,2.64688112378e-18,1.86659473167e-10,0,7.6372566778e-20
-10.572,1,2.32608909038e-16,2.77362690744e-18,1.91408153462e-10,0,8.02648742431e-20
-10.56,1,2.41607526808e-16,2.90643899615e-18,1.96276353624e-10,0,8.43566477746e-20
-10.548,1,2.50954098551e-16,3.045607571e-18,2.01267113113e-10,0,8.86581086583e-20
-10.536,1,2.60662087097e-16,3.19143681982e-18,2.06383548616e-10,0,9.31800025955e-20
-10.524,1,2.70745475766e-16,3.3442454764e-18,2.11628855277e-10,0,9.79336259606e-20
-10.512,1,2.81218786615e-16,3.50436746184e-18,2.17006308416e-10,0,1.02930853758e-19
-10.5,1,2.92097100867e-16,3.67215259602e-18,2.22519265527e-10,0,1.08184169207e-19
-10.488,1,3.03396082258e-16,3.84796740564e-18,2.28171168624e-10,0,1.13706695137e-19
-10.476,1,3.15132005872e-16,4.03219610756e-18,2.33965547274e-10,0,1.19512227653e-19
-10.464,1,3.27321776055e-16,4.22524128976e-18,2.39906019985e-10,0,1.25615269852e-19
-10.452,1,3.39982948466e-16,4.42752472123e-18,2.45996296161e-10,0,1.32031067716e-19
-10.44,1,3.53133754776e-16,4.63948825039e-18,2.52240178356e-10,0,1.38775648094e-19
-10.428,1,3.66793130893e-16,4.86159482555e-18,2.58641564937e-10,0,1.45865859008e-19
-10.416,1,3.80980751822e-16,5.09432973668e-18,2.65204453516e-10,0,1.53319412877e-19
-10.404,1,3.95717053314e-16,5.33820147522e-18,2.71932942529e-10,0,1.61154929806e-19
-10.392,1,4.11023258537e-16,5.59374275689e-18,2.78831233437e-10,0,1.69391983661e-19
-10.38,1,4.26921407918e-16,5.86151165614e-18,2.8590363329e-10,0,1.78051150844e-19
-10.368,1,4.43434393279e-16,6.14209289476e-18,2.93154557741e-10,0,1.87154062031e-19
-10.356,1,4.60585999972e-16,6.43609940998e-18,3.0058853493e-10,0,1.96723457671e-19
-10.344,1,4.78400933052e-16,6.74417344018e-18,3.08210207277e-10,0,2.06783243559e-19
-10.332,1,4.9690484952e-16,7.06698781641e-18,3.16024333972e-10,0,2.17358550001e-19
-10.32,1,5.16124394404e-16,7.40524739492e-18,3.24035793882e-10,0,2.28475794419e-19
-10.308,1,5.36087242018e-16,7.75969068435e-18,3.3224958896e-10,0,2.40162747789e-19
-10.296,1,5.56822146904e-16,8.1310918258e-18,3.40670848652e-10,0,2.52448605888e-19
-10.284,1,5.78358975477e-16,8.52026196383e-18,3.49304831921e-10,0,2.65364060645e-19
-10.272,1,6.00728744998e-16,8.92805087717e-18,3.58156930075e-10,0,2.78941376097e-19
-10.26,1,6.23963667194e-16,9.35534878764e-18,3.67232670053e-10,0,2.93214468774e-19
-10.248,1,6.4809719814e-16,9.80308841474e-18,3.7653771829e-10,0,3.08218992989e-19
-10.236,1,6.73164099843e-16,1.02722474761e-17,3.86077885712e-10,0,3.23992432312e-19
-10.224,1,6.99200478497e-16,1.07638504182e-17,3.95859130025e-10,0,3.40574191177e-19
-10.212,1,7.26243831598e-16,1.12789704759e-17,4.05887558918e-10,0,3.58005692399e-19
-10.2,1,7.54333100678e-16,1.18187319562e-17,4.16169433791e-10,0,3.76330480373e-19
-10.188,1,7.8350873161e-16,1.23843128323e-17,4.26711174128e-10,0,3.95594330586e-19
-10.176,1,8.13812749055e-16,1.29769479014e-17,4.3751936316e-10,0,4.1584536705e-19
-10.164,1,8.45288802714e-16,1.35979309696e-17,4.48600750455e-10,0,4.37134179908e-19
-10.152,1,8.77982224281e-16,1.42486174523e-17,4.59962255549e-10,0,4.59513950647e-19
-10.14,1,9.11940091202e-16,1.49304272575e-17,4.71610972167e-10,0,4.83040584585e-19
-10.128,1,9.4721129957e-16,1.56448480621e-17,4.83554173181e-10,0,5.07772851465e-19
-10.116,1,9.83846654133e-16,1.63934392979e-17,4.95799317022e-10,0,5.3377253623e-19
-10.104,1,1.02189892421e-15,1.71778349107e-17,5.08354050618e-10,0,5.61104590018e-19
-10.092,1,1.06142291253e-15,1.79997466437e-17,5.21226213503e-10,0,5.89837290903e-19
-10.08,1,1.10247553234e-15,1.88609676777e-17,5.34423842605e-10,0,6.2004241401e-19
-10.068,1,1.14511589549e-15,1.97633767677e-17,5.47955177859e-10,0,6.51795412008e-19
-10.056,1,1.18940542129e-15,2.07089432756e-17,5.61828669472e-10,0,6.85175608689e-19
-10.044,1,1.23540790406e-15,2.16997306542e-17,5.76052981253e-10,0,7.20266392821e-19
-10.032,1,1.28318959642e-15,2.27379005915e-17,5.90636995271e-10,0,7.57155424528e-19
-10.02,1,1.33281930241e-15,2.38257176081e-17,6.0558981727e-10,0,7.95934853687e-19
-10.008,1,1.38436848408e-15,2.49655542783e-17,6.20920783041e-10,0,8.3670155166e-19
-9.996,1,1.43791139303e-15,2.61598975857e-17,6.36639466646e-10,0,8.79557359826e-19
-9.984,1,1.49352515209e-15,2.74113533206e-17,6.52755684191e-10,0,9.24609338458e-19
-9.972,1,1.551289856e-15,2.87226513127e-17,6.69279499105e-10,0,9.71970031694e-19
-9.96,1,1.61128868401e-15,3.00966512352e-17,6.86221228277e-10,0,1.02175774793e-18
-9.948,1,1.67360802872e-15,3.1536349197e-17,7.03591449268e-10,0,1.07409685732e-18
-9.936,1,1.7383376551e-15,3.30448857657e-17,7.21401009641e-10,0,1.12911811089e-18
-9.924,1,1.80557079925e-15,3.46255515203e-17,7.39661031226e-10,0,1.18695896002e-18
-9.912,1,1.87540429009e-15,3.62817936566e-17,7.58382916104e-10,0,1.24776389667e-18
-9.9,1,1.94793868556e-15,3.80172233145e-17,7.77578353562e-10,0,1.31168481334e-18
-9.888,1,2.02327842825e-15,3.98356239013e-17,7.97259328264e-10,0,1.37888138507e-18
-9.876,1,2.10153203776e-15,4.17409612198e-17,8.17438130818e-10,0,1.44952147904e-18
-9.864,1,2.18281223005e-15,4.37373904784e-17,8.38127362614e-10,0,1.52378156487e-18
-9.852,1,2.26723606455e-15,4.58292646298e-17,8.59339942604e-10,0,1.60184715134e-18
-9.84,1,2.35492510878e-15,4.80211436216e-17,8.81089115174e-10,0,1.68391324855e-18
-9.828,1,2.44600562662e-15,5.03178049027e-17,9.03388459414e-10,0,1.77018485836e-18
-9.816,1,2.54060881071e-15,5.27242562112e-17,9.26251901081e-10,0,1.86087750029e-18
-9.804,1,2.63887092682e-15,5.52457444219e-17,9.49693718087e-10,0,1.95621773825e-18
-9.792,1,2.74093349169e-15,5.78877660741e-17,9.73728548176e-10,0,2.05644374123e-18
-9.78,1,2.84694347203e-15,6.06560790489e-17,9.9837139785e-10,0,2.16180587673e-18
-9.768,1,2.95705351212e-15,6.35567158326e-17,1.02363765286e-09,0,2.27256734029e-18
-9.756,1,3.07142221477e-15,6.65959996596e-17,1.04954309178e-09,0,2.38900483081e-18
-9.744,1,3.19021431588e-15,6.97805556816e-17,1.07610389221e-09,0,2.5114092267e-18
-9.732,1,3.3136008994e-15,7.31173242564e-17,1.10333663947e-09,0,2.64008630582e-18
-9.72,1,3.44175963792e-15,7.66135756888e-17,1.13125833673e-09,0,2.77535750725e-18
-9.708,1,3.57487506781e-15,8.02769269742e-17,1.1598864169e-09,0,2.91756073969e-18
-9.696,1,3.71313892891e-15,8.41153621757e-17,1.18923875797e-09,0,3.0670512483e-18
-9.684,1,3.85675037556e-15,8.81372465234e-17,1.21933369008e-09,0,3.22420248293e-18
-9.672,1,4.00591623642e-15,9.23513431883e-17,1.25019000539e-09,0,3.38940702234e-18
-9.66,1,4.1608513054e-15,9.67668318901e-17,1.28182696948e-09,0,3.5630775523e-18
-9.648,1,4.32177867422e-15,1.01393330032e-16,1.31426433488e-09,0,3.74564790334e-18
-9.636,1,4.48893014314e-15,1.06240918424e-16,1.34752235846e-09,0,3.93757416382e-18
-9.624,1,4.66254647599e-15,1.11320159077e-16,1.3816218094e-09,0,4.13933579448e-18
-9.612,1,4.84287771437e-15,1.1664211638e-16,1.4165839804e-09,0,4.35143681511e-18
-9.6,1,5.03018352928e-15,1.22218380582e-16,1.45243070059e-09,0,4.57440706025e-18
-9.588,1,5.22473362327e-15,1.28061094475e-16,1.48918435085e-09,0,4.80880351157e-18
-9.576,1,5.42680822683e-15,1.34182985859e-16,1.52686788355e-09,0,5.05521172686e-18
-9.564,1,5.63669840686e-15,1.40597390007e-16,1.56550483155e-09,0,5.314247271e-18
-9.552,1,5.8547064464e-15,1.47318276387e-16,1.60511932086e-09,0,5.58655723947e-18
-9.54,1,6.08114626982e-15,1.54360278308e-16,1.64573608537e-09,0,5.87282187053e-18
-9.528,1,6.31634392888e-15,1.61738726596e-16,1.68738048416e-09,0,6.17375625579e-18
-9.516,1,6.56063820298e-15,1.69469690575e-16,1.73007852379e-09,0,6.49011217485e-18
-9.504,1,6.81438097191e-15,1.77570006413e-16,1.77385686863e-09,0,6.82267993251e-18
-9.492,1,7.07793767507e-15,1.8605731086e-16,1.81874285514e-09,0,7.17229031473e-18
-9.48,1,7.35168782539e-15,1.9495007866e-16,1.86476450853e-09,0,7.53981665846e-18
-9.468,1,7.63602559699e-15,2.04267665053e-16,1.91195056242e-09,0,7.92617704779e-18
-9.456,1,7.93136055082e-15,2.14030357506e-16,1.9603304841e-09,0,8.3323366694e-18
-9.444,1,8.23811808534e-15,2.24259411485e-16,2.00993448619e-09,0,8.75931017128e-18
-9.432,1,8.5567399916e-15,2.34977093035e-16,2.06079354286e-09,0,9.20816417394e-18
-9.42,1,8.8876850746e-15,2.46206725999e-16,2.1129394087e-09,0,9.68001992776e-18
-9.408,1,9.23142986373e-15,2.57972745665e-16,2.16640464096e-09,0,1.01760561327e-17
-9.396,1,9.58846948996e-15,2.70300764044e-16,2.22122262825e-09,0,1.06975119621e-17
-9.384,1,9.95931823075e-15,2.83217615033e-16,2.27742760367e-09,0,1.12456900914e-17
-9.372,1,1.03445101811e-14,2.96751408137e-16,2.33505466321e-09,0,1.18219599217e-17
-9.36,1,1.07446000045e-14,3.10931588075e-16,2.39413978718e-09,0,1.24277609919e-17
-9.348,1,1.11601637924e-14,3.25789002474e-16,2.45471986535e-09,0,1.30646065985e-17
-9.336,1,1.1591800124e-14,3.41355984268e-16,2.5168327295e-09,0,1.37340876781e-17
-9.324,1,1.20401307253e-14,3.57666408681e-16,2.58051716826e-09,0,1.44378766955e-17
-9.312,1,1.25058012804e-14,3.74755761034e-16,2.64581294803e-09,0,1.51777317826e-17
-9.3,1,1.29894823394e-14,3.92661211958e-16,2.7127608372e-09,0,1.59555011191e-17
-9.288,1,1.3491870357e-14,4.11421702837e-16,2.78140263464e-09,0,1.67731275797e-17
-9.276,1,1.40136889743e-14,4.31078049788e-16,2.85178120661e-09,0,1.76326537189e-17
-9.264,1,1.45556898154e-14,4.51673015574e-16,2.92394050358e-09,0,1.85362267627e-17
-9.252,1,1.51186534677e-14,4.7325139517e-16,2.99792558389e-09,0,1.94861039227e-17
-9.24,1,1.57033905804e-14,4.95860110687e-16,3.0737826412e-09,0,2.04846580196e-17
-9.228,1,1.63107431192e-14,5.19548319184e-16,3.15155903685e-09,0,2.15343834506e-17
-9.216,1,1.69415859163e-14,5.44367543904e-16,3.23130334156e-09,0,2.26379025885e-17
-9.204,1,1.75968276335e-14,5.70371765006e-16,3.31306535458e-09,0,2.37979721905e-17
-9.192,1,1.82774119475e-14,5.97617527552e-16,3.39689613045e-09,0,2.50174902211e-17
-9.18,1,1.8984318877e-14,6.26164061281e-16,3.48284801016e-09,0,2.62995030718e-17
-9.168,1,1.97185663008e-14,6.56073416672e-16,3.57097465772e-09,0,2.76472132222e-17
-9.156,1,2.0481211831e-14,6.87410630538e-16,3.66133110752e-09,0,2.9063987456e-17
-9.144,1,2.12733539769e-14,7.20243840528e-16,3.75397378594e-09,0,3.05533650889e-17
-9.132,1,2.20961335787e-14,7.54644421382e-16,3.84896054172e-09,0,3.21190667282e-17
-9.12,1,2.29507354119e-14,7.90687136071e-16,3.94635068126e-09,0,3.37650035421e-17
-9.108,1,2.38383900216e-14,8.28450307489e-16,4.04620501004e-09,0,3.54952870955e-17
-9.096,1,2.47603759881e-14,8.68016027414e-16,4.14858588628e-09,0,3.73142398985e-17
-9.084,1,2.57180213336e-14,9.09470300978e-16,4.25355724546e-09,0,3.92264059692e-17
-9.072,1,2.67127052555e-14,9.52903218595e-16,4.36118463471e-09,0,4.12365620808e-17
-9.06,1,2.77458600657e-14,9.98409146673e-16,4.47153525278e-09,0,4.33497296618e-17
-9.048,1,2.88189734086e-14,1.04608694425e-15,4.58467799704e-09,0,4.55711874237e-17
-9.036,1,2.99335909998e-14,1.09604022668e-15,4.7006835242e-09,0,4.79064849038e-17
-9.024,1,3.10913183268e-14,1.14837754787e-15,4.81962427815e-09,0,5.03614560273e-17
-9.012,1,3.22938227443e-14,1.20321261728e-15,4.94157452892e-09,0,5.2942233546e-17
-9,1,3.35428358188e-14,1.26066454049e-15,5.06661041794e-09,1.11022302463e-16,5.56552643172e-17
-8.988,1,3.48401560101e-14,1.32085809256e-15,5.19481001133e-09,1.11022302463e-16,5.85073255162e-17
-8.976,1,3.61876519819e-14,1.38392405073e-15,5.32625336868e-09,1.11022302463e-16,6.15055420228e-17
-8.964,1,3.75872646583e-14,1.44999942442e-15,5.4610225746e-09,1.11022302463e-16,6.46574038338e-17
-8.952,1,3.90410097562e-14,1.51922772885e-15,5.59920178285e-09,1.11022302463e-16,6.79707846005e-17
-8.94,1,4.05509806204e-14,1.59175928872e-15,5.74087726766e-09,1.11022302463e-16,7.14539612443e-17
-8.928,1,4.21193514652e-14,1.66775158305e-15,5.88613748406e-09,1.11022302463e-16,7.51156347717e-17
-8.916,1,4.37483813763e-14,1.74736966493e-15,6.03507314587e-09,1.11022302463e-16,7.89649525965e-17
-8.904,1,4.54404167974e-14,1.83078645167e-15,6.1877772614e-09,1.11022302463e-16,8.3011530895e-17
-8.892,1,4.71978945915e-14,1.91818307013e-15,6.3443451835e-09,1.11022302463e-16,8.72654784051e-17
-8.88,1,4.90233454685e-14,2.00974923967e-15,6.50487466764e-09,1.11022302463e-16,9.17374216115e-17
-8.868,1,5.09193979037e-14,2.10568370735e-15,6.66946594036e-09,1.11022302463e-16,9.64385314683e-17
-8.856,1,5.28887829766e-14,2.20619477747e-15,6.83822178755e-09,1.11022302463e-16,1.01380552058e-16
-8.844,1,5.49343373759e-14,2.3115006776e-15,7.01124759497e-09,1.11022302463e-16,1.06575829294e-16
-8.832,1,5.70590071014e-14,2.42182999418e-15,7.1886514049e-09,1.11022302463e-16,1.12037341473e-16
-8.82,1,5.92658516072e-14,2.53742215579e-15,7.37054398203e-09,1.11022302463e-16,1.1777873161e-16
-8.808,1,6.15580485393e-14,2.65852798203e-15,7.55703889091e-09,1.11022302463e-16,1.23814341751e-16
-8.796,1,6.39388995844e-14,2.78541035167e-15,7.74825259608e-09,1.11022302463e-16,1.30159249761e-16
-8.784,1,6.64118341044e-14,2.91834466436e-15,7.94430450795e-09,1.11022302463e-16,1.36829306176e-16
-8.772,1,6.89804136103e-14,3.05761939017e-15,8.14531704693e-09,1.11022302463e-16,1.43841173433e-16
-8.76,1,7.16483367715e-14,3.20353667922e-15,8.35141571818e-09,1.11022302463e-16,1.5121236738e-16
-8.748,1,7.44194451432e-14,3.3564130541e-15,8.56272919932e-09,1.11022302463e-16,1.58961301324e-16
-8.736,1,7.72977302377e-14,3.51658025276e-15,8.77938945388e-09,2.22044604925e-16,1.67107333275e-16
-8.724,1,8.02873379175e-14,3.68438581097e-15,9.00153178329e-09,2.22044604925e-16,1.75670813246e-16
-8.712,1,8.33925738043e-14,3.86019375547e-15,9.22929489958e-09,2.22044604925e-16,1.84673133627e-16
-8.7,1,8.66179093349e-14,4.044385373e-15,9.46282101002e-09,2.22044604925e-16,1.94136782475e-16
-8.688,1,8.99679886853e-14,4.2373600838e-15,9.70225591653e-09,2.22044604925e-16,2.0408540007e-16
-8.676,1,9.34476373193e-14,4.43953650489e-15,9.94774914425e-09,2.22044604925e-16,2.1454383956e-16
-8.664,1,9.70618672992e-14,4.65135318468e-15,1.01994540004e-08,2.22044604925e-16,2.25538227703e-16
-8.652,1,1.00815883825e-13,4.8732694774e-15,1.04575276567e-08,2.22044604925e-16,2.37096029528e-16
-8.64,1,1.04715092557e-13,5.10576651309e-15,1.07221312453e-08,2.22044604925e-16,2.49246116759e-16
-8.628,1,1.08765107984e-13,5.34934829947e-15,1.09934299713e-08,2.22044604925e-16,2.62018840422e-16
-8.616,1,1.1297176376e-13,5.6045430631e-15,1.12715932584e-08,2.22044604925e-16,2.75446108709e-16
-8.604,1,1.17341119123e-13,5.87190417604e-15,1.15567948161e-08,3.33066907388e-16,2.8956146496e-16
-8.592,1,1.21879466802e-13,6.1520112587e-15,1.18492127322e-08,3.33066907388e-16,3.04400170678e-16
-8.58,1,1.26593341868e-13,6.44547140336e-15,1.21490295823e-08,3.33066907388e-16,3.1999929338e-16
-8.568,1,1.31489531852e-13,6.75292056399e-15,1.24564325568e-08,3.33066907388e-16,3.36397799813e-16
-8.556,1,1.3657508924e-13,7.07502524791e-15,1.27716136263e-08,3.33066907388e-16,3.53636655922e-16
-8.544,1,1.41857339234e-13,7.41248368451e-15,1.30947696173e-08,3.33066907388e-16,3.71758926966e-16
-8.532,1,1.4734388931e-13,7.76602721628e-15,1.34261023176e-08,4.4408920985e-16,3.90809884103e-16
-8.52,1,1.5304263992e-13,8.13642184192e-15,1.37658185996e-08,4.4408920985e-16,4.10837117176e-16
-8.508,1,1.58961796721e-13,8.52446996929e-15,1.41141305651e-08,4.4408920985e-16,4.3189065439e-16
-8.496,0.999999999999,1.65109885684e-13,8.93101254915e-15,1.44712557319e-08,4.4408920985e-16,4.54023090658e-16
-8.484,0.999999999999,1.71495762474e-13,9.35693054902e-15,1.48374171201e-08,4.4408920985e-16,4.77289716141e-16
-8.472,0.999999999999,1.78128624007e-13,9.80314670752e-15,1.52128433712e-08,5.55111512313e-16,5.01748653082e-16
-8.46,0.999999999999,1.85018021383e-13,1.02706274806e-14,1.55977688881e-08,5.55111512313e-16,5.27461000614e-16
-8.448,0.999999999999,1.9217387468e-13,1.07603852525e-14,1.59924339989e-08,5.55111512313e-16,5.54490988405e-16
-8.436,0.999999999999,1.99606491208e-13,1.12734810263e-14,1.63970851688e-08,5.55111512313e-16,5.82906141447e-16
-8.424,0.999999999999,2.07326576858e-13,1.18110262834e-14,1.6811975097e-08,6.66133814775e-16,6.1277744507e-16
-8.412,0.999999999999,2.15345250068e-13,1.23741851955e-14,1.72373628525e-08,6.66133814775e-16,6.44179520631e-16
-8.4,0.999999999999,2.23674057462e-13,1.29641770789e-14,1.76735140326e-08,6.66133814775e-16,6.77190811423e-16
-8.388,0.999999999999,2.3232499173e-13,1.3582279183e-14,1.81207009479e-08,6.66133814775e-16,7.11893779938e-16
-8.376,0.999999999999,2.41310513701e-13,1.4229830084e-14,1.85792028632e-08,7.77156117238e-16,7.4837511943e-16
-8.364,0.999999999999,2.50643566061e-13,1.49082320286e-14,1.90493061066e-08,7.77156117238e-16,7.86725965777e-16
-8.352,0.999999999999,2.60337590236e-13,1.56189537245e-14,1.9531304224e-08,7.77156117238e-16,8.27042123038e-16
-8.34,0.999999999999,2.70406545301e-13,1.6363533435e-14,2.00254981581e-08,8.881784197e-16,8.69424302137e-16
-8.328,0.999999999999,2.80864929591e-13,1.71435824954e-14,2.05321964587e-08,8.881784197e-16,9.13978374128e-16
-8.316,0.999999999999,2.91727807393e-13,1.79607895928e-14,2.10517155546e-08,9.99200722163e-16,9.60815641804e-16
-8.304,0.999999999999,3.03010825523e-13,1.88169237216e-14,2.15843798785e-08,9.99200722163e-16,1.01005311171e-15
-8.292,0.999999999999,3.14730233741e-13,1.97138377018e-14,2.21305220413e-08,1.11022302463e-15,1.06181378372e-15
-8.28,0.999999999999,3.26902907606e-13,2.06534720817e-14,2.26904830349e-08,1.11022302463e-15,1.11622695749e-15
-8.268,0.999999999999,3.3954637461e-13,2.16378595722e-14,2.32646124707e-08,1.22124532709e-15,1.1734285576e-15
-8.256,0.999999999999,3.52678846439e-13,2.2669130443e-14,2.38532688877e-08,1.22124532709e-15,1.23356148227e-15
-8.244,0.999999999999,3.66319239015e-13,2.37495162499e-14,2.4456819894e-08,1.33226762955e-15,1.2967759526e-15
-8.232,0.999999999999,3.8048719718e-13,2.48813542704e-14,2.50756423641e-08,1.33226762955e-15,1.36322988434e-15
-8.22,0.999999999999,3.95203122327e-13,2.60670924254e-14,2.57101226688e-08,1.44328993201e-15,1.43308928131e-15
-8.208,0.999999999999,4.10488203985e-13,2.73092948696e-14,2.63606569457e-08,1.55431223448e-15,1.5065286529e-15
-8.196,0.999999999999,4.26364458828e-13,2.86106487967e-14,2.70276514481e-08,1.55431223448e-15,1.58373146173e-15
-8.184,0.999999999999,4.42854754907e-13,2.99739691382e-14,2.77115227049e-08,1.66533453694e-15,1.66489057202e-15
-8.172,0.999999999999,4.59982841485e-13,3.14022041564e-14,2.84126977451e-08,1.7763568394e-15,1.75020872694e-15
-8.16,0.999999999999,4.77773382439e-13,3.28984416495e-14,2.91316143575e-08,1.88737914186e-15,1.8398990537e-15
-8.148,0.999999999998,4.96251994453e-13,3.44659160004e-14,2.98687213973e-08,1.88737914186e-15,1.93418559948e-15
-8.136,0.999999999998,5.15445294172e-13,3.61080167578e-14,3.06244791819e-08,1.99840144433e-15,2.0333039063e-15
-8.124,0.999999999998,5.35380927496e-13,3.78282945587e-14,3.13993596717e-08,2.10942374679e-15,2.13750158659e-15
-8.112,0.999999999998,5.56087605648e-13,3.96304681813e-14,3.21938467243e-08,2.22044604925e-15,2.24703893604e-15
-8.1,0.999999999998,5.77595145559e-13,4.15184323672e-14,3.30084363894e-08,2.33146835171e-15,2.36218958208e-15
-8.088,0.999999999998,5.99934516039e-13,4.34962667092e-14,3.38436372555e-08,2.44249065418e-15,2.48324117201e-15
-8.076,0.999999999998,6.2313789478e-13,4.55682464692e-14,3.46999708987e-08,2.6645352591e-15,2.61049611093e-15
-8.064,0.999999999998,6.47238703771e-13,4.77388500459e-14,3.55779720878e-08,2.77555756156e-15,2.74427230082e-15
-8.052,0.999999999998,6.72271652907e-13,5.00127678649e-14,3.64781890719e-08,2.88657986403e-15,2.88490392726e-15
-8.04,0.999999999998,6.98272788806e-13,5.23949122408e-14,3.74011839145e-08,2.99760216649e-15,3.03274229208e-15
-8.028,0.999999999998,7.25279550627e-13,5.4890428582e-14,3.83475328871e-08,3.21964677141e-15,3.18815669677e-15
-8.016,0.999999999998,7.53330838986e-13,5.75047090291e-14,3.93178269768e-08,3.33066907388e-15,3.35153538991e-15
-8.004,0.999999999998,7.82467058769e-13,6.0243401868e-14,4.0312672119e-08,3.5527136788e-15,3.52328651602e-15
-7.992,0.999999999998,8.1273017185e-13,6.31124227373e-14,4.13326895235e-08,3.66373598126e-15,3.70383912567e-15
-7.98,0.999999999997,8.4416375611e-13,6.61179670609e-14,4.2378516053e-08,3.88578058619e-15,3.89364424443e-15
-7.968,0.999999999997,8.76813072916e-13,6.92665241718e-14,4.34508046689e-08,4.10782519111e-15,4.09317600707e-15
-7.956,0.999999999997,9.10725150437e-13,7.25648945068e-14,4.45502250065e-08,4.32986979604e-15,4.30293287396e-15
-7.944,0.999999999997,9.45948835399e-13,7.60202014708e-14,4.56774636388e-08,4.55191440096e-15,4.52343884925e-15
-7.932,0.999999999997,9.82534856821e-13,7.96399055635e-14,4.68332244459e-08,4.77395900589e-15,4.75524477772e-15
-7.92,0.999999999997,1.02053589736e-12,8.34318200524e-14,4.80182290438e-08,4.99600361081e-15,4.99892971717e-15
-7.908,0.999999999997,1.0600066749e-12,8.74041287758e-14,4.92332172897e-08,5.21804821574e-15,5.25510239459e-15
-7.896,0.999999999997,1.10100404326e-12,9.15654078175e-14,5.04789479334e-08,5.55111512313e-15,5.52440276786e-15
-7.884,0.999999999997,1.14358705477e-12,9.5924640461e-14,5.17561989169e-08,5.77315972805e-15,5.80750358972e-15
-7.872,0.999999999996,1.18781703732e-12,1.00491234996e-13,5.30657677922e-08,6.10622663544e-15,6.10511207276e-15
-7.86,0.999999999996,1.23375768062e-12,1.05275044472e-13,5.44084722076e-08,6.43929354283e-15,6.41797165141e-15
-7.848,0.999999999996,1.28147513483e-12,1.1028638914e-13,5.57851504799e-08,6.77236045021e-15,6.74686385145e-15
-7.836,0.999999999996,1.3310381323e-12,1.15536083772e-13,5.71966623332e-08,7.1054273576e-15,7.09261029502e-15
-7.824,0.999999999996,1.38251806323e-12,1.21035456508e-13,5.86438892375e-08,7.43849426499e-15,7.45607470857e-15
-7.812,0.999999999996,1.43598906884e-12,1.267963713e-13,6.01277348825e-08,7.88258347484e-15,7.83816506052e-15
-7.8,0.999999999995,1.49152814559e-12,1.32831252808e-13,6.16491257288e-08,8.21565038223e-15,8.23983582333e-15
-7.788,0.999999999995,1.54921526446e-12,1.39153114683e-13,6.32090116559e-08,8.65973959208e-15,8.66209037381e-15
-7.776,0.999999999995,1.60913351816e-12,1.45775594004e-13,6.48083667996e-08,9.10382880193e-15,9.10598356722e-15
-7.764,0.999999999995,1.67136921251e-12,1.52712975029e-13,6.64481899352e-08,9.54791801178e-15,9.57262431526e-15
-7.752,0.999999999995,1.73601197914e-12,1.59980217478e-13,6.81295050151e-08,1.01030295241e-14,1.00631783305e-14
-7.74,0.999999999995,1.8031549015e-12,1.67592987911e-13,6.98533617928e-08,1.05471187339e-14,1.05788710307e-14
-7.728,0.999999999994,1.87289465898e-12,1.75567695375e-13,7.16208365572e-08,1.11022302463e-14,1.11209906201e-14
-7.716,0.999999999994,1.94533170494e-12,1.839215348e-13,7.34330330814e-08,1.16573417586e-14,1.1690891395e-14
-7.704,0.999999999994,2.02057037721e-12,1.92672516934e-13,7.52910830574e-08,1.23234755733e-14,1.22899970528e-14
-7.692,0.999999999994,2.09871903424e-12,2.01839503981e-13,7.71961467045e-08,1.28785870857e-14,1.29198042156e-14
-7.68,0.999999999993,2.17989020751e-12,2.11442249147e-13,7.91494134769e-08,1.35447209004e-14,1.35818861595e-14
-7.668,0.999999999993,2.26420077577e-12,2.2150144156e-13,8.11521028952e-08,1.43218770177e-14,1.42778967703e-14
-7.656,0.999999999993,2.35177218022e-12,2.32038760964e-13,8.32054656223e-08,1.49880108324e-14,1.50095747867e-14
-7.644,0.999999999993,2.4427305581e-12,2.43076915427e-13,8.5310783955e-08,1.57651669497e-14,1.57787480499e-14
-7.632,0.999999999992,2.53720690732e-12,2.54639686262e-13,8.74693725139e-08,1.65423230669e-14,1.65873380269e-14
-7.62,0.999999999992,2.63533727072e-12,2.66751977851e-13,8.9682579045e-08,1.74305014866e-14,1.74373645979e-14
-7.608,0.999999999992,2.73726294665e-12,2.79439874254e-13,9.19517853623e-08,1.83186799063e-14,1.83309511357e-14
-7.596,0.999999999991,2.84313074916e-12,2.92730708123e-13,9.42784085659e-08,1.93178806285e-14,1.92703299533e-14
-7.584,0.999999999991,2.95309316951e-12,3.06653108227e-13,9.66639016001e-08,2.02060590482e-14,2.02578477592e-14
-7.572,0.999999999991,3.06730857516e-12,3.21237056039e-13,9.91097540343e-08,2.13162820728e-14,2.12959714654e-14
-7.56,0.99999999999,3.18594143251e-12,3.36513948522e-13,1.01617492972e-07,2.24265050974e-14,2.23872943337e-14
-7.548,0.99999999999,3.30916256159e-12,3.52516669456e-13,1.04188684118e-07,2.35367281221e-14,2.35345424966e-14
-7.536,0.99999999999,3.43714945045e-12,3.69279676276e-13,1.06824933159e-07,2.47579734491e-14,2.47405819515e-14
-7.524,0.999999999989,3.57008645055e-12,3.86839059942e-13,1.09527886397e-07,2.59792187762e-14,2.60084255647e-14
-7.512,0.999999999989,3.70816501724e-12,4.05232616236e-13,1.12299231632e-07,2.73114864058e-14,2.73412405284e-14
-7.5,0.999999999988,3.8515839791e-12,4.24499924872e-13,1.15140699194e-07,2.87547763378e-14,2.87423562505e-14
-7.488,0.999999999988,4.00054984576e-12,4.44682439358e-13,1.1805406315e-07,3.01980662698e-14,3.02152727284e-14
-7.476,0.999999999987,4.15527718809e-12,4.65823596407e-13,1.21041142871e-07,3.17523785043e-14,3.17636695271e-14
-7.464,0.999999999987,4.3159888743e-12,4.87968891366e-13,1.24103803748e-07,3.34177130412e-14,3.33914147725e-14
-7.452,0.999999999986,4.48291636076e-12,5.11165968032e-13,1.27243958192e-07,3.50830475782e-14,3.51025747239e-14
-7.44,0.999999999986,4.65630001751e-12,5.35464718319e-13,1.30463566804e-07,3.68594044176e-14,3.69014239054e-14
-7.428,0.999999999985,4.83638950052e-12,5.60917395467e-13,1.33764639743e-07,3.87467835594e-14,3.87924558546e-14
-7.416,0.999999999985,5.02344421119e-12,5.87578751894e-13,1.37149238503e-07,4.07451850037e-14,4.07803946511e-14
-7.404,0.999999999984,5.21773358184e-12,6.15506134197e-13,1.40619476716e-07,4.28546087505e-14,4.28702064615e-14
-7.392,0.999999999983,5.4195374273e-12,6.44759596308e-13,1.44177521299e-07,4.50750547998e-14,4.506711183e-14
-7.38,0.999999999983,5.62914633843e-12,6.75402025039e-13,1.47825593767e-07,4.74065231515e-14,4.73765986853e-14
-7.368,0.999999999982,5.8468621321e-12,7.07499282706e-13,1.51565971791e-07,4.98490138057e-14,4.98044361406e-14
-7.356,0.999999999981,6.07299840675e-12,7.41120380778e-13,1.55400991204e-07,5.24025267623e-14,5.23566892952e-14
-7.344,0.999999999981,6.30788088754e-12,7.76337599547e-13,1.59333046923e-07,5.50670620214e-14,5.50397340559e-14
-7.332,0.99999999998,6.55184785133e-12,8.13226630658e-13,1.63364594234e-07,5.7842619583e-14,5.78602729173e-14
-7.32,0.999999999979,6.80525060248e-12,8.51866735249e-13,1.67498150291e-07,6.08402217495e-14,6.08253516602e-14
-7.308,0.999999999978,7.0684540168e-12,8.92340923607e-13,1.71736295876e-07,6.39488462184e-14,6.394237707e-14
-7.296,0.999999999978,7.34183721325e-12,9.34736173908e-13,1.76081677673e-07,6.71684929898e-14,6.72191359387e-14
-7.284,0.999999999977,7.62579397113e-12,9.79143582938e-13,1.80537009312e-07,7.06101843662e-14,7.06638140948e-14
-7.272,0.999999999976,7.92073324389e-12,1.02565854561e-12,1.85105072829e-07,7.42739203474e-14,7.42850166625e-14
-7.26,0.999999999975,8.22707973432e-12,1.07438095415e-12,1.89788720357e-07,7.80486786311e-14,7.80917895007e-14
-7.248,0.999999999974,8.54527455219e-12,1.12541542437e-12,1.94590876128e-07,8.20454815198e-14,8.20936419503e-14
-7.236,0.999999999973,8.87577602622e-12,1.17887157122e-12,1.99514539045e-07,8.62643290134e-14,8.63005712312e-14
-7.224,0.999999999972,9.21906020848e-12,1.23486419853e-12,2.04562783867e-07,9.07052211119e-14,9.07230868735e-14
-7.212,0.999999999971,9.57562149556e-12,1.29351352518e-12,2.09738762858e-07,9.53681578153e-14,9.53722367282e-14
-7.2,0.99999999997,9.94597332393e-12,1.35494543589e-12,2.15045707715e-07,1.00253139124e-13,1.00259634491e-13
-7.188,0.999999999969,1.03306489649e-11,1.41929176626e-12,2.20486931822e-07,1.05360165037e-13,1.05397488909e-13
-7.176,0.999999999967,1.07302025064e-11,1.48669064974e-12,2.26065833175e-07,1.10800257858e-13,1.10798635101e-13
-7.164,0.999999999966,1.11452094627e-11,1.55728675665e-12,2.31785895719e-07,1.16462395283e-13,1.16476565924e-13
-7.152,0.999999999965,1.15762675251e-11,1.63123157892e-12,2.37650691221e-07,1.22457599616e-13,1.22445465369e-13
-7.14,0.999999999963,1.20239974031e-11,1.70868374597e-12,2.43663881447e-07,1.28674848554e-13,1.28720243899e-13
-7.128,0.999999999962,1.24890437849e-11,1.78980938363e-12,2.49829220726e-07,1.35336186702e-13,1.35316575941e-13
-7.116,0.99999999996,1.29720765248e-11,1.87478255113e-12,2.56150559257e-07,1.42219569454e-13,1.42250940104e-13
-7.104,0.999999999959,1.34737913798e-11,1.96378554202e-12,2.62631844625e-07,1.49547041417e-13,1.49540659446e-13
-7.092,0.999999999957,1.39949109178e-11,2.05700924277e-12,2.69277123925e-07,1.57207580287e-13,1.57203944349e-13
-7.08,0.999999999956,1.45361855336e-11,2.15465353049e-12,2.76090546229e-07,1.65312208367e-13,1.6525993789e-13
-7.068,0.999999999954,1.50983946111e-11,2.25692772487e-12,2.83076365489e-07,1.73749903354e-13,1.73728763976e-13
-7.056,0.999999999952,1.56823479579e-11,2.36405113851e-12,2.90238944284e-07,1.82631687551e-13,1.82631578976e-13
-7.044,0.99999999995,1.62888866965e-11,2.47625345578e-12,2.97582755542e-07,1.91957560958e-13,1.91990623422e-13
-7.032,0.999999999948,1.69188843616e-11,2.59377518424e-12,3.05112384943e-07,2.01838545877e-13,2.01829277055e-13
-7.02,0.999999999946,1.7573248129e-11,2.71686815554e-12,3.12832533713e-07,2.12163620006e-13,2.12172117069e-13
-7.008,0.999999999944,1.82529202202e-11,2.84579609438e-12,3.20748021917e-07,2.23043805647e-13,2.23044979918e-13
-6.996,0.999999999942,1.89588796369e-11,2.98083531144e-12,3.28863792704e-07,2.34479102801e-13,2.34475027602e-13
-6.984,0.99999999994,1.96921432381e-11,3.12227518038e-12,3.37184914254e-07,2.46469511467e-13,2.46490814041e-13
-6.972,0.999999999938,2.04537670673e-11,3.27041870615e-12,3.45716582505e-07,2.59126053948e-13,2.59122355749e-13
-6.96,0.999999999935,2.12448478378e-11,3.42558315557e-12,3.5446412432e-07,2.72448730243e-13,2.72401206615e-13
-6.948,0.999999999933,2.20665246303e-11,3.5881007737e-12,3.63433001213e-07,2.86326518051e-13,2.86360537251e-13
-6.936,0.99999999993,2.29199809906e-11,3.75831965625e-12,3.72628814164e-07,3.00981461976e-13,3.01035220093e-13
-6.924,0.999999999927,2.38064462313e-11,3.93660434996e-12,3.82057305822e-07,3.16413562018e-13,3.16461914621e-13
-6.912,0.999999999925,2.47271970364e-11,4.1233365681e-12,3.91724363596e-07,3.3273384048e-13,3.32679158094e-13
-6.9,0.999999999922,2.56835592565e-11,4.31891598422e-12,4.01636023243e-07,3.49720252757e-13,3.49727461554e-13
-6.888,0.999999999919,2.66769099622e-11,4.52376113404e-12,4.11798473091e-07,3.67594843453e-13,3.67649411706e-13
-6.876,0.999999999916,2.77086799785e-11,4.73831051362e-12,4.22218059493e-07,3.86468634872e-13,3.86489780169e-13
-6.864,0.999999999912,2.87803554601e-11,4.96302333516e-12,4.32901289326e-07,4.06341627013e-13,4.06295632896e-13
-6.852,0.999999999909,2.989347983e-11,5.19838042754e-12,4.43854833488e-07,4.27102797573e-13,4.27116446655e-13
-6.84,0.999999999905,3.10496559504e-11,5.44488523548e-12,4.55085530971e-07,4.48974191158e-13,4.49004232295e-13
-6.828,0.999999999902,3.22505486047e-11,5.70306495477e-12,4.66600393639e-07,4.72066830071e-13,4.72013665538e-13
-6.816,0.999999999898,3.34978875622e-11,5.97347191468e-12,4.78406612411e-07,4.96158669705e-13,4.96202227253e-13
-6.804,0.999999999894,3.47934694814e-11,6.25668452912e-12,4.90511560094e-07,5.21582776969e-13,5.21630343924e-13
-6.792,0.99999999989,3.61391602546e-11,6.55330843005e-12,5.02922795344e-07,5.48339151862e-13,5.48361537209e-13
-6.78,0.999999999886,3.75368976319e-11,6.86397772511e-12,5.15648067277e-07,5.76427794385e-13,5.76462582186e-13
-6.768,0.999999999881,3.8988694222e-11,7.18935642639e-12,5.2869532089e-07,6.0595972684e-13,6.06003675284e-13
-6.756,0.999999999877,4.04966411968e-11,7.53014019044e-12,5.42072704064e-07,6.3704597153e-13,6.37058614362e-13
-6.744,0.999999999872,4.20629105929e-11,7.88705751522e-12,5.55788570768e-07,6.69686528454e-13,6.69704979069e-13
-6.732,0.999999999867,4.36897581457e-11,8.26087116648e-12,5.6985148556e-07,7.03992419915e-13,7.04024322838e-13
-6.72,0.999999999862,4.53795264617e-11,8.65237976044e-12,5.84270228799e-07,7.40074668215e-13,7.4010237607e-13
-6.708,0.999999999856,4.71346486463e-11,9.06241956198e-12,5.99053802793e-07,7.78044295657e-13,7.78029261723e-13
-6.696,0.999999999851,4.89576527825e-11,9.4918666744e-12,6.14211439735e-07,8.17901302241e-13,8.17899726521e-13
-6.684,0.999999999845,5.08511647132e-11,9.9416385456e-12,6.29752605333e-07,8.59867732572e-13,8.59813372497e-13
-6.672,0.999999999839,5.28179114671e-11,1.04126957629e-11,6.45687003904e-07,9.03832564347e-13,9.03874903501e-13
-6.66,0.999999999833,5.48607250943e-11,1.09060440447e-11,6.62024584289e-07,9.50239886777e-13,9.5019438606e-13
-6.648,0.999999999826,5.6982547052e-11,1.14227365033e-11,6.78775546814e-07,9.98867655255e-13,9.98887526154e-13
-6.636,0.99999999982,5.91864336185e-11,1.19638764002e-11,6.9595035228e-07,1.05004893669e-12,1.05007596607e-12
-6.624,0.999999999813,6.14755592571e-11,1.25306190416e-11,7.13559726081e-07,1.10389475338e-12,1.10388758167e-12
-6.612,0.999999999805,6.38532207578e-11,1.31241740361e-11,7.31614663973e-07,1.16040510534e-12,1.16045679887e-12
-6.6,0.999999999798,6.63228418747e-11,1.37458078014e-11,7.50126438778e-07,1.21991305946e-12,1.21992492855e-12
-6.588,0.99999999979,6.88879786267e-11,1.43968464104e-11,7.69106608269e-07,1.28241861574e-12,1.28244052189e-12
-6.576,0.999999999782,7.15523258442e-11,1.50786790595e-11,7.88567025356e-07,1.3481438188e-12,1.34815975153e-12
-6.564,0.999999999774,7.43197212349e-11,1.57927604517e-11,8.08519842757e-07,1.41719969093e-12,1.41724679315e-12
-6.552,0.999999999765,7.71941503911e-11,1.65406136382e-11,8.28977519529e-07,1.48991929905e-12,1.48987423187e-12
-6.54,0.999999999756,8.01797523957e-11,1.7323833171e-11,8.49952828665e-07,1.56619162084e-12,1.56622349215e-12
-6.528,0.999999999746,8.32808262312e-11,1.81440886847e-11,8.71458866033e-07,1.64646074552e-12,1.64648529407e-12
-6.516,0.999999999736,8.65018386932e-11,1.9003129259e-11,8.93509061912e-07,1.73083769539e-12,1.73086014261e-12
-6.504,0.999999999726,8.98474293061e-11,1.9902786417e-11,9.16117186287e-07,1.81954451506e-12,1.81955881763e-12
-6.492,0.999999999716,9.33224163769e-11,2.08449776997e-11,9.39297356249e-07,1.91280324913e-12,1.91280289555e-12
-6.48,0.999999999705,9.69318037721e-11,2.18317106315e-11,9.63064044606e-07,2.0108359422e-12,2.01082530135e-12
-6.468,0.999999999693,1.00680788666e-10,2.2865087226e-11,9.87432090002e-07,2.11386463889e-12,2.11387089436e-12
-6.456,0.999999999681,1.04574771106e-10,2.39473094745e-11,1.01241671e-06,2.22222240609e-12,2.22219709636e-12
-6.444,0.999999999669,1.08619359959e-10,2.50806831167e-11,1.03803350708e-06,2.33602026611e-12,2.33607452077e-12
-6.432,0.999999999656,1.12820380226e-10,2.62676221362e-11,1.064298477e-06,2.45581333047e-12,2.45578764231e-12
-6.42,0.999999999643,1.17183881238e-10,2.75106537492e-11,1.0912280186e-06,2.58160159916e-12,2.58163550576e-12
-6.408,0.999999999629,1.2171614602e-10,2.88124240717e-11,1.11883894522e-06,2.7139401837e-12,2.71393247798e-12
-6.396,0.999999999615,1.2642370286e-10,3.01757050225e-11,1.14714849956e-06,2.85305112868e-12,2.85300905438e-12
-6.384,0.9999999996,1.3131333249e-10,3.16033990663e-11,1.17617436045e-06,2.99926750102e-12,2.99921266662e-12
-6.372,0.999999999584,1.36392076936e-10,3.30985448666e-11,1.20593465234e-06,3.15292236763e-12,3.15290854243e-12
-6.36,0.999999999568,1.41667249423e-10,3.466432356e-11,1.2364479564e-06,3.31445981772e-12,3.31448061559e-12
-6.348,0.999999999552,1.47146445695e-10,3.63040658837e-11,1.26773332346e-06,3.48432394048e-12,3.4843324913e-12
-6.336,0.999999999534,1.52837558004e-10,3.80212608576e-11,1.29981029084e-06,3.66284780284e-12,3.66288848171e-12
-6.324,0.999999999516,1.58748783789e-10,3.98195617481e-11,1.33269889004e-06,3.85058651631e-12,3.85059464283e-12
-6.312,0.999999999497,1.64888636374e-10,4.17027931766e-11,1.3664196575e-06,4.04787314778e-12,4.04791987844e-12
-6.3,0.999999999478,1.71265956945e-10,4.36749590097e-11,1.40099364712e-06,4.25537383109e-12,4.25535710833e-12
-6.288,0.999999999458,1.77889928235e-10,4.5740251322e-11,1.43644244498e-06,4.47342163312e-12,4.47342450782e-12
-6.276,0.999999999437,1.84770091431e-10,4.79030613143e-11,1.4727881884e-06,4.70268268771e-12,4.70266683711e-12
-6.264,0.999999999415,1.91916356674e-10,5.01679868114e-11,1.51005357463e-06,4.94360108405e-12,4.9436567726e-12
-6.252,0.999999999392,1.99339015988e-10,5.25398412007e-11,1.54826187305e-06,5.19695397827e-12,5.19699632417e-12
-6.24,0.999999999369,2.07048757757e-10,5.50236633517e-11,1.58743693938e-06,5.46329648188e-12,5.46331833499e-12
-6.228,0.999999999345,2.15056683275e-10,5.76247288869e-11,1.62760323234e-06,5.74329472869e-12,5.74328807294e-12
-6.216,0.999999999319,2.2337432718e-10,6.03485639092e-11,1.66878583522e-06,6.03761485252e-12,6.0376049373e-12
-6.204,0.999999999293,2.32013670149e-10,6.32009544278e-11,1.71101046578e-06,6.34703400948e-12,6.34700416796e-12
-6.192,0.999999999266,2.40987154533e-10,6.61879575957e-11,1.75430349005e-06,6.67221833339e-12,6.67225866502e-12
-6.18,0.999999999237,2.50307701852e-10,6.93159141802e-11,1.7986919384e-06,7.01416702498e-12,7.01418091439e-12
-6.168,0.999999999208,2.59988732805e-10,7.25914627326e-11,1.84420352447e-06,7.37365724035e-12,7.37362503087e-12
-6.156,0.999999999177,2.70044191978e-10,7.60215568475e-11,1.89086666959e-06,7.75146613563e-12,7.75148894937e-12
-6.144,0.999999999145,2.80488563185e-10,7.96134770096e-11,1.93871051396e-06,8.14870393384e-12,8.14871661927e-12
-6.132,0.999999999112,2.91336888371e-10,8.33748447198e-11,1.98776493234e-06,8.5662588134e-12,8.56630034056e-12
-6.12,0.999999999078,3.02604788765e-10,8.73136381712e-11,2.03806055225e-06,9.00524099734e-12,9.005283236e-12
-6.108,0.999999999042,3.1430848907e-10,9.14382100603e-11,2.08962877539e-06,9.46676070868e-12,9.4667618742e-12
-6.096,0.999999999005,3.26464847329e-10,9.57573092839e-11,2.14250180532e-06,9.95192817044e-12,9.95188908279e-12
-6.084,0.999999998967,3.39091373477e-10,1.00280095827e-10,2.19671266016e-06,1.04618536056e-11,1.04618767657e-11
-6.072,0.999999998927,3.52206252191e-10,1.05016158519e-10,2.25229519031e-06,1.09979803042e-11,1.09979989026e-11
-6.06,0.999999998885,3.65828368462e-10,1.09975534732e-10,2.30928409912e-06,1.15616405338e-11,1.15615947223e-11
-6.048,0.999999998842,3.79977336838e-10,1.15168732773e-10,2.36771496715e-06,1.21540555398e-11,1.21540720711e-11
-6.036,0.999999998797,3.94673537536e-10,1.20606759148e-10,2.42762428351e-06,1.27768906566e-11,1.2776911024e-11
-6.024,0.999999998751,4.09938138861e-10,1.26301137277e-10,2.48904946029e-06,1.34317001965e-11,1.3431667502e-11
-6.012,0.999999998702,4.25793124836e-10,1.32263929802e-10,2.5520288526e-06,1.41199274495e-11,1.41199771225e-11
-6,0.999999998652,4.42261326115e-10,1.38507763346e-10,2.61660178201e-06,1.48435708169e-11,1.48435592744e-11
-5.988,0.9999999986,4.5936645534e-10,1.45045856648e-10,2.68280856402e-06,1.56041846111e-11,1.56042214415e-11
-5.976,0.999999998546,4.77133150786e-10,1.51892054833e-10,2.75069054362e-06,1.64038782557e-11,1.64038638394e-11
-5.964,0.99999999849,4.95587003482e-10,1.59060852921e-10,2.82029011157e-06,1.72444281077e-11,1.72444840597e-11
-5.952,0.999999998431,5.14754590597e-10,1.66567423855e-10,2.89165072715e-06,1.81281656353e-11,1.81281820131e-11
-5.94,0.999999998371,5.34663512821e-10,1.74427649619e-10,2.96481694472e-06,1.90572002623e-11,1.9057165161e-11
-5.928,0.999999998308,5.55342437105e-10,1.8265815658e-10,3.03983444485e-06,2.00337524348e-11,2.00337540667e-11
-5.916,0.999999998242,5.76821149432e-10,1.91276358561e-10,3.11675007455e-06,2.10603756656e-11,2.10603883486e-11
-5.904,0.999999998174,5.99130587592e-10,2.00300486361e-10,3.19561186581e-06,2.21396234679e-11,2.21396326417e-11
-5.892,0.999999998103,6.22302881554e-10,2.09749622979e-10,3.27646906132e-06,2.32741603767e-11,2.32741829447e-11
-5.88,0.99999999803,6.46371398654e-10,2.19643742698e-10,3.35937214456e-06,2.44668729721e-11,2.44668733367e-11
-5.868,0.999999997954,6.71370795264e-10,2.30003755493e-10,3.44437287509e-06,2.57206478338e-11,2.57206831037e-11
-5.856,0.999999997875,6.97337080585e-10,2.40851561144e-10,3.53152433418e-06,2.70387046086e-11,2.70387443816e-11
-5.844,0.999999997793,7.24307656278e-10,2.52210086316e-10,3.62088094569e-06,2.84243739657e-11,2.84243498101e-11
-5.832,0.999999997707,7.52321365265e-10,2.64103328801e-10,3.71249850534e-06,2.9880986574e-11,2.98809606819e-11
-5.82,0.999999997619,7.8141854636e-10,2.76556406614e-10,3.80643421476e-06,3.14122061695e-11,3.14122155652e-11
-5.808,0.999999997526,8.1164109673e-10,2.89595613779e-10,3.90274672145e-06,3.30219185329e-11,3.30219394533e-11
-5.796,0.999999997431,8.43032549023e-10,3.03248488299e-10,4.0014961705e-06,3.47141204671e-11,3.47141535774e-11
-5.784,0.999999997331,8.75638119273e-10,3.17543858729e-10,4.10274422826e-06,3.64930308194e-11,3.64930852331e-11
-5.772,0.999999997228,9.09504765899e-10,3.32511899734e-10,4.20655411552e-06,3.83632015044e-11,3.83631782421e-11
-5.76,0.999999997121,9.44681255752e-10,3.48184193754e-10,4.31299064601e-06,4.03290734141e-11,4.03291040231e-11
-5.748,0.99999999701,9.81218239626e-10,3.6459380107e-10,4.42212027178e-06,4.23957535745e-11,4.2395773338e-11
-5.736,0.999999996894,1.01916834549e-09,3.81775345171e-10,4.53401114174e-06,4.45684600336e-11,4.45683488901e-11
-5.724,0.999999996774,1.05858623643e-09,3.99765071229e-10,4.6487331285e-06,4.68522998176e-11,4.68522579403e-11
-5.712,0.999999996649,1.09952868194e-09,4.18600915874e-10,4.76635786595e-06,4.92532681307e-11,4.92532057377e-11
-5.7,0.999999996519,1.14205463777e-09,4.38322584619e-10,4.88695879292e-06,5.17772491548e-11,5.17771897336e-11
-5.688,0.999999996385,1.18622533727e-09,4.58971639851e-10,5.01061120452e-06,5.44305711614e-11,5.44305146614e-11
-5.676,0.999999996245,1.23210440402e-09,4.80591608031e-10,5.13739231858e-06,5.72198954885e-11,5.72198087114e-11
-5.664,0.9999999961,1.27975792193e-09,5.03228053113e-10,5.26738130598e-06,6.01521055188e-11,6.0152039727e-11
-5.652,0.999999995949,1.32925452141e-09,5.26928664131e-10,5.40065933322e-06,6.32346397467e-11,6.3234532449e-11
-5.64,0.999999995792,1.38066547592e-09,5.51743352426e-10,5.53730961195e-06,6.64750476886e-11,6.64749867629e-11
-5.628,0.99999999563,1.43406481234e-09,5.7772436211e-10,5.67741745715e-06,6.98814339728e-11,6.98814970604e-11
-5.616,0.999999995461,1.48952944722e-09,6.04926404675e-10,5.8210703623e-06,7.3462569361e-11,7.34625730038e-11
-5.604,0.999999995285,1.54713927145e-09,6.33406751137e-10,5.96835803386e-06,7.72271135929e-11,7.72271603214e-11
-5.592,0.999999995103,1.60697725448e-09,6.63225341998e-10,6.11937243948e-06,8.11846145865e-11,8.1184662945e-11
-5.58,0.999999994913,1.66912956102e-09,6.94444909281e-10,6.27420786407e-06,8.53449533267e-11,8.53449664371e-11
-5.568,0.999999994716,1.73368568447e-09,7.27131115214e-10,6.43296097576e-06,8.97184548876e-11,8.9718462848e-11
-5.556,0.999999994512,1.80073861165e-09,7.61352721204e-10,6.59573091108e-06,9.43161104772e-11,9.43160773748e-11
-5.544,0.9999999943,1.87038492515e-09,7.97181703486e-10,6.76261931401e-06,9.91493553926e-11,9.91492950578e-11
-5.532,0.999999994079,1.94272492931e-09,8.3469339112e-10,6.9337303906e-06,1.04230180042e-10,1.04230189203e-10
-5.52,0.99999999385,2.01786279135e-09,8.73966619173e-10,7.10917097253e-06,1.09571463014e-10,1.0957145146e-10
-5.508,0.999999993613,2.09590670263e-09,9.15083902771e-10,7.28905059181e-06,1.15186415961e-10,1.1518642373e-10
-5.496,0.999999993365,2.17696907782e-09,9.58131649195e-10,7.4734815773e-06,1.21089138716e-10,1.21089132396e-10
-5.484,0.999999993109,2.26116667861e-09,1.00320030299e-09,7.66257909898e-06,1.27294397245e-10,1.27294322599e-10
-5.472,0.999999992842,2.34862076607e-09,1.05038451913e-09,7.85646122981e-06,1.33817623649e-10,1.33817494718e-10
-5.46,0.999999992566,2.43945727118e-09,1.09978335524e-09,8.05524901778e-06,1.40675027183e-10,1.40674942996e-10
-5.448,0.999999992278,2.53380698986e-09,1.15150049001e-09,8.25906657048e-06,1.4788364977e-10,1.47883796501e-10
-5.436,0.999999991979,2.6318058237e-09,1.20564448939e-09,8.46804116458e-06,1.55461921114e-10,1.5546206307e-10
-5.424,0.999999991669,2.73359492955e-09,1.26232898858e-09,8.68230329586e-06,1.63428659494e-10,1.63428673311e-10
-5.412,0.999999991347,2.8393209037e-09,1.32167290933e-09,8.90198674938e-06,1.71803515858e-10,1.71803527451e-10
-5.4,0.999999991012,2.94913598805e-09,1.38380070108e-09,9.12722868109e-06,1.80607473421e-10,1.80607544907e-10
-5.388,0.999999990665,3.06319830586e-09,1.44884261504e-09,9.35816971367e-06,1.89862736644e-10,1.89862716888e-10
-5.376,0.999999990304,3.18167215279e-09,1.51693503811e-09,9.59495406053e-06,1.99592065098e-10,1.99592162803e-10
-5.364,0.999999989929,3.30472817778e-09,1.58822072122e-09,9.83772958256e-06,2.09820105734e-10,2.09820186758e-10
-5.352,0.999999989539,3.43254360564e-09,1.66284905186e-09,1.00866478676e-05,2.20572393683e-10,2.20572337696e-10
-5.34,0.999999989134,3.56530248635e-09,1.74097635661e-09,1.03418643229e-05,2.31875463275e-10,2.31875473039e-10
-5.328,0.999999988714,3.70319598004e-09,1.82276624488e-09,1.06035382837e-05,2.4375784724e-10,2.43757826223e-10
-5.316,0.999999988278,3.84642270889e-09,1.90839002787e-09,1.08718331539e-05,2.5624896649e-10,2.56249079114e-10
-5.304,0.999999987824,3.9951889757e-09,1.99802700489e-09,1.11469164699e-05,2.69380462381e-10,2.69380434539e-10
-5.292,0.999999987353,4.14970903307e-09,2.09186480514e-09,1.14289599913e-05,2.83184753425e-10,2.83184693496e-10
-5.28,0.999999986864,4.31020538476e-09,2.19009976713e-09,1.17181398051e-05,2.97696201024e-10,2.97696336864e-10
-5.268,0.999999986356,4.47690913022e-09,2.29293736979e-09,1.20146364489e-05,3.1295155356e-10,3.12951612097e-10
-5.256,0.999999985828,4.65006038999e-09,2.40059275796e-09,1.23186350704e-05,3.28988725151e-10,3.28988626202e-10
-5.244,0.99999998528,4.82990856994e-09,2.51329110134e-09,1.26303254999e-05,3.4584746178e-10,3.4584743885e-10
-5.232,0.999999984711,5.01671268675e-09,2.63126802305e-09,1.29499023523e-05,3.63570284989e-10,3.63570161505e-10
-5.22,0.99999998412,5.21074173214e-09,2.75477007535e-09,1.3277565146e-05,3.82201048588e-10,3.82201062318e-10
-5.208,0.999999983506,5.41227508944e-09,2.88405528028e-09,1.36135184424e-05,4.01786826032e-10,4.01786677432e-10
-5.196,0.999999982868,5.62160304785e-09,3.01939378858e-09,1.39579720258e-05,4.22375967535e-10,4.22375930347e-10
-5.184,0.999999982205,5.83902712192e-09,3.16106832961e-09,1.43111409865e-05,4.44020209489e-10,4.44020251458e-10
-5.172,0.999999981517,6.06486044497e-09,3.30937474859e-09,1.46732458361e-05,4.66773675267e-10,4.66773705316e-10
-5.16,0.999999980802,6.29942820948e-09,3.46462260304e-09,1.5044512642e-05,4.90693097266e-10,4.90693125295e-10
-5.148,0.999999980059,6.54306817067e-09,3.62713584051e-09,1.54251731853e-05,5.15838149973e-10,5.15838256485e-10
-5.136,0.999999979288,6.79613126821e-09,3.79725362465e-09,1.58154651653e-05,5.42271783033e-10,5.42271908935e-10
-5.124,0.999999978487,7.05898201243e-09,3.97533089909e-09,1.62156322932e-05,5.70060110228e-10,5.70060111114e-10
-5.112,0.999999977655,7.33199895995e-09,4.16173906081e-09,1.66259244226e-05,5.99272409474e-10,5.99272273294e-10
-5.1,0.999999976791,7.61557524613e-09,4.35686670762e-09,1.70465977021e-05,6.29981344868e-10,6.29981360435e-10
-5.088,0.999999975893,7.91011919375e-09,4.56112048766e-09,1.74779147544e-05,6.62263965889e-10,6.62264075628e-10
-5.076,0.999999974961,8.21605506472e-09,4.77492613485e-09,1.79201449078e-05,6.96201096773e-10,6.96201056832e-10
-5.064,0.999999973992,8.53382352695e-09,4.99872917532e-09,1.8373564302e-05,7.31877114468e-10,7.31877073889e-10
-5.052,0.999999972986,8.86388222935e-09,5.23299577125e-09,1.88384560365e-05,7.69381169885e-10,7.69381238269e-10
-5.04,0.999999971942,9.20670644547e-09,5.47821365747e-09,1.93151103436e-05,8.08807298913e-10,8.08807225024e-10
-5.028,0.999999970856,9.56278980947e-09,5.73489320598e-09,1.98038247906e-05,8.50253534246e-10,8.50253508293e-10
-5.016,0.999999969729,9.9326452248e-09,6.00356872356e-09,2.03049045428e-05,8.93823681736e-10,8.93823613864e-10
-5.004,0.999999968559,1.03168054286e-08,6.28479933668e-09,2.08186624829e-05,9.39626321195e-10,9.39626372107e-10
-4.992,0.999999967342,1.07158236869e-08,6.57917004851e-09,2.13454193796e-05,9.87776194172e-10,9.87776187241e-10
-4.98,0.999999966079,1.11302745728e-08,6.88729291242e-09,2.18855040828e-05,1.03839337129e-09,1.03839332228e-09
-4.968,0.999999964767,1.15607548559e-08,7.20980836557e-09,2.2439253754e-05,1.09160419592e-09,1.09160420134e-09
-4.956,0.999999963405,1.20078846012e-08,7.54738685464e-09,2.30070141628e-05,1.14754172831e-09,1.14754173395e-09
-4.944,0.999999961989,1.24723078512e-08,7.90072994399e-09,2.35891398234e-05,1.2063456345e-09,1.20634563966e-09
-4.932,0.999999960519,1.29546934665e-08,8.2705716396e-09,2.41859941846e-05,1.268162797e-09,1.26816279381e-09
-4.92,0.999999958992,1.34557360663e-08,8.65767985878e-09,2.47979498522e-05,1.33314764783e-09,1.33314759326e-09
-4.908,0.999999957406,1.39761571041e-08,9.06285810056e-09,2.54253888485e-05,1.40146239058e-09,1.40146234459e-09
-4.896,0.999999955759,1.45167061957e-08,9.48694748202e-09,2.60687029496e-05,1.47327772204e-09,1.4732776803e-09
-4.884,0.999999954048,1.50781619442e-08,9.93082812572e-09,2.67282938391e-05,1.54877294323e-09,1.54877297565e-09
-4.872,0.999999952271,1.5661332956e-08,1.03954208174e-08,2.74045733242e-05,1.62813668103e-09,1.6281367925e-09
-4.86,0.999999950425,1.62670589779e-08,1.08816888464e-08,2.80979635869e-05,1.71156744333e-09,1.71156734882e-09
-4.848,0.999999948507,1.68962121974e-08,1.13906400973e-08,2.88088974783e-05,1.79927295285e-09,1.79927301706e-09
-4.836,0.999999946516,1.75496988486e-08,1.19233295998e-08,2.9537818901e-05,1.89147297824e-09,1.89147285841e-09
-4.824,0.999999944447,1.82284602088e-08,1.24808612657e-08,3.0285182983e-05,1.98839722465e-09,1.98839715801e-09
-4.812,0.999999942298,1.89334738275e-08,1.30643899636e-08,3.10514563224e-05,2.09028794274e-09,2.09028799461e-09
-4.8,0.999999940067,1.96657549008e-08,1.3675123823e-08,3.18371172722e-05,2.19739981766e-09,2.19739984344e-09
-4.788,0.999999937749,2.04263578434e-08,1.43143268529e-08,3.26426562739e-05,2.31000013562e-09,2.31000021583e-09
-4.776,0.999999935341,2.12163782297e-08,1.49833221342e-08,3.34685762901e-05,2.42837028264e-09,2.42837034525e-09
-4.764,0.99999993284,2.20369539993e-08,1.56834939925e-08,3.43153930024e-05,2.5528059111e-09,2.55280587423e-09
-4.752,0.999999930243,2.28892669422e-08,1.64162905957e-08,3.5183635088e-05,2.68361766143e-09,2.68361758571e-09
-4.74,0.999999927545,2.37745443605e-08,1.71832268367e-08,3.60738445424e-05,2.82113216121e-09,2.82113217697e-09
-4.728,0.999999924742,2.46940609689e-08,1.7985887611e-08,3.69865770578e-05,2.96569308e-09,2.96569308075e-09
-4.716,0.999999921832,2.56491412414e-08,1.88259318126e-08,3.79224025127e-05,3.11766129579e-09,3.11766134587e-09
-4.704,0.999999918808,2.66411608688e-08,1.97050950518e-08,3.88819051961e-05,3.27741650485e-09,3.27741651913e-09
-4.692,0.999999915668,2.76715485536e-08,2.0625192905e-08,3.98656841217e-05,3.44535755481e-09,3.4453575841e-09
-4.68,0.999999912407,2.87417880194e-08,2.15881245221e-08,4.08743533923e-05,3.62190405445e-09,3.62190395467e-09
-4.668,0.999999909019,2.98534203086e-08,2.25958767269e-08,4.19085426292e-05,3.80749648476e-09,3.80749652908e-09
-4.656,0.9999999055,3.10080466189e-08,2.36505290168e-08,4.29688975269e-05,4.00259891897e-09,4.00259882045e-09
-4.644,0.999999901845,3.22073300658e-08,2.47542569627e-08,4.40560801071e-05,4.20769813436e-09,4.20769808879e-09
-4.632,0.999999898049,3.34529978519e-08,2.59093362727e-08,4.5170769074e-05,4.42330649886e-09,4.42330654625e-09
-4.62,0.999999894106,3.47468436971e-08,2.71181473049e-08,4.63136602281e-05,4.64996258165e-09,4.6499626324e-09
-4.608,0.99999989001,3.60907306154e-08,2.83831801961e-08,4.7485466952e-05,4.88823242994e-09,4.88823236741e-09
-4.596,0.999999885756,3.74865943444e-08,2.97070411164e-08,4.86869208391e-05,5.1387106792e-09,5.13871080319e-09
-4.584,0.999999881337,3.8936445476e-08,3.10924565191e-08,4.99187719813e-05,5.4020235507e-09,5.40202347661e-09
-4.572,0.999999876748,4.04423720792e-08,3.25422782228e-08,5.11817893715e-05,5.67882801894e-09,5.67882795662e-09
-4.56,0.999999871981,4.20065426377e-08,3.40594890535e-08,5.24767613722e-05,5.9698155308e-09,5.96981548131e-09
-4.548,0.99999986703,4.36312094069e-08,3.56472092587e-08,5.38044962665e-05,6.27571278278e-09,6.27571269494e-09
-4.536,0.999999861887,4.53187125601e-08,3.73087043287e-08,5.51658229694e-05,6.5972836083e-09,6.5972835107e-09
-4.524,0.999999856545,4.70714827643e-08,3.90473903084e-08,5.65615913545e-05,6.93533103169e-09,6.93533097621e-09
-4.512,0.999999850997,4.8892044351e-08,4.08668401495e-08,5.79926727096e-05,7.29069926653e-09,7.29069925943e-09
-4.5,0.999999845234,5.07830188673e-08,4.27707907642e-08,5.94599602675e-05,7.66427565857e-09,7.66427575009e-09
-4.488,0.999999839248,5.27471291346e-08,4.47631510429e-08,6.09643698306e-05,8.05699335027e-09,8.05699328941e-09
-4.476,0.999999833031,5.47872042613e-08,4.68480116319e-08,6.25068405765e-05,8.46983266856e-09,8.46983256128e-09
-4.464,0.999999826573,5.69061827557e-08,4.90296515708e-08,6.40883354275e-05,8.9038244e-09,8.90382448677e-09
-4.452,0.999999819865,5.91071163607e-08,5.13125462294e-08,6.57098415679e-05,9.36005284391e-09,9.36005277335e-09
-4.44,0.999999812898,6.13931743456e-08,5.37013761231e-08,6.73723710444e-05,9.83965658952e-09,9.83965661238e-09
-4.428,0.999999805662,6.37676484138e-08,5.6201036932e-08,6.90769614737e-05,1.03438334564e-08,1.03438335411e-08
-4.416,0.999999798146,6.62339587619e-08,5.88166517211e-08,7.08246769557e-05,1.08738425486e-08,1.08738425121e-08
-4.404,0.999999790338,6.87956578438e-08,6.155357923e-08,7.26166084916e-05,1.14310070298e-08,1.14310069669e-08
-4.392,0.99999978223,7.14564350058e-08,6.44174237881e-08,7.44538745699e-05,1.20167181206e-08,1.20167181079e-08
-4.38,0.999999773807,7.42201216758e-08,6.74140463265e-08,7.63376218466e-05,1.26324382621e-08,1.26324383611e-08
-4.368,0.999999765059,7.70906972957e-08,7.05495768947e-08,7.82690259469e-05,1.32797049468e-08,1.32797050497e-08
-4.356,0.999999755972,8.00722966471e-08,7.38304299288e-08,8.02492924995e-05,1.39601343818e-08,1.3960134334e-08
-4.344,0.999999746534,8.31692144013e-08,7.72633146002e-08,8.22796576103e-05,1.46754251529e-08,1.4675425156e-08
-4.332,0.99999973673,8.63859107232e-08,8.08552471982e-08,8.43613885259e-05,1.54273634978e-08,1.54273634403e-08
-4.32,0.999999726548,8.97270175442e-08,8.46135648813e-08,8.64957844049e-05,1.62178264151e-08,1.62178265375e-08
-4.308,0.999999715972,9.31973457348e-08,8.85459413089e-08,8.86841772249e-05,1.70487878814e-08,1.70487879401e-08
-4.296,0.999999704987,9.68018939598e-08,9.26604057096e-08,9.0927932955e-05,1.79223224039e-08,1.79223223392e-08
-4.284,0.999999693577,1.0054585418e-07,9.69653557975e-08,9.3228452092e-05,1.88406106272e-08,1.88406106879e-08
-4.272,0.999999681725,1.04434618426e-07,1.01469573229e-07,9.5587170412e-05,1.98059456613e-08,1.98059455927e-08
-4.26,0.999999669416,1.08473786384e-07,1.06182240771e-07,9.80055598441e-05,2.08207370234e-08,2.08207370172e-08
-4.248,0.99999965663,1.12669174061e-07,1.11112961813e-07,0.000100485129498,2.18875183533e-08,2.18875183347e-08
-4.236,0.999999643349,1.17026824499e-07,1.16271784174e-07,0.00010302742699,2.30089527431e-08,2.30089528179e-08
-4.224,0.999999629555,1.21553014419e-07,1.21669216217e-07,0.000105634039056,2.41878401752e-08,2.41878401391e-08
-4.212,0.999999615228,1.26254262412e-07,1.27316246139e-07,0.000108306592395,2.54271231848e-08,2.54271232883e-08
-4.2,0.999999600346,1.31137338111e-07,1.33224363391e-07,0.000111046754666,2.67298959078e-08,2.67298958951e-08
-4.188,0.999999584889,1.36209272666e-07,1.39405583026e-07,0.000113856235645,2.8099410132e-08,2.80994099957e-08
-4.176,0.999999568834,1.41477371696e-07,1.45872475421e-07,0.000116736788734,2.95390844007e-08,2.95390843633e-08
-4.164,0.999999552158,1.4694922508e-07,1.52638189998e-07,0.000119690211918,3.10525129499e-08,3.10525129883e-08
-4.152,0.999999534837,1.52632708838e-07,1.59716462724e-07,0.000122718347496,3.26434733133e-08,3.26434733244e-08
-4.14,0.999999516846,1.58536010048e-07,1.67121671341e-07,0.000125823085332,3.43159368144e-08,3.43159367772e-08
-4.128,0.999999498159,1.64667630047e-07,1.74868846323e-07,0.000129006362697,3.6074077947e-08,3.60740779302e-08
-4.116,0.99999947875,1.71036399839e-07,1.82973707321e-07,0.000132270165966,3.79222852565e-08,3.79222852082e-08
-4.104,0.99999945859,1.77651491275e-07,1.91452691161e-07,0.000135616531618,3.98651716083e-08,3.98651716936e-08
-4.092,0.99999943765,1.84522431199e-07,2.0032298646e-07,0.000139047547651,4.19075867342e-08,4.1907586706e-08
-4.08,0.9999994159,1.91659115228e-07,2.09602567897e-07,0.000142565354881,4.40546278901e-08,4.4054627899e-08
-4.068,0.999999393309,1.99071820884e-07,2.1931022944e-07,0.000146172148123,4.63116539007e-08,4.63116538737e-08
-4.056,0.999999369844,2.06771224241e-07,2.294656256e-07,0.000149870177813,4.86842976488e-08,4.86842976966e-08
-4.044,0.999999345472,2.14768413491e-07,2.40089306454e-07,0.000153661751156,5.11784807311e-08,5.11784807861e-08
-4.032,0.999999320157,2.23074905903e-07,2.51202760478e-07,0.000157549233702,5.3800427724e-08,5.38004277596e-08
-4.02,0.999999293863,2.3170266428e-07,2.62828456792e-07,0.000161535050797,5.65566818378e-08,5.65566819382e-08
-4.008,0.999999266553,2.40664114041e-07,2.74989889269e-07,0.000165621689074,5.94541216814e-08,5.94541216429e-08
-3.996,0.999999238185,2.49972161191e-07,2.87711623139e-07,0.000169811698011,6.24999774712e-08,6.24999773456e-08
-3.984,0.999999208721,2.59640210892e-07,3.01019343471e-07,0.000174107691513,6.57018497385e-08,6.57018496874e-08
-3.972,0.999999178117,2.69682186767e-07,3.14939905863e-07,0.000178512349539,6.90677284254e-08,6.90677284206e-08
-3.96,0.99999914633,2.80112550923e-07,3.29501389354e-07,0.000183028419766,7.26060123135e-08,7.26060123159e-08
-3.948,0.999999113313,2.90946324844e-07,3.44733151917e-07,0.000187658719305,7.63255301184e-08,7.63255300968e-08
-3.936,0.999999079019,3.02199110968e-07,3.60665888167e-07,0.000192406136446,8.02355624163e-08,8.02355624329e-08
-3.924,0.999999043398,3.13887115213e-07,3.77331689924e-07,0.000197273632464,8.43458650701e-08,8.43458650679e-08
-3.912,0.9999990064,3.26027170261e-07,3.94764109207e-07,0.000202264243446,8.86666932098e-08,8.86666931192e-08
-3.9,0.999998967971,3.38636759787e-07,4.12998224179e-07,0.000207381082188,9.32088266015e-08,9.32088266243e-08
-3.888,0.999998928056,3.51734043713e-07,4.32070708231e-07,0.000212627340128,9.79835973469e-08,9.79835974009e-08
-3.876,0.999998886597,3.65337884291e-07,4.52019901827e-07,0.000218006289328,1.03002917196e-07,1.03002917266e-07
-3.864,0.999998843535,3.79467873342e-07,4.72885887895e-07,0.000223521284517,1.08279307742e-07,1.08279307713e-07
-3.852,0.999998798807,3.94144360394e-07,4.94710570235e-07,0.000229175765161,1.13825931014e-07,1.13825931085e-07
-3.84,0.999998752349,4.09388481983e-07,5.17537755604e-07,0.000234973257604,1.19656623221e-07,1.19656623355e-07
-3.828,0.999998704094,4.25222192175e-07,5.41413239676e-07,0.000240917377268,1.25785928673e-07,1.25785928587e-07
-3.816,0.999998653973,4.41668294128e-07,5.66384896506e-07,0.000247011830892,1.32229135252e-07,1.32229135143e-07
-3.804,0.999998601913,4.58750472931e-07,5.92502772127e-07,0.000253260418832,1.39002313659e-07,1.39002313747e-07
-3.792,0.99999854784,4.76493329726e-07,6.19819182339e-07,0.000259667037425,1.46122357436e-07,1.46122357491e-07
-3.78,0.999998491676,4.94922417137e-07,6.48388814846e-07,0.000266235681409,1.53607023878e-07,1.53607023894e-07
-3.768,0.999998433339,5.14064276056e-07,6.78268835899e-07,0.0002729704464,1.61474979055e-07,1.61474979091e-07
-3.756,0.999998372746,5.33946473886e-07,7.09519001777e-07,0.000279875531435,1.69745844325e-07,1.69745844298e-07
-3.744,0.999998309809,5.54597644223e-07,7.42201775129e-07,0.000286955241579,1.78440244636e-07,1.7844024464e-07
-3.732,0.999998244439,5.76047528103e-07,7.76382446573e-07,0.000294213990598,1.87579860533e-07,1.8757986047e-07
-3.72,0.99999817654,5.98327016832e-07,8.12129261675e-07,0.000301656303695,1.97187481288e-07,1.9718748132e-07
-3.708,0.999998106015,6.21468196463e-07,8.49513553531e-07,0.000309286820317,2.07287062626e-07,2.0728706259e-07
-3.696,0.999998032762,6.45504394023e-07,8.88609881341e-07,0.000317110297035,2.17903785127e-07,2.17903785151e-07
-3.684,0.999997956677,6.70470225487e-07,9.29496175006e-07,0.000325131610493,2.2906411784e-07,2.29064117968e-07
-3.672,0.999997877648,6.96401645644e-07,9.72253886247e-07,0.00033335576043,2.4079588401e-07,2.40795883942e-07
-3.66,0.999997795563,7.23335999874e-07,1.01696814639e-06,0.000341787872782,2.5312832902e-07,2.53128329096e-07
-3.648,0.999997710303,7.51312077915e-07,1.0637279311e-06,0.000350433202857,2.66092195278e-07,2.66092195296e-07
-3.636,0.999997621746,7.80370169752e-07,1.11262623251e-06,0.000359297138592,2.79719796659e-07,2.79719796691e-07
-3.624,0.999997529763,8.10552123611e-07,1.16376023888e-06,0.000368385203893,2.94045099991e-07,2.9404510004e-07
-3.612,0.999997434223,8.41901406242e-07,1.21723152225e-06,0.000377703062055,3.09103809104e-07,3.09103809145e-07
-3.6,0.999997334988,8.74463165516e-07,1.2731462344e-06,0.000387256519269,3.24933453588e-07,3.24933453592e-07
-3.588,0.999997231915,9.08284295422e-07,1.33161531142e-06,0.000397051528219,3.41573482054e-07,3.41573482013e-07
-3.576,0.999997124855,9.43413503634e-07,1.3927546874e-06,0.000407094191765,3.59065360112e-07,3.59065360107e-07
-3.564,0.999997013655,9.7990138162e-07,1.45668551748e-06,0.000417390766723,3.77452673617e-07,3.77452673662e-07
-3.552,0.999996898154,1.01780047752e-06,1.52353441074e-06,0.000427947667733,3.96781236867e-07,3.96781236824e-07
-3.54,0.999996778185,1.05716537181e-06,1.59343367348e-06,0.00043877147123,4.17099205952e-07,4.1709920589e-07
-3.528,0.999996653577,1.09805275591e-06,1.66652156299e-06,0.000449868919509,4.38457198881e-07,4.38457198901e-07
-3.516,0.99999652415,1.14052151381e-06,1.74294255278e-06,0.000461246924899,4.60908421263e-07,4.60908421332e-07
-3.504,0.999996389716,1.1846328069e-06,1.82284760922e-06,0.000472912574027,4.84508798138e-07,4.84508798178e-07
-3.492,0.999996250083,1.23045016199e-06,1.90639448051e-06,0.000484873132209,5.09317112818e-07,5.09317112785e-07
-3.48,0.99999610505,1.27803956287e-06,1.99374799836e-06,0.000497136047929,5.35395152823e-07,5.35395152742e-07
-3.468,0.999995954407,1.32746954524e-06,2.08508039271e-06,0.000509708957444,5.62807863258e-07,5.62807863211e-07
-3.456,0.999995797938,1.37881129549e-06,2.18057162065e-06,0.000522599689503,5.91623508017e-07,5.91623508063e-07
-3.444,0.999995635418,1.43213875317e-06,2.28040970933e-06,0.000535816270171,6.2191383926e-07,6.21913839222e-07
-3.432,0.999995466611,1.48752871746e-06,2.38479111423e-06,0.000549366927792,6.53754274604e-07,6.5375427463e-07
-3.42,0.999995291276,1.54506095778e-06,2.493921093e-06,0.000563260098059,6.87224085305e-07,6.87224085275e-07
-3.408,0.99999510916,1.60481832866e-06,2.60801409562e-06,0.000577504429218,7.22406591713e-07,7.22406591729e-07
-3.396,0.99999492,1.66688688906e-06,2.72729417179e-06,0.000592108787405,7.59389370775e-07,7.59389370709e-07
-3.384,0.999994723524,1.73135602628e-06,2.8519953959e-06,0.000607082262104,7.98264472135e-07,7.98264472117e-07
-3.372,0.999994519449,1.79831858468e-06,2.98236231078e-06,0.000622434171751,8.39128647123e-07,8.39128647154e-07
-3.36,0.999994307482,1.86787099941e-06,3.11865039072e-06,0.000638174069477,8.8208358795e-07,8.8208358802e-07
-3.348,0.999994087316,1.94011343521e-06,3.26112652462e-06,0.000654311748982,9.27236179837e-07,9.27236179795e-07
-3.336,0.999993858635,2.01514993074e-06,3.41006952045e-06,0.000670857250572,9.74698765199e-07,9.7469876516e-07
-3.324,0.999993621109,2.0930885483e-06,3.56577063132e-06,0.000687820867332,1.02458942258e-06,1.02458942253e-06
-3.312,0.999993374397,2.17404152952e-06,3.72853410477e-06,0.000705213151457,1.07703225838e-06,1.07703225838e-06
-3.3,0.999993118143,2.25812545692e-06,3.89867775581e-06,0.00072304492074,1.13215771425e-06,1.13215771434e-06
-3.288,0.999992851979,2.34546142181e-06,4.07653356476e-06,0.00074132726522,1.19010289001e-06,1.19010289002e-06
-3.276,0.99999257552,2.4361751987e-06,4.26244830139e-06,0.000760071553999,1.25101188214e-06,1.2510118821e-06
-3.264,0.999992288368,2.53039742632e-06,4.45678417565e-06,0.000779289442214,1.3150361407e-06,1.3150361407e-06
-3.252,0.999991990111,2.62826379582e-06,4.65991951707e-06,0.000798992878201,1.38233484387e-06,1.38233484389e-06
-3.24,0.999991680319,2.72991524609e-06,4.87224948338e-06,0.000819194110818,1.45307529109e-06,1.45307529113e-06
-3.228,0.999991358545,2.83549816673e-06,5.09418679964e-06,0.000839905696959,1.52743331672e-06,1.52743331669e-06
-3.216,0.999991024326,2.94516460886e-06,5.32616252987e-06,0.000861140509254,1.60559372414e-06,1.60559372413e-06
-3.204,0.99999067718,3.059072504e-06,5.56862688126e-06,0.000882911743947,1.68775074261e-06,1.68775074266e-06
-3.192,0.999990316609,3.17738589152e-06,5.82205004382e-06,0.000905232928985,1.77410850677e-06,1.77410850685e-06
-3.18,0.999989942092,3.30027515486e-06,6.08692306586e-06,0.000928117932297,1.86488156051e-06,1.86488156045e-06
-3.168,0.999989553091,3.42791726673e-06,6.36375876712e-06,0.000951580970267,1.96029538585e-06,1.96029538588e-06
-3.156,0.999989149044,3.56049604413e-06,6.65309269175e-06,0.000975636616441,2.06058696056e-06,2.06058696055e-06
-3.144,0.999988729371,3.6982024128e-06,6.95548410149e-06,0.00100029981042,2.16600534131e-06,2.16600534127e-06
-3.132,0.999988293466,3.84123468228e-06,7.27151701232e-06,0.00102558586699,2.27681227843e-06,2.27681227833e-06
-3.12,0.999987840703,3.98979883137e-06,7.60180127519e-06,0.00105151048547,2.39328286061e-06,2.39328286067e-06
-3.108,0.999987370429,4.14410880466e-06,7.94697370301e-06,0.00107808975927,2.51570619364e-06,2.51570619365e-06
-3.096,0.999986881966,4.30438682067e-06,8.30769924659e-06,0.00110534018575,2.64438611131e-06,2.6443861112e-06
-3.084,0.999986374612,4.47086369166e-06,8.68467222002e-06,0.0011332786762,2.77964192391e-06,2.77964192388e-06
-3.072,0.999985847636,4.64377915603e-06,9.07861757923e-06,0.0011619225662,2.92180920497e-06,2.92180920487e-06
-3.06,0.999985300278,4.82338222347e-06,9.49029225502e-06,0.00119128962615,3.0712406156e-06,3.07124061565e-06
-3.048,0.999984731752,5.00993153336e-06,9.92048654242e-06,0.00122139807203,3.22830677341e-06,3.22830677333e-06
-3.036,0.999984141237,5.2036957273e-06,1.03700255505e-05,0.00125226657655,3.39339716193e-06,3.39339716198e-06
-3.024,0.999983527884,5.40495383568e-06,1.08397707126e-05,0.00128391428041,3.56692108966e-06,3.56692108974e-06
-3.012,0.999982890809,5.6139956795e-06,1.13306213619e-05,0.00131636080395,3.74930869457e-06,3.74930869443e-06
-3,0.999982229095,5.83112228758e-06,1.18435163735e-05,0.00134962625906,3.94101199991e-06,3.94101199984e-06
-2.988,0.999981541789,6.05664632981e-06,1.23794358762e-05,0.00138373126133,4.14250602515e-06,4.14250602523e-06
-2.976,0.999980827902,6.29089256747e-06,1.29394030374e-05,0.00141869694254,4.35428995094e-06,4.3542899509e-06
-2.964,0.999980086404,6.53419832052e-06,1.35244859227e-05,0.00145454496345,4.57688834243e-06,4.57688834238e-06
-2.952,0.99997931623,6.78691395326e-06,1.41357994354e-05,0.00149129752689,4.81085243637e-06,4.81085243639e-06
-2.94,0.999978516269,7.04940337874e-06,1.47745073376e-05,0.00152897739114,5.05676149148e-06,5.05676149149e-06
-2.928,0.999977685369,7.32204458239e-06,1.54418243554e-05,0.0015676078837,5.31522420677e-06,5.31522420671e-06
-2.916,0.999976822334,7.6052301664e-06,1.61390183758e-05,0.00160721291531,5.58688021163e-06,5.58688021165e-06
-2.904,0.999975925922,7.8993679145e-06,1.68674127329e-05,0.00164781699438,5.8724016313e-06,5.87240163137e-06
-2.892,0.999974994841,8.2048813791e-06,1.76283885927e-05,0.00168944524171,6.17249473006e-06,6.17249473007e-06
-2.88,0.999974027751,8.52221049093e-06,1.84233874373e-05,0.00173212340559,6.48790163726e-06,6.48790163726e-06
-2.868,0.999973023259,8.85181219199e-06,1.9253913653e-05,0.00177587787728,6.81940216063e-06,6.81940216065e-06
-2.856,0.999971979919,9.19416109354e-06,2.01215372284e-05,0.0018207357068,7.16781569005e-06,7.16781569007e-06
-2.844,0.999970896228,9.54975015882e-06,2.10278965631e-05,0.00186672461917,7.53400319664e-06,7.53400319676e-06
-2.832,0.999969770626,9.9190914127e-06,2.19747013968e-05,0.00191387303099,7.91886933305e-06,7.91886933309e-06
-2.82,0.999968601492,1.03027166785e-05,2.29637358587e-05,0.00196221006741,8.32336463741e-06,8.32336463735e-06
-2.808,0.999967387143,1.07011783432e-05,2.39968616441e-05,0.00201176557954,8.74848784899e-06,8.74848784898e-06
-2.796,0.999966125831,1.11150501526e-05,2.50760213256e-05,0.00206257016225,9.19528833981e-06,9.19528833983e-06
-2.784,0.999964815738,1.15449280365e-05,2.6203241799e-05,0.00211465517238,9.66486866666e-06,9.66486866674e-06
-2.772,0.999963454979,1.19914309664e-05,2.73806378747e-05,0.00216805274739,1.0158387252e-05,1.01583872521e-05
-2.76,0.999962041595,1.24552018464e-05,2.86104160178e-05,0.0022227958245,1.06770611978e-05,1.06770611979e-05
-2.748,0.999960573549,1.29369084377e-05,2.98948782411e-05,0.00227891816014,1.12221692408e-05,1.12221692408e-05
-2.736,0.99995904873,1.34372443194e-05,3.12364261633e-05,0.00233645435006,1.17950548544e-05,1.17950548543e-05
-2.724,0.99995746494,1.39569298868e-05,3.26375652302e-05,0.00239543984971,1.23971295056e-05,1.23971295055e-05
-2.712,0.9999558199,1.4496713387e-05,3.41009091137e-05,0.00245591099522,1.30298760744e-05,1.30298760744e-05
-2.7,0.999954111241,1.50573719962e-05,3.56291842907e-05,0.00251790502487,1.36948524435e-05,1.36948524435e-05
-2.688,0.999952336504,1.56397129365e-05,3.72252348088e-05,0.00258146010093,1.43936952655e-05,1.43936952655e-05
-2.676,0.999950493133,1.62445746381e-05,3.88920272517e-05,0.00264661533224,1.51281239191e-05,1.51281239191e-05
-2.664,0.999948578473,1.68728279444e-05,4.06326559035e-05,0.00271341079703,1.58999446606e-05,1.58999446607e-05
-2.652,0.999946589769,1.75253773649e-05,4.2450348128e-05,0.00278188756653,1.67110549824e-05,1.67110549824e-05
-2.64,0.999944524158,1.82031623761e-05,4.43484699667e-05,0.00285208772892,1.7563448186e-05,1.7563448186e-05
-2.628,0.999942378664,1.89071587716e-05,4.63305319637e-05,0.00292405441395,1.84592181842e-05,1.84592181842e-05
-2.616,0.999940150201,1.96383800668e-05,4.84001952317e-05,0.00299783181813,1.94005645389e-05,1.94005645389e-05
-2.604,0.999937835559,2.03978789545e-05,5.05612777602e-05,0.00307346523035,2.03897977492e-05,2.03897977492e-05
-2.592,0.999935431406,2.11867488196e-05,5.28177609829e-05,0.00315100105829,2.14293448003e-05,2.14293448003e-05
-2.58,0.999932934282,2.20061253106e-05,5.5173796611e-05,0.00323048685529,2.2521754987e-05,2.25217549871e-05
-2.568,0.999930340591,2.28571879719e-05,5.76337137403e-05,0.00331197134782,2.36697060244e-05,2.36697060243e-05
-2.556,0.9999276466,2.37411619399e-05,6.02020262502e-05,0.00339550446369,2.48760104586e-05,2.48760104586e-05
-2.544,0.999924848431,2.46593197029e-05,6.2883440495e-05,0.00348113736076,2.61436223954e-05,2.61436223954e-05
-2.532,0.999921942056,2.5612982931e-05,6.56828633098e-05,0.00356892245637,2.74756445576e-05,2.74756445575e-05
-2.52,0.999918923291,2.66035243746e-05,6.86054103354e-05,0.00365891345742,2.887533569e-05,2.887533569e-05
-2.508,0.999915787792,2.76323698369e-05,7.16564146753e-05,0.00375116539106,3.03461183283e-05,3.03461183282e-05
-2.496,0.999912531044,2.87010002234e-05,7.48414359046e-05,0.00384573463616,3.1891586948e-05,3.18915869479e-05
-2.484,0.99990914836,2.98109536677e-05,7.81662694305e-05,0.00394267895537,3.35155165126e-05,3.35155165127e-05
-2.472,0.999905634872,3.09638277426e-05,8.16369562327e-05,0.00404205752796,3.52218714406e-05,3.52218714405e-05
-2.46,0.999901985522,3.21612817538e-05,8.52597929884e-05,0.00414393098334,3.70148150085e-05,3.70148150085e-05
-2.448,0.999898195059,3.34050391225e-05,8.90413425953e-05,0.00424836143529,3.88987192152e-05,3.88987192152e-05
-2.436,0.999894258027,3.46968898614e-05,9.29884451202e-05,0.00435541251701,4.08781751248e-05,4.08781751249e-05
-2.424,0.99989016876,3.60386931434e-05,9.71082291686e-05,0.00446514941683,4.29580037142e-05,4.29580037142e-05
-2.412,0.999885921372,3.74323799711e-05,0.000101408123712,0.00457763891474,4.5143267246e-05,4.51432672459e-05
-2.4,0.999881509753,3.88799559488e-05,0.000105895870375,0.00469294941971,4.7439281195e-05,4.74392811952e-05
-2.388,0.999876927553,4.03835041599e-05,0.000110579536205,0.00481115100772,4.98516267525e-05,4.98516267524e-05
-2.376,0.999872168178,4.19451881572e-05,0.000115467526944,0.00493231546074,5.23861639325e-05,5.23861639325e-05
-2.364,0.999867224781,4.35672550658e-05,0.000120568600814,0.00505651630635,5.5049045316e-05,5.5049045316e-05
-2.352,0.999862090248,4.52520388071e-05,0.000125891882845,0.00518382885832,5.78467304533e-05,5.78467304533e-05
-2.34,0.999856757192,4.70019634463e-05,0.000131446879756,0.00531433025797,6.07860009628e-05,6.07860009629e-05
-2.328,0.999851217939,4.88195466675e-05,0.000137243495409,0.0054480995164,6.38739763544e-05,6.38739763543e-05
-2.316,0.999845464521,5.07074033844e-05,0.00014329204687,0.00558521755758,6.71181306112e-05,6.71181306112e-05
-2.304,0.999839488661,5.26682494877e-05,0.000149603281081,0.00572576726229,7.05263095678e-05,7.05263095678e-05
-2.292,0.999833281761,5.47049057372e-05,0.000156188392171,0.005869833513,7.41067491171e-05,7.4106749117e-05
-2.28,0.999826834893,5.68203018044e-05,0.000163059039445,0.00601750323956,7.78680942867e-05,7.78680942867e-05
-2.268,0.999820138784,5.90174804672e-05,0.000170227366035,0.0061688654659,8.18194192239e-05,8.18194192238e-05
-2.256,0.999813183803,6.12996019699e-05,0.000177706018293,0.00632401135759,8.59702481305e-05,8.59702481305e-05
-2.244,0.999805959946,6.36699485462e-05,0.000185508165894,0.00648303427027,9.03305771899e-05,9.03305771899e-05
-2.232,0.999798456824,6.6131929118e-05,0.000193647522714,0.00664602979915,9.49108975329e-05,9.49108975329e-05
-2.22,0.999790663647,6.86890841746e-05,0.000202138368499,0.00681309582938,9.97222192868e-05,9.97222192869e-05
-2.208,0.999782569208,7.13450908356e-05,0.000210995571335,0.0069843325873,0.000104776096758,0.000104776096758
-2.196,0.999774161868,7.41037681133e-05,0.000220234610987,0.00715984269282,0.000110084654801,0.0001100846548
-2.184,0.999765429539,7.696908237e-05,0.000229871603077,0.00733973121261,0.000115660616414,0.000115660616414
-2.172,0.999756359666,7.99451529892e-05,0.000239923324197,0.00752410571439,0.000121517331642,0.000121517331642
-2.16,0.99974693921,8.30362582615e-05,0.000250407237937,0.0077130763221,0.000127668807811,0.000127668807811
-2.148,0.99973715463,8.62468414943e-05,0.000261341521869,0.00790675577211,0.00013412974118,0.00013412974118
-2.136,0.99972699186,8.95815173593e-05,0.000272745095558,0.00810525947046,0.000140915550056,0.000140915550056
-2.124,0.999716436295,9.30450784758e-05,0.000284637649567,0.00830870555096,0.000148042409445,0.000148042409445
-2.112,0.999705472764,9.66425022512e-05,0.000297039675544,0.00851721493449,0.000155527287298,0.000155527287298
-2.1,0.999694085513,0.00010037895798,0.00030997249741,0.00873091138909,0.000163387982426,0.000163387982426
-2.088,0.99968225818,0.000104259814211,0.000323458303662,0.00894992159119,0.000171643164151,0.000171643164151
-2.076,0.999669973772,0.000108290646401,0.000337520180874,0.00917437518784,0.000180312413775,0.000180312413775
-2.064,0.999657214641,0.000112477244854,0.000352182148372,0.0094044048598,0.000189416267929,0.000189416267929
-2.052,0.999643962459,0.000116825622963,0.000367469194182,0.00964014638582,0.000198976263896,0.000198976263896
-2.04,0.999630198193,0.000121342025773,0.000383407312257,0.00988173870774,0.000209014986981,0.000209014986981
-2.028,0.999615902076,0.000126032938856,0.000400023541012,0.0101293239967,0.000219556120016,0.000219556120016
-2.016,0.99960105358,0.000130905097535,0.000417346003256,0.0103830477202,0.000230624495089,0.000230624495089
-2.004,0.999585631385,0.000135965496449,0.000435403947499,0.0106430587103,0.000242246147581,0.000242246147581
-1.992,0.999569613353,0.000141221399489,0.000454227790737,0.0109095092326,0.000254448372616,0.000254448372616
-1.98,0.999552976492,0.000146680350101,0.000473849162721,0.0111825550564,0.000267259784008,0.000267259784008
-1.968,0.999535696924,0.000152350181983,0.000494300951753,0.0114623555251,0.00028071037581,0.00028071037581
-1.956,0.999517749856,0.000158239030193,0.000515617352102,0.0117490736289,0.000294831586574,0.000294831586574
-1.944,0.999499109537,0.000164355342661,0.000537833913006,0.0120428760767,0.000309656366417,0.000309656366417
-1.932,0.999479749229,0.000170707892148,0.000560987589391,0.0123439333703,0.000325219247005,0.000325219247005
-1.92,0.999459641164,0.000177305788654,0.000585116794302,0.0126524198785,0.000341556414569,0.000341556414569
-1.908,0.999438756507,0.000184158492284,0.000610261453088,0.0129685139122,0.000358705786069,0.000358705786069
-1.896,0.999417065316,0.000191275826613,0.000636463059469,0.0132923978011,0.000376707088618,0.000376707088618
-1.884,0.999394536497,0.000198667992534,0.000663764733405,0.0136242579698,0.000395601942291,0.000395601942291
-1.872,0.999371137763,0.000206345582641,0.00069221128095,0.0139642850155,0.00041543394644,0.00041543394644
-1.86,0.999346835586,0.000214319596144,0.000721849256065,0.0143126737865,0.000436248769647,0.000436248769647
-1.848,0.999321595152,0.000222601454341,0.000752727024434,0.0146696234606,0.000458094243434,0.000458094243434
-1.836,0.99929538031,0.000231203016669,0.000784894829417,0.0150353376248,0.000481020459874,0.000481020459874
-1.824,0.999268153524,0.000240136597355,0.000818404860089,0.0154100243548,0.000505079873223,0.000505079873223
-1.812,0.999239875818,0.000249414982685,0.0008533113215,0.015793896296,0.000530327405729,0.000530327405729
-1.8,0.99921050672,0.000259051448914,0.000889670507165,0.0161871707439,0.000556820557734,0.000556820557734
-1.788,0.999180004209,0.000269059780842,0.000927540873854,0.0165900697253,0.00058461952223,0.00058461952223
-1.776,0.999148324655,0.000279454291081,0.000966983118743,0.01700282008,0.000613787303997,0.000613787303997
-1.764,0.999115422755,0.000290249840026,0.00100806025897,0.0174256535422,0.000644389843478,0.000644389843478
-1.752,0.999081251475,0.000301461856575,0.00105083771363,0.0178588068225,0.000676496145529,0.000676496145529
-1.74,0.999045761979,0.000313106359598,0.00109538338835,0.0183025216895,0.000710178413197,0.000710178413197
-1.728,0.999008903566,0.000325199980206,0.00114176776236,0.018757045052,0.00074551218666,0.00074551218666
-1.716,0.998970623596,0.000337759984837,0.00119006397825,0.0192226290401,0.000782576487498,0.000782576487498
-1.704,0.998930867417,0.000350804299175,0.00124034793436,0.0196995310873,0.00082145396842,0.00082145396842
-1.692,0.998889578292,0.000364351532956,0.00129269837996,0.0201880140108,0.000862231068604,0.000862231068604
-1.68,0.998846697319,0.000378421005668,0.00134719701316,0.0206883460928,0.000904998174798,0.000904998174798
-1.668,0.998802163347,0.000393032773192,0.0014039285817,0.0212008011599,0.000949849788318,0.000949849788318
-1.656,0.998755912898,0.0004082076554,0.00146298098662,0.0217256586627,0.000996884698083,0.000996884698083
-1.644,0.998707880073,0.000423967264757,0.00152444538885,0.0222632037544,0.00104620615984,0.00104620615984
-1.632,0.998657996464,0.00044033403595,0.0015884163188,0.0228137273676,0.00109792208168,0.00109792208168
-1.62,0.998606191062,0.000457331256581,0.00165499178901,0.0233775262911,0.00115214521602,0.00115214521602
-1.608,0.998552390157,0.000474983098964,0.00172427340983,0.0239549032447,0.00120899335817,0.00120899335817
-1.596,0.998496517239,0.000493314653045,0.00179636650827,0.0245461669525,0.00126858955148,0.00126858955148
-1.584,0.998438492894,0.000512351960509,0.00187138025,0.0251516322146,0.00133106229945,0.00133106229946
-1.572,0.998378234694,0.000532122050082,0.00194942776451,0.0257716199773,0.00139654578459,0.00139654578459
-1.56,0.998315657087,0.000552652974088,0.00203062627357,0.0264064574008,0.00146518009432,0.00146518009432
-1.548,0.998250671282,0.000573973846287,0.00211509722293,0.0270564779246,0.00153711145399,0.00153711145399
-1.536,0.998183185125,0.000596114881041,0.00220296641731,0.0277220213306,0.00161249246696,0.00161249246696
-1.524,0.998113102981,0.000619107433846,0.00229436415873,0.028403433804,0.00169148236195,0.00169148236195
-1.512,0.998040325602,0.00064298404327,0.00238942538819,0.0291010679897,0.0017742472476,0.0017742472476
-1.5,0.997964749992,0.000667778474345,0.00248828983067,0.0298152830476,0.00186096037429,0.00186096037429
-1.488,0.997886269276,0.000693525763448,0.00259110214359,0.0305464447023,0.00195180240325,0.00195180240325
-1.476,0.997804772551,0.00072026226472,0.00269801206854,0.031294925291,0.00204696168298,0.00204696168298
-1.464,0.997720144745,0.000748025698065,0.00280917458649,0.0320611038056,0.00214663453281,0.00214663453281
-1.452,0.997632266459,0.000776855198777,0.00292475007635,0.0328453659318,0.00225102553376,0.00225102553376
-1.44,0.997541013816,0.000806791368836,0.00304490447683,0.0336481040832,0.00236034782642,0.00236034782642
-1.428,0.997446258292,0.000837876329921,0.00316980945181,0.0344697174297,0.00247482341586,0.00247482341586
-1.416,0.997347866553,0.000870153778189,0.00329964255884,0.0353106119218,0.00259468348341,0.00259468348341
-1.404,0.99724570028,0.000903669040864,0.00343458742111,0.0361712003085,0.00272016870512,0.00272016870512
-1.392,0.99713961599,0.000938469134677,0.00357483390256,0.0370519021489,0.00285152957676,0.00285152957676
-1.38,0.997029464849,0.000974602826221,0.00372057828621,0.0379531438188,0.00298902674509,0.00298902674509
-1.368,0.996915092481,0.00101212069425,0.00387202345572,0.0388753585086,0.00313293134505,0.00313293134505
-1.356,0.996796338774,0.00105107519398,0.0040293790799,0.0398189862157,0.00328352534281,0.00328352534281
-1.344,0.996673037672,0.00109152072342,0.0041928618003,0.0407844737285,0.00344110188396,0.00344110188396
-1.332,0.996545016966,0.00113351369186,0.00436269542171,0.0417722746025,0.00360596564683,0.00360596564683
-1.32,0.99641209808,0.00117711259038,0.00453911110536,0.042782849128,0.00377843320022,0.00377843320022
-1.308,0.996274095841,0.00122237806466,0.00472234756496,0.0438166642891,0.00395883336513,0.00395883336513
-1.296,0.996130818254,0.00126937298996,0.00491265126514,0.044874193713,0.00414750758006,0.00414750758006
-1.284,0.995982066261,0.00131816254838,0.00511027662247,0.0459559176097,0.00434481026909,0.00434481026909
-1.272,0.995827633498,0.00136881430845,0.00531548620856,0.0470623227013,0.00455110921227,0.00455110921227
-1.26,0.995667306041,0.00142139830706,0.00552855095539,0.0481939021407,0.00476678591746,0.00476678591746
-1.248,0.995500862146,0.00147598713382,0.00574975036245,0.0493511554187,0.00499223599298,0.00499223599298
-1.236,0.995328071982,0.00153265601778,0.00597937270564,0.0505345882591,0.00522786952017,0.00522786952017
-1.224,0.995148697356,0.00159148291675,0.00621771524752,0.0517447125022,0.00547411142498,0.00547411142498
-1.212,0.994962491428,0.00165254860894,0.00646508444895,0.0529820459746,0.00573140184763,0.00573140184763
-1.2,0.994769198424,0.00171593678736,0.00672179618152,0.054247112346,0.00600019650934,0.00600019650934
-1.188,0.99456855333,0.00178173415654,0.00698817594079,0.0555404409715,0.00628096707498,0.00628096707498
-1.176,0.994360281591,0.00185003053204,0.00726455905984,0.0568625667204,0.00657420151059,0.00657420151059
-1.164,0.99414409879,0.00192091894242,0.00755129092287,0.0582140297885,0.0068804044344,0.0068804044344
-1.152,0.99391971033,0.00199449573391,0.00784872717856,0.0595953754959,0.00720009746014,0.00720009746014
-1.14,0.993686811093,0.00207086067765,0.00815723395268,0.0610071540677,0.00753381953129,0.00753381953129
-1.128,0.993445085108,0.00215011707964,0.0084771880597,0.0624499203989,0.00788212724479,0.00788212724479
-1.116,0.993194205196,0.0022323718932,0.00880897721291,0.0639242338003,0.00824559516265,0.00824559516265
-1.104,0.992933832613,0.00231773583419,0.00915300023254,0.0654306577286,0.00862481611004,0.00862481611004
-1.092,0.992663616687,0.00240632349873,0.00950966725155,0.066969759496,0.00902040145809,0.00902040145809
-1.08,0.992383194438,0.00249825348357,0.00987939991846,0.0685421099621,0.00943298138974,0.00943298138974
-1.068,0.992092190201,0.00259364850895,0.0102626315967,0.0701482832054,0.00986320514694,0.00986320514694
-1.056,0.991790215231,0.00269263554409,0.0106598075602,0.0717888561755,0.0103117412573,0.0103117412573
-1.044,0.991476867303,0.00279534593498,0.0110713851837,0.0734644083239,0.0107792777381,0.0107792777381
-1.032,0.991151730309,0.00290191553475,0.011497834129,0.0751755212137,0.0112665222769,0.0112665222769
-1.02,0.990814373839,0.00301248483622,0.011939636524,0.0769227781088,0.0117742023843,0.0117742023843
-1.008,0.99046435276,0.00312719910679,0.0123972871361,0.0787067635394,0.01230306552,0.01230306552
-0.996,0.990101206786,0.00324620852547,0.0128712935379,0.0805280628463,0.0128538791877,0.0128538791877
-0.984,0.989724460042,0.00336966832192,0.0133621762652,0.0823872617017,0.0134274309978,0.0134274309978
-0.972,0.989333620616,0.00349773891743,0.0138704689655,0.084284945607,0.0140245286955,0.0140245286955
-0.96,0.988928180116,0.00363058606765,0.0143967185374,0.0862216993669,0.0146460001527,0.0146460001527
-0.948,0.988507613208,0.00376838100696,0.0149414852594,0.0881981065393,0.0152926933208,0.0152926933208
-0.936,0.988071377158,0.00391130059426,0.015505342907,0.0902147488619,0.0159654761432,0.0159654761432
-0.924,0.987618911366,0.00405952746001,0.0160888788577,0.0922722056537,0.0166652364242,0.0166652364242
-0.912,0.987149636894,0.00421325015423,0.0166926941823,0.094371053192,0.0173928816538,0.0173928816538
-0.9,0.986662955993,0.0043726632954,0.0173174037221,0.0965118640655,0.0181493387847,0.0181493387847
-0.888,0.986158251628,0.00453796771974,0.0179636361508,0.0986952065021,0.0189355539606,0.0189355539606
-0.876,0.985634886996,0.00470937063083,0.0186320340195,0.100921643672,0.0197524921935,0.0197524921935
-0.864,0.98509220505,0.0048870857491,0.0193232537846,0.103191732968,0.0206011369877,0.0206011369877
-0.852,0.984529528016,0.00507133346088,0.0200379658162,0.105506025257,0.0214824899089,0.0214824899089
-0.84,0.983946156917,0.00526234096671,0.0207768543873,0.107865064115,0.0223975700961,0.0223975700961
-0.828,0.983341371094,0.00546034242841,0.021540617641,0.110269385027,0.0233474137159,0.0233474137159
-0.816,0.982714427733,0.0056655791146,0.0223299675363,0.112719514578,0.0243330733548,0.0243330733548
-0.804,0.982064561397,0.00587829954404,0.0231456297685,0.115215969608,0.02535561735,0.02535561735
-0.792,0.981390983562,0.0060987596265,0.0239883436664,0.117759256348,0.0264161290567,0.0264161290567
-0.78,0.980692882165,0.00632722280044,0.0248588620611,0.120349869544,0.0275157060487,0.0275157060487
-0.768,0.979969421152,0.00656396016709,0.0257579511284,0.122988291543,0.0286554592526,0.0286554592526
-0.756,0.979219740051,0.00680925062015,0.026686390201,0.125674991375,0.0298365120124,0.0298365120124
-0.744,0.978442953544,0.00706338097066,0.0276449715502,0.128410423805,0.0310599990835,0.0310599990835
-0.732,0.977638151064,0.00732664606622,0.0286345001354,0.13119502837,0.0323270655552,0.0323270655552
-0.72,0.976804396406,0.00759934890379,0.0296557933198,0.134029228405,0.0336388656975,0.0336388656975
-0.708,0.975940727352,0.00788180073551,0.0307096805504,0.136913430043,0.0349965617334,0.0349965617334
-0.696,0.975046155331,0.00817432116648,0.0317970030017,0.139848021208,0.036401322532,0.036401322532
-0.684,0.974119665087,0.00847723824376,0.032918613181,0.142833370597,0.0378543222227,0.0378543222227
-0.672,0.97316021439,0.00879088853573,0.0340753744929,0.145869826639,0.0393567387256,0.0393567387256
-0.66,0.972166733764,0.00911561720066,0.0352681607636,0.148957716462,0.0409097521977,0.0409097521977
-0.648,0.971138126258,0.0094517780438,0.0364978557207,0.152097344838,0.0425145433905,0.0425145433905
-0.636,0.970073267245,0.00979973356159,0.0377653524291,0.15528899313,0.0441722919167,0.0441722919167
-0.624,0.968971004268,0.0101598549721,0.0390715526807,0.158532918232,0.0458841744212,0.0458841744212
-0.612,0.967830156924,0.0105325222308,0.0404173663356,0.161829351513,0.0476513626538,0.0476513626538
-0.6,0.966649516795,0.0109181240295,0.0418037106147,0.165178497753,0.0494750214367,0.0494750214367
-0.588,0.965427847433,0.0113170577788,0.043231509341,0.168580534091,0.0513563065231,0.0513563065231
-0.576,0.964163884395,0.0117297295712,0.0447016921284,0.172035608973,0.0532963623408,0.0532963623408
-0.564,0.962856335337,0.0121565541245,0.0462151935171,0.175543841114,0.0552963196123,0.0552963196123
-0.552,0.961503880175,0.0125979547038,0.0477729520538,0.179105318464,0.0573572928456,0.0573572928456
-0.54,0.960105171305,0.0130543630209,0.0493759093149,0.182720097194,0.0594803776866,0.0594803776866
-0.528,0.958658833905,0.0135262191091,0.0510250088722,0.186388200693,0.0616666481225,0.0616666481225
-0.516,0.9571634663,0.0140139711729,0.0527211952,0.190109618592,0.0639171535278,0.0639171535278
-0.504,0.955617640419,0.0145180754098,0.0544654125212,0.193884305799,0.0662329155394,0.0662329155394
-0.492,0.95401990233,0.0150389958043,0.0562586035931,0.197712181569,0.0686149247493,0.0686149247493
-0.48,0.952368772869,0.0155772038905,0.0581017084306,0.201593128602,0.0710641372018,0.0710641372018
-0.468,0.950662748366,0.0161331784842,0.0599956629672,0.205526992161,0.0735814706788,0.0735814706788
-0.456,0.948900301461,0.0167074053803,0.0619413976516,0.209513579237,0.0761678007593,0.0761678007593
-0.444,0.94707988204,0.0173003770161,0.0639398359814,0.213552657747,0.0788239566365,0.0788239566365
-0.432,0.945199918272,0.0179125920975,0.0659918929714,0.217643955765,0.0815507166734,0.0815507166734
-0.42,0.943258817757,0.0185445551879,0.0680984735581,0.22178716081,0.0843488036805,0.0843488036805
-0.408,0.94125496881,0.0191967762562,0.0702604709396,0.225981919166,0.0872188798962,0.0872188798962
-0.396,0.939186741852,0.0198697701849,0.0724787648512,0.230227835258,0.090161541651,0.090161541651
-0.384,0.937052490941,0.020564056235,0.0747542197765,0.234524471079,0.0931773136959,0.0931773136959
-0.372,0.934850555441,0.021280157467,0.0770876830968,0.238871345674,0.0962666431761,0.0962666431761
-0.36,0.932579261815,0.0220186001164,0.079479983177,0.243267934669,0.099429893232,0.099429893232
-0.348,0.93023692558,0.0227799129232,0.0819319273908,0.247713669877,0.102667336208,0.102667336208
-0.336,0.927821853392,0.0235646264133,0.0844443000876,0.252207938954,0.105979146457,0.105979146457
-0.324,0.925332345298,0.0243732721312,0.0870178604997,0.256750085117,0.109365392717,0.109365392717
-0.312,0.922766697125,0.0252063818232,0.0896533405963,0.261339406941,0.11282603006,0.11282603006
-0.3,0.920123203046,0.0260644865703,0.0923514428829,0.265975158212,0.116360891391,0.116360891391
-0.288,0.917400158283,0.0269481158694,0.0951128381518,0.270656547856,0.1199696785,0.1199696785
-0.276,0.914595861995,0.0278577966646,0.0979381631851,0.275382739936,0.123651952663,0.123651952663
-0.264,0.911708620309,0.0287940523251,0.100828018415,0.280152853726,0.127407124792,0.127407124792
-0.252,0.90873674953,0.0297574015726,0.103782965545,0.284965963859,0.131234445144,0.131234445144
-0.24,0.905678579502,0.0307483573574,0.106803525139,0.289821100546,0.135132992606,0.135132992606
-0.228,0.902532457145,0.0317674256824,0.109890174173,0.294717249877,0.139101663579,0.139101663579
-0.216,0.899296750142,0.0328151043782,0.113043343578,0.299653354195,0.143139160486,0.143139160486
-0.204,0.895969850796,0.0338918818288,0.116263415746,0.304628312549,0.147243979946,0.147243979946
-0.192,0.892550180033,0.0349982356486,0.119550722043,0.309640981228,0.151414400664,0.151414400664
-0.18,0.889036191568,0.0361346313146,0.122905540302,0.314690174363,0.155648471093,0.155648471093
-0.168,0.885426376206,0.0373015207539,0.12632809233,0.319774664619,0.159943996932,0.159943996932
-0.156,0.881719266294,0.0384993408894,0.12981854142,0.324893183956,0.164298528557,0.164298528557
-0.144,0.877913440302,0.0397285121469,0.133376989885,0.330044424469,0.168709348455,0.168709348455
-0.132,0.874007527523,0.0409894369265,0.137003476616,0.335227039304,0.173173458779,0.173173458779
-0.12,0.870000212897,0.0422824980411,0.140697974686,0.340439643649,0.177687569143,0.177687569143
-0.108,0.865890241933,0.043608057128,0.144460388993,0.345680815799,0.182248084774,0.182248084774
-0.096,0.861676425718,0.0449664530351,0.148290553964,0.350949098291,0.186851095167,0.186851095167
-0.084,0.857357646014,0.0463580001888,0.152188231331,0.356242999113,0.191492363403,0.191492363403
-0.072,0.852932860405,0.0477829869484,0.156153107983,0.361560992982,0.196167316281,0.196167316281
-0.06,0.848401107498,0.0492416739511,0.160184793909,0.366901522685,0.200871035445,0.200871035445
-0.048,0.843761512149,0.0507342924559,0.164282820245,0.372263000492,0.205598249683,0.205598249683
-0.036,0.839013290696,0.052261042691,0.168446637443,0.377643809624,0.210343328602,0.210343328602
-0.024,0.834155756183,0.0538220922125,0.172675613553,0.383042305791,0.215100277852,0.215100277852
-0.012,0.829188323553,0.0554175742814,0.176969032663,0.38845681878,0.219862736122,0.219862736122
0,0.824110514781,0.0570475862656,0.181326093473,0.393885654104,0.224623974091,0.224623974091
0.012,0.81892196393,0.058712188077,0.185745908052,0.399327094702,0.229376895546,0.229376895546
0.024,0.813622422107,0.0604114006483,0.19022750076,0.404779402691,0.234114040863,0.234114040863
0.036,0.808211762284,0.0621452044617,0.194769807364,0.410240821164,0.238827593029,0.238827593029
0.048,0.802689983964,0.0639135381348,0.199371674358,0.415709576031,0.243509386399,0.243509386399
0.06,0.797057217672,0.0657162970748,0.204031858496,0.421183877909,0.248150918345,0.248150918345
0.072,0.791313729226,0.0675533322085,0.208749026545,0.426661924043,0.252743363944,0.252743363944
0.084,0.785459923778,0.0694244487972,0.213521755281,0.432141900262,0.257277593846,0.257277593846
0.096,0.779496349586,0.0713294053456,0.218348531728,0.437621982976,0.261744195401,0.261744195401
0.108,0.773423701496,0.0732679126138,0.223227753649,0.443100341193,0.266133497147,0.266133497147
0.12,0.7672428241,0.0752396327397,0.228157730303,0.448575138564,0.270435596677,0.270435596677
0.132,0.76095471455,0.0772441784819,0.233136683474,0.454044535455,0.274640391916,0.274640391916
0.144,0.754560524995,0.0792811125903,0.238162748774,0.459506691027,0.278737615761,0.278737615761
0.156,0.748061564625,0.0813499473115,0.243233977231,0.464959765346,0.282716874023,0.282716874023
0.168,0.741459301286,0.0834501440383,0.248348337161,0.470401921492,0.286567686557,0.286567686557
0.18,0.734755362652,0.0855811131078,0.253503716327,0.475831327678,0.290279531418,0.290279531418
0.192,0.727951536928,0.0877422137561,0.258697924394,0.481246159385,0.293841891858,0.293841891858
0.204,0.721049773074,0.0899327542338,0.263928695662,0.486644601478,0.297244305885,0.297244305885
0.216,0.714052180514,0.092151992088,0.269193692096,0.492024850337,0.300476418132,0.300476418132
0.228,0.706961028343,0.0943991346145,0.27449050663,0.497385115969,0.303528033663,0.303528033663
0.24,0.699778743985,0.0966733394832,0.279816666754,0.502723624114,0.306389173354,0.306389173354
0.252,0.692507911332,0.0989737155386,0.285169638367,0.508038618336,0.309050130441,0.309050130441
0.264,0.685151268321,0.101299323778,0.290546829891,0.51332836209,0.311501527755,0.311501527755
0.276,0.677711703967,0.103649178505,0.295945596634,0.518591140777,0.313734375185,0.313734375185
0.288,0.67019225485,0.106022248661,0.301363245392,0.523825263755,0.315740126839,0.315740126839
0.3,0.662596101049,0.108417459329,0.306797039268,0.529029066335,0.317510737391,0.317510737391
0.312,0.654926561538,0.110833693408,0.312244202703,0.53420091173,0.319038717045,0.319038717045
0.324,0.647187089051,0.11326979346,0.317701926692,0.539339192967,0.320317184591,0.320317184591
0.336,0.639381264427,0.115724563707,0.323167374171,0.54444233476,0.32133991798,0.32133991798
0.348,0.63151279046,0.118196772197,0.328637685556,0.549508795325,0.322101401887,0.322101401887
0.36,0.623585485256,0.120685153107,0.3341099844,0.554537068152,0.322596871739,0.322596871739
0.372,0.615603275145,0.123188409191,0.339581383165,0.559525683712,0.322822353695,0.322822353695
0.384,0.607570187149,0.12570521436,0.34504898907,0.564473211105,0.32277470012,0.32277470012
0.396,0.599490341056,0.128234216373,0.350509909996,0.569378259651,0.322451620117,0.322451620117
0.408,0.591367941118,0.130774039644,0.355961260418,0.574239480398,0.321851704731,0.321851704731
0.42,0.583207267414,0.133323288146,0.361400167351,0.579055567568,0.320974446508,0.320974446508
0.432,0.575012666916,0.135880548394,0.366823776264,0.583825259919,0.319820253116,0.319820253116
0.444,0.566788544293,0.138444392501,0.372229256955,0.588547342037,0.31839045484,0.31839045484
0.456,0.558539352497,0.141013381292,0.377613809352,0.593220645528,0.316687305795,0.316687305795
0.468,0.550269583171,0.143586067458,0.382974669213,0.597844050139,0.314713978793,0.314713978793
0.48,0.541983756928,0.146160998739,0.388309113704,0.602416484784,0.312474553857,0.312474553857
0.492,0.533686413534,0.148736721126,0.393614466831,0.606936928467,0.309974000467,0.309974000467
0.504,0.525382102058,0.151311782048,0.398888104697,0.61140441113,0.307218153657,0.307218153657
0.516,0.517075371013,0.153884733562,0.404127460572,0.615818014384,0.304213684208,0.304213684208
0.528,0.508770758549,0.156454135493,0.409330029738,0.620176872155,0.300968063176,0.300968063176
0.54,0.500472782735,0.159018558547,0.414493374117,0.62448017122,0.297489521134,0.297489521134
0.552,0.492185931976,0.161576587355,0.419615126626,0.628727151648,0.293787002492,0.293787002492
0.564,0.483914655603,0.164126823444,0.42469299528,0.632917107134,0.289870115366,0.289870115366
0.576,0.475663354681,0.166667888135,0.429724767009,0.637049385229,0.285749077478,0.285749077478
0.588,0.467436373073,0.169198425333,0.434708311167,0.641123387471,0.281434658614,0.281434658614
0.6,0.459237988795,0.171717104213,0.439641582753,0.645138569412,0.276938120207,0.276938120207
0.612,0.451072405693,0.174222621792,0.444522625301,0.649094440536,0.272271152616,0.272271152616
0.624,0.442943745488,0.176713705366,0.449349573455,0.652990564084,0.267445810698,0.267445810698
0.636,0.434856040195,0.179189114815,0.454120655215,0.656826556777,0.262474448266,0.262474448266
0.648,0.426813224962,0.181647644765,0.458834193852,0.660602088434,0.257369652032,0.257369652032
0.66,0.418819131348,0.184088126594,0.463488609496,0.664316881505,0.252144175611,0.252144175611
0.672,0.410877481045,0.18650943029,0.468082420382,0.667970710498,0.24681087415,0.24681087415
0.684,0.402991880084,0.188910466139,0.472614243788,0.671563401327,0.24138264013,0.24138264013
0.696,0.395165813523,0.191290186259,0.477082796629,0.675094830564,0.235872340834,0.235872340834
0.708,0.387402640628,0.193647585956,0.481486895753,0.678564924606,0.230292757962,0.230292757962
0.72,0.379705590564,0.195981704924,0.48582545792,0.68197365877,0.224656529819,0.224656529819
0.732,0.372077758586,0.198291628267,0.490097499477,0.685321056302,0.218976096462,0.218976096462
0.744,0.364522102744,0.200576487364,0.494302135761,0.688607187316,0.213263648144,0.213263648144
0.756,0.357041441095,0.202835460554,0.498438580208,0.69183216767,0.207531077339,0.207531077339
0.768,0.349638449413,0.205067773672,0.502506143214,0.694996157769,0.201789934588,0.201789934588
0.78,0.342315659395,0.207272700417,0.506504230734,0.698099361317,0.196051388357,0.196051388357
0.792,0.335075457354,0.209449562563,0.510432342659,0.701142024012,0.190326189035,0.190326189035
0.804,0.327920083386,0.211597730026,0.514290070966,0.704124432192,0.184624637157,0.184624637157
0.816,0.320851630985,0.213716620775,0.518077097669,0.707046911436,0.178956555909,0.178956555909
0.828,0.313872047118,0.215805700613,0.521793192586,0.709909825125,0.173331267883,0.173331267883
0.84,0.306983132708,0.217864482818,0.525438210927,0.712713572977,0.16775757606,0.16775757606
0.852,0.300186543535,0.219892527658,0.529012090746,0.715458589536,0.162243748916,0.162243748916
0.864,0.293483791511,0.221889441793,0.532514850238,0.71814534266,0.156797509539,0.156797509539
0.876,0.286876246331,0.223854877554,0.535946584933,0.720774331968,0.151426028607,0.151426028607
0.888,0.280365137452,0.225788532129,0.539307464777,0.723346087285,0.146135921034,0.146135921034
0.9,0.273951556399,0.227690146647,0.542597731132,0.725861167079,0.140933246099,0.140933246099
0.912,0.267636459362,0.229559505178,0.545817693701,0.728320156881,0.135823510824,0.135823510824
0.924,0.261420670063,0.231396433646,0.548967727403,0.730723667719,0.130811676364,0.130811676364
0.936,0.25530488287,0.233200798675,0.552048269201,0.733072334549,0.125902167171,0.125902167171
0.948,0.249289666133,0.234972506377,0.555059814908,0.73536681469,0.121098882667,0.121098882667
0.96,0.243375465722,0.236711501069,0.558002915977,0.737607786278,0.116405211163,0.116405211163
0.972,0.237562608734,0.238417763957,0.56087817629,0.739795946734,0.111824045782,0.111824045782
0.984,0.231851307361,0.240091311766,0.563686248963,0.741932011248,0.107357802105,0.107357802105
0.996,0.226241662879,0.241732195349,0.566427833168,0.744016711289,0.103008437302,0.103008437302
1.008,0.220733669755,0.243340498256,0.569103670989,0.746050793136,0.0987774704966,0.0987774704966
1.02,0.215327219836,0.244916335297,0.571714544323,0.748035016444,0.0946660041246,0.0946660041246
1.032,0.210022106606,0.246459851076,0.574261271832,0.749970152835,0.0906747460669,0.0906747460669
1.044,0.204818029499,0.247971218533,0.576744705949,0.751856984524,0.0868040323368,0.0868040323368
1.056,0.199714598228,0.249450637472,0.579165729959,0.753696302983,0.0830538501243,0.0830538501243
1.068,0.194711337149,0.250898333098,0.581525255145,0.755488907637,0.0794238610098,0.0794238610098
1.08,0.189807689602,0.25231455456,0.583824218019,0.757235604606,0.0759134241774,0.0759134241774
1.092,0.185003022247,0.253699573512,0.586063577629,0.75893720548,0.0725216194699,0.0725216194699
1.104,0.18029662937,0.255053682684,0.58824431296,0.760594526141,0.069247270146,0.069247270146
1.116,0.175687737134,0.25637719448,0.590367420426,0.762208385627,0.0660889652131,0.0660889652131
1.128,0.171175507788,0.257670439596,0.59243391145,0.763779605036,0.0630450812256,0.0630450812256
1.14,0.166759043801,0.25893376567,0.594444810144,0.765309006481,0.0601138034527,0.0601138034527
1.152,0.162437391922,0.260167535961,0.59640115109,0.76679741208,0.0572931463327,0.0572931463327
1.164,0.158209547156,0.261372128061,0.598303977212,0.768245643003,0.0545809731463,0.0545809731463
1.176,0.154074456648,0.262547932642,0.600154337757,0.769654518553,0.0519750148524,0.0519750148524
1.188,0.150031023469,0.263695352238,0.601953286365,0.771024855297,0.0494728880424,0.0494728880424
1.2,0.146078110293,0.264814800075,0.60370187925,0.772357466244,0.0470721119796,0.0470721119796
1.212,0.142214542967,0.265906698928,0.605401173469,0.773653160065,0.0447701247023,0.0447701247023
1.224,0.138439113969,0.266971480029,0.607052225297,0.774912740351,0.0425642981755,0.0425642981755
1.236,0.134750585742,0.268009582014,0.608656088689,0.776137004931,0.0404519524878,0.0404519524878
1.248,0.131147693918,0.26902144991,0.610213813849,0.777326745212,0.0384303690955,0.0384303690955
1.26,0.127629150407,0.270007534169,0.61172644588,0.77848274558,0.0364968031228,0.0364968031228
1.272,0.124193646374,0.270968289741,0.613195023529,0.779605782826,0.0346484947354,0.0346484947354
1.284,0.120839855086,0.271904175195,0.614620578023,0.780696625627,0.0328826796058,0.0328826796058
1.296,0.117566434633,0.272815651877,0.616004131984,0.781756034053,0.0311965984971,0.0311965984971
1.308,0.114372030532,0.273703183113,0.617346698434,0.782784759125,0.0295875059931,0.0295875059931
1.32,0.111255278199,0.274567233459,0.618649279874,0.783783542396,0.0280526784069,0.0280526784069
1.332,0.108214805306,0.275408267979,0.619912867443,0.78475311558,0.0265894209014,0.0265894209014
1.344,0.105249234011,0.276226751579,0.621138440153,0.78569420021,0.0251950738589,0.0251950738589
1.356,0.102357183074,0.277023148373,0.622326964192,0.786607507333,0.0238670185368,0.0238670185368
1.368,0.0995372698542,0.277797921083,0.623479392297,0.787493737228,0.0226026820471,0.0226026820471
1.38,0.0967881121919,0.27855153049,0.624596663191,0.78835357917,0.0213995416994,0.0213995416994
1.392,0.0941083301816,0.279284434908,0.625679701087,0.789187711209,0.0202551287462,0.0202551287462
1.404,0.0914965478337,0.279997089705,0.62672941524,0.789996799989,0.0191670315688,0.0191670315688
1.416,0.0889513946316,0.280689946849,0.627746699571,0.790781500587,0.0181328983424,0.0181328983424
1.428,0.086471506986,0.281363454495,0.62873243233,0.791542456377,0.0171504392181,0.0171504392181
1.44,0.0840555295896,0.282018056602,0.629687475817,0.792280298929,0.016217428058,0.016217428058
1.452,0.0817021166762,0.282654192575,0.630612676149,0.792995647918,0.0153317037587,0.0153317037587
1.464,0.0794099331869,0.283272296949,0.63150886307,0.793689111064,0.0144911711987,0.0144911711987
1.476,0.0771776558469,0.283872799088,0.632376849807,0.794361284091,0.013693801841,0.013693801841
1.488,0.0750039741571,0.284456122923,0.633217432959,0.795012750703,0.0129376340228,0.0129376340228
1.5,0.0728875913031,0.285022686707,0.634031392431,0.795644082584,0.0122207729631,0.0122207729631
1.512,0.0708272249859,0.285572902799,0.634819491394,0.796255839411,0.0115413905154,0.0115413905154
1.524,0.0688216081768,0.286107177476,0.635582476283,0.796848568883,0.0108977246926,0.0108977246926
1.536,0.0668694898011,0.286625910755,0.636321076823,0.797422806772,0.0102880789901,0.0102880789901
1.548,0.0649696353528,0.287129496252,0.63703600608,0.797979076979,0.00971082152954,0.00971082152954
1.56,0.0631208274444,0.287618321046,0.637727960542,0.798517891611,0.00916438404575,0.00916438404575
1.572,0.0613218662953,0.288092765577,0.63839762022,0.799039751068,0.00864726073813,0.00864726073813
1.584,0.0595715701604,0.288553203546,0.639045648768,0.799545144136,0.00815800700439,0.00815800700439
1.596,0.0578687757047,0.289000001849,0.639672693634,0.800034548104,0.00769523807505,0.00769523807505
1.608,0.0562123383241,0.289433520509,0.640279386211,0.800508428873,0.0072576275647,0.00725762756471
1.62,0.0546011324173,0.289854112641,0.640866342023,0.80096724109,0.00684390595504,0.00684390595504
1.632,0.053034051611,0.290262124416,0.641434160908,0.80141142828,0.00645285902313,0.00645285902313
1.644,0.0515100089413,0.290657895046,0.641983427231,0.801841422989,0.00608332622764,0.00608332622764
1.656,0.0500279369934,0.29104175678,0.642514710094,0.802257646933,0.005734199064,0.005734199064
1.668,0.0485867880032,0.29141403491,0.643028563567,0.802660511154,0.00540441939899,0.00540441939899
1.68,0.0471855339225,0.29177504779,0.643525526923,0.80305041618,0.00509297779372,0.00509297779372
1.692,0.0458231664505,0.292125106859,0.644006124881,0.803427752189,0.00479891182338,0.00479891182338
1.704,0.0444986970341,0.292464516682,0.644470867859,0.803792899179,0.00452130440108,0.00452130440108
1.716,0.0432111568382,0.29279357499,0.644920252228,0.804146227142,0.00425928211217,0.00425928211217
1.728,0.0419595966899,0.293112572735,0.645354760578,0.804488096235,0.00401201356497,0.00401201356497
1.74,0.0407430869965,0.293421794147,0.64577486198,0.804818856964,0.00377870776277,0.00377870776277
1.752,0.0395607176412,0.2937215168,0.646181012257,0.805138850362,0.00355861250152,0.00355861250152
1.764,0.0384115978567,0.294012011685,0.646573654256,0.805448408168,0.00335101279698,0.00335101279698
1.776,0.0372948560794,0.294293543282,0.64695321812,0.805747853014,0.00315522934449,0.00315522934449
1.788,0.0362096397857,0.294566369646,0.647320121561,0.806037498606,0.00297061701409,0.00297061701409
1.8,0.0351551153117,0.294830742487,0.647674770139,0.80631764991,0.00279656338309,0.00279656338309
1.812,0.0341304676578,0.295086907265,0.648017557533,0.806588603336,0.00263248730811,0.00263248730811
1.824,0.0331349002803,0.29533510328,0.648348865813,0.806850646922,0.00247783753771,0.00247783753771
1.836,0.0321676348697,0.295575563764,0.64866906572,0.807104060516,0.00233209136699,0.00233209136699
1.848,0.0312279111194,0.295808515984,0.648978516928,0.807349115965,0.00219475333461,0.00219475333461
1.86,0.0303149864832,0.29603418134,0.649277568322,0.807586077287,0.00206535396301,0.00206535396301
1.872,0.0294281359255,0.296252775467,0.649566558258,0.807815200862,0.0019434485418,0.0019434485418
1.884,0.0285666516623,0.296464508339,0.64984581483,0.808036735605,0.00182861595454,0.00182861595454
1.896,0.0277298428972,0.296669584373,0.650115656132,0.808250923146,0.00172045754857,0.00172045754857
1.908,0.0269170355501,0.296868202537,0.650376390516,0.808457998006,0.00161859604767,0.00161859604767
1.92,0.0261275719824,0.297060556451,0.650628316845,0.80865818777,0.00152267450697,0.00152267450697
1.932,0.0253608107168,0.297246834502,0.650871724744,0.808851713261,0.00143235530949,0.00143235530949
1.944,0.0246161261552,0.297427219945,0.651106894851,0.809038788708,0.00134731920362,0.00134731920362
1.956,0.0238929082925,0.297601891012,0.651334099055,0.809219621912,0.00126726438069,0.0012672643807
1.968,0.0231905624298,0.297771021021,0.651553600738,0.809394414417,0.00119190559173,0.00119190559173
1.98,0.0225085088853,0.297934778479,0.65176565501,0.809563361663,0.00112097330233,0.00112097330233
1.992,0.0218461827045,0.298093327192,0.65197050894,0.809726653156,0.00105421288489,0.00105421288489
2.004,0.021203033371,0.29824682637,0.652168401779,0.809884472618,0.000991383846784,0.000991383846784
2.016,0.0205785245163,0.298395430731,0.652359565185,0.810036998144,0.000932259093669,0.000932259093668
2.028,0.0199721336311,0.298539290605,0.652544223438,0.810184402355,0.000876624226688,0.000876624226688
2.04,0.0193833517771,0.298678552038,0.652722593653,0.810326852544,0.000824276872432,0.000824276872432
2.052,0.018811683301,0.298813356895,0.652894885991,0.810464510825,0.000775026044553,0.000775026044553
2.064,0.0182566455496,0.298943842959,0.653061303856,0.810597534273,0.000728691535883,0.000728691535883
2.076,0.0177177685872,0.299070144032,0.653222044101,0.810726075068,0.000685103339922,0.000685103339922
2.088,0.0171945949152,0.299192390033,0.653377297215,0.810850280628,0.00064410110057,0.000644101100571
2.1,0.0166866791952,0.299310707095,0.653527247519,0.810970293748,0.000605533588992,0.000605533588991
2.112,0.0161935879738,0.29942521766,0.653672073347,0.811086252729,0.00056925820651,0.00056925820651
2.124,0.0157148994115,0.299536040576,0.653811947226,0.811198291506,0.000535140512484,0.000535140512484
2.136,0.0152502030141,0.299643291184,0.653947036057,0.811306539776,0.000503053776074,0.000503053776073
2.148,0.0147990993682,0.299747081414,0.65407750128,0.811411123118,0.000472878550895,0.000472878550895
2.16,0.0143611998798,0.299847519874,0.654203499046,0.811512163116,0.00044450227156,0.000444502271561
2.172,0.0139361265173,0.299944711935,0.654325180376,0.811609777474,0.000417818871115,0.000417818871115
2.184,0.0135235115576,0.300038759817,0.654442691324,0.811704080133,0.000392728418434,0.000392728418433
2.196,0.0131229973366,0.300129762679,0.654556173127,0.811795181378,0.000369136774657,0.000369136774657
2.208,0.0127342360038,0.300217816695,0.654665762358,0.81188318795,0.000346955267798,0.000346955267798
2.22,0.0123568892807,0.300303015139,0.654771591069,0.811968203154,0.000326100384622,0.000326100384621
2.232,0.011990628224,0.300385448463,0.654873786937,0.812050326956,0.000306493479016,0.000306493479016
2.244,0.0116351329921,0.300465204376,0.6549724734,0.812129656092,0.000288060496033,0.000288060496033
2.256,0.0112900926166,0.30054236792,0.65506776979,0.812206284157,0.000270731710841,0.000270731710841
2.268,0.0109552047781,0.300617021542,0.655159791465,0.812280301709,0.000254441481853,0.000254441481853
2.28,0.0106301755855,0.300689245171,0.655248649934,0.812351796356,0.000239128017318,0.000239128017318
2.292,0.0103147193611,0.300759116283,0.655334452984,0.812420852851,0.000224733154716,0.000224733154716
2.304,0.0100085584281,0.300826709979,0.655417304794,0.812487553176,0.000211202152287,0.000211202152287
2.316,0.00971142290442,0.300892099043,0.655497306056,0.81255197663,0.000198483492081,0.000198483492081
2.328,0.00942305049911,0.300955354018,0.655574554083,0.812614199911,0.000186528693949,0.000186528693947
2.34,0.0091431863142,0.301016543262,0.65564914292,0.8126742972,0.000175292139874,0.000175292139875
2.352,0.00887158265026,0.301075733017,0.655721163454,0.812732340236,0.000164730908155,0.000164730908155
2.364,0.00860799881635,0.301132987467,0.655790703509,0.812788398394,0.000154804616853,0.000154804616853
2.376,0.00835220094411,0.301188368801,0.655857847952,0.812842538761,0.000145475276084,0.000145475276084
2.388,0.00810396180607,0.301241937269,0.655922678786,0.812894826204,0.00013670714863,0.00013670714863
2.4,0.00786306063803,0.301293751239,0.655985275247,0.812945323447,0.000128466618458,0.000128466618457
2.412,0.0076292829655,0.301343867254,0.656045713892,0.81299409113,0.000120722066699,0.000120722066698
2.424,0.0074024204342,0.301392340084,0.656104068687,0.813041187885,0.000113443754696,0.000113443754697
2.436,0.00718227064452,0.301439222783,0.656160411095,0.813086670393,0.000106603713738,0.000106603713739
2.448,0.00696863698983,0.301484566734,0.656214810156,0.813130593448,0.000100175641093,0.000100175641093
2.46,0.00676132849874,0.301528421702,0.656267332568,0.81317301002,9.41348020241e-05,9.41348020244e-05
2.472,0.00656015968108,0.301570835885,0.656318042765,0.813213971311,8.84579374391e-05,8.84579374386e-05
2.484,0.00636495037772,0.301611855957,0.656367002991,0.813253526813,8.31231768625e-05,8.31231768631e-05
2.496,0.00617552561393,0.301651527116,0.656414273375,0.813291724364,7.81099564502e-05,7.81099564508e-05
2.508,0.00599171545649,0.301689893129,0.656459911998,0.813328610199,7.3398941737e-05,7.33989417365e-05
2.52,0.00581335487428,0.301726996372,0.656503974965,0.813364229005,6.8971954876e-05,6.89719548756e-05
2.532,0.00564028360235,0.30176287788,0.656546516467,0.81339862397,6.48119061146e-05,6.48119061145e-05
2.544,0.00547234600952,0.301797577378,0.656587588851,0.81343183683,6.09027292539e-05,6.09027292535e-05
2.556,0.0053093909692,0.301831133329,0.656627242673,0.813463907921,5.72293208759e-05,5.72293208763e-05
2.568,0.00515127173359,0.30186358297,0.656665526766,0.813494876218,5.37774831328e-05,5.37774831324e-05
2.58,0.00499784581112,0.301894962348,0.656702488295,0.813524779388,5.05338698695e-05,5.05338698698e-05
2.592,0.00484897484702,0.301925306359,0.656738172811,0.813553653825,4.74859359282e-05,4.74859359281e-05
2.604,0.004704524507,0.301954648781,0.656772624308,0.813581534697,4.46218894092e-05,4.46218894089e-05
2.616,0.00456436436397,0.301983022313,0.656805885276,0.813608455984,4.19306467546e-05,4.19306467543e-05
2.628,0.00442836778775,0.302010458603,0.656837996747,0.813634450516,3.94017904725e-05,3.94017904722e-05
2.64,0.00429641183766,0.302036988285,0.656868998351,0.813659550017,3.70255293543e-05,3.7025529354e-05
2.652,0.00416837715797,0.302062641007,0.656898928358,0.813683785133,3.47926610422e-05,3.47926610423e-05
2.664,0.00404414787613,0.302087445466,0.656927823727,0.813707185475,3.26945368125e-05,3.26945368126e-05
2.676,0.0039236115037,0.302111429433,0.656955720147,0.813729779648,3.07230284388e-05,3.07230284387e-05
2.688,0.00380665884,0.302134619786,0.656982652086,0.813751595289,2.88704970245e-05,2.88704970231e-05
2.7,0.00369318387826,0.302157042534,0.657008652825,0.813772659094,2.71297636752e-05,2.71297636759e-05
2.712,0.00358308371437,0.302178722849,0.657033754506,0.813792996856,2.54940819361e-05,2.54940819348e-05
2.724,0.00347625845809,0.302199685088,0.657057988163,0.813812633488,2.39571118274e-05,2.39571118267e-05
2.736,0.00337261114669,0.302219952821,0.657081383765,0.813831593058,2.25128954683e-05,2.25128954695e-05
2.748,0.00327204766093,0.302239548857,0.657103970252,0.813849898815,2.1155834131e-05,2.11558341303e-05
2.76,0.00317447664332,0.302258495262,0.657125775566,0.813867573213,1.98806666488e-05,1.98806666491e-05
2.772,0.00307980941869,0.302276813392,0.657146826691,0.813884637947,1.86824491499e-05,1.86824491503e-05
2.784,0.00298795991689,0.302294523906,0.657167149679,0.813901113966,1.75565359657e-05,1.75565359662e-05
2.796,0.00289884459764,0.302311646795,0.657186769687,0.81391702151,1.64985616989e-05,1.64985616991e-05
2.808,0.0028123823775,0.3023282014,0.657205711007,0.813932380124,1.55044243564e-05,1.55044243572e-05
2.82,0.00272849455883,0.302344206433,0.657223997091,0.813947208689,1.45702694992e-05,1.4570269499e-05
2.832,0.00264710476068,0.302359679998,0.657241650587,0.81396152544,1.36924753262e-05,1.3692475327e-05
2.844,0.00256813885178,0.302374639608,0.657258693359,0.813975347988,1.28676386754e-05,1.28676386749e-05
2.856,0.00249152488518,0.302389102207,0.657275146519,0.813988693343,1.20925618349e-05,1.20925618345e-05
2.868,0.00241719303493,0.302403084188,0.657291030451,0.814001577933,1.13642401731e-05,1.13642401727e-05
2.88,0.00234507553437,0.302416601407,0.657306364837,0.814014017622,1.06798504916e-05,1.06798504923e-05
2.892,0.00227510661627,0.302429669203,0.657321168678,0.814026027735,1.00367400908e-05,1.00367400908e-05
2.904,0.00220722245466,0.302442302415,0.657335460321,0.814037623067,9.43241647816e-06,9.43241647754e-06
2.916,0.00214136110818,0.302454515397,0.65734925748,0.814048817911,8.8645377076e-06,8.86453770786e-06
2.928,0.00207746246521,0.302466322033,0.657362577256,0.814059626067,8.33090329988e-06,8.33090329926e-06
2.94,0.00201546819044,0.302477735755,0.657375436162,0.814070060863,7.82944569433e-06,7.82944569376e-06
2.952,0.00195532167297,0.302488769552,0.65738785014,0.814080135169,7.35822223369e-06,7.35822223389e-06
2.964,0.00189696797595,0.30249943599,0.65739983458,0.814089861415,6.91540762227e-06,6.91540762225e-06
2.976,0.0018403537876,0.302509747224,0.657411404342,0.814099251603,6.49928683355e-06,6.49928683461e-06
2.988,0.00178542737362,0.302519715008,0.657422573773,0.814108317323,6.10824845976e-06,6.10824846048e-06
3,0.00173213853104,0.302529350714,0.657433356723,0.814117069768,5.74077844451e-06,5.74077844478e-06
3.012,0.00168043854329,0.302538665337,0.657443766565,0.814125519745,5.39545420697e-06,5.39545420677e-06
3.024,0.00163028013664,0.302547669514,0.657453816208,0.814133677692,5.07093911317e-06,5.07093911386e-06
3.036,0.00158161743785,0.302556373532,0.657463518117,0.814141553684,4.76597728927e-06,4.76597728847e-06
3.048,0.00153440593306,0.302564787339,0.657472884325,0.814149157455,4.47938872794e-06,4.47938872839e-06
3.06,0.00148860242784,0.302572920557,0.657481926449,0.8141564984,4.21006472223e-06,4.21006472166e-06
3.072,0.00144416500841,0.302580782491,0.657490655704,0.814163585592,3.95696353833e-06,3.95696353801e-06
3.084,0.001401053004,0.302588382141,0.657499082918,0.814170427792,3.71910638031e-06,3.7191063807e-06
3.096,0.00135922695025,0.30259572821,0.657507218543,0.814177033461,3.49557358287e-06,3.49557358263e-06
3.108,0.00131864855367,0.302602829113,0.657515072673,0.814183410765,3.28550103196e-06,3.28550103227e-06
3.12,0.00127928065723,0.302609692991,0.657522655049,0.814189567592,3.08807681654e-06,3.08807681552e-06
3.132,0.0012410872068,0.302616327715,0.657529975077,0.814195511558,2.90253806012e-06,2.90253806036e-06
3.144,0.00120403321867,0.302622740895,0.657537041838,0.814201250015,2.72816797287e-06,2.72816797235e-06
3.156,0.00116808474797,0.302628939893,0.657543864098,0.814206790062,2.56429304968e-06,2.56429304908e-06
3.168,0.00113320885802,0.302634931826,0.657550450318,0.814212138556,2.41028046283e-06,2.41028046316e-06
3.18,0.00109937359058,0.302640723577,0.657556808671,0.814217302113,2.26553560295e-06,2.26553560331e-06
3.192,0.00106654793695,0.302646321802,0.657562947042,0.814222287126,2.12949976391e-06,2.12949976413e-06
3.204,0.00103470180991,0.302651732937,0.657568873046,0.814227099764,2.00164797487e-06,2.00164797558e-06
3.216,0.00100380601652,0.302656963204,0.657574594035,0.814231745984,1.88148696317e-06,1.88148696365e-06
3.228,0.000973832231642,0.302662018622,0.657580117104,0.814236231538,1.76855323453e-06,1.76855323438e-06
3.24,0.000944752972323,0.30266690501,0.657585449104,0.814240561979,1.66241127364e-06,1.66241127377e-06
3.252,0.000916541572841,0.302671627992,0.65759059665,0.81424474267,1.56265185625e-06,1.56265185646e-06
3.264,0.000889172160555,0.30267619301,0.657595566125,0.814248778787,1.46889045766e-06,1.46889045688e-06
3.276,0.000862619632405,0.302680605323,0.657600363694,0.814252675327,1.38076575695e-06,1.38076575627e-06
3.288,0.000836859632142,0.302684870019,0.657604995308,0.814256437117,1.29793824061e-06,1.2979382402e-06
3.3,0.000811868528206,0.302688992013,0.65760946671,0.814260068816,1.22008888087e-06,1.22008888083e-06
3.312,0.000787623392248,0.302692976061,0.657613783446,0.814263574922,1.14691789777e-06,1.14691789884e-06
3.324,0.000764101978303,0.302696826761,0.657617950869,0.814266959776,1.07814360051e-06,1.07814360037e-06
3.336,0.000741282702554,0.302700548557,0.657621974149,0.814270227573,1.01350128495e-06,1.01350128414e-06
3.348,0.000719144623706,0.302704145746,0.657625858273,0.814273382359,9.52742215787e-07,9.52742214869e-07
3.36,0.000697667423929,0.302707622485,0.657629608059,0.814276428044,8.95632658648e-07,8.95632658616e-07
3.372,0.00067683139036,0.302710982789,0.657633228157,0.8142793684,8.41952977282e-07,8.41952976563e-07
3.384,0.00065661739716,0.302714230544,0.657636723055,0.81428220707,7.91496773012e-07,7.91496773607e-07
3.396,0.000637006888089,0.302717369504,0.657640097086,0.814284947571,7.44070098035e-07,7.44070098401e-07
3.408,0.000617981859598,0.302720403299,0.657643354434,0.814287593298,6.99490691147e-07,6.99490691816e-07
3.42,0.000599524844423,0.30272333544,0.657646499138,0.814290147529,6.57587281405e-07,6.57587280849e-07
3.432,0.000581618895656,0.302726169321,0.657649535095,0.814292613429,6.18198914282e-07,6.18198915207e-07
3.444,0.000564247571294,0.302728908221,0.65765246607,0.814294994053,5.81174344316e-07,5.81174344047e-07
3.456,0.000547394919235,0.302731555312,0.657655295695,0.81429729235,5.46371431542e-07,5.46371430371e-07
3.468,0.000531045462724,0.302734113662,0.657658027479,0.814299511169,5.13656601087e-07,5.13656600849e-07
3.48,0.00051518418623,0.302736586233,0.657660664807,0.814301653259,4.82904329302e-07,4.82904328904e-07
3.492,0.000499796521731,0.302738975893,0.657663210948,0.814303721274,4.53996648442e-07,4.53996649036e-07
3.504,0.000484868335418,0.302741285411,0.657665669058,0.814305717776,4.26822700628e-07,4.26822700533e-07
3.516,0.000470385914776,0.302743517465,0.657668042182,0.814307645239,4.01278297646e-07,4.01278298728e-07
3.528,0.000456335956063,0.302745674646,0.657670333263,0.814309506052,3.77265532647e-07,3.7726553221e-07
3.54,0.000442705552153,0.302747759457,0.657672545138,0.814311302519,3.54692383797e-07,3.54692384352e-07
3.552,0.00042948218073,0.302749774316,0.657674680549,0.814313036868,3.33472377489e-07,3.33472377717e-07
3.564,0.000416653692851,0.302751721563,0.65767674214,0.814314711246,3.13524240847e-07,3.1352423997e-07
3.576,0.000404208301828,0.30275360346,0.657678732468,0.814316327729,2.94771589804e-07,2.94771589947e-07
3.588,0.000392134572453,0.302755422193,0.657680653996,0.814317888319,2.77142643057e-07,2.77142642721e-07
3.6,0.000380421410535,0.302757179875,0.657682509106,0.81431939495,2.60569932575e-07,2.60569932465e-07
3.612,0.00036905805275,0.302758878548,0.657684300095,0.814320849488,2.44990052856e-07,2.44990052065e-07
3.624,0.000358034056792,0.302760520188,0.657686029182,0.814322253736,2.30343409791e-07,2.30343408463e-07
3.636,0.000347339291816,0.302762106703,0.657687698509,0.814323609434,2.16573992962e-07,2.16573992766e-07
3.648,0.000336963929163,0.302763639938,0.657689310142,0.81432491826,2.03629164974e-07,2.03629164247e-07
3.66,0.000326898433362,0.302765121679,0.657690866078,0.814326181837,1.9145944774e-07,1.91459447391e-07
3.672,0.000317133553395,0.302766553647,0.657692368244,0.814327401729,1.80018342011e-07,1.80018341177e-07
3.684,0.000307660314233,0.302767937512,0.657693818498,0.814328579448,1.69262139693e-07,1.69262139897e-07
3.696,0.000298470008604,0.302769274883,0.657695218638,0.814329716453,1.59149765533e-07,1.59149764772e-07
3.708,0.000289554189024,0.302770567318,0.657696570396,0.814330814152,1.49642605862e-07,1.49642605741e-07
3.72,0.000280904660057,0.302771816322,0.657697875446,0.814331873905,1.40704372542e-07,1.40704372796e-07
3.732,0.000272513470799,0.302773023351,0.657699135404,0.814332897025,1.32300956579e-07,1.32300956281e-07
3.744,0.000264372907596,0.302774189811,0.657700351828,0.814333884778,1.24400295787e-07,1.24400295632e-07
3.756,0.000256475486975,0.302775317063,0.657701526225,0.814334838389,1.16972255659e-07,1.16972256024e-07
3.768,0.000248813948778,0.302776406419,0.657702660049,0.814335759037,1.09988512798e-07,1.09988512463e-07
3.78,0.000241381249512,0.302777459151,0.657703754701,0.814336647864,1.03422441111e-07,1.03422440874e-07
3.792,0.000234170555888,0.302778476486,0.657704811537,0.814337505969,9.72490157292e-08,9.72490157427e-08
3.804,0.000227175238554,0.302779459612,0.657705831865,0.814338334417,9.14447142453e-08,9.14447139481e-08
3.816,0.000220388866015,0.302780409675,0.657706816947,0.814339134232,8.59874251247e-08,8.59874243751e-08
3.828,0.000213805198737,0.302781327785,0.657707768002,0.814339906404,8.08563629384e-08,8.08563629873e-08
3.84,0.000207418183422,0.302782215012,0.657708686206,0.814340651891,7.60319928128e-08,7.60319930149e-08
3.852,0.000201221947451,0.302783072394,0.657709572695,0.814341371614,7.14959496051e-08,7.14959499506e-08
3.864,0.000195210793503,0.302783900932,0.657710428566,0.814342066465,6.7230970624e-08,6.72309710701e-08
3.876,0.000189379194321,0.302784701593,0.657711254877,0.814342737304,6.32208295714e-08,6.32208291933e-08
3.888,0.000183721787645,0.302785475313,0.657712052651,0.814343384962,5.94502705953e-08,5.94502704405e-08
3.9,0.000178233371287,0.302786222995,0.657712822873,0.81434401024,5.59049552207e-08,5.59049557356e-08
3.912,0.000172908898358,0.302786945515,0.657713566497,0.814344613913,5.25714055621e-08,5.25714058317e-08
3.924,0.000167743472639,0.302787643717,0.657714284441,0.814345196726,4.94369497561e-08,4.94369496504e-08
3.936,0.000162732344079,0.302788318417,0.657714977594,0.814345759403,4.64896759422e-08,4.64896757269e-08
3.948,0.000157870904442,0.302788970404,0.657715646812,0.814346302639,4.37183864666e-08,4.37183865826e-08
3.96,0.000153154683072,0.302789600442,0.657716292923,0.814346827106,4.11125558597e-08,4.11125558421e-08
3.972,0.000148579342791,0.302790209266,0.657716916725,0.814347333453,3.86622886484e-08,3.86622879303e-08
3.984,0.000144140675915,0.30279079759,0.657717518989,0.814347822308,3.63582802199e-08,3.63582801976e-08
3.996,0.000139834600388,0.302791366103,0.65771810046,0.814348294274,3.4191788012e-08,3.41917873211e-08
4.008,0.00013565715604,0.302791915469,0.657718661857,0.814348749936,3.21545882143e-08,3.21545878497e-08
4.02,0.000131604500944,0.302792446332,0.657719203872,0.814349189857,3.02389518425e-08,3.02389527603e-08
4.032,0.000127672907889,0.302792959314,0.657719727177,0.814349614582,2.84376157067e-08,2.84376159054e-08
4.044,0.00012385876096,0.302793455016,0.657720232417,0.814350024636,2.67437461621e-08,2.67437462392e-08
4.056,0.00012015855221,0.302793934018,0.657720720217,0.814350420527,2.51509223448e-08,2.5150921711e-08
4.068,0.000116568878446,0.302794396883,0.657721191179,0.814350802743,2.36531048636e-08,2.36531047314e-08
4.08,0.000113086438096,0.302794844151,0.657721645885,0.814351171758,2.22446188136e-08,2.2244619111e-08
4.092,0.000109708028179,0.302795276348,0.657722084896,0.814351528028,2.09201285184e-08,2.09201283855e-08
4.104,0.000106430541362,0.30279569398,0.657722508756,0.814351871994,1.96746164915e-08,1.96746154446e-08
4.116,0.000103250963105,0.302796097537,0.657722917988,0.814352204081,1.85033638966e-08,1.85033633837e-08
4.128,0.00010016636889,0.302796487492,0.657723313096,0.8143525247,1.74019375021e-08,1.74019375064e-08
4.14,9.71739215384e-05,0.302796864303,0.657723694568,0.814352834246,1.63661684205e-08,1.63661684086e-08
4.152,9.42708685969e-05,0.302797228412,0.657724062877,0.814353133103,1.53921359547e-08,1.53921360778e-08
4.164,9.14545398144e-05,0.302797580246,0.657724418476,0.814353421641,1.44761555521e-08,1.44761549479e-08
4.176,8.87223446832e-05,0.302797920218,0.657724761805,0.814353700215,1.36147599861e-08,1.36147598512e-08
4.188,8.60717700678e-05,0.302798248727,0.657725093286,0.814353969171,1.2804692695e-08,1.28046928159e-08
4.2,8.35003778788e-05,0.302798566158,0.657725413331,0.81435422884,1.20428911288e-08,1.20428906495e-08
4.212,8.10058028477e-05,0.302798872886,0.657725722333,0.814354479544,1.13264739254e-08,1.1326473277e-08
4.224,7.8585750345e-05,0.302799169268,0.657726020674,0.814354721592,1.06527324739e-08,1.06527327715e-08
4.236,7.62379942769e-05,0.302799455655,0.657726308722,0.814354955283,1.00191226982e-08,1.00191230476e-08
4.248,7.3960375033e-05,0.302799732382,0.657726586832,0.814355180907,9.42325073527e-09,9.42325016942e-09
4.26,7.1750797501e-05,0.302799999774,0.657726855349,0.814355398742,8.8628632211e-09,8.86286324205e-09
4.272,6.96072291476e-05,0.302800258146,0.657727114602,0.814355609058,8.33584606896e-09,8.33584585083e-09
4.284,6.75276981444e-05,0.302800507801,0.657727364912,0.814355812113,7.84020814937e-09,7.84020801107e-09
4.296,6.551029156e-05,0.302800749034,0.657727606588,0.814356008159,7.37407923612e-09,7.3740786032e-09
4.308,6.35531535959e-05,0.302800982126,0.657727839928,0.814356197438,6.93569957022e-09,6.93569825875e-09
4.32,6.16544838829e-05,0.302801207353,0.65772806522,0.814356380185,6.52341253238e-09,6.52341267496e-09
4.332,5.9812535826e-05,0.30280142498,0.657728282741,0.814356556623,6.13566630836e-09,6.13566632955e-09
4.344,5.80256150008e-05,0.302801635262,0.657728492759,0.814356726972,5.77099662502e-09,5.77099657254e-09
4.356,5.62920775868e-05,0.302801838447,0.657728695535,0.814356891443,5.42802891523e-09,5.42802806998e-09
4.368,5.46103288726e-05,0.302802034773,0.657728891317,0.814357050236,5.10546804833e-09,5.10546758564e-09
4.38,5.29788218048e-05,0.302802224473,0.657729080348,0.81435720355,4.80209882969e-09,4.80209907485e-09
4.392,5.13960554535e-05,0.302802407768,0.65772926286,0.814357351574,4.51677906188e-09,4.51677904841e-09
4.404,4.98605738365e-05,0.302802584876,0.657729439078,0.814357494489,4.24843327185e-09,4.24843227318e-09
4.416,4.83709643718e-05,0.302802756004,0.65772960922,0.814357632473,3.99604732637e-09,3.99604765415e-09
4.428,4.69258567054e-05,0.302802921355,0.657729773495,0.814357765696,3.75867503788e-09,3.75867442399e-09
4.44,4.5523921446e-05,0.302803081121,0.657729932106,0.814357894321,3.53541823594e-09,3.53541853645e-09
4.452,4.41638688319e-05,0.302803235493,0.657730085249,0.814358018509,3.32543881321e-09,3.32543925937e-09
4.464,4.28444475221e-05,0.302803384652,0.657730233111,0.814358138413,3.12794568025e-09,3.12794598712e-09
4.476,4.15644440943e-05,0.302803528773,0.657730375875,0.814358254179,2.9421947656e-09,2.94219534357e-09
4.488,4.03226808972e-05,0.302803668026,0.657730513718,0.814358365952,2.76748701733e-09,2.76748820541e-09
4.5,3.91180154127e-05,0.302803802576,0.657730646808,0.814358473868,2.60316551648e-09,2.6031671278e-09
4.512,3.79493392426e-05,0.30280393258,0.657730775311,0.814358578062,2.4486137562e-09,2.4486138609e-09
4.524,3.68155773951e-05,0.302804058193,0.657730899383,0.814358678661,2.30324642692e-09,2.30324704947e-09
4.536,3.57156869576e-05,0.302804179563,0.657731019179,0.814358775791,2.16652068508e-09,2.16651998348e-09
4.548,3.46486560442e-05,0.302804296832,0.657731134846,0.81435886957,2.0379193888e-09,2.03791851892e-09
4.56,3.36135028872e-05,0.302804410138,0.657731246525,0.814358960114,1.91695870289e-09,1.91695913805e-09
4.572,3.26092750383e-05,0.302804519616,0.657731354356,0.814359047535,1.8031869331e-09,1.80318713468e-09
4.584,3.16350487566e-05,0.302804625395,0.65773145847,0.814359131941,1.69617442314e-09,1.69617492423e-09
4.596,3.0689927867e-05,0.302804727599,0.657731558995,0.814359213436,1.5955199939e-09,1.59552039096e-09
4.608,2.97730428565e-05,0.302804826348,0.657731656056,0.814359292121,1.50084572548e-09,1.50084536039e-09
4.62,2.88835500931e-05,0.302804921761,0.657731749772,0.814359368091,1.41179518076e-09,1.41179417401e-09
4.632,2.80206311394e-05,0.302805013948,0.657731840258,0.814359441442,1.32803334996e-09,1.32803235584e-09
4.644,2.71834922266e-05,0.302805103019,0.657731927627,0.814359512264,1.24924615097e-09,1.24924537065e-09
4.656,2.6371363274e-05,0.30280518908,0.657732011984,0.814359580643,1.17513754283e-09,1.17513740941e-09
4.668,2.55834971115e-05,0.302805272231,0.657732093435,0.814359646664,1.10543130205e-09,1.10543026674e-09
4.68,2.48191688089e-05,0.302805352571,0.657732172079,0.814359710409,1.03986297351e-09,1.03986229339e-09
4.692,2.40776750865e-05,0.302805430194,0.657732248013,0.814359771956,9.78187586487e-10,9.78187416364e-10
4.704,2.33583338621e-05,0.302805505194,0.657732321331,0.814359831381,9.20173937047e-10,9.20174226181e-10
4.716,2.26604834088e-05,0.302805577657,0.657732392123,0.814359888757,8.65605365163e-10,8.65605084283e-10
4.728,2.19834816875e-05,0.30280564767,0.657732460476,0.814359944155,8.14275591399e-10,8.14275297871e-10
4.74,2.13267057696e-05,0.302805715315,0.657732526474,0.814359997643,7.65991881035e-10,7.65992350014e-10
4.752,2.06895513309e-05,0.302805780672,0.657732590198,0.814360049287,7.205751551e-10,7.20575179326e-10
4.764,2.00714322627e-05,0.302805843819,0.657732651727,0.814360099151,6.77854883335e-10,6.77853509085e-10
4.776,1.94717799474e-05,0.302805904831,0.657732711137,0.814360147296,6.37668862158e-10,6.37667191034e-10
4.788,1.88900426853e-05,0.302805963778,0.657732768499,0.814360193781,5.99865879192e-10,5.99865598797e-10
4.8,1.83256851985e-05,0.302806020732,0.657732823886,0.814360238664,5.64306990025e-10,5.6430706187e-10
4.812,1.77781881958e-05,0.302806075759,0.657732877366,0.814360282,5.3085869034e-10,5.30858336059e-10
4.824,1.72470480386e-05,0.302806128924,0.657732929003,0.814360323842,4.9939391511e-10,4.99394110244e-10
4.836,1.67317761187e-05,0.302806180291,0.657732978861,0.814360364242,4.69796312963e-10,4.69796523917e-10
4.848,1.62318983651e-05,0.30280622992,0.657733027002,0.81436040325,4.41954639552e-10,4.41954721176e-10
4.86,1.57469548184e-05,0.302806277869,0.657733073486,0.814360440913,4.15763756756e-10,4.15764434553e-10
4.872,1.52764992564e-05,0.302806324196,0.657733118368,0.814360477278,3.91127408239e-10,3.91127595623e-10
4.884,1.48200989072e-05,0.302806368956,0.657733161705,0.81436051239,3.67951558111e-10,3.67951972313e-10
4.896,1.43773339144e-05,0.302806412201,0.657733203549,0.814360546292,3.46151551867e-10,3.46150814115e-10
4.908,1.39477969137e-05,0.302806453982,0.657733243952,0.814360579026,3.25642679488e-10,3.25642524103e-10
4.92,1.35310926665e-05,0.302806494349,0.657733282964,0.814360610632,3.06350667056e-10,3.06350352878e-10
4.932,1.31268377388e-05,0.30280653335,0.657733320633,0.814360641148,2.88201573717e-10,2.88202112197e-10
4.944,1.27346602543e-05,0.302806571031,0.657733357004,0.814360670613,2.71130173868e-10,2.71129908236e-10
4.956,1.2354199435e-05,0.302806607437,0.657733392123,0.814360699063,2.55069909638e-10,2.55069880649e-10
4.968,1.19851052371e-05,0.30280664261,0.657733426033,0.814360726533,2.39962161253e-10,2.39961961337e-10
4.98,1.16270380368e-05,0.302806676592,0.657733458775,0.814360753056,2.25749807736e-10,2.25749649336e-10
4.992,1.12796683534e-05,0.302806709424,0.65773349039,0.814360778666,2.12380113496e-10,2.12379800181e-10
5.004,1.09426766381e-05,0.302806741145,0.657733520917,0.814360803393,1.99802507872e-10,1.99802429704e-10
5.016,1.06157528786e-05,0.302806771791,0.657733550392,0.814360827269,1.87970694565e-10,1.87970522087e-10
5.028,1.02985962866e-05,0.3028068014,0.657733578853,0.814360850321,1.76840264654e-10,1.76839852408e-10
5.04,9.99091502725e-06,0.302806830006,0.657733606334,0.81436087258,1.66368141485e-10,1.66368821041e-10
5.052,9.69242598217e-06,0.302806857644,0.657733632869,0.814360894072,1.56518797922e-10,1.56518298704e-10
5.064,9.40285456692e-06,0.302806884345,0.657733658491,0.814360914824,1.47252265936e-10,1.47251482111e-10
5.076,9.12193439194e-06,0.302806910143,0.65773368323,0.814360934861,1.38533851057e-10,1.38533752765e-10
5.088,8.84940699365e-06,0.302806935067,0.657733707118,0.814360954208,1.30332855619e-10,1.30332546392e-10
5.1,8.58502160228e-06,0.302806959146,0.657733730184,0.814360972888,1.2261786031e-10,1.2261723111e-10
5.112,8.32853493786e-06,0.30280698241,0.657733752456,0.814360990925,1.15358722574e-10,1.15358993412e-10
5.124,8.07971105366e-06,0.302807004886,0.657733773961,0.814361008341,1.08530517906e-10,1.08530731967e-10
5.136,7.83832104471e-06,0.302807026601,0.657733794726,0.814361025157,1.02106934019e-10,1.02106953711e-10
5.148,7.60414281678e-06,0.30280704758,0.657733814776,0.814361041394,9.60643231629e-11,9.60636777762e-11
5.16,7.37696088685e-06,0.302807067848,0.657733834137,0.814361057071,9.03786490092e-11,9.0378345841e-11
5.172,7.1565662078e-06,0.30280708743,0.657733852831,0.814361072209,8.50302050992e-11,8.5029738229e-11
5.184,6.9427560339e-06,0.302807106348,0.657733870882,0.814361086826,7.99974531063e-11,7.9997895758e-11
5.196,6.73533367034e-06,0.302807124625,0.657733888311,0.814361100939,7.52629625289e-11,7.52640432721e-11
5.208,6.53410827471e-06,0.302807142283,0.657733905141,0.814361114566,7.08104685998e-11,7.08105189417e-11
5.22,6.33889468551e-06,0.302807159343,0.657733921391,0.814361127724,6.66208754829e-11,6.66207082824e-11
5.232,6.14951327158e-06,0.302807175825,0.657733937083,0.814361140429,6.26789176117e-11,6.26789824095e-11
5.244,5.96578981647e-06,0.302807191748,0.657733952234,0.814361152697,5.8970606176e-11,5.89706405191e-11
5.256,5.78755530318e-06,0.302807207131,0.657733966864,0.814361164542,5.54819523657e-11,5.54818536062e-11
5.268,5.61464574363e-06,0.302807221994,0.657733980991,0.814361175979,5.21995779934e-11,5.2199612428e-11
5.28,5.44690203132e-06,0.302807236352,0.657733994632,0.814361187023,4.91123253177e-11,4.91116789384e-11
5.292,5.28416981184e-06,0.302807250224,0.657734007803,0.814361197686,4.6207149218e-11,4.62065408395e-11
5.304,5.12629938361e-06,0.302807263625,0.657734020522,0.814361207982,4.34744462652e-11,4.34733692426e-11
5.316,4.97314551288e-06,0.302807276573,0.657734032802,0.814361217924,4.09013933833e-11,4.09019772393e-11
5.328,4.82456728718e-06,0.302807289081,0.65773404466,0.814361227524,3.84842158141e-11,3.84827815953e-11
5.34,4.68042798869e-06,0.302807301166,0.657734056111,0.814361236793,3.62067598125e-11,3.62067669998e-11
5.352,4.54059498305e-06,0.302807312841,0.657734067167,0.814361245743,3.40656947095e-11,3.40654526078e-11
5.364,4.404939634e-06,0.30280732412,0.657734077843,0.814361254385,3.20503068529e-11,3.20508608717e-11
5.376,4.27333714441e-06,0.302807335016,0.657734088152,0.81436126273,3.01549341053e-11,3.01554870409e-11
5.388,4.14566643038e-06,0.302807345543,0.657734098106,0.814361270787,2.83719714389e-11,2.83722709604e-11
5.4,4.02181001244e-06,0.302807355714,0.657734107717,0.814361278567,2.66937583149e-11,2.66945707499e-11
5.412,3.90165391995e-06,0.302807365539,0.657734116999,0.81436128608,2.51160758857e-11,2.51161381708e-11
5.424,3.78508761778e-06,0.302807375031,0.65773412596,0.814361293333,2.36300978784e-11,2.36310956778e-11
5.436,3.67200386974e-06,0.302807384202,0.657734134614,0.814361300337,2.22333818023e-11,2.22339139622e-11
5.448,3.56229863036e-06,0.302807393061,0.65773414297,0.8143613071,2.09195993861e-11,2.09193911866e-11
5.46,3.45587095138e-06,0.30280740162,0.657734151039,0.814361313631,1.96828109367e-11,1.96826336047e-11
5.472,3.35262289967e-06,0.302807409889,0.65773415883,0.814361319936,1.85190196511e-11,1.85190374227e-11
5.484,3.25245949415e-06,0.302807417877,0.657734166353,0.814361326025,1.74249503715e-11,1.7424271902e-11
5.496,3.15528858849e-06,0.302807425594,0.657734173617,0.814361331904,1.63942748266e-11,1.63942628219e-11
5.508,3.06102077808e-06,0.30280743305,0.657734180632,0.814361337581,1.54258272822e-11,1.54251771885e-11
5.52,2.96956931974e-06,0.302807440252,0.657734187405,0.814361343062,1.45141121344e-11,1.45134089634e-11
5.532,2.88085006109e-06,0.302807447211,0.657734193946,0.814361348355,1.36552436025e-11,1.36555657059e-11
5.544,2.79478138645e-06,0.302807453933,0.657734200261,0.814361353466,1.28483335082e-11,1.28484561288e-11
5.556,2.71128411598e-06,0.302807460427,0.65773420636,0.814361358401,1.20883303367e-11,1.20890779201e-11
5.568,2.63028142576e-06,0.302807466701,0.657734212248,0.814361363166,1.13742903984e-11,1.13746064814e-11
5.58,2.55169877879e-06,0.302807472762,0.657734217935,0.814361367767,1.07026054685e-11,1.0702384417e-11
5.592,2.47546386432e-06,0.302807478618,0.657734223425,0.81436137221,1.00702224337e-11,1.00699116961e-11
5.604,2.40150655133e-06,0.302807484274,0.657734228727,0.8143613765,9.47514289251e-12,9.47483648756e-12
5.616,2.3297588019e-06,0.302807489739,0.657734233847,0.814361380643,8.9154794658e-12,8.91494619006e-12
5.628,2.26015460251e-06,0.302807495019,0.65773423879,0.814361384643,8.38779046219e-12,8.38815913742e-12
5.64,2.19262990474e-06,0.302807500119,0.657734243564,0.814361388505,7.89240894861e-12,7.89251685656e-12
5.652,2.12712257318e-06,0.302807505046,0.657734248174,0.814361392235,7.42617078942e-12,7.42617682141e-12
5.664,2.0635723454e-06,0.302807509806,0.657734252625,0.814361395836,6.98774371699e-12,6.98740570183e-12
5.676,2.00192075756e-06,0.302807514405,0.657734256923,0.814361399313,6.57440768492e-12,6.57457275624e-12
5.688,1.94211108533e-06,0.302807518847,0.657734261073,0.814361402671,6.18521900364e-12,6.18614372163e-12
5.7,1.884088293e-06,0.302807523139,0.657734265081,0.814361405913,5.82123238502e-12,5.8206751105e-12
5.712,1.82779898862e-06,0.302807527285,0.65773426895,0.814361409044,5.47673018048e-12,5.476808873e-12
5.724,1.77319138973e-06,0.30280753129,0.657734272687,0.814361412067,5.15359976916e-12,5.15326742366e-12
5.736,1.72021525932e-06,0.30280753516,0.657734276296,0.814361414986,4.84845497084e-12,4.84884877388e-12
5.748,1.66882185514e-06,0.302807538898,0.65773427978,0.814361417805,4.56229498624e-12,4.5624220307e-12
5.76,1.61896388591e-06,0.302807542509,0.657734283144,0.814361420527,4.29367652544e-12,4.29292319531e-12
5.772,1.57059547287e-06,0.302807545997,0.657734286393,0.814361423155,4.04060118697e-12,4.03935123054e-12
5.784,1.52367212019e-06,0.302807549367,0.657734289531,0.814361425692,3.80168119207e-12,3.80076439689e-12
5.796,1.47815066008e-06,0.302807552623,0.65773429256,0.814361428143,3.57758267455e-12,3.57627666636e-12
5.808,1.43398920915e-06,0.302807555768,0.657734295485,0.814361430509,3.36430883152e-12,3.36505440611e-12
5.82,1.3911471308e-06,0.302807558807,0.65773429831,0.814361432794,3.16613402163e-12,3.16631328292e-12
5.832,1.3495850022e-06,0.302807561742,0.657734301038,0.814361435,2.97883939737e-12,2.97931536568e-12
5.844,1.30926458885e-06,0.302807564578,0.657734303672,0.814361437131,2.80331313718e-12,2.80336642587e-12
5.856,1.27014879738e-06,0.302807567317,0.657734306215,0.814361439188,2.63705723924e-12,2.63781329513e-12
5.868,1.23220163813e-06,0.302807569963,0.657734308671,0.814361441175,2.48290277227e-12,2.48204142171e-12
5.88,1.19538819276e-06,0.30280757252,0.657734311043,0.814361443093,2.33574271036e-12,2.33547258948e-12
5.892,1.15967458591e-06,0.302807574989,0.657734313333,0.814361444945,2.19707585458e-12,2.19756278298e-12
5.904,1.12502796331e-06,0.302807577375,0.657734315544,0.814361446733,2.06790140567e-12,2.06780019816e-12
5.916,1.0914164513e-06,0.30280757968,0.65773431768,0.81436144846,1.9452772726e-12,1.94570329522e-12
5.928,1.05880912455e-06,0.302807581906,0.657734319742,0.814361450128,1.83086878991e-12,1.83081899801e-12
5.94,1.02717597835e-06,0.302807584057,0.657734321733,0.814361451738,1.72289960076e-12,1.72272101309e-12
5.952,9.96487904172e-07,0.302807586135,0.657734323656,0.814361453293,1.62114766056e-12,1.62100825649e-12
5.964,9.66716670927e-07,0.302807588142,0.657734325512,0.814361454795,1.52444723511e-12,1.52530338776e-12
5.976,9.37834890106e-07,0.302807590081,0.657734327305,0.814361456245,1.43562939314e-12,1.43525137501e-12
5.988,9.09815988123e-07,0.302807591954,0.657734329037,0.814361457645,1.35047528715e-12,1.35051816791e-12
6,8.82634182445e-07,0.302807593764,0.657734330708,0.814361458997,1.26981758442e-12,1.27078945897e-12
6.012,8.56264460612e-07,0.302807595512,0.657734332323,0.814361460302,1.19593224213e-12,1.19576952402e-12
6.024,8.30682564144e-07,0.302807597201,0.657734333882,0.814361461563,1.12448939049e-12,1.12518014184e-12
6.036,8.05864958565e-07,0.302807598832,0.657734335387,0.81436146278,1.05843112053e-12,1.0587595366e-12
6.048,7.81788809655e-07,0.302807600408,0.657734336841,0.814361463956,9.96924764962e-13,9.9626139985e-13
6.06,7.58431962929e-07,0.302807601931,0.657734338245,0.814361465091,9.38082944657e-13,9.37453977493e-13
6.072,7.35772925615e-07,0.302807603401,0.6577343396,0.814361466187,8.81295036947e-13,8.82119215235e-13
6.084,7.13790852821e-07,0.302807604822,0.657734340909,0.814361467245,8.29947222059e-13,8.30051962272e-13
6.096,6.92465521782e-07,0.302807606194,0.657734342173,0.814361468267,7.80098208253e-13,7.81059191809e-13
6.108,6.71777311448e-07,0.30280760752,0.657734343393,0.814361469254,7.34912131151e-13,7.34959280182e-13
6.12,6.51707184856e-07,0.302807608801,0.657734344572,0.814361470207,6.92002011249e-13,6.91581333909e-13
6.132,6.32236673641e-07,0.302807610038,0.65773434571,0.814361471127,6.5147887085e-13,6.50764559769e-13
6.144,6.1334786615e-07,0.302807611234,0.657734346809,0.814361472016,6.11732886568e-13,6.12357677871e-13
6.156,5.95023385313e-07,0.302807612388,0.657734347871,0.814361472874,5.76816372444e-13,5.76218347061e-13
6.168,5.77246371104e-07,0.302807613504,0.657734348895,0.814361473702,5.42177414076e-13,5.42212633554e-13
6.18,5.60000465393e-07,0.302807614581,0.657734349885,0.814361474502,5.10647080176e-13,5.10214514875e-13
6.192,5.43269798635e-07,0.302807615622,0.657734350841,0.814361475275,4.8017145815e-13,4.80105415519e-13
6.204,5.27038979659e-07,0.302807616627,0.657734351764,0.814361476021,4.5041748109e-13,4.51773774278e-13
6.216,5.11293076654e-07,0.302807617599,0.657734352655,0.814361476741,4.25715018793e-13,4.25114620687e-13
6.228,4.96017602092e-07,0.302807618537,0.657734353515,0.814361477437,4.012346011e-13,4.00029183294e-13
6.24,4.81198499719e-07,0.302807619443,0.657734354346,0.814361478109,3.75810493836e-13,3.76424523975e-13
6.252,4.66822133112e-07,0.302807620319,0.657734355149,0.814361478757,3.55104834426e-13,3.54213195623e-13
6.264,4.52875276908e-07,0.302807621165,0.657734355923,0.814361479384,3.32678329329e-13,3.33312923187e-13
6.276,4.3934510046e-07,0.302807621982,0.657734356672,0.814361479989,3.13582493305e-13,3.13646291404e-13
6.288,4.26219154892e-07,0.302807622771,0.657734357394,0.814361480573,2.9620750297e-13,2.95140456013e-13
6.3,4.13485361909e-07,0.302807623534,0.657734358092,0.814361481137,2.76889622342e-13,2.77726874157e-13
6.312,4.01132003973e-07,0.30280762427,0.657734358766,0.814361481681,2.62179167265e-13,2.61341052013e-13
6.324,3.89147716759e-07,0.302807624982,0.657734359417,0.814361482207,2.46025422257e-13,2.45922309638e-13
6.336,3.7752147512e-07,0.302807625669,0.657734360045,0.814361482715,2.32702745961e-13,2.31413550737e-13
6.348,3.66242581953e-07,0.302807626333,0.657734360652,0.814361483206,2.18713935851e-13,2.17761049757e-13
6.36,3.55300658591e-07,0.302807626975,0.657734361237,0.814361483679,2.05335748404e-13,2.0491425311e-13
6.372,3.44685636359e-07,0.302807627594,0.657734361803,0.814361484136,1.93289828587e-13,1.92825593102e-13
6.384,3.34387750093e-07,0.302807628193,0.65773436235,0.814361484578,1.81910042585e-13,1.81450314553e-13
6.396,3.24397526077e-07,0.302807628771,0.657734362877,0.814361485004,1.71418435002e-13,1.70746305046e-13
6.408,3.14705772478e-07,0.302807629329,0.657734363387,0.814361485416,1.6142642778e-13,1.60673937944e-13
6.42,3.0530357109e-07,0.302807629869,0.657734363879,0.814361485814,1.50768286744e-13,1.51195925824e-13
6.432,2.96182270078e-07,0.30280763039,0.657734364354,0.814361486198,1.42441614059e-13,1.42277183282e-13
6.444,2.87333478407e-07,0.302807630894,0.657734364813,0.814361486569,1.33670852165e-13,1.3388469909e-13
6.456,2.7874905548e-07,0.30280763138,0.657734365256,0.814361486927,1.26121335597e-13,1.25987411029e-13
6.468,2.70421102917e-07,0.30280763185,0.657734365683,0.814361487272,1.18849374786e-13,1.18556090135e-13
6.48,2.62341957459e-07,0.302807632304,0.657734366097,0.814361487606,1.11688436277e-13,1.11563232622e-13
6.492,2.54504184737e-07,0.302807632742,0.657734366496,0.814361487929,1.03750341651e-13,1.04982958719e-13
6.504,2.46900574483e-07,0.302807633165,0.657734366881,0.81436148824,9.94204718552e-14,9.87909183987e-14
6.516,2.39524131624e-07,0.302807633575,0.657734367253,0.814361488541,9.27591337074e-14,9.2964199083e-14
6.528,2.32368069221e-07,0.30280763397,0.657734367612,0.814361488831,8.75965966429e-14,8.74812402758e-14
6.54,2.25425802371e-07,0.302807634351,0.657734367959,0.814361489111,8.24895707296e-14,8.23217538723e-14
6.552,2.18690942852e-07,0.30280763472,0.657734368294,0.814361489382,7.68829444553e-14,7.74666495577e-14
6.564,2.12157295007e-07,0.302807635076,0.657734368618,0.814361489643,7.36632976839e-14,7.28979652873e-14
6.576,2.05818848092e-07,0.30280763542,0.65773436893,0.814361489896,6.89448498292e-14,6.85987992218e-14
6.588,1.99669770212e-07,0.302807635753,0.657734369232,0.81436149014,6.48925357893e-14,6.45532467791e-14
6.6,1.93704403075e-07,0.302807636074,0.657734369523,0.814361490375,6.05071548421e-14,6.0746341862e-14
6.612,1.87917257394e-07,0.302807636384,0.657734369804,0.814361490602,5.71764857682e-14,5.7164001842e-14
6.624,1.8230300935e-07,0.302807636684,0.657734370076,0.814361490822,5.42343947529e-14,5.37929762907e-14
6.636,1.76856494018e-07,0.302807636973,0.657734370338,0.814361491034,5.02931030155e-14,5.06207967845e-14
6.648,1.71572700151e-07,0.302807637253,0.657734370592,0.814361491239,4.6573855883e-14,4.76357304789e-14
6.66,1.6644676568e-07,0.302807637523,0.657734370836,0.814361491436,4.47419878924e-14,4.48267367659e-14
6.672,1.61473973757e-07,0.302807637784,0.657734371073,0.814361491627,4.33542091116e-14,4.21834266982e-14
6.684,1.56649749718e-07,0.302807638036,0.657734371301,0.814361491812,3.96904731303e-14,3.96960251777e-14
6.696,1.51969655435e-07,0.302807638279,0.657734371521,0.81436149199,3.61932706028e-14,3.73553339371e-14
6.708,1.47429384831e-07,0.302807638514,0.657734371734,0.814361492161,3.50830475782e-14,3.51526972981e-14
6.72,1.43024760017e-07,0.302807638741,0.657734371939,0.814361492327,3.35287353437e-14,3.3079970205e-14
6.732,1.38751727887e-07,0.302807638961,0.657734372138,0.814361492488,3.10307335383e-14,3.1129488299e-14
6.744,1.34606357514e-07,0.302807639173,0.657734372329,0.814361492642,2.93653990013e-14,2.92940400303e-14
6.756,1.30584835292e-07,0.302807639378,0.657734372514,0.814361492792,2.85327317329e-14,2.75668393535e-14
6.768,1.26683461087e-07,0.302807639575,0.657734372693,0.814361492936,2.63677968348e-14,2.5941500475e-14
6.78,1.2289864491e-07,0.302807639766,0.657734372866,0.814361493076,2.46469511467e-14,2.4412014272e-14
6.792,1.19226904001e-07,0.302807639951,0.657734373032,0.81436149321,2.33146835171e-14,2.29727262224e-14
6.804,1.15664860583e-07,0.302807640129,0.657734373193,0.81436149334,2.12607709216e-14,2.16183158346e-14
6.816,1.12209237691e-07,0.302807640301,0.657734373349,0.814361493466,2.08166817117e-14,2.03437765091e-14
6.828,1.08856855866e-07,0.302807640468,0.657734373499,0.814361493587,1.98174809896e-14,1.91443969087e-14
6.84,1.05604630293e-07,0.302807640628,0.657734373644,0.814361493704,1.86517468137e-14,1.80157435686e-14
6.852,1.02449568299e-07,0.302807640784,0.657734373783,0.814361493817,1.78190795452e-14,1.69536446163e-14
6.864,9.93887674182e-08,0.302807640934,0.657734373919,0.814361493926,1.68198788231e-14,1.59541745979e-14
6.876,9.64194118143e-08,0.302807641078,0.657734374049,0.814361494032,1.57651669497e-14,1.50136396231e-14
6.888,9.35387694327e-08,0.302807641218,0.657734374175,0.814361494133,1.53765888911e-14,1.41285636255e-14
6.9,9.07441895481e-08,0.302807641353,0.657734374297,0.814361494232,1.38777878078e-14,1.32956755338e-14
6.912,8.80331006075e-08,0.302807641484,0.657734374414,0.814361494327,1.29896093881e-14,1.2511897262e-14
6.924,8.54030085754e-08,0.30280764161,0.657734374528,0.814361494418,1.14352971536e-14,1.17743325183e-14
6.936,8.28514938519e-08,0.302807641732,0.657734374637,0.814361494507,1.07691633389e-14,1.10802558461e-14
6.948,8.03762088312e-08,0.30280764185,0.657734374743,0.814361494592,1.09912079438e-14,1.04271024894e-14
6.96,7.79748757919e-08,0.302807641963,0.657734374845,0.814361494675,9.60342916301e-15,9.8124589288e-15
6.972,7.5645285044e-08,0.302807642073,0.657734374944,0.814361494755,9.32587340685e-15,9.23405402233e-15
6.984,7.33852935066e-08,0.302807642179,0.657734375039,0.814361494832,7.93809462607e-15,8.68975075053e-15
6.996,7.11928220607e-08,0.302807642281,0.657734375131,0.814361494906,8.54871728961e-15,8.17753813166e-15
7.008,6.90658534498e-08,0.30280764238,0.65773437522,0.814361494978,6.93889390391e-15,7.69552374517e-15
7.02,6.70024304683e-08,0.302807642476,0.657734375306,0.814361495047,7.54951656745e-15,7.24192675085e-15
7.032,6.50006543686e-08,0.302807642568,0.657734375389,0.814361495114,6.10622663544e-15,6.81507135349e-15
7.044,6.30586836393e-08,0.302807642657,0.657734375469,0.814361495179,6.2172489379e-15,6.41338071214e-15
7.056,6.11747317298e-08,0.302807642744,0.657734375546,0.814361495241,6.10622663544e-15,6.03537097664e-15
7.068,5.93470652477e-08,0.302807642827,0.657734375621,0.814361495301,4.88498130835e-15,5.6796457719e-15
7.08,5.75740024007e-08,0.302807642907,0.657734375693,0.81436149536,6.32827124036e-15,5.34489104785e-15
7.092,5.58539116284e-08,0.302807642985,0.657734375763,0.814361495416,5.10702591328e-15,5.029870258e-15
7.104,5.41852105527e-08,0.30280764306,0.65773437583,0.81436149547,4.77395900589e-15,4.73341986632e-15
7.116,5.25663640223e-08,0.302807643132,0.657734375895,0.814361495522,4.82947015712e-15,4.45444494775e-15
7.128,5.09958825638e-08,0.302807643202,0.657734375958,0.814361495573,3.38618022511e-15,4.19191511864e-15
7.14,4.94723210426e-08,0.30280764327,0.657734376018,0.814361495622,4.10782519111e-15,3.94486073772e-15
7.152,4.7994277488e-08,0.302807643335,0.657734376077,0.814361495669,3.49720252757e-15,3.71236934857e-15
7.164,4.65603921903e-08,0.302807643398,0.657734376133,0.814361495715,3.77475828373e-15,3.49358236511e-15
7.176,4.51693460213e-08,0.302807643459,0.657734376188,0.814361495759,4.55191440096e-15,3.28769182577e-15
7.188,4.38198591026e-08,0.302807643518,0.65773437624,0.814361495801,2.60902410787e-15,3.09393739078e-15
7.2,4.25106896557e-08,0.302807643575,0.657734376291,0.814361495842,2.44249065418e-15,2.9116035397e-15
7.212,4.1240632992e-08,0.30280764363,0.65773437634,0.814361495882,3.60822483003e-15,2.74001694662e-15
7.224,4.00085207371e-08,0.302807643683,0.657734376388,0.81436149592,2.55351295664e-15,2.57854403439e-15
7.236,3.88132193872e-08,0.302807643734,0.657734376433,0.814361495957,2.10942374679e-15,2.42658858033e-15
7.248,3.76536291657e-08,0.302807643784,0.657734376478,0.814361495993,3.27515792264e-15,2.28358950082e-15
7.26,3.65286830343e-08,0.302807643831,0.65773437652,0.814361496028,1.33226762955e-15,2.14901878299e-15
7.272,3.54373458252e-08,0.302807643878,0.657734376562,0.814361496061,1.83186799063e-15,2.02237954905e-15
7.284,3.4378613575e-08,0.302807643922,0.657734376601,0.814361496093,2.27595720048e-15,1.90320425115e-15
7.296,3.33515122841e-08,0.302807643965,0.65773437664,0.814361496124,1.66533453694e-15,1.79105290485e-15
7.308,3.23550969337e-08,0.302807644007,0.657734376677,0.814361496154,2.38697950294e-15,1.68551145476e-15
7.32,3.13884506368e-08,0.302807644047,0.657734376713,0.814361496183,2.16493489802e-15,1.58619024837e-15
7.332,3.0450683892e-08,0.302807644086,0.657734376747,0.814361496211,1.55431223448e-15,1.4927226078e-15
7.344,2.95409340114e-08,0.302807644123,0.657734376781,0.814361496238,8.881784197e-16,1.40476349796e-15
7.356,2.86583640542e-08,0.30280764416,0.657734376813,0.814361496264,1.16573417586e-15,1.32198822313e-15
7.368,2.78021619825e-08,0.302807644195,0.657734376844,0.814361496289,1.60982338571e-15,1.24409122111e-15
7.38,2.69715399317e-08,0.302807644228,0.657734376875,0.814361496314,1.16573417586e-15,1.17078493694e-15
7.392,2.61657335688e-08,0.302807644261,0.657734376904,0.814361496337,2.33146835171e-15,1.1017987692e-15
7.404,2.53840016013e-08,0.302807644293,0.657734376932,0.81436149636,1.22124532709e-15,1.0368780874e-15
7.416,2.4625624861e-08,0.302807644323,0.657734376959,0.814361496382,1.49880108324e-15,9.75783270025e-16
7.428,2.3889905578e-08,0.302807644353,0.657734376985,0.814361496403,8.32667268469e-16,9.18288814716e-16
7.44,2.31761667541e-08,0.302807644381,0.65773437701,0.814361496423,3.88578058619e-16,8.64182507502e-16
7.452,2.24837516117e-08,0.302807644408,0.657734377035,0.814361496443,8.32667268469e-16,8.13264645234e-16
7.464,2.1812023171e-08,0.302807644435,0.657734377058,0.814361496462,1.33226762955e-15,7.65347310205e-16
7.476,2.11603634637e-08,0.302807644461,0.657734377081,0.81436149648,1.11022302463e-15,7.2025366068e-16
7.488,2.05281729085e-08,0.302807644485,0.657734377103,0.814361496498,1.11022302463e-15,6.77817274351e-16
7.5,1.99148697726e-08,0.302807644509,0.657734377124,0.814361496515,6.66133814775e-16,6.37881535074e-16
7.512,1.93198896987e-08,0.302807644532,0.657734377145,0.814361496532,9.43689570931e-16,6.00299059086e-16
7.524,1.87426853415e-08,0.302807644555,0.657734377165,0.814361496548,7.21644966006e-16,5.64931159979e-16
7.536,1.81827256916e-08,0.302807644576,0.657734377184,0.814361496563,2.77555756156e-16,5.31647325091e-16
7.548,1.76394955394e-08,0.302807644597,0.657734377202,0.814361496578,-3.33066907388e-16,5.00324730874e-16
7.56,1.71124950124e-08,0.302807644617,0.65773437722,0.814361496593,2.77555756156e-16,4.70847790557e-16
7.572,1.66012391682e-08,0.302807644637,0.657734377238,0.814361496607,7.77156117238e-16,4.4310773062e-16
7.584,1.61052576827e-08,0.302807644655,0.657734377254,0.81436149662,7.77156117238e-16,4.1700219615e-16
7.596,1.56240942689e-08,0.302807644673,0.65773437727,0.814361496633,7.77156117238e-16,3.92434864192e-16
7.608,1.51573062163e-08,0.302807644691,0.657734377286,0.814361496646,1.22124532709e-15,3.69315086318e-16
7.62,1.47044639933e-08,0.302807644708,0.657734377301,0.814361496658,3.33066907388e-16,3.4755755486e-16
7.632,1.42651508975e-08,0.302807644724,0.657734377315,0.814361496669,1.66533453694e-15,3.27081990172e-16
7.644,1.38389627878e-08,0.30280764474,0.657734377329,0.814361496681,7.77156117238e-16,3.07812849565e-16
7.656,1.34255075848e-08,0.302807644755,0.657734377343,0.814361496691,1.88737914186e-15,2.89679041967e-16
7.668,1.30244048752e-08,0.30280764477,0.657734377356,0.814361496702,5.55111512313e-16,2.7261366414e-16
7.68,1.26352855701e-08,0.302807644784,0.657734377368,0.814361496712,3.88578058619e-16,2.56553754317e-16
7.692,1.22577916045e-08,0.302807644798,0.657734377381,0.814361496722,3.88578058619e-16,2.41440061548e-16
7.704,1.18915757071e-08,0.302807644811,0.657734377392,0.814361496731,6.10622663544e-16,2.27216830793e-16
7.716,1.1536300971e-08,0.302807644824,0.657734377404,0.814361496741,-1.11022302463e-16,2.1383159235e-16
7.728,1.11916405138e-08,0.302807644836,0.657734377415,0.814361496749,-5.55111512313e-16,2.01234967221e-16
7.74,1.08572771839e-08,0.302807644848,0.657734377425,0.814361496758,3.88578058619e-16,1.89380485347e-16
7.752,1.05329033025e-08,0.30280764486,0.657734377435,0.814361496766,6.10622663544e-16,1.78224415323e-16
7.764,1.02182204654e-08,0.302807644871,0.657734377445,0.814361496774,1.05471187339e-15,1.67725605846e-16
7.776,9.91293917451e-09,0.302807644882,0.657734377455,0.814361496782,-6.66133814775e-16,1.57845330282e-16
7.788,9.6167785456e-09,0.302807644892,0.657734377464,0.814361496789,1.05471187339e-15,1.48547143057e-16
7.8,9.3294660559e-09,0.302807644902,0.657734377473,0.814361496797,-2.22044604925e-16,1.39796745473e-16
7.812,9.05073732241e-09,0.302807644912,0.657734377481,0.814361496803,-4.4408920985e-16,1.31561860125e-16
7.824,8.78033593173e-09,0.302807644921,0.65773437749,0.81436149681,8.32667268469e-16,1.23812113772e-16
7.836,8.51801312326e-09,0.30280764493,0.657734377498,0.814361496817,0,1.16518922749e-16
7.848,8.26352753817e-09,0.302807644939,0.657734377505,0.814361496823,1.49880108324e-15,1.09655386916e-16
7.86,8.01664500245e-09,0.302807644947,0.657734377513,0.814361496829,1.27675647832e-15,1.0319619065e-16
7.872,7.77713833647e-09,0.302807644956,0.65773437752,0.814361496835,1.66533453694e-16,9.7117510085e-17
7.884,7.54478720874e-09,0.302807644963,0.657734377527,0.81436149684,6.10622663544e-16,9.13969267982e-17
7.896,7.31937786369e-09,0.302807644971,0.657734377534,0.814361496846,2.22044604925e-16,8.60133431847e-17
7.908,7.10070290593e-09,0.302807644978,0.65773437754,0.814361496851,4.4408920985e-16,8.09469041816e-17
7.92,6.8885611139e-09,0.302807644986,0.657734377547,0.814361496856,4.4408920985e-16,7.61789241547e-17
7.932,6.68275727615e-09,0.302807644992,0.657734377553,0.814361496861,2.22044604925e-16,7.16918185501e-17
7.944,6.48310206573e-09,0.302807644999,0.657734377558,0.814361496866,4.4408920985e-16,6.74690401144e-17
7.956,6.28941180627e-09,0.302807645005,0.657734377564,0.81436149687,4.4408920985e-16,6.34950164415e-17
7.968,6.10150828658e-09,0.302807645012,0.65773437757,0.814361496875,-8.881784197e-16,5.97550922108e-17
7.98,5.91921860053e-09,0.302807645018,0.657734377575,0.814361496879,-8.881784197e-16,5.6235475265e-17
7.992,5.74237500639e-09,0.302807645023,0.65773437758,0.814361496883,-2.22044604925e-16,5.29231861201e-17
8.004,5.57081481885e-09,0.302807645029,0.657734377585,0.814361496887,-2.22044604925e-16,4.98060109037e-17
8.016,5.40438020807e-09,0.302807645034,0.65773437759,0.814361496891,2.22044604925e-16,4.68724552629e-17
8.028,5.24291804032e-09,0.30280764504,0.657734377594,0.814361496894,-4.4408920985e-16,4.41117017363e-17
8.04,5.08627974042e-09,0.302807645045,0.657734377599,0.814361496898,4.4408920985e-16,4.15135699492e-17
8.052,4.93432117088e-09,0.302807645049,0.657734377603,0.814361496901,2.22044604925e-16,3.90684793556e-17
8.064,4.7869025391e-09,0.302807645054,0.657734377607,0.814361496905,0,3.67674145147e-17
8.076,4.64388822467e-09,0.302807645059,0.657734377611,0.814361496908,0,3.46018910642e-17
8.088,4.5051466425e-09,0.302807645063,0.657734377615,0.814361496911,-2.22044604925e-16,3.25639242404e-17
8.1,4.37055012457e-09,0.302807645067,0.657734377619,0.814361496914,-6.66133814775e-16,3.06459995363e-17
8.112,4.23997481608e-09,0.302807645071,0.657734377622,0.814361496917,1.11022302463e-15,2.88410451615e-17
8.124,4.11330059573e-09,0.302807645075,0.657734377626,0.81436149692,4.4408920985e-16,2.71424064614e-17
8.136,3.99041092729e-09,0.302807645079,0.657734377629,0.814361496922,2.22044604925e-16,2.55438207362e-17
8.148,3.87119274204e-09,0.302807645083,0.657734377632,0.814361496925,2.22044604925e-16,2.40393940735e-17
8.16,3.75553633711e-09,0.302807645086,0.657734377635,0.814361496928,-2.22044604925e-16,2.26235796535e-17
8.172,3.64333528624e-09,0.30280764509,0.657734377638,0.81436149693,-6.66133814775e-16,2.12911574551e-17
8.184,3.53448637134e-09,0.302807645093,0.657734377641,0.814361496932,6.66133814775e-16,2.00372153145e-17
8.196,3.4288894549e-09,0.302807645096,0.657734377644,0.814361496935,-4.4408920985e-16,1.88571304035e-17
8.208,3.32644737895e-09,0.302807645099,0.657734377647,0.814361496937,0,1.77465521065e-17
8.22,3.22706587776e-09,0.302807645102,0.657734377649,0.814361496939,8.881784197e-16,1.67013860039e-17
8.232,3.13065350114e-09,0.302807645105,0.657734377652,0.814361496941,6.66133814775e-16,1.571777888e-17
8.244,3.03712155561e-09,0.302807645108,0.657734377654,0.814361496943,2.22044604925e-16,1.47921047672e-17
8.256,2.94638399477e-09,0.302807645111,0.657734377657,0.814361496945,2.22044604925e-16,1.39209512758e-17
8.268,2.85835733251e-09,0.302807645113,0.657734377659,0.814361496947,0,1.31011069308e-17
8.28,2.77296056794e-09,0.302807645116,0.657734377661,0.814361496948,-2.22044604925e-16,1.23295493719e-17
8.292,2.69011511955e-09,0.302807645118,0.657734377663,0.81436149695,2.22044604925e-16,1.16034342748e-17
8.304,2.60974477459e-09,0.30280764512,0.657734377665,0.814361496952,-1.11022302463e-15,1.09200850739e-17
8.316,2.53177559492e-09,0.302807645123,0.657734377667,0.814361496953,4.4408920985e-16,1.02769828284e-17
8.328,2.45613584239e-09,0.302807645125,0.657734377669,0.814361496955,-4.4408920985e-16,9.67175691551e-18
8.34,2.38275591439e-09,0.302807645127,0.657734377671,0.814361496956,4.4408920985e-16,9.10217630317e-18
8.352,2.3115682872e-09,0.302807645129,0.657734377673,0.814361496958,4.4408920985e-16,8.56614138401e-18
8.364,2.24250747255e-09,0.302807645131,0.657734377675,0.814361496959,-4.4408920985e-16,8.06167636471e-18
8.376,2.17550993673e-09,0.302807645133,0.657734377676,0.814361496961,6.66133814775e-16,7.58692182878e-18
8.388,2.1105140364e-09,0.302807645135,0.657734377678,0.814361496962,2.22044604925e-16,7.14012782212e-18
8.4,2.04745996327e-09,0.302807645137,0.657734377679,0.814361496963,4.4408920985e-16,6.71964742669e-18
8.412,1.9862896954e-09,0.302807645138,0.657734377681,0.814361496964,8.881784197e-16,6.32393074576e-18
8.424,1.9269469599e-09,0.30280764514,0.657734377682,0.814361496966,-4.4408920985e-16,5.951519282e-18
8.436,1.86937716335e-09,0.302807645142,0.657734377684,0.814361496967,0,5.60104043103e-18
8.448,1.81352733673e-09,0.302807645143,0.657734377685,0.814361496968,-6.66133814775e-16,5.27120239876e-18
8.46,1.75934608784e-09,0.302807645145,0.657734377686,0.814361496969,-4.4408920985e-16,4.9607894486e-18
8.472,1.70678355946e-09,0.302807645146,0.657734377688,0.81436149697,2.22044604925e-16,4.66865745588e-18
8.484,1.65579139727e-09,0.302807645147,0.657734377689,0.814361496971,-6.66133814775e-16,4.39372976556e-18
8.496,1.60632269012e-09,0.302807645149,0.65773437769,0.814361496972,-2.22044604925e-16,4.13499312303e-18
8.508,1.55833192268e-09,0.30280764515,0.657734377691,0.814361496973,4.4408920985e-16,3.8914939316e-18
8.52,1.51177493452e-09,0.302807645151,0.657734377692,0.814361496974,-6.66133814775e-16,3.66233473541e-18
8.532,1.46660888424e-09,0.302807645152,0.657734377693,0.814361496974,-6.66133814775e-16,3.44667094553e-18
8.544,1.4227922218e-09,0.302807645154,0.657734377694,0.814361496975,0,3.24370776806e-18
8.556,1.38028463731e-09,0.302807645155,0.657734377695,0.814361496976,-6.66133814775e-16,3.05269721848e-18
8.568,1.33904702023e-09,0.302807645156,0.657734377696,0.814361496977,4.4408920985e-16,2.87293535003e-18
8.58,1.29904142429e-09,0.302807645157,0.657734377697,0.814361496978,-2.22044604925e-16,2.70375965333e-18
8.592,1.26023103663e-09,0.302807645158,0.657734377698,0.814361496978,0,2.54454664273e-18
8.604,1.22258015405e-09,0.302807645159,0.657734377699,0.814361496979,0,2.39470960231e-18
8.616,1.18605413896e-09,0.30280764516,0.6577343777,0.81436149698,4.4408920985e-16,2.25369635764e-18
8.628,1.15061938437e-09,0.302807645161,0.657734377701,0.81436149698,-2.22044604925e-16,2.1209872459e-18
8.64,1.11624328372e-09,0.302807645162,0.657734377701,0.814361496981,-4.4408920985e-16,1.99609319678e-18
8.652,1.08289420437e-09,0.302807645163,0.657734377702,0.814361496982,-6.66133814775e-16,1.87855394529e-18
8.664,1.0505414672e-09,0.302807645163,0.657734377703,0.814361496982,6.66133814775e-16,1.76793636527e-18
8.676,1.01915530873e-09,0.302807645164,0.657734377704,0.814361496983,0,1.66383283333e-18
8.688,9.8870685108e-10,0.302807645165,0.657734377704,0.814361496983,-1.11022302463e-15,1.56585972584e-18
8.7,9.59168076009e-10,0.302807645166,0.657734377705,0.814361496984,-4.4408920985e-16,1.47365599843e-18
8.712,9.30511802138e-10,0.302807645166,0.657734377706,0.814361496984,-8.881784197e-16,1.3868818773e-18
8.724,9.02711667448e-10,0.302807645167,0.657734377706,0.814361496985,-2.22044604925e-16,1.30521761734e-18
8.736,8.75742096707e-10,0.302807645168,0.657734377707,0.814361496985,2.22044604925e-16,1.22836230297e-18
8.748,8.49578275662e-10,0.302807645168,0.657734377707,0.814361496986,-8.881784197e-16,1.15603273205e-18
8.76,8.24196128739e-10,0.302807645169,0.657734377708,0.814361496986,4.4408920985e-16,1.08796237575e-18
8.772,7.99572299457e-10,0.30280764517,0.657734377708,0.814361496987,-6.66133814775e-16,1.02390040035e-18
8.784,7.75684135399e-10,0.30280764517,0.657734377709,0.814361496987,2.22044604925e-16,9.63610761682e-19
8.796,7.52509660222e-10,0.302807645171,0.657734377709,0.814361496987,-2.22044604925e-16,9.06871315685e-19
8.808,7.30027551475e-10,0.302807645171,0.65773437771,0.814361496988,2.22044604925e-16,8.53472993246e-19
8.82,7.08217121444e-10,0.302807645172,0.65773437771,0.814361496988,2.22044604925e-16,8.03219033962e-19
8.832,6.87058300319e-10,0.302807645172,0.657734377711,0.814361496988,-4.4408920985e-16,7.55924264484e-19
8.844,6.66531623277e-10,0.302807645173,0.657734377711,0.814361496989,-2.22044604925e-16,7.11414429054e-19
8.856,6.46618206435e-10,0.302807645173,0.657734377712,0.814361496989,6.66133814775e-16,6.6952553321e-19
8.868,6.27299727789e-10,0.302807645174,0.657734377712,0.814361496989,1.99840144433e-15,6.3010323498e-19
8.88,6.08558410752e-10,0.302807645174,0.657734377712,0.81436149699,2.22044604925e-16,5.93002276631e-19
8.892,5.90377009689e-10,0.302807645175,0.657734377713,0.81436149699,0,5.58085957083e-19
8.904,5.72738798823e-10,0.302807645175,0.657734377713,0.81436149699,0,5.25225634185e-19
8.916,5.55627551568e-10,0.302807645175,0.657734377713,0.814361496991,8.881784197e-16,4.94300239636e-19
8.928,5.39027524148e-10,0.302807645176,0.657734377714,0.814361496991,-4.4408920985e-16,4.65195831761e-19
8.94,5.22923441456e-10,0.302807645176,0.657734377714,0.814361496991,0,4.37805175217e-19
8.952,5.07300484623e-10,0.302807645177,0.657734377714,0.814361496991,0,4.12027350627e-19
8.964,4.92144281485e-10,0.302807645177,0.657734377715,0.814361496992,-2.22044604925e-16,3.87767389645e-19
8.976,4.77440888822e-10,0.302807645177,0.657734377715,0.814361496992,-2.22044604925e-16,3.64935912984e-19
8.988,4.63176778285e-10,0.302807645178,0.657734377715,0.814361496992,2.22044604925e-16,3.43448803395e-19
9,4.49338824245e-10,0.302807645178,0.657734377716,0.814361496992,-2.22044604925e-16,3.23226895431e-19
9.012,4.3591429311e-10,0.302807645178,0.657734377716,0.814361496993,0,3.04195685941e-19
9.024,4.22890835131e-10,0.302807645179,0.657734377716,0.814361496993,-4.4408920985e-16,2.86285062406e-19
9.036,4.10256469146e-10,0.302807645179,0.657734377716,0.814361496993,-4.4408920985e-16,2.69429041787e-19
9.048,3.97999570485e-10,0.302807645179,0.657734377717,0.814361496993,-2.22044604925e-16,2.53565523911e-19
9.06,3.86108860524e-10,0.302807645179,0.657734377717,0.814361496993,-4.4408920985e-16,2.38636064648e-19
9.072,3.74573397513e-10,0.30280764518,0.657734377717,0.814361496994,-4.4408920985e-16,2.24585661699e-19
9.084,3.63382569531e-10,0.30280764518,0.657734377717,0.814361496994,2.22044604925e-16,2.113625536e-19
9.096,3.52526081375e-10,0.30280764518,0.657734377717,0.814361496994,0,1.98918028805e-19
9.108,3.41993944172e-10,0.30280764518,0.657734377718,0.814361496994,2.22044604925e-16,1.87206241436e-19
9.12,3.31776466399e-10,0.302807645181,0.657734377718,0.814361496994,0,1.76184044178e-19
9.132,3.21864246001e-10,0.302807645181,0.657734377718,0.814361496994,2.22044604925e-16,1.65810830566e-19
9.144,3.12248164344e-10,0.302807645181,0.657734377718,0.814361496994,0,1.56048388106e-19
9.156,3.02919374939e-10,0.302807645181,0.657734377718,0.814361496995,-1.11022302463e-15,1.46860754075e-19
9.168,2.93869294523e-10,0.302807645181,0.657734377719,0.814361496995,2.22044604925e-16,1.38214082817e-19
9.18,2.85089595341e-10,0.302807645182,0.657734377719,0.814361496995,1.7763568394e-15,1.30076519503e-19
9.192,2.76572198374e-10,0.302807645182,0.657734377719,0.814361496995,6.66133814775e-16,1.22418086854e-19
9.204,2.68309268136e-10,0.302807645182,0.657734377719,0.814361496995,4.4408920985e-16,1.15210573657e-19
9.216,2.60293202999e-10,0.302807645182,0.657734377719,0.814361496995,0,1.08427429419e-19
9.228,2.52516627512e-10,0.302807645182,0.657734377719,0.814361496995,-4.4408920985e-16,1.02043666756e-19
9.24,2.44972385783e-10,0.302807645182,0.657734377719,0.814361496995,0,9.60357690679e-20
9.252,2.37653535651e-10,0.302807645183,0.65773437772,0.814361496996,6.66133814775e-16,9.03816043017e-20
9.264,2.30553344222e-10,0.302807645183,0.65773437772,0.814361496996,0,8.50603452233e-20
9.276,2.23665279547e-10,0.302807645183,0.65773437772,0.814361496996,4.4408920985e-16,8.00523906403e-20
9.288,2.16983004033e-10,0.302807645183,0.65773437772,0.814361496996,8.881784197e-16,7.53392931359e-20
9.3,2.10500368746e-10,0.302807645183,0.65773437772,0.814361496996,0,7.09036908157e-20
9.312,2.04211408407e-10,0.302807645183,0.65773437772,0.814361496996,0,6.67292445431e-20
9.324,1.98110337559e-10,0.302807645183,0.65773437772,0.814361496996,8.881784197e-16,6.28005774294e-20
9.336,1.92191543411e-10,0.302807645183,0.65773437772,0.814361496996,4.4408920985e-16,5.91032190192e-20
9.348,1.8644958018e-10,0.302807645184,0.65773437772,0.814361496996,6.66133814775e-16,5.56235498055e-20
9.36,1.80879164193e-10,0.302807645184,0.657734377721,0.814361496996,2.22044604925e-16,5.23487520695e-20
9.372,1.75475169591e-10,0.302807645184,0.657734377721,0.814361496996,-2.22044604925e-16,4.92667626922e-20
9.384,1.7023262503e-10,0.302807645184,0.657734377721,0.814361496997,2.22044604925e-16,4.63662298032e-20
9.396,1.65146707536e-10,0.302807645184,0.657734377721,0.814361496997,2.22044604925e-16,4.36364698722e-20
9.408,1.60212737642e-10,0.302807645184,0.657734377721,0.814361496997,2.22044604925e-16,4.10674278205e-20
9.42,1.55426175179e-10,0.302807645184,0.657734377721,0.814361496997,4.4408920985e-16,3.86496405487e-20
9.432,1.50782615584e-10,0.302807645184,0.657734377721,0.814361496997,4.4408920985e-16,3.63742021874e-20
9.444,1.46277787067e-10,0.302807645184,0.657734377721,0.814361496997,0,3.42327318796e-20
9.456,1.41907545331e-10,0.302807645184,0.657734377721,0.814361496997,2.22044604925e-16,3.22173419756e-20
9.468,1.37667869387e-10,0.302807645184,0.657734377721,0.814361496997,0,3.03206092193e-20
9.48,1.33554857948e-10,0.302807645185,0.657734377721,0.814361496997,-6.66133814775e-16,2.85355470233e-20
9.492,1.29564726247e-10,0.302807645185,0.657734377721,0.814361496997,-4.4408920985e-16,2.68555804752e-20
9.504,1.25693803608e-10,0.302807645185,0.657734377721,0.814361496997,-2.22044604925e-16,2.52745218986e-20
9.516,1.21938528905e-10,0.302807645185,0.657734377722,0.814361496997,2.22044604925e-16,2.37865480435e-20
9.528,1.18295446974e-10,0.302807645185,0.657734377722,0.814361496997,6.66133814775e-16,2.23861782978e-20
9.54,1.14761205503e-10,0.302807645185,0.657734377722,0.814361496997,-1.11022302463e-15,2.10682547956e-20
9.552,1.11332552305e-10,0.302807645185,0.657734377722,0.814361496997,-2.22044604925e-16,1.98279231968e-20
9.564,1.0800633323e-10,0.302807645185,0.657734377722,0.814361496997,6.66133814775e-16,1.86606151365e-20
9.576,1.04779488263e-10,0.302807645185,0.657734377722,0.814361496997,6.66133814775e-16,1.7562031505e-20
9.588,1.01649048438e-10,0.302807645185,0.657734377722,0.814361496997,4.4408920985e-16,1.65281262098e-20
9.6,9.8612133168e-11,0.302807645185,0.657734377722,0.814361496997,-2.22044604925e-16,1.55550909276e-20
9.612,9.56659479051e-11,0.302807645185,0.657734377722,0.814361496998,2.22044604925e-16,1.46393417852e-20
9.624,9.28077823386e-11,0.302807645185,0.657734377722,0.814361496998,6.66133814775e-16,1.3777506288e-20
9.636,9.0035007048e-11,0.302807645185,0.657734377722,0.814361496998,4.4408920985e-16,1.29664101799e-20
9.648,8.73450708487e-11,0.302807645185,0.657734377722,0.814361496998,2.22044604925e-16,1.22030661851e-20
9.66,8.47354985e-11,0.302807645185,0.657734377722,0.814361496998,2.22044604925e-16,1.14846627001e-20
9.672,8.22038886911e-11,0.302807645186,0.657734377722,0.814361496998,-2.22044604925e-16,1.08085538559e-20
9.684,7.97479124956e-11,0.302807645186,0.657734377722,0.814361496998,2.22044604925e-16,1.01722495599e-20
9.696,7.73653104943e-11,0.302807645186,0.657734377722,0.814361496998,4.4408920985e-16,9.57340654805e-21
9.708,7.50538904948e-11,0.302807645186,0.657734377722,0.814361496998,6.66133814775e-16,9.00981918636e-21
9.72,7.28115255614e-11,0.302807645186,0.657734377722,0.814361496998,1.11022302463e-15,8.47941173643e-21
9.732,7.0636152285e-11,0.302807645186,0.657734377722,0.814361496998,-4.4408920985e-16,7.98023069849e-21
9.744,6.85257694552e-11,0.302807645186,0.657734377722,0.814361496998,6.66133814775e-16,7.51043767583e-21
9.756,6.64784355875e-11,0.302807645186,0.657734377722,0.814361496998,-4.4408920985e-16,7.06830254681e-21
9.768,6.44922669642e-11,0.302807645186,0.657734377722,0.814361496998,2.22044604925e-16,6.65219695091e-21
9.78,6.25654359412e-11,0.302807645186,0.657734377722,0.814361496998,-8.881784197e-16,6.26058840888e-21
9.792,6.06961694617e-11,0.302807645186,0.657734377722,0.814361496998,6.66133814775e-16,5.89203458694e-21
9.804,5.88827479147e-11,0.302807645186,0.657734377723,0.814361496998,-8.881784197e-16,5.54517827345e-21
9.816,5.71235030107e-11,0.302807645186,0.657734377723,0.814361496998,-2.22044604925e-16,5.21874207221e-21
9.828,5.54168160976e-11,0.302807645186,0.657734377723,0.814361496998,-2.22044604925e-16,4.91152372687e-21
9.84,5.37611167066e-11,0.302807645186,0.657734377723,0.814361496998,2.22044604925e-16,4.62239179461e-21
9.852,5.21548812744e-11,0.302807645186,0.657734377723,0.814361496998,6.66133814775e-16,4.35028151751e-21
9.864,5.05966321624e-11,0.302807645186,0.657734377723,0.814361496998,-6.66133814775e-16,4.0941907539e-21
9.876,4.90849358315e-11,0.302807645186,0.657734377723,0.814361496998,8.881784197e-16,3.85317642569e-21
9.888,4.7618401395e-11,0.302807645186,0.657734377723,0.814361496998,4.4408920985e-16,3.62635093896e-21
9.9,4.61956793691e-11,0.302807645186,0.657734377723,0.814361496998,8.881784197e-16,3.41287891897e-21
9.912,4.48154605743e-11,0.302807645186,0.657734377723,0.814361496998,6.66133814775e-16,3.21197419473e-21
9.924,4.34764752939e-11,0.302807645186,0.657734377723,0.814361496998,6.66133814775e-16,3.02289689855e-21
9.936,4.21774917044e-11,0.302807645186,0.657734377723,0.814361496998,-6.66133814775e-16,2.84495070773e-21
9.948,4.09173146325e-11,0.302807645186,0.657734377723,0.814361496998,4.4408920985e-16,2.67748037894e-21
9.96,3.96947844814e-11,0.302807645186,0.657734377723,0.814361496998,-2.22044604925e-16,2.51986913121e-21
9.972,3.8508776287e-11,0.302807645186,0.657734377723,0.814361496998,2.22044604925e-16,2.37153650761e-21
9.984,3.73581989944e-11,0.302807645186,0.657734377723,0.814361496998,-2.22044604925e-16,2.23193628974e-21
9.996,3.62419941092e-11,0.302807645186,0.657734377723,0.814361496998,6.66133814775e-16,2.10055439526e-21
10.008,3.51591346301e-11,0.302807645186,0.657734377723,0.814361496998,4.4408920985e-16,1.97690701049e-21
10.02,3.41086241251e-11,0.302807645186,0.657734377723,0.814361496998,0,1.86053875901e-21
10.032,3.30894959217e-11,0.302807645186,0.657734377723,0.814361496998,1.11022302463e-15,1.7510211088e-21
10.044,3.21008124841e-11,0.302807645186,0.657734377723,0.814361496998,2.22044604925e-16,1.64795074944e-21
10.056,3.11416642554e-11,0.302807645186,0.657734377723,0.814361496998,4.4408920985e-16,1.55094813389e-21
10.068,3.02111687392e-11,0.302807645186,0.657734377723,0.814361496998,-2.22044604925e-16,1.45965606603e-21
10.08,2.93084697068e-11,0.302807645186,0.657734377723,0.814361496998,-2.22044604925e-16,1.37373834133e-21
10.092,2.84327365007e-11,0.302807645186,0.657734377723,0.814361496998,2.22044604925e-16,1.29287854074e-21
10.104,2.75831634999e-11,0.302807645186,0.657734377723,0.814361496998,4.4408920985e-16,1.21677890408e-21
10.116,2.67589691245e-11,0.302807645186,0.657734377723,0.814361496998,6.66133814775e-16,1.14515921925e-21
10.128,2.59593950469e-11,0.302807645186,0.657734377723,0.814361496998,4.4408920985e-16,1.07775574764e-21
10.14,2.51837055105e-11,0.302807645186,0.657734377723,0.814361496998,2.22044604925e-16,1.01432026073e-21
10.152,2.44311867311e-11,0.302807645186,0.657734377723,0.814361496998,2.22044604925e-16,9.54619145234e-22
10.164,2.37011464373e-11,0.302807645186,0.657734377723,0.814361496998,2.22044604925e-16,8.98432573596e-22
10.176,2.29929130156e-11,0.302807645186,0.657734377723,0.814361496998,0,8.45553669743e-22
10.188,2.23058348321e-11,0.302807645186,0.657734377723,0.814361496998,-2.22044604925e-16,7.9578770192e-22
10.2,2.16392796473e-11,0.302807645186,0.657734377723,0.814361496998,-2.22044604925e-16,7.48951398536e-22
10.212,2.09926341017e-11,0.302807645187,0.657734377723,0.814361496998,2.22044604925e-16,7.04872278573e-22
10.224,2.03653033208e-11,0.302807645187,0.657734377723,0.814361496998,-8.881784197e-16,6.63388035359e-22
10.236,1.97567101806e-11,0.302807645187,0.657734377723,0.814361496998,2.22044604925e-16,6.24345919727e-22
10.248,1.91662947244e-11,0.302807645187,0.657734377723,0.814361496998,0,5.87602154641e-22
10.26,1.85935136606e-11,0.302807645187,0.657734377723,0.814361496998,6.66133814775e-16,5.53021443103e-22
10.272,1.80378399199e-11,0.302807645187,0.657734377723,0.814361496998,-2.22044604925e-16,5.20476438627e-22
10.284,1.74987623163e-11,0.302807645187,0.657734377723,0.814361496998,-2.22044604925e-16,4.89847294431e-22
10.296,1.69757849158e-11,0.302807645187,0.657734377723,0.814361496998,-2.22044604925e-16,4.61021244441e-22
10.308,1.64684265355e-11,0.302807645187,0.657734377723,0.814361496998,1.11022302463e-15,4.33892127129e-22
10.32,1.59762203116e-11,0.302807645187,0.657734377723,0.814361496998,-6.66133814775e-16,4.08360045189e-22
10.332,1.54987133192e-11,0.302807645187,0.657734377723,0.814361496998,-4.4408920985e-16,3.84331002467e-22
10.344,1.5035466281e-11,0.302807645187,0.657734377723,0.814361496998,0,3.61716482605e-22
10.356,1.45860530247e-11,0.302807645187,0.657734377723,0.814361496998,-2.22044604925e-16,3.4043323778e-22
10.368,1.41500600526e-11,0.302807645187,0.657734377723,0.814361496998,8.881784197e-16,3.20402898469e-22
10.38,1.37270861702e-11,0.302807645187,0.657734377723,0.814361496998,-6.66133814775e-16,3.01551692198e-22
10.392,1.33167421597e-11,0.302807645187,0.657734377723,0.814361496998,-4.4408920985e-16,2.83810210548e-22
10.404,1.29186505299e-11,0.302807645187,0.657734377723,0.814361496998,-4.4408920985e-16,2.67113120545e-22
10.416,1.2532445049e-11,0.302807645187,0.657734377723,0.814361496998,4.4408920985e-16,2.51398958795e-22
10.428,1.2157770376e-11,0.302807645187,0.657734377723,0.814361496998,4.4408920985e-16,2.366098548e-22
10.44,1.17942817405e-11,0.302807645187,0.657734377723,0.814361496998,6.66133814775e-16,2.22691344336e-22
10.452,1.14416446628e-11,0.302807645187,0.657734377723,0.814361496998,6.66133814775e-16,2.09592180735e-22
10.464,1.10995347384e-11,0.302807645187,0.657734377723,0.814361496998,4.4408920985e-16,1.97264127355e-22
10.476,1.07676372369e-11,0.302807645187,0.657734377723,0.814361496998,0,1.85661790865e-22
10.488,1.04456467851e-11,0.302807645187,0.657734377723,0.814361496998,4.4408920985e-16,1.74742449499e-22
10.5,1.01332670919e-11,0.302807645187,0.657734377723,0.814361496998,2.22044604925e-16,1.64465900202e-22
10.512,9.83021070783e-12,0.302807645187,0.657734377723,0.814361496998,4.4408920985e-16,1.54794302521e-22
10.524,9.53619883937e-12,0.302807645187,0.657734377723,0.814361496998,2.22044604925e-16,1.45692036968e-22
10.536,9.25096100503e-12,0.302807645187,0.657734377723,0.814361496998,-2.22044604925e-16,1.37125589757e-22
10.548,8.97423476223e-12,0.302807645187,0.657734377723,0.814361496998,4.4408920985e-16,1.29063424954e-22
10.56,8.70576547148e-12,0.302807645187,0.657734377723,0.814361496999,2.22044604925e-16,1.21475851227e-22
10.572,8.44530608919e-12,0.302807645187,0.657734377723,0.814361496999,4.4408920985e-16,1.14334927412e-22
10.584,8.1926170086e-12,0.302807645187,0.657734377723,0.814361496999,6.66133814775e-16,1.0761436842e-22
10.596,7.94746576384e-12,0.302807645187,0.657734377723,0.814361496999,-2.22044604925e-16,1.01289427872e-22
10.608,7.70962679532e-12,0.302807645187,0.657734377723,0.814361496999,2.22044604925e-16,9.53368160367e-23
10.62,7.47888124706e-12,0.302807645187,0.657734377723,0.814361496999,-2.22044604925e-16,8.97346168309e-23
10.632,7.25501678863e-12,0.302807645187,0.657734377723,0.814361496999,8.881784197e-16,8.4462191903e-23
10.644,7.03782747835e-12,0.302807645187,0.657734377723,0.814361496999,-2.22044604925e-16,7.95001375548e-23
10.656,6.82711350898e-12,0.302807645187,0.657734377723,0.814361496999,6.66133814775e-16,7.4830180255e-23
10.668,6.6226810061e-12,0.302807645187,0.657734377723,0.814361496999,2.22044604925e-16,7.04351299283e-23
10.68,6.4243418539e-12,0.302807645187,0.657734377723,0.814361496999,-2.22044604925e-16,6.62988024253e-23
10.692,6.2319135421e-12,0.302807645187,0.657734377723,0.814361496999,4.4408920985e-16,6.24059651583e-23
10.704,6.04521904833e-12,0.302807645187,0.657734377723,0.814361496999,4.4408920985e-16,5.87422811496e-23
10.716,5.86408661961e-12,0.302807645187,0.657734377723,0.814361496999,1.11022302463e-15,5.52942670387e-23
10.728,5.68834959901e-12,0.302807645187,0.657734377723,0.814361496999,6.66133814775e-16,5.20492219965e-23
10.74,5.51784627588e-12,0.302807645187,0.657734377723,0.814361496999,-2.22044604925e-16,4.89952026669e-23
10.752,5.3524197543e-12,0.302807645187,0.657734377723,0.814361496999,-2.22044604925e-16,4.61209613776e-23
10.764,5.19191785189e-12,0.302807645187,0.657734377723,0.814361496999,0,4.34159134135e-23
10.776,5.03619291201e-12,0.302807645187,0.657734377723,0.814361496999,-2.22044604925e-16,4.08701047528e-23
10.788,4.88510165472e-12,0.302807645187,0.657734377723,0.814361496999,-2.22044604925e-16,3.84741557726e-23
10.8,4.73850504808e-12,0.302807645187,0.657734377723,0.814361496999,0,3.62192446578e-23
10.812,4.59626819496e-12,0.302807645187,0.657734377723,0.814361496999,2.22044604925e-16,3.40970701985e-23
10.824,4.45826024606e-12,0.302807645187,0.657734377723,0.814361496999,6.66133814775e-16,3.20998217337e-23
10.836,4.32435423844e-12,0.302807645187,0.657734377723,0.814361496999,2.22044604925e-16,3.02201433128e-23
10.848,4.19442696739e-12,0.302807645187,0.657734377723,0.814361496999,-4.4408920985e-16,2.84511157156e-23
10.86,4.06835887578e-12,0.302807645187,0.657734377723,0.814361496999,-2.22044604925e-16,2.67862247447e-23
10.872,3.94603395671e-12,0.302807645187,0.657734377723,0.814361496999,-2.22044604925e-16,2.521934095e-23
10.884,3.82733967862e-12,0.302807645187,0.657734377723,0.814361496999,-2.22044604925e-16,2.37446952159e-23
10.896,3.7121668465e-12,0.302807645187,0.657734377723,0.814361496999,-2.22044604925e-16,2.23568567268e-23
10.908,3.60040949175e-12,0.302807645187,0.657734377723,0.814361496999,2.22044604925e-16,2.1050711396e-23
10.92,3.49196477693e-12,0.302807645187,0.657734377723,0.814361496999,2.22044604925e-16,1.9821454263e-23
10.932,3.38673291207e-12,0.302807645187,0.657734377723,0.814361496999,6.66133814775e-16,1.86645615031e-23
10.944,3.28461709017e-12,0.302807645187,0.657734377723,0.814361496999,0,1.75757718664e-23
10.956,3.18552336784e-12,0.302807645187,0.657734377723,0.814361496999,-2.22044604925e-16,1.65510762945e-23
10.968,3.0893605706e-12,0.302807645187,0.657734377723,0.814361496999,-2.22044604925e-16,1.55867052485e-23
10.98,2.99604021093e-12,0.302807645187,0.657734377723,0.814361496999,1.11022302463e-15,1.46791037686e-23
10.992,2.9054764162e-12,0.302807645187,0.657734377723,0.814361496999,8.881784197e-16,1.38249304314e-23
11.004,2.81758587312e-12,0.302807645187,0.657734377723,0.814361496999,4.4408920985e-16,1.30210428678e-23
11.016,2.73228772508e-12,0.302807645187,0.657734377723,0.814361496999,2.22044604925e-16,1.22644813228e-23
11.028,2.64950349068e-12,0.302807645187,0.657734377723,0.814361496999,0,1.15524572514e-23
11.04,2.56915699318e-12,0.302807645187,0.657734377723,0.814361496999,-2.22044604925e-16,1.08823508478e-23
11.052,2.49117429842e-12,0.302807645187,0.657734377723,0.814361496999,2.22044604925e-16,1.02516939923e-23
11.064,2.41548366695e-12,0.302807645187,0.657734377723,0.814361496999,0,9.65816543293e-24
11.076,2.34201546566e-12,0.302807645187,0.657734377723,0.814361496999,6.66133814775e-16,9.09958141331e-24
11.088,2.27070209768e-12,0.302807645187,0.657734377723,0.814361496999,-4.4408920985e-16,8.57388468942e-24
11.1,2.20147794164e-12,0.302807645187,0.657734377723,0.814361496999,-2.22044604925e-16,8.07913694363e-24
11.112,2.13427929809e-12,0.302807645187,0.657734377723,0.814361496999,2.22044604925e-16,7.61351633756e-24
11.124,2.06904434821e-12,0.302807645187,0.657734377723,0.814361496999,-6.66133814775e-16,7.17531161167e-24
11.136,2.00571307779e-12,0.302807645187,0.657734377723,0.814361496999,0,6.76290972691e-24
11.148,1.94422721676e-12,0.302807645187,0.657734377723,0.814361496999,2.22044604925e-16,6.37479078227e-24
11.16,1.88453018691e-12,0.302807645187,0.657734377723,0.814361496999,6.66133814775e-16,6.00952610786e-24
11.172,1.82656705562e-12,0.302807645187,0.657734377723,0.814361496999,0,5.66577065498e-24
11.184,1.77028450015e-12,0.302807645187,0.657734377723,0.814361496999,-2.22044604925e-16,5.3422589664e-24
11.196,1.71563074216e-12,0.302807645187,0.657734377723,0.814361496999,0,5.03780076594e-24
11.208,1.66255549564e-12,0.302807645187,0.657734377723,0.814361496999,6.66133814775e-16,4.75127440481e-24
11.22,1.61100992171e-12,0.302807645187,0.657734377723,0.814361496999,-4.4408920985e-16,4.48162519272e-24
11.232,1.56094658872e-12,0.302807645187,0.657734377723,0.814361496999,4.4408920985e-16,4.22785966106e-24
11.244,1.51231944122e-12,0.302807645187,0.657734377723,0.814361496999,6.66133814775e-16,3.98904433384e-24
11.256,1.46508374356e-12,0.302807645187,0.657734377723,0.814361496999,4.4408920985e-16,3.76429995039e-24
11.268,1.41919603498e-12,0.302807645187,0.657734377723,0.814361496999,-4.4408920985e-16,3.55279870415e-24
11.28,1.37461409049e-12,0.302807645187,0.657734377723,0.814361496999,-6.66133814775e-16,3.35376263922e-24
11.292,1.33129688637e-12,0.302807645187,0.657734377723,0.814361496999,-6.66133814775e-16,3.16645781615e-24
11.304,1.28920457315e-12,0.302807645187,0.657734377723,0.814361496999,8.881784197e-16,2.99019527629e-24
11.316,1.248298427e-12,0.302807645187,0.657734377723,0.814361496999,2.22044604925e-16,2.82432556278e-24
11.328,1.20854081084e-12,0.302807645187,0.657734377723,0.814361496999,6.66133814775e-16,2.66823880241e-24
11.34,1.16989514057e-12,0.302807645187,0.657734377723,0.814361496999,-8.881784197e-16,2.52135958173e-24
11.352,1.13232585503e-12,0.302807645187,0.657734377723,0.814361496999,0,2.38314745848e-24
11.364,1.09579839243e-12,0.302807645187,0.657734377723,0.814361496999,-6.66133814775e-16,2.25309337578e-24
11.376,1.06027914838e-12,0.302807645187,0.657734377723,0.814361496999,2.22044604925e-16,2.13071906239e-24
11.388,1.02573544221e-12,0.302807645187,0.657734377723,0.814361496999,8.881784197e-16,2.01557357486e-24
11.4,9.92135487626e-13,0.302807645187,0.657734377723,0.814361496999,-8.881784197e-16,1.90723294684e-24
11.412,9.59448366549e-13,0.302807645187,0.657734377723,0.814361496999,2.22044604925e-16,1.80529851768e-24
11.424,9.27644008433e-13,0.302807645187,0.657734377723,0.814361496999,2.22044604925e-16,1.70939504441e-24
11.436,8.96693153944e-13,0.302807645187,0.657734377723,0.814361496999,0,1.6191693575e-24
11.448,8.66567325715e-13,0.302807645187,0.657734377723,0.814361496999,4.4408920985e-16,1.53428910097e-24
11.46,8.37238802758e-13,0.302807645187,0.657734377723,0.814361496999,-6.66133814775e-16,1.45444191881e-24
11.472,8.08680597608e-13,0.302807645187,0.657734377723,0.814361496999,6.66133814775e-16,1.37933360023e-24
11.484,7.80866438006e-13,0.302807645187,0.657734377723,0.814361496999,-2.22044604925e-16,1.30868808081e-24
11.496,7.53770735413e-13,0.302807645187,0.657734377723,0.814361496999,-4.4408920985e-16,1.24224445638e-24
11.508,7.27368559524e-13,0.302807645187,0.657734377723,0.814361496999,4.4408920985e-16,1.17975891574e-24
11.52,7.01635615863e-13,0.302807645187,0.657734377723,0.814361496999,-8.881784197e-16,1.12100116937e-24
11.532,6.76548225666e-13,0.302807645187,0.657734377723,0.814361496999,4.4408920985e-16,1.06575455136e-24
11.544,6.52083309535e-13,0.302807645187,0.657734377723,0.814361496999,-8.881784197e-16,1.01381594782e-24
11.556,6.28218360063e-13,0.302807645187,0.657734377723,0.814361496999,2.22044604925e-16,9.64994370758e-25
11.568,6.04931419506e-13,0.302807645187,0.657734377723,0.814361496999,2.22044604925e-16,9.19109591886e-25
11.58,5.82201060054e-13,0.302807645187,0.657734377723,0.814361496999,0,8.75992882175e-25
11.592,5.60006365985e-13,0.302807645187,0.657734377723,0.814361496999,4.4408920985e-16,8.35485747971e-25
11.604,5.38326918919e-13,0.302807645187,0.657734377723,0.814361496999,4.4408920985e-16,7.97438826218e-25
11.616,5.17142773911e-13,0.302807645187,0.657734377723,0.814361496999,4.4408920985e-16,7.61712228909e-25
11.628,4.96434439783e-13,0.302807645187,0.657734377723,0.814361496999,0,7.28174263815e-25
11.64,4.76182861604e-13,0.302807645187,0.657734377723,0.814361496999,1.11022302463e-15,6.96701512989e-25
11.652,4.56369404707e-13,0.302807645187,0.657734377723,0.814361496999,6.66133814775e-16,6.6717798555e-25
11.664,4.36975841201e-13,0.302807645187,0.657734377723,0.814361496999,0,6.39495353323e-25
11.676,4.17984328996e-13,0.302807645187,0.657734377723,0.814361496999,0,6.13551500947e-25
11.688,3.99377394315e-13,0.302807645187,0.657734377723,0.814361496999,-6.66133814775e-16,5.89250900586e-25
11.7,3.81137916e-13,0.302807645187,0.657734377723,0.814361496999,8.881784197e-16,5.66504252038e-25
11.712,3.63249111021e-13,0.302807645187,0.657734377723,0.814361496999,0,5.45227655346e-25
11.724,3.45694521931e-13,0.302807645187,0.657734377723,0.814361496999,-4.4408920985e-16,5.2534270245e-25
11.736,3.28457998332e-13,0.302807645187,0.657734377723,0.814361496999,-4.4408920985e-16,5.06776187731e-25
11.748,3.11523681184e-13,0.302807645187,0.657734377723,0.814361496999,2.22044604925e-16,4.89459907512e-25
11.76,2.94875988557e-13,0.302807645187,0.657734377723,0.814361496999,2.22044604925e-16,4.73329961498e-25
11.772,2.78499602307e-13,0.302807645187,0.657734377723,0.814361496999,4.4408920985e-16,4.58326921114e-25
11.784,2.6237945618e-13,0.302807645187,0.657734377723,0.814361496999,6.66133814775e-16,4.44395722182e-25
11.796,2.46500719299e-13,0.302807645187,0.657734377723,0.814361496999,-2.22044604925e-16,4.31484852234e-25
11.808,2.30848781901e-13,0.302807645187,0.657734377723,0.814361496999,1.11022302463e-15,4.19547143259e-25
11.82,2.15409242214e-13,0.302807645187,0.657734377723,0.814361496999,0,4.08538617837e-25
11.832,2.0016789398e-13,0.302807645187,0.657734377723,0.814361496999,4.4408920985e-16,3.98418374216e-25
11.844,1.85110714954e-13,0.302807645187,0.657734377723,0.814361496999,8.881784197e-16,3.89149268913e-25
11.856,1.70223852011e-13,0.302807645187,0.657734377723,0.814361496999,8.881784197e-16,3.80697329325e-25
11.868,1.55493607996e-13,0.302807645187,0.657734377723,0.814361496999,-6.66133814775e-16,3.73031297578e-25
11.88,1.40906429415e-13,0.302807645187,0.657734377723,0.814361496999,-6.66133814775e-16,3.66123118685e-25
11.892,1.26448894529e-13,0.302807645187,0.657734377723,0.814361496999,-2.22044604925e-16,3.59947447185e-25
11.904,1.12107701966e-13,0.302807645187,0.657734377723,0.814361496999,2.22044604925e-16,3.54481303164e-25
11.916,9.78696571226e-14,0.302807645187,0.657734377723,0.814361496999,8.881784197e-16,3.49704673586e-25
11.928,8.37216598091e-14,0.302807645187,0.657734377723,0.814361496999,2.22044604925e-16,3.45599789614e-25
11.94,6.96506924822e-14,0.302807645187,0.657734377723,0.814361496999,2.22044604925e-16,3.42151538518e-25
11.952,5.56438086265e-14,0.302807645187,0.657734377723,0.814361496999,4.4408920985e-16,3.39347559588e-25
11.964,4.16881212252e-14,0.302807645187,0.657734377723,0.814361496999,6.66133814775e-16,3.3717721743e-25
11.976,2.77707901351e-14,0.302807645187,0.657734377723,0.814361496999,8.881784197e-16,3.35632611935e-25
11.988,1.3879010251e-14,0.302807645187,0.657734377723,0.814361496999,-8.881784197e-16,3.34708099967e-25
12,6.92564408002e-31,0.302807645187,0.657734377723,0.814361496999,2.22044604925e-16,3.344002768e-25
