r,m,c,b,f,dm,dc,db,df
1.213765850676026275e+03,2.844694941359773665e-06,3.028423241581971737e-01,6.579566590819597716e-01,8.145193375382042689e-01,7.190816485694106462e-06,-5.616479319814378744e-07,-5.272565311167560674e-07,-4.266302137786693228e-07
1.213771981005173984e+03,2.889120333229049954e-06,3.028423206845770044e-01,6.579566558206366711e-01,8.145193348992871840e-01,7.303114550110240552e-06,-5.716388063127923387e-07,-5.367679796412291230e-07,-4.343309759224162212e-07
1.213778111334321466e+03,2.934239515641088410e-06,3.028423171491664845e-01,6.579566525004802990e-01,8.145193322127364244e-01,7.417166371130495578e-06,-5.818072019020050193e-07,-5.464511417381232336e-07,-4.421708482136246215e-07
1.213784241663469174e+03,2.980063316895440433e-06,3.028423135508683806e-01,6.579566491204286161e-01,8.145193294776920112e-01,7.532999320217272200e-06,-5.921562666012545693e-07,-5.563091176028450048e-07,-4.501523441174465414e-07
1.213790371992616656e+03,3.026602740843508175e-06,3.028423098885653086e-01,6.579566456794007090e-01,8.145193266932780896e-01,7.650641212584147866e-06,-6.026892061610013597e-07,-5.663450656348546657e-07,-4.582780242917466586e-07
1.213796502321764365e+03,3.073868970173516186e-06,3.028423061611194012e-01,6.579566421762949036e-01,8.145193238586017070e-01,7.770120315499225597e-06,-6.134092854411945131e-07,-5.765622036586371695e-07,-4.665504976590841267e-07
1.213802632650911846e+03,3.121873343599592699e-06,3.028423023673745273e-01,6.579566386099916508e-01,8.145193209727563666e-01,7.891465290624773027e-06,-6.243198209684995930e-07,-5.869638015005940700e-07,-4.749724152947128283e-07
1.213808762980059555e+03,3.170627400434901921e-06,3.028422985061514638e-01,6.579566349793487534e-01,8.145193180348164752e-01,8.014705306686638873e-06,-6.354241958417618401e-07,-5.975531959797878354e-07,-4.835464826336012470e-07
1.213814893309207037e+03,3.220142841317225873e-06,3.028422945762522245e-01,6.579566312832052510e-01,8.145193150438415630e-01,8.139869940198290834e-06,-6.467258468073406004e-07,-6.083337779594488155e-07,-4.922754489486635764e-07
1.213821023638354745e+03,3.270431556578711726e-06,3.028422905764568407e-01,6.579566275203786452e-01,8.145193119988732855e-01,8.266989247172193606e-06,-6.582282738089391962e-07,-6.193090019503741240e-07,-5.011621151650822396e-07
1.213827153967502227e+03,3.321505629795468832e-06,3.028422865055225843e-01,6.579566236896641218e-01,8.145193088989358676e-01,8.396093772092022323e-06,-6.699350413225348862e-07,-6.304823875002221840e-07,-5.102093349607623473e-07
1.213833284296649936e+03,3.373377313138966279e-06,3.028422823621872984e-01,6.579566197898373270e-01,8.145193057430369921e-01,8.527214485607183915e-06,-6.818497702120365869e-07,-6.418575109956948250e-07,-5.194200081949346844e-07
1.213839414625797417e+03,3.426059075539972487e-06,3.028422781451632906e-01,6.579566158196489267e-01,8.145193025301646905e-01,8.660382906278641391e-06,-6.939761540179854172e-07,-6.534380221607519557e-07,-5.287970941222856871e-07
1.213845544954945126e+03,3.479563560250211899e-06,3.028422738531423852e-01,6.579566117778296030e-01,8.145192992592901193e-01,8.795630993305519909e-06,-7.063179448428070941e-07,-6.652276297953456836e-07,-5.383435999634537820e-07
1.213851675284092607e+03,3.533903615497583407e-06,3.028422694847925922e-01,6.579566076630855020e-01,8.145192959293654500e-01,8.932991224013408737e-06,-7.188789637669920786e-07,-6.772301123314927158e-07,-5.480625894861383806e-07
1.213857805613240316e+03,3.589092298321635653e-06,3.028422650387569415e-01,6.579566034740994551e-01,8.145192925393229810e-01,9.072496603549131059e-06,-7.316631023217984091e-07,-6.894493193356322402e-07,-5.579571841482600980e-07
1.213863935942387798e+03,3.645142847939345714e-06,3.028422605136572576e-01,6.579565992095322002e-01,8.145192890880779135e-01,9.214180597556261400e-06,-7.446743135890488788e-07,-7.018891625520950937e-07,-5.680305558831461835e-07
1.213870066271535507e+03,3.702068737789090474e-06,3.028422559080876098e-01,6.579565948680174969e-01,8.145192855745226890e-01,9.358077263728346295e-06,-7.579166299742665610e-07,-7.145536339543662618e-07,-5.782859416526067700e-07
1.213876196600682988e+03,3.759883629673511899e-06,3.028422512206195849e-01,6.579565904481667893e-01,8.145192819975325405e-01,9.504221135893919294e-06,-7.713941478116576577e-07,-7.274467901230169456e-07,-5.887266309135796766e-07
1.213882326929830697e+03,3.818601406884231643e-06,3.028422464497986799e-01,6.579565859485655421e-01,8.145192783559613847e-01,9.652647307746824184e-06,-7.851110387370469107e-07,-7.405727637707719611e-07,-5.993559749070806964e-07
1.213888457258978178e+03,3.878236178346377326e-06,3.028422415941433576e-01,6.579565813677725750e-01,8.145192746486411561e-01,9.803391443322120283e-06,-7.990715512725877318e-07,-7.539357655089488817e-07,-6.101773880159583419e-07
1.213894587588125887e+03,3.938802249838693370e-06,3.028422366521488218e-01,6.579565767043236146e-01,8.145192708743853593e-01,9.956489704248073304e-06,-8.132800011391075767e-07,-7.675400739174996856e-07,-6.211943399004036289e-07
1.213900717917273369e+03,4.000314180230126815e-06,3.028422316222798005e-01,6.579565719567241899e-01,8.145192670319829631e-01,1.011197889189681530e-05,-8.277407906454135686e-07,-7.813900552934183261e-07,-6.324103712757860980e-07
1.213906848246421077e+03,4.062786731928442686e-06,3.028422265029767635e-01,6.579565671234557378e-01,8.145192631202035072e-01,1.026989632213152275e-05,-8.424583918813209745e-07,-7.954901466610487435e-07,-6.438290802868074867e-07
1.213912978575568559e+03,4.126234906673486669e-06,3.028422212926515922e-01,6.579565622029713845e-01,8.145192591377932168e-01,1.043027991578187832e-05,-8.574373591111509809e-07,-8.098448683461731352e-07,-6.554541327199561575e-07
1.213919108904716268e+03,4.190673950015583830e-06,3.028422159896865251e-01,6.579565571936946133e-01,8.145192550834748912e-01,1.059316820996386658e-05,-8.726823305480408897e-07,-8.244588258178627586e-07,-6.672892634204259300e-07
1.213925239233863749e+03,4.256119320217074632e-06,3.028422105924385432e-01,6.579565520940241496e-01,8.145192509559506799e-01,1.075860027947114223e-05,-8.881980177470984441e-07,-8.393366989372453277e-07,-6.793382676398679655e-07
1.213931369563011458e+03,4.322586749019359807e-06,3.028422050992313763e-01,6.579565469023253010e-01,8.145192467538958647e-01,1.092661589037708590e-05,-9.039892267704963555e-07,-8.544832635035132201e-07,-6.916050184819613934e-07
1.213937499892158939e+03,4.390092188099668403e-06,3.028421995083622753e-01,6.579565416169376180e-01,8.145192424759645222e-01,1.109725536469193434e-05,-9.200608398513032844e-07,-8.699033726712647999e-07,-7.040934518644193823e-07
1.213943630221306648e+03,4.458651847747752747e-06,3.028421938180969053e-01,6.579565362361686764e-01,8.145192381207857490e-01,1.127055967812652362e-05,-9.364178289352988884e-07,-8.856019707707638657e-07,-7.168075775484339508e-07
1.213949760550454130e+03,4.528282201705059675e-06,3.028421880266694566e-01,6.579565307582947442e-01,8.145192336869621075e-01,1.144657047232389381e-05,-9.530652575824846498e-07,-9.015840951959705839e-07,-7.297514809866247728e-07
1.213955890879601839e+03,4.598999953561019219e-06,3.028421821322855312e-01,6.579565251815642224e-01,8.145192291730740664e-01,1.162532996991828967e-05,-9.700082694108946861e-07,-9.178548647603475875e-07,-7.429293137029607348e-07
1.213962021208749320e+03,4.670822102415447797e-06,3.028421761331150375e-01,6.579565195041897629e-01,8.145192245776732287e-01,1.180688114051082627e-05,-9.872521111976592516e-07,-9.344195032113527422e-07,-7.563453123357352805e-07
1.213968151537897029e+03,4.743765885021799268e-06,3.028421700272987960e-01,6.579565137243543749e-01,8.145192198992871058e-01,1.199126755442358731e-05,-1.004802112853897232e-06,-9.512833189513512464e-07,-7.700037822203352866e-07
1.213974281867044510e+03,4.817848817579715499e-06,3.028421638129433768e-01,6.579565078402079825e-01,8.145192151364158972e-01,1.217853348833905361e-05,-1.022663702229609253e-06,-9.684517200296263658e-07,-7.839091096111095291e-07
1.213980412196192219e+03,4.893088700964015700e-06,3.028421574881203227e-01,6.579565018498648721e-01,8.145192102875314921e-01,1.236872393851693750e-05,-1.040842407155814931e-06,-9.859302163817616445e-07,-7.980657634576778763e-07
1.213986542525339701e+03,4.969503584413838171e-06,3.028421510508707559e-01,6.579564957514093537e-01,8.145192053510812435e-01,1.256188452901051597e-05,-1.059343842852909843e-06,-1.003724406979963584e-06,-8.124782849821381458e-07
1.213992672854487409e+03,5.047111836484738829e-06,3.028421444991965528e-01,6.579564895428863247e-01,8.145192003254807522e-01,1.275806169101257074e-05,-1.078173737137767185e-06,-1.021840005597214835e-06,-8.271513085632297658e-07
1.213998803183634891e+03,5.125932082531088424e-06,3.028421378310675594e-01,6.579564832223092630e-01,8.145191952091195287e-01,1.295730250482854412e-05,-1.097337908571987942e-06,-1.040282818559489561e-06,-8.420895437046988296e-07
1.214004933512782600e+03,5.205983249865393565e-06,3.028421310444165959e-01,6.579564767876538989e-01,8.145191900003571073e-01,1.315965481402582960e-05,-1.116842282605779442e-06,-1.059058761288910405e-06,-8.572977884779052566e-07
1.214011063841930081e+03,5.287284573408399496e-06,3.028421241371382355e-01,6.579564702368583262e-01,8.145191846975222694e-01,1.336516723971495914e-05,-1.136692893824892150e-06,-1.078173860583079639e-06,-8.727809313811518029e-07
1.214017194171077790e+03,5.369855556453169578e-06,3.028421171070934670e-01,6.579564635678271101e-01,8.145191792989164847e-01,1.357388908137243134e-05,-1.156895872208629453e-06,-1.097634240674370778e-06,-8.885439399658721818e-07
1.214023324500225272e+03,5.453716047332978242e-06,3.028421099521007576e-01,6.579564567784219609e-01,8.145191738028066952e-01,1.378587051063387750e-05,-1.177457470620241614e-06,-1.117446151349856693e-06,-9.045918837281893316e-07
1.214029454829372980e+03,5.538886171867294342e-06,3.028421026699435470e-01,6.579564498664699501e-01,8.145191682074315320e-01,1.400116240053708143e-05,-1.198384040972182018e-06,-1.137615943657885242e-06,-9.209299143640832761e-07
1.214035585158520462e+03,5.625386382159073112e-06,3.028420952583649184e-01,6.579564428297575152e-01,8.145191625109965416e-01,1.421981644886654959e-05,-1.219682051841111713e-06,-1.158150087960348885e-06,-9.375632804375841283e-07
1.214041715487668171e+03,5.713237462700051916e-06,3.028420877150659329e-01,6.579564356660292379e-01,8.145191567116737419e-01,1.444188519358514193e-05,-1.241358090924658964e-06,-1.179055176488697666e-06,-9.544973294285568254e-07
1.214047845816815652e+03,5.802460487974042420e-06,3.028420800377114586e-01,6.579564283729932850e-01,8.145191508076053966e-01,1.466742190566763614e-05,-1.263418850033005728e-06,-1.200337908074109714e-06,-9.717374953104944425e-07
1.214053976145963361e+03,5.893076905300939724e-06,3.028420722239194007e-01,6.579564209483109716e-01,8.145191447968957998e-01,1.489648079850455003e-05,-1.285871155102444314e-06,-1.222005118884066969e-06,-9.892893236218004469e-07
1.214060106475110842e+03,5.985108461840770594e-06,3.028420642712699729e-01,6.579564133896057543e-01,8.145191386776183817e-01,1.512911684339004589e-05,-1.308721940180794344e-06,-1.244063755860087843e-06,-1.007158449766543230e-06
1.214066236804258551e+03,6.078577257321924720e-06,3.028420561772986463e-01,6.579564056944564587e-01,8.145191324478104899e-01,1.536538590280224289e-05,-1.331978266645838326e-06,-1.266520896439037144e-06,-1.025350615133152164e-06
1.214072367133406033e+03,6.173505750638345369e-06,3.028420479394957621e-01,6.579563978603963914e-01,8.145191261054725018e-01,1.560534474707803981e-05,-1.355647325893850182e-06,-1.289383751397080069e-06,-1.043871669337275505e-06
1.214078497462553742e+03,6.269916714037251830e-06,3.028420395553117483e-01,6.579563898849187797e-01,8.145191196485724872e-01,1.584905093861348915e-05,-1.379736422942856180e-06,-1.312659648065009881e-06,-1.062727556694482753e-06
1.214084627791701223e+03,6.367833322637039721e-06,3.028420310221457967e-01,6.579563817654661140e-01,8.145191130750367714e-01,1.609656305813624843e-05,-1.404253009215160504e-06,-1.336356064080068224e-06,-1.081924343454424779e-06
1.214090758120848932e+03,6.467279075550853807e-06,3.028420223373559650e-01,6.579563734994385849e-01,8.145191063827581512e-01,1.634794050533007061e-05,-1.429204654121066162e-06,-1.360480598238457843e-06,-1.101468194244035052e-06
1.214096888449996413e+03,6.568277852862443005e-06,3.028420134982516831e-01,6.579563650841880884e-01,8.145190995695900105e-01,1.660324364285123872e-05,-1.454599066045705066e-06,-1.385040992095697907e-06,-1.121365389617574784e-06
1.214103018779144122e+03,6.670853922754781194e-06,3.028420045020926987e-01,6.579563565170171158e-01,8.145190926333449877e-01,1.686253381434639663e-05,-1.480444095277849484e-06,-1.410045133064603180e-06,-1.141622328581520837e-06
1.214109149108291604e+03,6.775031892007284907e-06,3.028419953460954051e-01,6.579563477951835271e-01,8.145190855718004164e-01,1.712587321932491184e-05,-1.506747716115211081e-06,-1.435501036074677398e-06,-1.162245513625572051e-06
1.214115279437439312e+03,6.880836802725081092e-06,3.028419860274204622e-01,6.579563389158900044e-01,8.145190783826882219e-01,1.739332515765835093e-05,-1.533518062645858699e-06,-1.461416880483207657e-06,-1.183241580760560849e-06
1.214121409766586794e+03,6.988294047108302242e-06,3.028419765431832889e-01,6.579563298762933776e-01,8.145190710637035814e-01,1.766495381414404624e-05,-1.560763397738845924e-06,-1.487800978144224851e-06,-1.204617273568605122e-06
1.214127540095734503e+03,7.097429429017907058e-06,3.028419668904465678e-01,6.579563206734971859e-01,8.145190636124981509e-01,1.794082441412281562e-05,-1.588492135924688154e-06,-1.514661797096549360e-06,-1.226379462492968789e-06
1.214133670424881984e+03,7.208269171678533698e-06,3.028419570662183591e-01,6.579563113045503453e-01,8.145190560266796220e-01,1.822100324294800459e-05,-1.616712846619597325e-06,-1.542007964983441993e-06,-1.248535147493541435e-06
1.214139800754029693e+03,7.320839864187783859e-06,3.028419470674597602e-01,6.579563017664545876e-01,8.145190483038168283e-01,1.850555751077814686e-05,-1.645434234585823277e-06,-1.569848248947554466e-06,-1.271091441827337282e-06
1.214145931083177175e+03,7.435168566037759973e-06,3.028419368910705844e-01,6.579562920561498052e-01,8.145190404414286434e-01,1.879455561677147713e-05,-1.674665178973629782e-06,-1.598191595923954029e-06,-1.294055604755192259e-06
1.214152061412324883e+03,7.551282715018409520e-06,3.028419265339019617e-01,6.579562821705263742e-01,8.145190324369941948e-01,1.908806691629545620e-05,-1.704414699480583624e-06,-1.627047097859832362e-06,-1.317435013295094988e-06
1.214158191741472365e+03,7.669210193742931971e-06,3.028419159927465687e-01,6.579562721064164954e-01,8.145190242879447595e-01,1.938616188907989397e-05,-1.734691981336705037e-06,-1.656424017592216339e-06,-1.341237183206459262e-06
1.214164322070620074e+03,7.788979337970960848e-06,3.028419052643383513e-01,6.579562618605924174e-01,8.145190159916635420e-01,1.968891216025368015e-05,-1.765506378806234892e-06,-1.686331792475895696e-06,-1.365469771978986520e-06
1.214170452399767555e+03,7.910618878808931914e-06,3.028418943453592416e-01,6.579562514297743192e-01,8.145190075454911138e-01,1.999639035424646461e-05,-1.796867393874257104e-06,-1.716780012479128569e-06,-1.390140561028144261e-06
1.214176582728915264e+03,8.034158055651448887e-06,3.028418832324249466e-01,6.579562408106153226e-01,8.145189989467138680e-01,2.030867038026422575e-05,-1.828784718839119552e-06,-1.747778464327965901e-06,-1.415257491522986821e-06
1.214182713058062745e+03,8.159626516665652519e-06,3.028418719220972721e-01,6.579562299997144814e-01,8.145189901925740106e-01,2.062582718074713290e-05,-1.861268199394278612e-06,-1.779337093363164781e-06,-1.440828633424947995e-06
1.214188843387210454e+03,8.287054390675511917e-06,3.028418604108748524e-01,6.579562189936065675e-01,8.145189812802619000e-01,2.094793691306709874e-05,-1.894327861890131220e-06,-1.811466031831468144e-06,-1.466862208526984946e-06
1.214194973716357936e+03,8.416472296155625465e-06,3.028418486951918731e-01,6.579562077887615157e-01,8.145189722069151594e-01,2.127507697225929767e-05,-1.927973917152142516e-06,-1.844175602933723879e-06,-1.493366593662495398e-06
1.214201104045505645e+03,8.547911278775376898e-06,3.028418367714260651e-01,6.579561963815917514e-01,8.145189629696248934e-01,2.160732583315516691e-05,-1.962216737217798084e-06,-1.877476296839536505e-06,-1.520350301209493177e-06
1.214207234374653126e+03,8.681402933438398797e-06,3.028418246358824395e-01,6.579561847684368692e-01,8.145189535654229207e-01,2.194476335885311020e-05,-1.997066901830073663e-06,-1.911378818921167025e-06,-1.547822018383091258e-06
1.214213364703800835e+03,8.816979296750215278e-06,3.028418122848074989e-01,6.579561729455766228e-01,8.145189439912923213e-01,2.228747052891402424e-05,-2.032535158144253390e-06,-1.945894048081091423e-06,-1.575790573327092590e-06
1.214219495032948316e+03,8.954672924693379092e-06,3.028417997143787455e-01,6.579561609092209329e-01,8.145189342441601088e-01,2.263552963569489268e-05,-2.068632450463177688e-06,-1.981033067703522226e-06,-1.604264960193395396e-06
1.214225625362096025e+03,9.094516902345729656e-06,3.028417869207031821e-01,6.579561486555087768e-01,8.145189243208950103e-01,2.298902430891115262e-05,-2.105369924423465600e-06,-2.016807170084173763e-06,-1.633254342820894852e-06
1.214231755691243507e+03,9.236544776393105664e-06,3.028417738998262498e-01,6.579561361805162933e-01,8.145189142183153486e-01,2.334803934505271235e-05,-2.142758901598607860e-06,-2.053227830157263564e-06,-1.662768033373994869e-06
1.214237886020391215e+03,9.380790687000021842e-06,3.028417606477141755e-01,6.579561234802394631e-01,8.145189039331739433e-01,2.371266104070242421e-05,-2.180810930237038772e-06,-2.090306758287103803e-06,-1.692815535233838311e-06
1.214244016349538697e+03,9.527289251614836128e-06,3.028417471602690703e-01,6.579561105506092078e-01,8.145188934621713228e-01,2.408297689883731697e-05,-2.219537741282741390e-06,-2.128055854705476120e-06,-1.723406505948429646e-06
1.214250146678686406e+03,9.676075648901968283e-06,3.028417334333178834e-01,6.579560973874803986e-01,8.145188828019457317e-01,2.445907584097655930e-05,-2.258951280839095163e-06,-2.166487243325573125e-06,-1.754550784770714309e-06
1.214256277007833887e+03,9.827185629242977304e-06,3.028417194626105702e-01,6.579560839866294142e-01,8.145188719490721319e-01,2.484104823372197340e-05,-2.299063714727528477e-06,-2.205613276608374625e-06,-1.786258396568918163e-06
1.214262407336981596e+03,9.980655441812799730e-06,3.028417052438299173e-01,6.579560703437646874e-01,8.145188609000699742e-01,2.522898570443356229e-05,-2.339887400759483902e-06,-2.245446506803993573e-06,-1.818539528462758305e-06
1.214268537666129077e+03,1.013652197707338678e-05,3.028416907725721141e-01,6.579560564545063883e-01,8.145188496513877663e-01,2.562298150139650106e-05,-2.381434944145501518e-06,-2.285999743747129464e-06,-1.851404576810565477e-06
1.214274667995276786e+03,1.029482264121841376e-05,3.028416760443636835e-01,6.579560423144042991e-01,8.145188381994158400e-01,2.602313017646423431e-05,-2.423719149447294472e-06,-2.327286004963943598e-06,-1.884864106642110025e-06
1.214280798324424268e+03,1.045559544686689852e-05,3.028416610546488252e-01,6.579560279189238248e-01,8.145188265404769146e-01,2.642952781429514636e-05,-2.466753056048262459e-06,-2.369318552699106562e-06,-1.918928881746563837e-06
1.214286928653571977e+03,1.061887902441010733e-05,3.028416457987876398e-01,6.579560132634457714e-01,8.145188146708246535e-01,2.684227206103044727e-05,-2.510549943099744849e-06,-2.412110899217694240e-06,-1.953609869004816159e-06
1.214293058982719458e+03,1.078471254321324872e-05,3.028416302720672304e-01,6.579559983432757830e-01,8.145188025866518799e-01,2.726146192512210706e-05,-2.555123299281305388e-06,-2.455676775377706581e-06,-1.988918212838223087e-06
1.214299189311867167e+03,1.095313586558766741e-05,3.028416144696798873e-01,6.579559831536233583e-01,8.145187902840734795e-01,2.768719816651052891e-05,-2.600486883235781240e-06,-2.500030193828227478e-06,-2.024865286555310087e-06
1.214305319641014648e+03,1.112418941112145856e-05,3.028415983867419059e-01,6.579559676896206133e-01,8.145187777591410550e-01,2.811958295370488005e-05,-2.646654671170367551e-06,-2.545185394414741593e-06,-2.061462648009133247e-06
1.214311449970162357e+03,1.129791425467888431e-05,3.028415820182799312e-01,6.579559519463079598e-01,8.145187650078322683e-01,2.855872011148421279e-05,-2.693640895544442857e-06,-2.591156884723276083e-06,-2.098722072531860816e-06
1.214317580299309839e+03,1.147435213866104697e-05,3.028415653592286261e-01,6.579559359186324397e-01,8.145187520260489533e-01,2.900471515188432178e-05,-2.741460050466113822e-06,-2.637959445878743469e-06,-2.136655557609398542e-06
1.214323710628457548e+03,1.165354538786014491e-05,3.028415484044429395e-01,6.579559196014598266e-01,8.145187388096263303e-01,2.945767505898309776e-05,-2.790126858698505715e-06,-2.685608098111896130e-06,-2.175275295055163881e-06
1.214329840957605029e+03,1.183553707583479707e-05,3.028415311486745698e-01,6.579559029895498679e-01,8.145187253543146877e-01,2.991770870942506741e-05,-2.839656337607305264e-06,-2.734118169946015050e-06,-2.214593727046063505e-06
1.214335971286752738e+03,1.202037087831163164e-05,3.028415135865920038e-01,6.579558860775779339e-01,8.145187116557950358e-01,3.038492650187978657e-05,-2.890063741975749501e-06,-2.783505238499138998e-06,-2.254623497650094804e-06
1.214342101615900219e+03,1.220809117907899719e-05,3.028414957127659179e-01,6.579558688601196970e-01,8.145186977096673386e-01,3.085944062469431426e-05,-2.941364606222806565e-06,-2.833785173757245105e-06,-2.295377488917340226e-06
1.214348231945047928e+03,1.239874308323526434e-05,3.028414775216667909e-01,6.579558513316480228e-01,8.145186835114486268e-01,3.134136508937566609e-05,-2.993574750292860063e-06,-2.884974144961537113e-06,-2.336868825979592240e-06
1.214354362274195410e+03,1.259237232518419346e-05,3.028414590076780044e-01,6.579558334865465152e-01,8.145186690565833221e-01,3.183081549804116445e-05,-3.046710243653418134e-06,-2.937088583010507436e-06,-2.379110846467412658e-06
1.214360492603343118e+03,1.278902544841218218e-05,3.028414401650700860e-01,6.579558153190838699e-01,8.145186543404224766e-01,3.232790949781359985e-05,-3.100787477245965471e-06,-2.990145256013282133e-06,-2.422117162015157087e-06
1.214366622932490600e+03,1.298874964708088999e-05,3.028414209880229135e-01,6.579557968234360787e-01,8.145186393582416473e-01,3.283276638043413715e-05,-3.155823101100273214e-06,-3.044161204033842662e-06,-2.465901605206898144e-06
1.214372753261638309e+03,1.319159288045102519e-05,3.028414014706095059e-01,6.579557779936691109e-01,8.145186241052276843e-01,3.334550737147260802e-05,-3.211834070371694603e-06,-3.099153787593366995e-06,-2.510478268858478779e-06
1.214378883590785790e+03,1.339760388719762684e-05,3.028413816067936359e-01,6.579557588237378019e-01,8.145186085764765105e-01,3.386625566650601618e-05,-3.268837651819239933e-06,-3.155140694596355344e-06,-2.555861511813674454e-06
1.214385013919933499e+03,1.360683208599402803e-05,3.028413613904438750e-01,6.579557393074988436e-01,8.145185927670050008e-01,3.439513617983767539e-05,-3.326851384466283279e-06,-3.212139899149643742e-06,-2.602065925472403398e-06
1.214391144249080980e+03,1.381932776977085612e-05,3.028413408153058373e-01,6.579557194386829178e-01,8.145185766717276676e-01,3.493227603549149224e-05,-3.385893158136646757e-06,-3.270169744387231261e-06,-2.649106400907678918e-06
1.214397274578228689e+03,1.403514193454828566e-05,3.028413198750259383e-01,6.579556992109196756e-01,8.145185602854763118e-01,3.547780413457520416e-05,-3.445981145379520121e-06,-3.329248870897141577e-06,-2.696998070978563357e-06
1.214403404907376171e+03,1.425432640307670921e-05,3.028412985631340759e-01,6.579556786177184202e-01,8.145185436029860337e-01,3.603185146778395604e-05,-3.507133851700293733e-06,-3.389396269897673257e-06,-2.745756353282847591e-06
1.214409535236523880e+03,1.447693384030534625e-05,3.028412768730410209e-01,6.579556576524667744e-01,8.145185266188922357e-01,3.659455115449284263e-05,-3.569370122618558421e-06,-3.450631290742888814e-06,-2.795396956458606428e-06
1.214415665565671361e+03,1.470301764595764533e-05,3.028412547980534608e-01,6.579556363084447801e-01,8.145185093277437227e-01,3.716603817123597753e-05,-3.632709100755399593e-06,-3.512973595925315846e-06,-2.845935843577859258e-06
1.214421795894819070e+03,1.493263216443851507e-05,3.028412323313439125e-01,6.579556145787952559e-01,8.145184917239772782e-01,3.774644988224713148e-05,-3.697170311518917717e-06,-3.576443251639742865e-06,-2.897389305647693537e-06
1.214427926223966551e+03,1.516583249987807667e-05,3.028412094659767573e-01,6.579555924565496650e-01,8.145184738019397575e-01,3.833592557197545216e-05,-3.762773588821300201e-06,-3.641060649575295506e-06,-2.949773898131125023e-06
1.214434056553114260e+03,1.540267464973214963e-05,3.028411861948889783e-01,6.579555699346083530e-01,8.145184555558713235e-01,3.893460678275940414e-05,-3.829539129906938812e-06,-3.706846564931529308e-06,-3.003106488140166504e-06
1.214440186882261742e+03,1.564321552149655642e-05,3.028411625108879401e-01,6.579555470057384392e-01,8.145184369799041146e-01,3.954263735706662139e-05,-3.897487503008827397e-06,-3.773822164811937105e-06,-3.057404261155294855e-06
1.214446317211409450e+03,1.588751281662931228e-05,3.028411384066669321e-01,6.579555236625895809e-01,8.145184180680745678e-01,4.016016314410402220e-05,-3.966639600561026271e-06,-3.842008958887485026e-06,-3.112684681020764255e-06
1.214452447540556932e+03,1.613562525736588580e-05,3.028411138747730269e-01,6.579554998976607783e-01,8.145183988142973286e-01,4.078733257308770883e-05,-4.037016732692236596e-06,-3.911428898458373519e-06,-3.168965570383126453e-06
1.214458577869704641e+03,1.638761238686446854e-05,3.028410889076354473e-01,6.579554757033296841e-01,8.145183792123881217e-01,4.142429614810666343e-05,-4.108640546145785645e-06,-3.982104290975391957e-06,-3.226265041259632600e-06
1.214464708198852122e+03,1.664353471356815159e-05,3.028410634975441384e-01,6.579554510718303995e-01,8.145183592560463204e-01,4.207120681299286258e-05,-4.181533084114655921e-06,-4.054057863499710479e-06,-3.284601546575576848e-06
1.214470838527999831e+03,1.690345372926522317e-05,3.028410376366475476e-01,6.579554259952510309e-01,8.145183389388525041e-01,4.272821999696181818e-05,-4.255716794611045661e-06,-4.127312771803974150e-06,-3.343993887681457104e-06
1.214476968857147313e+03,1.716743178366101767e-05,3.028410113169698326e-01,6.579554004655516763e-01,8.145183182542833356e-01,4.339549329759222125e-05,-4.331214479389616348e-06,-4.201892546476371560e-06,-3.404461170440231123e-06
1.214483099186295021e+03,1.743553232946342955e-05,3.028409845303755010e-01,6.579553744745273436e-01,8.145182971956820284e-01,4.407318710026682164e-05,-4.408049395966521884e-06,-4.277821201269606434e-06,-3.466022893323613883e-06
1.214489229515442503e+03,1.770781970642955265e-05,3.028409572686002194e-01,6.579553480138399246e-01,8.145182757562831055e-01,4.476146403235153215e-05,-4.486245169152731243e-06,-4.355123139598769498e-06,-3.528698871419488428e-06
1.214495359844590212e+03,1.798435929735582348e-05,3.028409295232280529e-01,6.579553210749953251e-01,8.145182539291940804e-01,4.546048935745064079e-05,-4.565825856338552463e-06,-4.433823223944399251e-06,-3.592509292811532260e-06
1.214501490173737693e+03,1.826521754759332145e-05,3.028409012856883020e-01,6.579552936493384685e-01,8.145182317073929035e-01,4.617043102472287149e-05,-4.646815956622084703e-06,-4.513946785837078492e-06,-3.657474726769023474e-06
1.214507620502885402e+03,1.855046182951605992e-05,3.028408725472747087e-01,6.579552657280749450e-01,8.145182090837435052e-01,4.689145932632784319e-05,-4.729240355080814069e-06,-4.595519566915094076e-06,-3.723616075752267103e-06
1.214513750832032883e+03,1.884016070734795471e-05,3.028408432991068766e-01,6.579552373022296008e-01,8.145181860509632665e-01,4.762374756675437793e-05,-4.813124434073533510e-06,-4.678567837402231899e-06,-3.790954671813051043e-06
1.214519881161180592e+03,1.913438370381408674e-05,3.028408135321637440e-01,6.579552083626821757e-01,8.145181626016515519e-01,4.836747147303908971e-05,-4.898493976720420099e-06,-4.763118293814074418e-06,-3.859512193393300832e-06
1.214526011490328074e+03,1.943320146869595568e-05,3.028407832372587150e-01,6.579551789001404360e-01,8.145181387282686147e-01,4.912280962077374488e-05,-4.985375238135723386e-06,-4.849198134963552804e-06,-3.929310727082631731e-06
1.214532141819475783e+03,1.973668579991851078e-05,3.028407524050363842e-01,6.579551489051376212e-01,8.145181144231323778e-01,4.988994348739192187e-05,-5.073794955374718099e-06,-4.936835072840850518e-06,-4.000372776478626328e-06
1.214538272148623264e+03,2.004490949710081743e-05,3.028407210259934090e-01,6.579551183680533155e-01,8.145180896784365299e-01,5.066905708202538462e-05,-5.163780286623849366e-06,-5.026057268104177043e-06,-4.072721209785009967e-06
1.214544402477770973e+03,2.035794664771493038e-05,3.028406890904364324e-01,6.579550872790702609e-01,8.145180644862142216e-01,5.146033766873764196e-05,-5.255358932665044749e-06,-5.116893459758303039e-06,-4.146379365221383305e-06
1.214550532806918454e+03,2.067587237494076017e-05,3.028406565885183865e-01,6.579550556282116602e-01,8.145180388383695957e-01,5.226397512924246699e-05,-5.348559031541211764e-06,-5.209372853192307965e-06,-4.221370960047563066e-06
1.214556663136066163e+03,2.099876301979796710e-05,3.028406235102117927e-01,6.579550234053133106e-01,8.145180127266548054e-01,5.308016242321873460e-05,-5.443409236265107222e-06,-5.303525203359945983e-06,-4.297720158024034577e-06
1.214562793465213645e+03,2.132669616393124585e-05,3.028405898453047640e-01,6.579549906000192738e-01,8.145179861426656842e-01,5.390909564588693034e-05,-5.539938725687208705e-06,-5.399380826662240042e-06,-4.375451579253268441e-06
1.214568923794361353e+03,2.165975047136465206e-05,3.028405555834241536e-01,6.579549572018065229e-01,8.145179590778626189e-01,5.475097362805562913e-05,-5.638177138143860440e-06,-5.496970530424549521e-06,-4.454590242695141786e-06
1.214575054123508835e+03,2.199800599770995990e-05,3.028405207139892030e-01,6.579549231999358705e-01,8.145179315235303585e-01,5.560599871759900513e-05,-5.738154703973444225e-06,-5.596325754684209639e-06,-4.535161681684973968e-06
1.214581184452656544e+03,2.234154391771095907e-05,3.028404852262516211e-01,6.579548885834937133e-01,8.145179034708124322e-01,5.647437609084991831e-05,-5.839902130585839836e-06,-5.697478449782778027e-06,-4.617191844174972529e-06
1.214587314781804025e+03,2.269044672204593917e-05,3.028404491092663298e-01,6.579548533413620559e-01,8.145178749106858351e-01,5.735631424998562995e-05,-5.943450687253590954e-06,-5.800461167345552219e-06,-4.700707166703747689e-06
1.214593445110951734e+03,2.304479824194788817e-05,3.028404123518865232e-01,6.579548174622126266e-01,8.145178458339570327e-01,5.825202508523919453e-05,-6.048832216964539690e-06,-5.905307073268609136e-06,-4.785734585134795310e-06
1.214599575440099215e+03,2.340468347821209803e-05,3.028403749427899250e-01,6.579547809345340781e-01,8.145178162312837200e-01,5.916172344273503049e-05,-6.156079064021888699e-06,-6.012049870544040848e-06,-4.872301471769091373e-06
1.214605705769246924e+03,2.377018893531015049e-05,3.028403368704273846e-01,6.579547437465789184e-01,8.145177860931320790e-01,6.008562796889875546e-05,-6.265224218611056486e-06,-6.120723954458304092e-06,-4.960435761634234126e-06
1.214611836098394406e+03,2.414140232698851876e-05,3.028402981230670643e-01,6.579547058864090303e-01,8.145177554098133044e-01,6.102396036639451757e-05,-6.376301191428610556e-06,-6.231364278617413726e-06,-5.050165843462364183e-06
1.214617966427542115e+03,2.451841278892273818e-05,3.028402586887622427e-01,6.579546673418624758e-01,8.145177241714562921e-01,6.197694593156464929e-05,-6.489344106169268071e-06,-6.344006454495513919e-06,-5.141520640575250717e-06
1.214624096756689596e+03,2.490131090531978373e-05,3.028402185553464299e-01,6.579546281005471675e-01,8.145176923680038650e-01,6.294481362164760683e-05,-6.604387712459712024e-06,-6.458686765612434306e-06,-5.234529622630189668e-06
1.214630227085837305e+03,2.529018852415308596e-05,3.028401777104610670e-01,6.579545881498710669e-01,8.145176599892360869e-01,6.392779558781122031e-05,-6.721467306866732951e-06,-6.575442083174355011e-06,-5.329222736832535174e-06
1.214636357414984786e+03,2.568513911818767854e-05,3.028401361415004045e-01,6.579545474769835645e-01,8.145176270247227457e-01,6.492612808756047737e-05,-6.840618890622313316e-06,-6.694310035870190500e-06,-5.425630546053866889e-06
1.214642487744132495e+03,2.608625746686540434e-05,3.028400938356594074e-01,6.579545060688256619e-01,8.145175934638646531e-01,6.594005068075354820e-05,-6.961879032826969658e-06,-6.815328863183109022e-06,-5.523784109657697589e-06
1.214648618073279977e+03,2.649363988608711900e-05,3.028400507798982288e-01,6.579544639120930016e-01,8.145175592958634470e-01,6.696980681031929365e-05,-7.085284971369462603e-06,-6.938537524400543137e-06,-5.623715071897894075e-06
1.214654748402427686e+03,2.690738425695756708e-05,3.028400069609373801e-01,6.579544209932302046e-01,8.145175245097163730e-01,6.801564387488612555e-05,-7.210874627006906957e-06,-7.063975714159073038e-06,-5.725455674847404373e-06
1.214660878731575167e+03,2.732758982613822226e-05,3.028399623652876516e-01,6.579543772984625116e-01,8.145174890942431523e-01,6.907781272421037542e-05,-7.338686517206736009e-06,-7.191683770030803516e-06,-5.829038683083113669e-06
1.214667009060722876e+03,2.775435759595020515e-05,3.028399169791903267e-01,6.579543328137326119e-01,8.145174530380333566e-01,7.015656864505360850e-05,-7.468759928209405048e-06,-7.321702858418472942e-06,-5.934497534806649219e-06
1.214673139389870357e+03,2.818778998063710875e-05,3.028398707886690855e-01,6.579542875247551548e-01,8.145174163294920389e-01,7.125217049245598363e-05,-7.601134765775673556e-06,-7.454074814008286347e-06,-6.041866211447136044e-06
1.214679269719018066e+03,2.862799105465451603e-05,3.028398237794912573e-01,6.579542414169762266e-01,8.145173789568054268e-01,7.236488131721450655e-05,-7.735851665293772434e-06,-7.588842259008406127e-06,-6.151179334538224501e-06
1.214685400048165548e+03,2.907506658372927853e-05,3.028397759371627140e-01,6.579541944755674665e-01,8.145173409079369264e-01,7.349496844435678350e-05,-7.872952007132995946e-06,-7.726048620227434266e-06,-6.262472179580376550e-06
1.214691530377313256e+03,2.952912380913167315e-05,3.028397272469607882e-01,6.579541466854604836e-01,8.145173021706554328e-01,7.464270292793727369e-05,-8.012477822647107932e-06,-7.865738027937571358e-06,-6.375780593843378233e-06
1.214697660706460738e+03,2.999027186919826855e-05,3.028396776938683810e-01,6.579540980312775789e-01,8.145172627324780423e-01,7.580836061629918159e-05,-8.154471981867048681e-06,-8.007955519211308812e-06,-6.491141161660635842e-06
1.214703791035608447e+03,3.045862142790869607e-05,3.028396272626307506e-01,6.579540484973920300e-01,8.145172225807199018e-01,7.699222121339253130e-05,-8.298978030691315049e-06,-8.152746862413686493e-06,-6.608591061762898226e-06
1.214709921364755928e+03,3.093428494317204311e-05,3.028395759377140450e-01,6.579539980678825728e-01,8.145171817024571270e-01,7.819456895677518392e-05,-8.446040310993973692e-06,-8.300158687454900228e-06,-6.728168173251989626e-06
1.214716051693903637e+03,3.141737670038770124e-05,3.028395237032985854e-01,6.579539467265282937e-01,8.145171400845214738e-01,7.941569270240342413e-05,-8.595703977359047158e-06,-8.450238504700290334e-06,-6.849911090795552450e-06
1.214722182023051118e+03,3.190801257934188547e-05,3.028394705433155032e-01,6.579538944568453784e-01,8.145170977135323120e-01,8.065588533552549202e-05,-8.748014894556108430e-06,-8.603034594120896554e-06,-6.973859034701153224e-06
1.214728312352198827e+03,3.240631050967981844e-05,3.028394164413745759e-01,6.579538412420122828e-01,8.145170545758333436e-01,8.191544492171522435e-05,-8.903019842267963015e-06,-8.758596227924258910e-06,-7.100052031731794283e-06
1.214734442681346309e+03,3.291239006956688321e-05,3.028393613808263996e-01,6.579537870649334597e-01,8.145170106575472246e-01,8.319467369260413411e-05,-9.060766337492231066e-06,-8.916973478392142436e-06,-7.228530759060910771e-06
1.214740573010494018e+03,3.342637277558301349e-05,3.028393053447168137e-01,6.579537319081929514e-01,8.145169659445350430e-01,8.449387877847315933e-05,-9.221302765551475932e-06,-9.078217360566957311e-06,-7.359336660156084027e-06
1.214746703339641499e+03,3.394838211898578014e-05,3.028392483157799631e-01,6.579536757540458414e-01,8.145169204223913217e-01,8.581337229986641844e-05,-9.384678398364394318e-06,-9.242379852743401840e-06,-7.492511961480595829e-06
1.214752833668789208e+03,3.447854331383157141e-05,3.028391902764779875e-01,6.579536185844599983e-01,8.145168740764769932e-01,8.715347073104714310e-05,-9.550943282565189926e-06,-9.409513775343491306e-06,-7.628099574006763780e-06
1.214758963997936689e+03,3.501698378913155763e-05,3.028391312089223075e-01,6.579535603810334754e-01,8.145168268918524523e-01,8.851449614370725412e-05,-9.720148462865577194e-06,-9.579673034407706775e-06,-7.766143291250780705e-06
1.214765094327084398e+03,3.556383275518797973e-05,3.028390710949417919e-01,6.579535011250652321e-01,8.145167788533352882e-01,8.989677511102950010e-05,-9.892345788287795329e-06,-9.752912411419048015e-06,-7.906687618304110044e-06
1.214771224656231880e+03,3.611922151683629790e-05,3.028390099160323534e-01,6.579534407975028421e-01,8.145167299454578735e-01,9.130063949926277235e-05,-1.006758805509133000e-05,-9.929287719375562530e-06,-8.049777898724675299e-06
1.214777354985379588e+03,3.668328351262734337e-05,3.028389476533501212e-01,6.579533793789342777e-01,8.145166801524599265e-01,9.272642656670503341e-05,-1.024592902668509429e-05,-1.010885582521647457e-05,-8.195460332856567388e-06
1.214783485314527070e+03,3.725615404266258807e-05,3.028388842877542952e-01,6.579533168496336515e-01,8.145166294583265909e-01,9.417447827590806446e-05,-1.042742331157715201e-05,-1.029167451731931180e-05,-8.343781870070106523e-06
1.214789615643674779e+03,3.783797080038624368e-05,3.028388197997214371e-01,6.579532531894698444e-01,8.145165778467132744e-01,9.564514263751628320e-05,-1.061212660703970135e-05,-1.047780277193674969e-05,-8.494790425304732663e-06
1.214795745972822260e+03,3.842887340399492573e-05,3.028387541694197993e-01,6.579531883779852208e-01,8.145165253010108186e-01,9.713877252608921838e-05,-1.080009548771413727e-05,-1.066730052318084388e-05,-8.648534692169157912e-06
1.214801876301969969e+03,3.902900373490592755e-05,3.028386873766543141e-01,6.579531223943372309e-01,8.145164718042965379e-01,9.865572653540229824e-05,-1.099138756152116709e-05,-1.086022883378710335e-05,-8.805064281711390902e-06
1.214808006631117451e+03,3.963850598009480006e-05,3.028386194008592103e-01,6.579530552172901947e-01,8.145164173393288909e-01,1.001963690853956157e-04,-1.118606149138314487e-05,-1.105664991972866313e-05,-8.964429742476720929e-06
1.214814136960265159e+03,4.025752633801058113e-05,3.028385502211446978e-01,6.579529868252647073e-01,8.145163618885870038e-01,1.017610696790005153e-04,-1.138417686208203209e-05,-1.125662700518042348e-05,-9.126682442557865058e-06
1.214820267289412641e+03,4.088621359319518142e-05,3.028384798162033209e-01,6.579529171962379408e-01,8.145163054341898468e-01,1.033502043541637363e-04,-1.158579444603175491e-05,-1.146022461402203526e-05,-9.291874806609245612e-06
1.214826397618560350e+03,4.152471860995363790e-05,3.028384081643915038e-01,6.579528463078304634e-01,8.145162479579659554e-01,1.049641544043285630e-04,-1.179097597270266628e-05,-1.166750831821785221e-05,-9.460060111326487262e-06
1.214832527947707831e+03,4.217319469808077532e-05,3.028383352436690990e-01,6.579527741372410699e-01,8.145161894414022496e-01,1.066033073025909487e-04,-1.199978429866169057e-05,-1.187854492470182162e-05,-9.631292637200687394e-06
1.214838658276855540e+03,4.283179765860727371e-05,3.028382610315914492e-01,6.579527006612387874e-01,8.145161298656354854e-01,1.082680568172517235e-04,-1.221228343126415536e-05,-1.209340250221637042e-05,-9.805627690574029195e-06
1.214844788606003021e+03,4.350068546602930871e-05,3.028381855053605132e-01,6.579526258562166108e-01,8.145160692114973289e-01,1.099588022088078250e-04,-1.242853838342842555e-05,-1.231215022263532267e-05,-9.983121474572118181e-06
1.214850918935150730e+03,4.418001888920404421e-05,3.028381086417223922e-01,6.579525496980822563e-01,8.145160074594254285e-01,1.116759497988669471e-04,-1.264861546351951261e-05,-1.253485867999954522e-05,-1.016383134837125348e-05
1.214857049264298212e+03,4.486996094424212060e-05,3.028380304170564252e-01,6.579524721623529748e-01,8.145159445895396866e-01,1.134199115876166099e-04,-1.287258202383270360e-05,-1.276159961514329755e-05,-1.034781560340924673e-05
1.214863179593445921e+03,4.557067728968616685e-05,3.028379508073094639e-01,6.579523932240854966e-01,8.145158805815858605e-01,1.151911062523718797e-04,-1.310050664607648871e-05,-1.299244612017099384e-05,-1.053513362960597167e-05
1.214869309922593402e+03,4.628233627593942841e-05,3.028378697879867687e-01,6.579523128578653735e-01,8.145158154149272356e-01,1.169899592724218734e-04,-1.333245916719351361e-05,-1.322747266782755716e-05,-1.072584593928388962e-05
1.214875440251741111e+03,4.700510860190418408e-05,3.028377873342080751e-01,6.579522310378671524e-01,8.145157490685925872e-01,1.188169020613747838e-04,-1.356851052094310409e-05,-1.346675493792959820e-05,-1.092001402605921132e-05
1.214881570580888592e+03,4.773916798587776294e-05,3.028377034205959051e-01,6.579521477377345828e-01,8.145156815211800350e-01,1.206723736623627560e-04,-1.380873305409364063e-05,-1.371037016640164824e-05,-1.111770064847760811e-05
1.214887700910036301e+03,4.848469057438354419e-05,3.028376180213724345e-01,6.579520629306842006e-01,8.145156127509398658e-01,1.225568192542095670e-04,-1.405320025207960674e-05,-1.395839684397648217e-05,-1.131896958522933551e-05
1.214893831239183783e+03,4.924185536917332376e-05,3.028375311102881051e-01,6.579519765894280559e-01,8.145155427357131384e-01,1.244706912303562710e-04,-1.430198694128388012e-05,-1.421091493996632891e-05,-1.152388581691372335e-05
1.214899961568331491e+03,5.001084428063469315e-05,3.028374426606115777e-01,6.579518886861636107e-01,8.145154714529220241e-01,1.264144493337480653e-04,-1.455516931721589470e-05,-1.446800593437524400e-05,-1.173251555230477981e-05
1.214906091897478973e+03,5.079184175677715094e-05,3.028373526451906828e-01,6.579517991926379095e-01,8.145153988796235422e-01,1.283885597193306217e-04,-1.481282477171223702e-05,-1.472975262799967610e-05,-1.194492607389382877e-05
1.214912222226626682e+03,5.158503550815316175e-05,3.028372610363310180e-01,6.579517080800179052e-01,8.145153249924025340e-01,1.303934967857008434e-04,-1.507503223778801638e-05,-1.499623952431125867e-05,-1.216118604829840455e-05
1.214918352555774163e+03,5.239061586908208275e-05,3.028371678059011973e-01,6.579516153190025918e-01,8.145152497674641445e-01,1.324297415610241097e-04,-1.534187189039910320e-05,-1.526755249981568500e-05,-1.238136525834763981e-05
1.214924482884921872e+03,5.320877625903703303e-05,3.028370729252551907e-01,6.579515208797390713e-01,8.145151731805646556e-01,1.344977828687990537e-04,-1.561342536709261426e-05,-1.554377904884557220e-05,-1.260553480208295807e-05
1.214930613214069353e+03,5.403971324035002289e-05,3.028369763652215552e-01,6.579514247318117848e-01,8.145150952070036032e-01,1.365981174735881579e-04,-1.588977579869465382e-05,-1.582500831879654724e-05,-1.283376712139006069e-05
1.214936743543217062e+03,5.488362611732130222e-05,3.028368780961693818e-01,6.579513268443121232e-01,8.145150158216794001e-01,1.387312490680512689e-04,-1.617100762084805612e-05,-1.611133090225578689e-05,-1.306613583299842367e-05
1.214942873872364544e+03,5.574071771951362068e-05,3.028367780878765125e-01,6.579512271856968741e-01,8.145149349989748710e-01,1.408976902520128445e-04,-1.645720695012148037e-05,-1.640283925491039629e-05,-1.330271606820709190e-05
1.214949004201512253e+03,5.661119371153591089e-05,3.028366763096437819e-01,6.579511257239105682e-01,8.145148527128567295e-01,1.430979607884551861e-04,-1.674846125763550022e-05,-1.669962733484901967e-05,-1.354358417969694179e-05
1.214955134530659734e+03,5.749526309158199883e-05,3.028365727302105848e-01,6.579510224262946627e-01,8.145147689368013033e-01,1.453325888631040274e-04,-1.704485960969221944e-05,-1.700179087038591977e-05,-1.378881795922195021e-05
1.214961264859807443e+03,5.839313825378051606e-05,3.028364673177430522e-01,6.579509172595737754e-01,8.145146836437844318e-01,1.476021112418764831e-04,-1.734649270125120324e-05,-1.730942739865834820e-05,-1.403849666900627145e-05
1.214967395188954924e+03,5.930503455502170163e-05,3.028363600399063826e-01,6.579508101899342876e-01,8.145145968063437492e-01,1.499070721763808792e-04,-1.765345265036050444e-05,-1.762263603815162241e-05,-1.429270085679739354e-05
1.214973525518102633e+03,6.023117116132166768e-05,3.028362508637202355e-01,6.579507011828673591e-01,8.145145083964520083e-01,1.522480255422490171e-04,-1.796583340835599700e-05,-1.794151794602397417e-05,-1.455151272762596798e-05
1.214979655847250115e+03,6.117177030202709429e-05,3.028361397556841306e-01,6.579505902033042641e-01,8.145144183856273257e-01,1.546255329547616532e-04,-1.828373040388293891e-05,-1.826617592336369364e-05,-1.481501582295690714e-05
1.214985786176397824e+03,6.212705780849540037e-05,3.028360266816852997e-01,6.579504772155160275e-01,8.145143267448510249e-01,1.570401651297963935e-04,-1.860724080532924257e-05,-1.859671470830473510e-05,-1.508329525892322316e-05
1.214991916505545305e+03,6.309726318146194378e-05,3.028359116069850865e-01,6.579503621830994353e-01,8.145142334445564236e-01,1.594925020539305575e-04,-1.893646355732537810e-05,-1.893324101820879847e-05,-1.535643776066150797e-05
1.214998046834693014e+03,6.408261912298569482e-05,3.028357944962986603e-01,6.579502450690615234e-01,8.145141384546981111e-01,1.619831318018505589e-04,-1.927149915652666810e-05,-1.927586330081173860e-05,-1.563453145993598227e-05
1.215004177163840495e+03,6.508336245096077856e-05,3.028356753136368096e-01,6.579501258356491578e-01,8.145140417446120606e-01,1.645126528467553474e-04,-1.961245009897571068e-05,-1.962469223460225134e-05,-1.591766630196056641e-05
1.215010307492988204e+03,6.609973329326727237e-05,3.028355540224430542e-01,6.579500044444963613e-01,8.145139432831371984e-01,1.670816720243242044e-04,-1.995942049185208525e-05,-1.997984029691242153e-05,-1.620593369426272565e-05
1.215016437822135686e+03,6.713197566982317716e-05,3.028354305854925599e-01,6.579498808565151791e-01,8.145138430385245876e-01,1.696908060031737729e-04,-2.031251633967251028e-05,-2.034142208463807482e-05,-1.649942676745552432e-05
1.215022568151283394e+03,6.818033756537265541e-05,3.028353049648781492e-01,6.579497550318794685e-01,8.145137409784265481e-01,1.723406814686315180e-04,-2.067184558407318554e-05,-2.070955436046445223e-05,-1.679824041263697980e-05
1.215028698480430876e+03,6.924507042374380039e-05,3.028351771220965105e-01,6.579496269301183808e-01,8.145136370699701533e-01,1.750319338449743834e-04,-2.103751785928172766e-05,-2.108435578047446825e-05,-1.710247106014608671e-05
1.215034828809578585e+03,7.032643013598942545e-05,3.028350470178760578e-01,6.579494965099289550e-01,8.145135312796076832e-01,1.777652097917272063e-04,-2.140964497998050731e-05,-2.146594744172377462e-05,-1.741221712460018869e-05
1.215040959138726066e+03,7.142467616965216979e-05,3.028349146123262559e-01,6.579493637293377661e-01,8.145134235732451877e-01,1.805411650037843903e-04,-2.178834051786884124e-05,-2.185445240960238631e-05,-1.772757862067269520e-05
1.215047089467873775e+03,7.254007219767731390e-05,3.028347798648275968e-01,6.579492285455810219e-01,8.145133139161475633e-01,1.833604658001737207e-04,-2.217372011379078106e-05,-2.224999606889225702e-05,-1.804865744842998728e-05
1.215053219797021256e+03,7.367288617705850114e-05,3.028346427340159464e-01,6.579490909150882416e-01,8.145132022729232313e-01,1.862237893225986379e-04,-2.256590152106871568e-05,-2.265270617418555668e-05,-1.837555743441706912e-05
1.215059350126168965e+03,7.482338980237368650e-05,3.028345031778770235e-01,6.579489507935825099e-01,8.145130886076067389e-01,1.891318221548530024e-04,-2.296500433885054199e-05,-2.306271255193627863e-05,-1.870838408931209404e-05
1.215065480455316447e+03,7.599185957347984308e-05,3.028343611535586066e-01,6.579488081358770835e-01,8.145129728834934468e-01,1.920852630199521873e-04,-2.337115054410239540e-05,-2.348014769961827159e-05,-1.904724509504543753e-05
1.215071610784464156e+03,7.717857585467123788e-05,3.028342166175330141e-01,6.579486628960512506e-01,8.145128550632821929e-01,1.950848204032404234e-04,-2.378446402983751203e-05,-2.390514626855712042e-05,-1.939224988436235108e-05
1.215077741113611637e+03,7.838382355422245584e-05,3.028340695254773118e-01,6.579485150273207683e-01,8.145127351089692658e-01,1.981312142689641345e-04,-2.420507094546713495e-05,-2.433784544803813750e-05,-1.974350995302595727e-05
1.215083871442759346e+03,7.960789220936251461e-05,3.028339198322566039e-01,6.579483644820164345e-01,8.145126129818330840e-01,2.012251762747664294e-04,-2.463309974404707684e-05,-2.477838502052030363e-05,-2.010113890473753806e-05
1.215090001771906827e+03,8.085107539581184272e-05,3.028337674920265066e-01,6.579482112116978865e-01,8.145124886425241240e-01,2.043674482800136990e-04,-2.506868089148592548e-05,-2.522690703560860083e-05,-2.046525218608595981e-05
1.215096132101054536e+03,8.211367188143195157e-05,3.028336124580285338e-01,6.579480551669290023e-01,8.145123620508840645e-01,2.075587852598945106e-04,-2.551194744663056352e-05,-2.568355646564369335e-05,-2.083596761937243745e-05
1.215102262430202018e+03,8.339598460963435433e-05,3.028334546827675111e-01,6.579478962974707468e-01,8.145122331661019954e-01,2.107999527372839620e-04,-2.596303455771492054e-05,-2.614848063985505540e-05,-2.121340494269915579e-05
1.215108392759349726e+03,8.469832143362785077e-05,3.028332941178807358e-01,6.579477345521376197e-01,8.145121019465979550e-01,2.140917286373952594e-04,-2.642207983349551581e-05,-2.662182966460515998e-05,-2.159768615154524968e-05
1.215114523088497208e+03,8.602099520822928229e-05,3.028331307141199358e-01,6.579475698787782267e-01,8.145119683500069430e-01,2.174349035195028866e-04,-2.688922339471953494e-05,-2.710375648387600679e-05,-2.198893554787747273e-05
1.215120653417644917e+03,8.736432315186090094e-05,3.028329644214625693e-01,6.579474022243959608e-01,8.145118323332766197e-01,2.208302789652547438e-04,-2.736460755701854061e-05,-2.759441652249974947e-05,-2.238727945012624490e-05
1.215126783746792398e+03,8.872862809306923529e-05,3.028327951888891700e-01,6.579472315349046418e-01,8.145116938524695760e-01,2.242786707271621617e-04,-2.784837746346704310e-05,-2.809396840352674493e-05,-2.279284677633550718e-05
1.215132914075940107e+03,9.011423737208990481e-05,3.028326229645766365e-01,6.579470577553402366e-01,8.145115528629346402e-01,2.277809059538565752e-04,-2.834068053544270578e-05,-2.860257332902206318e-05,-2.320576854079975203e-05
1.215139044405087589e+03,9.152148363420048427e-05,3.028324476957556799e-01,6.579468808297028737e-01,8.145114093191788696e-01,2.313378251939092684e-04,-2.884166687730860412e-05,-2.912039553997169917e-05,-2.362617822783716920e-05
1.215145174734235297e+03,9.295070492891506855e-05,3.028322693286907286e-01,6.579467007009358603e-01,8.145112631748506749e-01,2.349502826461577184e-04,-2.935148933251840783e-05,-2.964760238247601227e-05,-2.405421184552735732e-05
1.215151305063382779e+03,9.440224402061928499e-05,3.028320878088020529e-01,6.579465173110573550e-01,8.145111143828462907e-01,2.386191444183664802e-04,-2.987030313781758242e-05,-3.018436391726875390e-05,-2.449000760842751003e-05
1.215157435392530488e+03,9.587644973542594452e-05,3.028319030804222378e-01,6.579463306008940249e-01,8.145109628950936154e-01,2.423452919289225077e-04,-3.039826661294907373e-05,-3.073085370484787465e-05,-2.493370657550598323e-05
1.215163565721677969e+03,9.737367577431395315e-05,3.028317150870074581e-01,6.579461405103109728e-01,8.145108086627387278e-01,2.461296189088944450e-04,-3.093554056186318307e-05,-3.128724812781086701e-05,-2.538545209948917791e-05
1.215169696050825678e+03,9.889428157033764864e-05,3.028315237709813812e-01,6.579459469780412073e-01,8.145106516360082205e-01,2.499730335669885580e-04,-3.148228871395090727e-05,-3.185372689416461237e-05,-2.584539023579385470e-05
1.215175826379973159e+03,1.004386323957990332e-04,3.028313290737142394e-01,6.579457499416602184e-01,8.145104917641879938e-01,2.538764588599687322e-04,-3.203867778519655290e-05,-3.243047310969872886e-05,-2.631366980134700588e-05
1.215181956709120868e+03,1.020070986173891040e-04,3.028311309356551129e-01,6.579455493377319719e-01,8.145103289957410508e-01,2.578408306112545383e-04,-3.260487710109057069e-05,-3.301767285079065383e-05,-2.679044202734433611e-05
1.215188087038268350e+03,1.036000571514498027e-04,3.028309292960668642e-01,6.579453451015163656e-01,8.145101632780711309e-01,2.618671011861460965e-04,-3.318105934865113558e-05,-3.361551602343613521e-05,-2.727586125742372187e-05
1.215194217367416059e+03,1.052178901815713246e-04,3.028307240932562316e-01,6.579451371672215831e-01,8.145099945577269906e-01,2.659562362527551245e-04,-3.376739992349370531e-05,-3.422419562184075067e-05,-2.777008434497493349e-05
1.215200347696563540e+03,1.068609860847958388e-04,3.028305152644041320e-01,6.579449254678163550e-01,8.145098227802503033e-01,2.701092171210368463e-04,-3.436407741090042841e-05,-3.484390827901365787e-05,-2.827327110067264727e-05
1.215206478025711249e+03,1.085297395474074482e-04,3.028303027455420127e-01,6.579447099350037576e-01,8.145096478901536763e-01,2.743270410349078303e-04,-3.497127365245466759e-05,-3.547485434615054654e-05,-2.878558435681201295e-05
1.215212608354858730e+03,1.102245507601147409e-04,3.028300864716969021e-01,6.579444904993794196e-01,8.145094698310501036e-01,2.786107191395326360e-04,-3.558917333490275390e-05,-3.611723742501052618e-05,-2.930718958740586937e-05
1.215218738684006439e+03,1.119458269904348045e-04,3.028298663766019194e-01,6.579442670901124446e-01,8.145092885453926179e-01,2.829612804520222047e-04,-3.621796481001239587e-05,-3.677126530807234311e-05,-2.983825567193915040e-05
1.215224869013153921e+03,1.136939811970682536e-04,3.028296423929471848e-01,6.579440396352209675e-01,8.145091039746994444e-01,2.873797683618890212e-04,-3.685783938269086596e-05,-3.743714916710985804e-05,-3.037895423611786677e-05
1.215230999342301629e+03,1.154694330306424736e-04,3.028294144521951892e-01,6.579438080613669859e-01,8.145089160593865785e-01,2.918672431581132353e-04,-3.750899183544164516e-05,-3.811510415579353125e-05,-3.092946014146177294e-05
1.215237129671449111e+03,1.172726089588086020e-04,3.028291824845545377e-01,6.579435722938276054e-01,8.145087247387439167e-01,2.964247823446875072e-04,-3.817162050098225835e-05,-3.880534949648496034e-05,-3.148995155567668421e-05
1.215243260000596820e+03,1.191039413966467813e-04,3.028289464191382674e-01,6.579433322566683451e-01,8.145085299510771426e-01,3.010534784444547553e-04,-3.884592681396533461e-05,-3.950810796862032001e-05,-3.206060953697920058e-05
1.215249390329744301e+03,1.209638704055872056e-04,3.028287061836480443e-01,6.579430878723934173e-01,8.145083316334229551e-01,3.057544432889778858e-04,-3.953211620480693314e-05,-4.022360693736501511e-05,-3.264161886983114928e-05
1.215255520658892010e+03,1.228528421962610359e-04,3.028284617046485550e-01,6.579428390622478195e-01,8.145081297217947602e-01,3.105288042376107716e-04,-4.023039732350539488e-05,-4.095207746582968015e-05,-3.323316734351984482e-05
1.215261650988039491e+03,1.247713102097738858e-04,3.028282129073650020e-01,6.579425857459932914e-01,8.145079241510000401e-01,3.153777069076759364e-04,-4.094098261141105872e-05,-4.169375497441093212e-05,-3.383544628788734616e-05
1.215267781317187200e+03,1.267197352528600242e-04,3.028279597156549596e-01,6.579423278418753407e-01,8.145077148546144841e-01,3.203023155153147863e-04,-4.166408838034468858e-05,-4.244887933581068630e-05,-3.444865065032619208e-05
1.215273911646334682e+03,1.286985845582999113e-04,3.028277020521816243e-01,6.579420652668143132e-01,8.145075017651366434e-01,3.253038105027564208e-04,-4.239993432385666421e-05,-4.321769431511784709e-05,-3.507297854094971193e-05
1.215280041975482391e+03,1.307083336205461157e-04,3.028274398380685906e-01,6.579417979360216995e-01,8.145072848136761801e-01,3.303833931729425110e-04,-4.314874449161911125e-05,-4.400044869556758395e-05,-3.570863214699533753e-05
1.215286172304629872e+03,1.327494645780872488e-04,3.028271729931993894e-01,6.579415257633319802e-01,8.145070639302240956e-01,3.355422816046484884e-04,-4.391074644322173840e-05,-4.479739530695897218e-05,-3.635581694348029845e-05
1.215292302633777581e+03,1.348224673817237005e-04,3.028269014359965539e-01,6.579412486609554911e-01,8.145068390434508920e-01,3.407817136020533863e-04,-4.468617187146487385e-05,-4.560879174726001974e-05,-3.701474227931737267e-05
1.215298432962925062e+03,1.369278399405829459e-04,3.028266250833916984e-01,6.579409665394444495e-01,8.145066100806795939e-01,3.461029470629087149e-04,-4.547525668855143731e-05,-4.643490048642377922e-05,-3.768562146172316316e-05
1.215304563292072771e+03,1.390660871069223693e-04,3.028263438510130356e-01,6.579406793079004556e-01,8.145063769680548349e-01,3.515072574150735038e-04,-4.627824049325723925e-05,-4.727598825384450522e-05,-3.836867125834796078e-05
1.215310693621220253e+03,1.412377226594494558e-04,3.028260576528102321e-01,6.579403868735561600e-01,8.145061396302016865e-01,3.569959426235329737e-04,-4.709536763311674101e-05,-4.813232727018712563e-05,-3.906411289788084710e-05
1.215316823950367962e+03,1.434432675555111279e-04,3.028257664013802586e-01,6.579400891421360864e-01,8.145058979905202001e-01,3.625703187771887751e-04,-4.792688628190888060e-05,-4.900419418419613480e-05,-3.977217120635683558e-05
1.215322954279515443e+03,1.456832511933595640e-04,3.028254700077269157e-01,6.579397860175889567e-01,8.145056519709669152e-01,3.682317232753939550e-04,-4.877304911905068686e-05,-4.989187086231822643e-05,-4.049307524851419334e-05
1.215329084608663152e+03,1.479582115699035866e-04,3.028251683812280270e-01,6.579394774020483894e-01,8.145054014920232177e-01,3.739815152256255738e-04,-4.963411342354534246e-05,-5.079564450240179620e-05,-4.122705841991735828e-05
1.215335214937810633e+03,1.502686941838174764e-04,3.028248614298397756e-01,6.579391631960610498e-01,8.145051464728814139e-01,3.798210726739923338e-04,-5.051034049308450859e-05,-5.171580696335074403e-05,-4.197435790243735017e-05
1.215341345266958342e+03,1.526152541784207579e-04,3.028245490596880307e-01,6.579388432981281287e-01,8.145048868310708068e-01,3.857517980144732281e-04,-5.140199680187280550e-05,-5.265265611304227058e-05,-4.273521575898055007e-05
1.215347475596105824e+03,1.549984544532287064e-04,3.028242311754233418e-01,6.579385176051012474e-01,8.145046224827807713e-01,3.917751132210524020e-04,-5.230935299497114751e-05,-5.360649466496690769e-05,-4.350987798840561118e-05
1.215353605925253532e+03,1.574188670277637829e-04,3.028239076799590923e-01,6.579381860118885816e-01,8.145043533426209459e-01,3.978924632902092065e-04,-5.323268462882777902e-05,-5.457763104230564552e-05,-4.429859522724742960e-05
1.215359736254401014e+03,1.598770732119793943e-04,3.028235784744349179e-01,6.579378484114117853e-01,8.145040793235867049e-01,4.041053166704336713e-04,-5.417227227363296339e-05,-5.556637950229866891e-05,-4.510162285067035963e-05
1.215365866583548723e+03,1.623736624211102051e-04,3.028232434584408606e-01,6.579375046948566785e-01,8.145038003372632174e-01,4.104151622701953479e-04,-5.512840088007429196e-05,-5.657305940272440670e-05,-4.591922037644262481e-05
1.215371996912696204e+03,1.649092344909269499e-04,3.028229025295703369e-01,6.579371547511708718e-01,8.145035162934163298e-01,4.168235153016039353e-04,-5.610136104133507017e-05,-5.759799667689432704e-05,-4.675165266287442217e-05
1.215378127241843913e+03,1.674843976373505345e-04,3.028225555838082728e-01,6.579367984674966419e-01,8.145032271003452840e-01,4.233319121294784365e-04,-5.709144789684992508e-05,-5.864152256061897243e-05,-4.759918887468364367e-05
1.215384257570991394e+03,1.700997699299613649e-04,3.028222025152449981e-01,6.579364357288494114e-01,8.145029326646207046e-01,4.299419139902713616e-04,-5.809896193945723923e-05,-5.970397453775222783e-05,-4.846210325078801706e-05
1.215390387900139103e+03,1.727559794761096708e-04,3.028218432160368345e-01,6.579360664180720075e-01,8.145026328910478508e-01,4.366551074559600772e-04,-5.912420912686754126e-05,-6.078569647629817859e-05,-4.934067521465823202e-05
1.215396518229286585e+03,1.754536631404179058e-04,3.028214775766500666e-01,6.579356904161067776e-01,8.145023276828879943e-01,4.434731012016509557e-04,-6.016750019141100397e-05,-6.188703782574238798e-05,-5.023518872224655278e-05
1.215402648558434294e+03,1.781934690462531651e-04,3.028211054853739426e-01,6.579353076014471391e-01,8.145020169414118882e-01,4.503975323184280567e-04,-6.122915201550628171e-05,-6.300835523106373883e-05,-5.114593357265488394e-05
1.215408778887581775e+03,1.809760543711967911e-04,3.028207268287435028e-01,6.579349178506114226e-01,8.145017005662861242e-01,4.574300607486692137e-04,-6.230948643672233936e-05,-6.415001113971256622e-05,-5.207320427666404632e-05
1.215414909216729484e+03,1.838020869390589790e-04,3.028203414912279956e-01,6.579345210377908204e-01,8.145013784552856961e-01,4.645723733035199963e-04,-6.340883112749435559e-05,-6.531237483628595300e-05,-5.301730089667137317e-05
1.215421039545876965e+03,1.866722454187744998e-04,3.028199493551876342e-01,6.579341170347985379e-01,8.145010505042534765e-01,4.718261841638972452e-04,-6.452751971651972591e-05,-6.649582259147352684e-05,-5.397852916755619274e-05
1.215427169875024674e+03,1.895872179408955680e-04,3.028195503011396617e-01,6.579337057113687770e-01,8.145007166073435778e-01,4.791932313884787894e-04,-6.566589103640872152e-05,-6.770073678368917288e-05,-5.495719978321085124e-05
1.215433300204172156e+03,1.925477048002298137e-04,3.028191442072274975e-01,6.579332869345559942e-01,8.145003766565322989e-01,4.866752837332566687e-04,-6.682429062270077316e-05,-6.892750766530187203e-05,-5.595362983031038073e-05
1.215439430533319864e+03,1.955544160739839331e-04,3.028187309496818691e-01,6.579328605692533749e-01,8.145000305420400100e-01,4.942741346399850922e-04,-6.800306941146605575e-05,-7.017653183826406190e-05,-5.696814155055103247e-05
1.215445560862467346e+03,1.986080733417973094e-04,3.028183104024808059e-01,6.579324264778073639e-01,8.144996781520176254e-01,5.019916065760761771e-04,-6.920258469802084104e-05,-7.144821338627141882e-05,-5.800106325966097371e-05
1.215451691191615055e+03,2.017094099006016368e-04,3.028178824373025657e-01,6.579319845199625982e-01,8.144993193725027503e-01,5.098295515756521776e-04,-7.042320026914470569e-05,-7.274296403783471151e-05,-5.905272947932131889e-05
1.215457821520762536e+03,2.048591692698336351e-04,3.028174469238161803e-01,6.579315345531888681e-01,8.144989540876842460e-01,5.177898474671443650e-04,-7.166528558304375738e-05,-7.406120220504123889e-05,-6.012348015676009604e-05
1.215463951849910245e+03,2.080581081113838649e-04,3.028170037291020855e-01,6.579310764320238647e-01,8.144985821793683245e-01,5.258744052400536042e-04,-7.292921740298849410e-05,-7.540335491633283732e-05,-6.121366223339362242e-05
1.215470082179057727e+03,2.113069936561770600e-04,3.028165527181551075e-01,6.579306100086395048e-01,8.144982035274401788e-01,5.340851625507777494e-04,-7.421537837782064611e-05,-7.676985614836655323e-05,-6.232362829052589463e-05
1.215476212508205435e+03,2.146066055624925911e-04,3.028160937535138708e-01,6.579301351324218228e-01,8.144978180095210352e-01,5.424240884106797198e-04,-7.552415808670453828e-05,-7.816114806501386219e-05,-6.345373755470900211e-05
1.215482342837352917e+03,2.179577361480675396e-04,3.028156266952095610e-01,6.579296516499099079e-01,8.144974255009190811e-01,5.508931837703681710e-04,-7.685595318310846087e-05,-7.957768119567105178e-05,-6.460435604220061186e-05
1.215488473166500626e+03,2.213611887750958397e-04,3.028151514010825052e-01,6.579291594051530634e-01,8.144970258749200109e-01,5.594944774444826109e-04,-7.821116650109448778e-05,-8.101991338344989298e-05,-6.577585570507617327e-05
1.215494603495648107e+03,2.248177810049209317e-04,3.028146677261505104e-01,6.579286582389918259e-01,8.144966190022029373e-01,5.682300340693597187e-04,-7.959020883547747742e-05,-8.248831190022235178e-05,-6.696861614727642892e-05
1.215500733824795816e+03,2.283283418176724198e-04,3.028141755231577026e-01,6.579281479896796903e-01,8.144962047513445436e-01,5.771019470876434477e-04,-8.099349739485048815e-05,-8.398335162110759540e-05,-6.818302314298218083e-05
1.215506864153943297e+03,2.318937136199719770e-04,3.028136746421699055e-01,6.579276284924197027e-01,8.144957829884447165e-01,5.861123438123384778e-04,-8.242145694000212804e-05,-8.550551638032509840e-05,-6.941946973646491556e-05
1.215512994483091006e+03,2.355147524956545282e-04,3.028131649305191853e-01,6.579270995793007337e-01,8.144953535770723674e-01,5.952633860577308776e-04,-8.387451994070396614e-05,-8.705529916630003553e-05,-7.067835640013451918e-05
1.215519124812238488e+03,2.391923264609036081e-04,3.028126462331487967e-01,6.579265610796871666e-01,8.144949163785838442e-01,6.045572657371522593e-04,-8.535312560175075519e-05,-8.863320097070535853e-05,-7.196009010024102489e-05
1.215525255141386197e+03,2.429273188725139380e-04,3.028121183919250115e-01,6.579260128194325263e-01,8.144944712514832208e-01,6.139962134587068814e-04,-8.685772180267305013e-05,-9.023973310285145634e-05,-7.326508617429542574e-05
1.215531385470533678e+03,2.467206254239830252e-04,3.028115812462346956e-01,6.579254546215579369e-01,8.144940180519744111e-01,6.235824909470306628e-04,-8.838876341190908168e-05,-9.187541519212297529e-05,-7.459376671003122028e-05
1.215537515799681387e+03,2.505731563145753528e-04,3.028110346325451063e-01,6.579248863057489682e-01,8.144935566335511634e-01,6.333183965133111276e-04,-8.994671352723821215e-05,-9.354077667155268939e-05,-7.594656174875072732e-05
1.215543646128828868e+03,2.544858365201483306e-04,3.028104783843427183e-01,6.579243076882814734e-01,8.144930868469385521e-01,6.432062657365316370e-04,-9.153204364646147604e-05,-9.523635699141247250e-05,-7.732390945799675025e-05
1.215549776457976577e+03,2.584596039080052548e-04,3.028099123325097008e-01,6.579237185824511336e-01,8.144926085404401439e-01,6.532484667080955005e-04,-9.314523260606131464e-05,-9.696270435968019821e-05,-7.872625510949990879e-05
1.215555906787124059e+03,2.624954129190579005e-04,3.028093363045737396e-01,6.579231187977112594e-01,8.144921215592392238e-01,6.634474093165004588e-04,-9.478676869462915951e-05,-9.872037827458708605e-05,-8.015405313303827133e-05
1.215562037116271767e+03,2.665942313224367263e-04,3.028087501253592939e-01,6.579225081404167508e-01,8.144916257460022013e-01,6.738055370612894062e-04,-9.645714781585550460e-05,-1.005099473387215299e-04,-8.160776534293580256e-05
1.215568167445419249e+03,2.707570425588467968e-04,3.028081536165077581e-01,6.579218864132714284e-01,8.144911209404304131e-01,6.843253329613998301e-04,-9.815687483996593206e-05,-1.023319908825509172e-04,-8.308786225442741703e-05
1.215574297774566958e+03,2.749848460331049912e-04,3.028075465964110702e-01,6.579212534152488745e-01,8.144906069791958414e-01,6.950093202907079229e-04,-9.988646378957418131e-05,-1.041870991979970494e-04,-8.459482327252801402e-05
1.215580428103714439e+03,2.792786550774573311e-04,3.028069288806221060e-01,6.579206089420611692e-01,8.144900836963209212e-01,7.058600574413178641e-04,-1.016464366831609946e-04,-1.060758721602294842e-04,-8.612913557389794837e-05
1.215586558432862148e+03,2.836395009295868998e-04,3.028063002810362780e-01,6.579199527852161999e-01,8.144895509224145957e-01,7.168801479520635041e-04,-1.034373258376140034e-04,-1.079989219988643326e-04,-8.769129635359124164e-05
1.215592688762009629e+03,2.880684292263815363e-04,3.028056606066025225e-01,6.579192847328311222e-01,8.144890084853316781e-01,7.280722316661660323e-04,-1.052596718665918513e-04,-1.099568709060974852e-04,-8.928181088491574731e-05
1.215598819091157338e+03,2.925665025355469930e-04,3.028050096627996068e-01,6.579186045690282869e-01,8.144884562096830205e-01,7.394389911128225945e-04,-1.071140251528466885e-04,-1.119503528130661265e-04,-9.090119395937331823e-05
1.215604949420304820e+03,2.971348006715800942e-04,3.028043472515638546e-01,6.579179120738478659e-01,8.144878939167650156e-01,7.509831523013070801e-04,-1.090009460504988653e-04,-1.139800136456369509e-04,-9.254997009318018141e-05
1.215611079749452529e+03,3.017744184954028160e-04,3.028036731717365648e-01,6.579172070237615522e-01,8.144873214249754856e-01,7.627074791725193181e-04,-1.109210036249391387e-04,-1.160465098161143666e-04,-9.422867230407676905e-05
1.215617210078600010e+03,3.064864702119131541e-04,3.028029872181723370e-01,6.579164891906401635e-01,8.144867385489770184e-01,7.746147844305185546e-04,-1.128747781611785507e-04,-1.181505112556758007e-04,-9.593784456899904633e-05
1.215623340407747719e+03,3.112720855820033682e-04,3.028022891825133955e-01,6.579157583426441525e-01,8.144861451004193897e-01,7.867079199915711935e-04,-1.148628589830107371e-04,-1.202926987970194962e-04,-9.767803970163428250e-05
1.215629470736895200e+03,3.161324126574981803e-04,3.028015788526193242e-01,6.579150142435633564e-01,8.144855408874032143e-01,7.989897838766085378e-04,-1.168858460568954173e-04,-1.224737661181992667e-04,-9.944982092755162055e-05
1.215635601066042909e+03,3.210686181224349468e-04,3.028008560124881288e-01,6.579142566527198532e-01,8.144849257144023413e-01,8.114633210684978580e-04,-1.189443502120849500e-04,-1.246944200223142204e-04,-1.012537621100132953e-04
1.215641731395190391e+03,3.260818849158978123e-04,3.028001204427441251e-01,6.579134853255317328e-01,8.144842993827197120e-01,8.241315175190410498e-04,-1.210389917677656793e-04,-1.269553787872132586e-04,-1.030904464118703235e-04
1.215647861724338100e+03,3.311734168746897520e-04,3.027993719196655498e-01,6.579127000123817792e-01,8.144836616895716475e-01,8.369974118473809833e-04,-1.231704032654019486e-04,-1.292573754835691768e-04,-1.049604689838302436e-04
1.215653992053485581e+03,3.363444346410229108e-04,3.027986102160294402e-01,6.579119004595935793e-01,8.144830124288784390e-01,8.500640850239919548e-04,-1.253392270928374824e-04,-1.316011551108967450e-04,-1.068644346427996555e-04
1.215660122382633290e+03,3.415961786170640651e-04,3.027978351004892432e-01,6.579110864087072130e-01,8.144823513906767065e-01,8.633346678146223930e-04,-1.275461172313038219e-04,-1.339874767245431860e-04,-1.088029595945732555e-04
1.215666252711780771e+03,3.469299093335293720e-04,3.027970463374894394e-01,6.579102575963748922e-01,8.144816783610354660e-01,8.768123417056735563e-04,-1.297917394950055998e-04,-1.364171137416108617e-04,-1.107766716809119106e-04
1.215672383040928480e+03,3.523469048815533857e-04,3.027962436877970620e-01,6.579094137549760246e-01,8.144809931225552857e-01,8.905003324312540892e-04,-1.320767700354874823e-04,-1.388908521352113178e-04,-1.127862089157554505e-04
1.215678513370075962e+03,3.578484659280960927e-04,3.027954269074420446e-01,6.579085546113809801e-01,8.144802954533646444e-01,9.044019226072990336e-04,-1.344018983177374467e-04,-1.414094940651396039e-04,-1.148322224255182310e-04
1.215684643699223670e+03,3.634359112949418573e-04,3.027945957486377071e-01,6.579076798880175714e-01,8.144795851279863497e-01,9.185204405896477001e-04,-1.367678245319559906e-04,-1.439738547438984204e-04,-1.169153739095777803e-04
1.215690774028371152e+03,3.691105811504083087e-04,3.027937499591031867e-01,6.579067893020800195e-01,8.144788619166944965e-01,9.328592685132245342e-04,-1.391752614963636878e-04,-1.465847647641617250e-04,-1.190363375245148512e-04
1.215696904357518861e+03,3.748738374074275944e-04,3.027928892819697348e-01,6.579058825654136022e-01,8.144781255854227631e-01,9.474218432908457308e-04,-1.416249349178360718e-04,-1.492430704334185316e-04,-1.211958001541716746e-04
1.215703034686666342e+03,3.807270609491614373e-04,3.027920134563605314e-01,6.579049593851878930e-01,8.144773758963091970e-01,9.622116496221691344e-04,-1.441175817627151257e-04,-1.519496317980476268e-04,-1.233944598084572375e-04
1.215709165015814051e+03,3.866716570469516212e-04,3.027911222162354976e-01,6.579040194625447313e-01,8.144766126066004253e-01,9.772322336377456224e-04,-1.466539534980866458e-04,-1.547053266160312759e-04,-1.256330288393371901e-04
1.215715295344961532e+03,3.927090505843115168e-04,3.027902152913948819e-01,6.579030624937647342e-01,8.144758354695974534e-01,9.924871908655269557e-04,-1.492348132725231796e-04,-1.575110469276518586e-04,-1.279122311629692370e-04
1.215721425674109241e+03,3.988406895047593012e-04,3.027892924067405733e-01,6.579020881694009892e-01,8.144750442339535601e-01,1.007980174912468307e-03,-1.518609379883064108e-04,-1.603677016021484399e-04,-1.302328043205572424e-04
1.215727556003256723e+03,4.050680452417283512e-04,3.027883532821742940e-01,6.579010961741543762e-01,8.144742386435732673e-01,1.023714898542497790e-03,-1.545331185850234122e-04,-1.632762167038392400e-04,-1.325954997735375503e-04
1.215733686332404432e+03,4.113926097214210919e-04,3.027873976332290940e-01,6.579000861876090900e-01,8.144734184382089737e-01,1.039695126126196061e-03,-1.572521582649840765e-04,-1.662375333299769302e-04,-1.350010811521764134e-04
1.215739816661551913e+03,4.178159012154653560e-04,3.027864251698111353e-01,6.578990578827532687e-01,8.144725833522612479e-01,1.055924688374759073e-03,-1.600188760229932393e-04,-1.692526119576316754e-04,-1.374503277728589376e-04
1.215745946990699622e+03,4.243394591815049166e-04,3.027854355972929290e-01,6.578980109272561938e-01,8.144717331158147777e-01,1.072407469344173166e-03,-1.628341035756812551e-04,-1.723224286913182645e-04,-1.399440315996652406e-04
1.215752077319847103e+03,4.309648479876192944e-04,3.027844286157086451e-01,6.578969449825198268e-01,8.144708674538696513e-01,1.089147415810094851e-03,-1.656986876180489105e-04,-1.754479780494062370e-04,-1.424829994983076685e-04
1.215758207648994812e+03,4.376936573765773390e-04,3.027834039196430349e-01,6.578958597035416966e-01,8.144699860862302243e-01,1.106148538431107799e-03,-1.686134901319570948e-04,-1.786302733646832007e-04,-1.450680535586534848e-04
1.215764337978142294e+03,4.445274992281167533e-04,3.027823611989198804e-01,6.578947547397214768e-01,8.144690887281588187e-01,1.123414903594774838e-03,-1.715793864533622767e-04,-1.818703444184987313e-04,-1.477000291792033367e-04
1.215770468307290002e+03,4.514680138810224248e-04,3.027813001372308688e-01,6.578936297332408367e-01,8.144681750890634397e-01,1.140950649327710908e-03,-1.745972691158847643e-04,-1.851692421969053013e-04,-1.503797789135956960e-04
1.215776598636437484e+03,4.585168645596647032e-04,3.027802204133268060e-01,6.578924843204612127e-01,8.144672448736296477e-01,1.158759971261132376e-03,-1.776680445066090310e-04,-1.885280347848464525e-04,-1.531081691475116152e-04
1.215782728965585193e+03,4.656757413970766279e-04,3.027791217001410407e-01,6.578913181308859714e-01,8.144662977809813409e-01,1.176847132753780804e-03,-1.807926353230970417e-04,-1.919478104148775502e-04,-1.558860825633865657e-04
1.215788859294732674e+03,4.729463619362724784e-04,3.027780036646682826e-01,6.578901307870114179e-01,8.144653335045586307e-01,1.195216466147085805e-03,-1.839719809089003337e-04,-1.954296779053127787e-04,-1.587144184929771822e-04
1.215794989623880383e+03,4.803304676327274127e-04,3.027768659687152253e-01,6.578889219052075354e-01,8.144643517328323812e-01,1.213872363959770263e-03,-1.872070351487142327e-04,-1.989747640715880460e-04,-1.615940908223851061e-04
1.215801119953027865e+03,4.878298306833299641e-04,3.027757082674059075e-01,6.578876910939464029e-01,8.144633521478685800e-01,1.232819296066880446e-03,-1.904987706531818044e-04,-2.025842189299741493e-04,-1.645260321983345103e-04
1.215807250282175573e+03,4.954462480057858021e-04,3.027745302104805636e-01,6.578864379553319708e-01,8.144623344265691234e-01,1.252061794544477580e-03,-1.938481751171524054e-04,-2.062592112052275201e-04,-1.675111903937869071e-04
1.215813380611323055e+03,5.031815455841789691e-04,3.027733314413399990e-01,6.578851620839634151e-01,8.144612982397497758e-01,1.271604464599637371e-03,-1.972562539947111514e-04,-2.100009316661358226e-04,-1.705505310032411049e-04
1.215819510940470764e+03,5.110375790102809034e-04,3.027721115969139176e-01,6.578838630667729337e-01,8.144602432520089419e-01,1.291451985924596188e-03,-2.007240308639792847e-04,-2.138105936047677582e-04,-1.736450378279186897e-04
1.215825641269618245e+03,5.190162297054759597e-04,3.027708703084785458e-01,6.578825404839886426e-01,8.144591691225102625e-01,1.311609103188372816e-03,-2.042525451351171503e-04,-2.176894300041707752e-04,-1.767957105846070963e-04
1.215831771598765954e+03,5.271194122969993226e-04,3.027696072000285454e-01,6.578811939071976811e-01,8.144580755034103170e-01,1.332080644584757558e-03,-2.078428566061364668e-04,-2.216386992316429587e-04,-1.800035695050360162e-04
1.215837901927913435e+03,5.353490681145183254e-04,3.027683218896923267e-01,6.578798229010177634e-01,8.144569620412159816e-01,1.352871505467574762e-03,-2.114960414975741308e-04,-2.256596801233947661e-04,-1.832696513615562006e-04
1.215844032257061144e+03,5.437071698838616884e-04,3.027670139886903256e-01,6.578784270218561714e-01,8.144558283757774575e-01,1.373986660151270888e-03,-2.152131953645169504e-04,-2.297536756340472111e-04,-1.865950124139842674e-04
1.215850162586208626e+03,5.521957223114829861e-04,3.027656831011924510e-01,6.578770058177294544e-01,8.144546741401433865e-01,1.395431163371681346e-03,-2.189954334931840433e-04,-2.339220133606317615e-04,-1.899807288305546584e-04
1.215856292915356335e+03,5.608167580034355238e-04,3.027643288252083731e-01,6.578755588293196954e-01,8.144534989614176101e-01,1.417210140019120775e-03,-2.228438884054133838e-04,-2.381660424437945960e-04,-1.934278941825224359e-04
1.215862423244503816e+03,5.695723454324901893e-04,3.027629507508141637e-01,6.578740855878532079e-01,8.144523024590387683e-01,1.439328805163027098e-03,-2.267597148177646199e-04,-2.424871397964301805e-04,-1.969376244728576763e-04
1.215868553573651525e+03,5.784645819133747962e-04,3.027615484616941188e-01,6.578725856169308495e-01,8.144510842462658884e-01,1.461792446382341850e-03,-2.307440853243522235e-04,-2.468867047258425495e-04,-2.005110537902801237e-04
1.215874683902799006e+03,5.874955986723982750e-04,3.027601215340062768e-01,6.578710584311686649e-01,8.144498439290762670e-01,1.484606436505115550e-03,-2.347981935664196311e-04,-2.513661629264113406e-04,-2.041493375312621223e-04
1.215880814231946715e+03,5.966675614784547116e-04,3.027586695362264879e-01,6.578695035360028198e-01,8.144485811060074854e-01,1.507776235184031272e-03,-2.389232546634724821e-04,-2.559269670526290717e-04,-2.078536528597819998e-04
1.215886944561094197e+03,6.059826662348916093e-04,3.027571920301196373e-01,6.578679204288435667e-01,8.144472953690939931e-01,1.531307377811169483e-03,-2.431205024963951781e-04,-2.605705933286830132e-04,-2.116251959677269438e-04
1.215893074890241905e+03,6.154431475845306655e-04,3.027556885688065247e-01,6.578663085967544344e-01,8.144459863019865020e-01,1.555205497135211945e-03,-2.473911951049558629e-04,-2.652985483627069339e-04,-2.154651875727328701e-04
1.215899205219389387e+03,6.250512713220074531e-04,3.027541586984445199e-01,6.578646675184554038e-01,8.144446534815756866e-01,1.579476304184147502e-03,-2.517366099880109114e-04,-2.701123632630280887e-04,-2.193748681661283602e-04
1.215905335548537096e+03,6.348093398691860307e-04,3.027526019569912186e-01,6.578629966628357639e-01,8.144432964767874816e-01,1.604125602017526190e-03,-2.561580475530680738e-04,-2.750135980060418794e-04,-2.233555015353456486e-04
1.215911465877684577e+03,6.447196929563575292e-04,3.027510178740355218e-01,6.578612954887399500e-01,8.144419148484105531e-01,1.629159287425472127e-03,-2.606568315848027066e-04,-2.800038420628428166e-04,-2.274083752661297910e-04
1.215917596206832286e+03,6.547847028609441941e-04,3.027494059718546793e-01,6.578595634462304220e-01,8.144405081501199239e-01,1.654583338960735400e-03,-2.652343062875688637e-04,-2.850847106899559512e-04,-2.315347977470304719e-04
1.215923726535979768e+03,6.650067837011199457e-04,3.027477657633094177e-01,6.578577999740489179e-01,8.144390759264209523e-01,1.680403840273143835e-03,-2.698918421592207996e-04,-2.902578523839139768e-04,-2.357361041795417642e-04
1.215929856865127476e+03,6.753883832404333851e-04,3.027460967536741987e-01,6.578560045018074787e-01,8.144376177144246887e-01,1.706626959513992065e-03,-2.746308308754696545e-04,-2.955249424440921390e-04,-2.400136513825358760e-04
1.215935987194274958e+03,6.859319888012503814e-04,3.027443984392916843e-01,6.578541764483618604e-01,8.144361330425309298e-01,1.733258964180160516e-03,-2.794526890436052342e-04,-3.008876877510153797e-04,-2.443688216426618013e-04
1.215942117523422667e+03,6.966401280000714775e-04,3.027426703073873848e-01,6.578523152215771663e-01,8.144346214302391473e-01,1.760306222945934827e-03,-2.843588587115292556e-04,-3.063478274514883494e-04,-2.488030232628355288e-04
1.215948247852570148e+03,7.075153636049699496e-04,3.027409118372222929e-01,6.578504202197094086e-01,8.144330823892681481e-01,1.787775192743064475e-03,-2.893508041487638125e-04,-3.119071289005940226e-04,-2.533176872871168946e-04
1.215954378181717857e+03,7.185603035724729640e-04,3.027391224978000506e-01,6.578484908286273969e-01,8.144315154213073171e-01,1.815672443946559798e-03,-2.944300182377243579e-04,-3.175673958163571114e-04,-2.579142740704499668e-04
1.215960508510865338e+03,7.297775921961366678e-04,3.027373017498604657e-01,6.578465264242119304e-01,8.144299200199593969e-01,1.844004638141700288e-03,-2.995980169061291526e-04,-3.233304612374880184e-04,-2.625942675984796709e-04
1.215966638840013047e+03,7.411699164927580599e-04,3.027354490444140178e-01,6.578445263705736679e-01,8.144282956692986408e-01,1.872778544145159560e-03,-3.048563432111260738e-04,-3.291981927504069997e-04,-2.673591796961223479e-04
1.215972769169160529e+03,7.527400069960514225e-04,3.027335638225406855e-01,6.578424900197978875e-01,8.144266418436654220e-01,1.902001039979666014e-03,-3.102065678922166954e-04,-3.351724932381760602e-04,-2.722105506264574045e-04
1.215978899498308238e+03,7.644906322024972150e-04,3.027316455166450537e-01,6.578404167134567215e-01,8.144249580088904761e-01,1.931679098927449731e-03,-3.156502858680652781e-04,-3.412552964412270324e-04,-2.771499455104083293e-04
1.215985029827455719e+03,7.764246094104175879e-04,3.027296935479591444e-01,6.578383057795685884e-01,8.144232436198353131e-01,1.961819816711590780e-03,-3.211891231898180376e-04,-3.474485758774011426e-04,-2.821789615070575746e-04
1.215991160156603428e+03,7.885447951603840070e-04,3.027277073287143461e-01,6.578361565352235374e-01,8.144214981225168515e-01,1.992430387497546099e-03,-3.268247309824234359e-04,-3.537543371380727367e-04,-2.872992216044901580e-04
1.215997290485750909e+03,8.008540921316448019e-04,3.027256862605448573e-01,6.578339682846338077e-01,8.144197209525323444e-01,2.023518121182794460e-03,-3.325587898875618218e-04,-3.601746236055920216e-04,-2.925123792193126161e-04
1.216003420814898618e+03,8.133554499987206672e-04,3.027236297342689730e-01,6.578317403188543855e-01,8.144179115348323394e-01,2.055090445525051181e-03,-3.383930106641111252e-04,-3.667115172720670103e-04,-2.978201188503875035e-04
1.216009551144046100e+03,8.260518594329644207e-04,3.027215371312568237e-01,6.578294719174366811e-01,8.144160692850612726e-01,2.087154891088851064e-03,-3.443291303761863444e-04,-3.733671338830998020e-04,-3.032241521651708131e-04
1.216015681473193808e+03,8.389463638073578564e-04,3.027194078207097738e-01,6.578271623451045214e-01,8.144141936068675092e-01,2.119719120577419520e-03,-3.503689199567206012e-04,-3.801436326945111443e-04,-3.087262258467201215e-04
1.216021811802341290e+03,8.520420488725415509e-04,3.027172411620269732e-01,6.578248108546231876e-01,8.144122838942273734e-01,2.152790902930914844e-03,-3.565141776153467963e-04,-3.870432080450205022e-04,-3.143281148067266829e-04
1.216027942131488999e+03,8.653420502038350771e-04,3.027150365030665258e-01,6.578224166846690091e-01,8.144103395297206394e-01,2.186378131982970666e-03,-3.627667336708619537e-04,-3.940680956098926383e-04,-3.200316272117638893e-04
1.216034072460636480e+03,8.788495541256296194e-04,3.027127931799075133e-01,6.578199790595226082e-01,8.144083598842856153e-01,2.220488828753843392e-03,-3.691284512031200939e-04,-4.012205732958057771e-04,-3.258386051968738500e-04
1.216040202789784189e+03,8.925677912334220240e-04,3.027105105183393041e-01,6.578174971908793411e-01,8.144063443186830842e-01,2.255131125203875975e-03,-3.756012219057150328e-04,-4.085029559287982359e-04,-3.317509205878067910e-04
1.216046333118931670e+03,9.065000490327772666e-04,3.027081878308998664e-01,6.578149702742105420e-01,8.144042921805554336e-01,2.290313295882325136e-03,-3.821869743120070127e-04,-4.159176059254148460e-04,-3.377704834755766716e-04
1.216052463448079379e+03,9.206496607903955466e-04,3.027058244194527070e-01,6.578123974919050099e-01,8.144022028069676233e-01,2.326043729974205075e-03,-3.888876666236717691e-04,-4.234669240746337620e-04,-3.438992347988169946e-04
1.216058593777226861e+03,9.350200135752168538e-04,3.027034195732932198e-01,6.578097780109365411e-01,8.144000755225232480e-01,2.362330951429335215e-03,-3.957052919659359591e-04,-4.311533563773307866e-04,-3.501391518355862213e-04
1.216064724106374570e+03,9.496145492558601868e-04,3.027009725688906139e-01,6.578071109825294194e-01,8.143979096390948635e-01,2.399183621432563873e-03,-4.026418790951181211e-04,-4.389793950243800003e-04,-3.564922489820109269e-04
1.216070854435522051e+03,9.644367575051530526e-04,3.026984826715091725e-01,6.578043955441381652e-01,8.143957044574261506e-01,2.436610520871430267e-03,-4.096994878871339273e-04,-4.469475725862777100e-04,-3.629605730772227285e-04
1.216076984764669760e+03,9.794901894469773811e-04,3.026959491319840545e-01,6.578016308154676084e-01,8.143934592639155978e-01,2.474620584480565367e-03,-4.168802182824021970e-04,-4.550604736835912358e-04,-3.695462127716751181e-04
1.216083115093817241e+03,9.947784456170957225e-04,3.026933711895268830e-01,6.577988159019092507e-01,8.143911733333963898e-01,2.513222870678017817e-03,-4.241862024853799789e-04,-4.633207249044339810e-04,-3.762512904210032995e-04
1.216089245422964950e+03,1.010305184645186264e-03,3.026907480696651720e-01,6.577959498919905279e-01,8.143888459270749447e-01,2.552426583280160283e-03,-4.316196106785564449e-04,-4.717310022843364844e-04,-3.830779680858069445e-04
1.216095375752112432e+03,1.026074124330950132e-03,3.026880789839604957e-01,6.577930318570073265e-01,8.143864762922372602e-01,2.592241074161880966e-03,-4.391826517900870560e-04,-4.802940323749150652e-04,-3.900284483810391662e-04
1.216101506081260140e+03,1.042089034090224083e-03,3.026853631317746873e-01,6.577900608531916937e-01,8.143840636640002906e-01,2.632675824338903247e-03,-4.468775685869926309e-04,-4.890125858888491953e-04,-3.971049693674377854e-04
1.216107636410407622e+03,1.058353749689096117e-03,3.026825996967596466e-01,6.577870359173567660e-01,8.143816072617966473e-01,2.673740480799373809e-03,-4.547066473999094314e-04,-4.978894904623483095e-04,-4.043098147853337607e-04
1.216113766739555331e+03,1.074872160244159892e-03,3.026797878499121186e-01,6.577839560706566502e-01,8.143791062924126134e-01,2.715444823958820027e-03,-4.626722096398883663e-04,-5.069276196277657702e-04,-4.116453051976008953e-04
1.216119897068702812e+03,1.091648217595909574e-03,3.026769267473304881e-01,6.577808203157956557e-01,8.143765599477353900e-01,2.757798791082419296e-03,-4.707766180099649334e-04,-5.161299009931700913e-04,-4.191138045431380406e-04
1.216126027397850521e+03,1.108685937469576022e-03,3.026740155299085244e-01,6.577776276366269492e-01,8.143739674044323529e-01,2.800812479148946394e-03,-4.790222773377386125e-04,-5.254993174097068263e-04,-4.267177210633735208e-04
1.216132157726998003e+03,1.125989391318712660e-03,3.026710533252585100e-01,6.577743770005238799e-01,8.143713278258660759e-01,2.844496124440800723e-03,-4.874116292395355710e-04,-5.350389000214771009e-04,-4.344595017205657504e-04
1.216138288056145711e+03,1.143562722232069166e-03,3.026680392438900746e-01,6.577710673536154573e-01,8.143686403582501843e-01,2.888860142268253207e-03,-4.959471626908557420e-04,-5.447517422209739203e-04,-4.423416433754513970e-04
1.216144418385293193e+03,1.161410130897522295e-03,3.026649723825362015e-01,6.577676976249005047e-01,8.143659041339723625e-01,2.933915091859665755e-03,-5.046314048023843894e-04,-5.546409875891506651e-04,-4.503666831108497372e-04
1.216150548714440902e+03,1.179535885721099114e-03,3.026618518217115694e-01,6.577642667231935469e-01,8.143631182691313253e-01,2.979671701621315876e-03,-5.134669275710018526e-04,-5.647098388392137380e-04,-4.585372053891769296e-04
1.216156679043588383e+03,1.197944324079049019e-03,3.026586766253796523e-01,6.577607735366876041e-01,8.143602818631863194e-01,3.026140872219742258e-03,-5.224563487825309872e-04,-5.749615590918738441e-04,-4.668558430622975057e-04
1.216162809372736092e+03,1.216639843511394242e-03,3.026554458430463779e-01,6.577572169355463405e-01,8.143573940010504497e-01,3.073333654564739791e-03,-5.316023262104061778e-04,-5.853994642747779214e-04,-4.753252712739222370e-04
1.216168939701883573e+03,1.235626918893579368e-03,3.026521585056010655e-01,6.577535957666942323e-01,8.143544537488897062e-01,3.121261292646369985e-03,-5.409075691028651786e-04,-5.960269383808946241e-04,-4.839482196662720924e-04
1.216175070031031282e+03,1.254910087282474791e-03,3.026488136289378073e-01,6.577499088583156350e-01,8.143514601577548362e-01,3.169935185663723138e-03,-5.503748281554527019e-04,-6.068474202805819147e-04,-4.927274618099860724e-04
1.216181200360178764e+03,1.274493958839469218e-03,3.026454102112970945e-01,6.577461550165155657e-01,8.143484122608892761e-01,3.219366915261819007e-03,-5.600069028466893827e-04,-6.178644135000402847e-04,-5.016658230196628264e-04
1.216187330689326473e+03,1.294383218180711424e-03,3.026419472329049398e-01,6.577423330248394207e-01,8.143453090733464572e-01,3.269568248847736728e-03,-5.698066424164674199e-04,-6.290814876140074161e-04,-5.107661814547750966e-04
1.216193461018473954e+03,1.314582614869491163e-03,3.026384236582517762e-01,6.577384416471117046e-01,8.143421495942791966e-01,3.320551115843613926e-03,-5.797769395599195038e-04,-6.405022699346118141e-04,-5.200314614591449933e-04
1.216199591347621663e+03,1.335096981951660634e-03,3.026348384315660223e-01,6.577344796217344802e-01,8.143389328023462603e-01,3.372327653872023850e-03,-5.899207429079717565e-04,-6.521304621927735343e-04,-5.294646468889541852e-04
1.216205721676769144e+03,1.355931219595868939e-03,3.026311904807560960e-01,6.577304456666105414e-01,8.143356576596839647e-01,3.424910167912418105e-03,-6.002410461285725887e-04,-6.639698261178281560e-04,-5.390687695682632504e-04
1.216211852005916853e+03,1.377090306883572242e-03,3.026274787145178946e-01,6.577263384754902242e-01,8.143323231089636405e-01,3.478311159664339031e-03,-6.107408958957795701e-04,-6.760241941275312201e-04,-5.488469178217221306e-04
1.216217982335064335e+03,1.398579303264881578e-03,3.026237020219423868e-01,6.577221567174472705e-01,8.143289280729730795e-01,3.532543331113661630e-03,-6.214233929496843639e-04,-6.882974708486322597e-04,-5.588022376738697962e-04
1.216224112664212043e+03,1.420403338294737262e-03,3.026198592749961280e-01,6.577178990399830116e-01,8.143254714571199759e-01,3.587619558923828451e-03,-6.322916852429959125e-04,-7.007936240295404001e-04,-5.689379255753141372e-04
1.216230242993359525e+03,1.442567631638548174e-03,3.026159493235960340e-01,6.577135640627906898e-01,8.143219521444113873e-01,3.643552944221486144e-03,-6.433489814975452059e-04,-7.135167027753616447e-04,-5.792572429520686335e-04
1.216236373322507234e+03,1.465077475412144507e-03,3.026119709998998375e-01,6.577091503831408170e-01,8.143183689997945951e-01,3.700356768554840560e-03,-6.545985393611203785e-04,-7.264708217815035252e-04,-5.897635035991361180e-04
1.216242503651654715e+03,1.487938246906287364e-03,3.026079231151588278e-01,6.577046565718849269e-01,8.143147208669425652e-01,3.758044525542717298e-03,-6.660436740624640006e-04,-7.396601730187309098e-04,-6.004600829941312418e-04
1.216248633980802424e+03,1.511155410156052271e-03,3.026038044592915255e-01,6.577000811728835883e-01,8.143110065677959808e-01,3.816629924708038642e-03,-6.776877595589899826e-04,-7.530890273929546300e-04,-6.113504196035355991e-04
1.216254764309949906e+03,1.534734504861599413e-03,3.025996138035834115e-01,6.576954227064009117e-01,8.143072249052993872e-01,3.876126863866305883e-03,-6.895342210902992821e-04,-7.667617248103274523e-04,-6.224380069403725449e-04
1.216260894639097614e+03,1.558681167978448771e-03,3.025953498953287135e-01,6.576906796622850049e-01,8.143033746579158016e-01,3.936549482780562180e-03,-7.015865498994571610e-04,-7.806826941080742847e-04,-6.337264094433392968e-04
1.216267024968245096e+03,1.583001114655494196e-03,3.025910114624987268e-01,6.576858505058584825e-01,8.142994545843708076e-01,3.997912115680101949e-03,-7.138482903666666917e-04,-7.948564358182256184e-04,-6.452192487134438730e-04
1.216273155297392805e+03,1.607700151966607802e-03,3.025865972103188861e-01,6.576809336735484068e-01,8.142954634201395869e-01,4.060229325365636611e-03,-7.263230494066686077e-04,-8.092875349387433723e-04,-6.569202136778332047e-04
1.216279285626540286e+03,1.632784180602088160e-03,3.025821058208049141e-01,6.576759275722592335e-01,8.142913998769469863e-01,4.123515907328157391e-03,-7.390144977108550287e-04,-8.239806627447931629e-04,-6.688330620118435477e-04
1.216285415955687995e+03,1.658259182910300439e-03,3.025775359557014155e-01,6.576708305830887280e-01,8.142872626457592355e-01,4.187786859983696867e-03,-7.519263616583861647e-04,-8.389405659284038990e-04,-6.809616114683141345e-04
1.216291546284835476e+03,1.684131246195560636e-03,3.025728862506525396e-01,6.576656410538664899e-01,8.142830503907885209e-01,4.253057442484851035e-03,-7.650624392977934014e-04,-8.541720883797512646e-04,-6.933097572045073464e-04
1.216297676613983185e+03,1.710406542144886312e-03,3.025681553202821394e-01,6.576603573055990193e-01,8.142787617546790591e-01,4.319343123541566527e-03,-7.784265863726277847e-04,-8.696801523462983994e-04,-7.058814567582878761e-04
1.216303806943130667e+03,1.737091341644690905e-03,3.025633417544701942e-01,6.576549776276895409e-01,8.142743953546677238e-01,4.386659618164024527e-03,-7.920227265219137837e-04,-8.854697723888816426e-04,-7.186807411370523067e-04
1.216309937272278376e+03,1.764192016603375506e-03,3.025584441178495454e-01,6.576495002772539955e-01,8.142699497820393706e-01,4.455022892085819600e-03,-8.058548526237576748e-04,-9.015460573577124695e-04,-7.317117163654689128e-04
1.216316067601425857e+03,1.791715027045346579e-03,3.025534609530027841e-01,6.576439234831826797e-01,8.142654236053959993e-01,4.524449129683794785e-03,-8.199270180108954266e-04,-9.179141985217479033e-04,-7.449785540216047244e-04
1.216322197930573566e+03,1.819666946248575537e-03,3.025483907741227663e-01,6.576382454379832154e-01,8.142608153641062163e-01,4.594954796252199644e-03,-8.342433538152560935e-04,-9.345794933689724644e-04,-7.584855101385429938e-04
1.216328328259721047e+03,1.848054438542560355e-03,3.025432320725388591e-01,6.576324643048286900e-01,8.142561235739732561e-01,4.666556582849698716e-03,-8.488080537942845061e-04,-9.515473250138510803e-04,-7.722369088086856797e-04
1.216334458588868756e+03,1.876884275293856392e-03,3.025379833126675133e-01,6.576265782123296155e-01,8.142513467230394486e-01,4.739271445873446433e-03,-8.636253853995520336e-04,-9.688231774460416426e-04,-7.862371542788576615e-04
1.216340588918016238e+03,1.906163336869509716e-03,3.025326429314670329e-01,6.576205852537867491e-01,8.142464832709933598e-01,4.813116611806396439e-03,-8.786996912293509225e-04,-9.864126376855164666e-04,-8.004907326337773769e-04
1.216346719247163946e+03,1.935898598709814497e-03,3.025272093419139052e-01,6.576144834916343163e-01,8.142415316527404912e-01,4.888109542650010721e-03,-8.940353794914915634e-04,-1.004321382809422259e-03,-8.150022014688158064e-04
1.216352849576311428e+03,1.966097158447322954e-03,3.025216809261100925e-01,6.576082709485193689e-01,8.142364902712493357e-01,4.964268002986944005e-03,-9.096369428209471987e-04,-1.022555205953897027e-03,-8.297762105043088136e-04
1.216358979905459137e+03,1.996766211949746461e-03,3.025160560412937794e-01,6.576019456150092868e-01,8.142313575037426476e-01,5.041610000559936834e-03,-9.255089418086497478e-04,-1.041119993810544564e-03,-8.448174836964204674e-04
1.216365110234606618e+03,2.027913070564200428e-03,3.025103330154369496e-01,6.575955054438767933e-01,8.142261316971161067e-01,5.120153828882922920e-03,-9.416560170081507723e-04,-1.060021743284439823e-03,-8.601308324262874798e-04
1.216371240563754327e+03,2.059545163231757837e-03,3.025045101466528608e-01,6.575889483492824983e-01,8.142208111672907256e-01,5.199918072332936070e-03,-9.580828905049868817e-04,-1.079266563843751369e-03,-8.757211573302919015e-04
1.216377370892901808e+03,2.091670021459918812e-03,3.024985857069781847e-01,6.575822722116336783e-01,8.142153942031150615e-01,5.280921568912302737e-03,-9.747943555653665023e-04,-1.098860663343812069e-03,-8.915934370333476484e-04
1.216383501222049517e+03,2.124295308575083023e-03,3.024925579348784477e-01,6.575754748678316330e-01,8.142098790585501344e-01,5.363183482445977798e-03,-9.917952970448136191e-04,-1.118810376429103847e-03,-9.077527506243941897e-04
1.216389631551196999e+03,2.157428793874844632e-03,3.024864250417858003e-01,6.575685541196997219e-01,8.142042639594350151e-01,5.446723238578882881e-03,-1.009090673514050768e-03,-1.139122139944975538e-03,-9.242042581431102709e-04
1.216395761880344708e+03,2.191078371227321835e-03,3.024801852073122355e-01,6.575615077277344733e-01,8.141985470984824946e-01,5.531560570642580534e-03,-1.026685530278494563e-03,-1.159802511131953744e-03,-9.409532149576144405e-04
1.216401892209492189e+03,2.225252061347747674e-03,3.024738365786078242e-01,6.575543334102126325e-01,8.141927266345724279e-01,5.617715525112932859e-03,-1.044585001072591670e-03,-1.180858170186328262e-03,-9.580049737531274321e-04
1.216408022538639898e+03,2.259957995585813815e-03,3.024673772744731481e-01,6.575470288485055770e-01,8.141868006970159888e-01,5.705208421506528273e-03,-1.062794296828518730e-03,-1.202295904772493181e-03,-9.753649722436789514e-04
1.216414152867787379e+03,2.295204447474561218e-03,3.024608053772135374e-01,6.575395916764152915e-01,8.141807673770201648e-01,5.794059930079886213e-03,-1.081318727801997654e-03,-1.224122641040372274e-03,-9.930387576692933146e-04
1.216420283196935088e+03,2.330999804846619304e-03,3.024541189397468299e-01,6.575320194893907733e-01,8.141746247350780674e-01,5.884291002911795632e-03,-1.100163684182249840e-03,-1.246345416763922249e-03,-1.011031965516753046e-03
1.216426413526082570e+03,2.367352589891839020e-03,3.024473159804019762e-01,6.575243098376961637e-01,8.141683707955055249e-01,5.975922923257096474e-03,-1.119334650204214512e-03,-1.268971401209301707e-03,-1.029350335187826336e-03
1.216432543855230278e+03,2.404271461607573705e-03,3.024403944822227075e-01,6.575164602254360835e-01,8.141620035456699211e-01,6.068977311392003034e-03,-1.138837205976477810e-03,-1.292007897924098972e-03,-1.047999712159064121e-03
1.216438674184377760e+03,2.441765198309818908e-03,3.024333523974386817e-01,6.575084681163665401e-01,8.141555209406474702e-01,6.163476081437036132e-03,-1.158677015299369945e-03,-1.315462327819635468e-03,-1.066986034582859165e-03
1.216444804513525469e+03,2.479842731653088272e-03,3.024261876386137859e-01,6.575003309222362535e-01,8.141489208939048927e-01,6.259441524947004405e-03,-1.178859849642679329e-03,-1.339342263037316631e-03,-1.086315359979272760e-03
1.216450934842672950e+03,2.518513116554628364e-03,3.024188980863724563e-01,6.574920460128643729e-01,8.141422012853706258e-01,6.356896236724176620e-03,-1.199391567118654727e-03,-1.363655397609191740e-03,-1.105993842037828563e-03
1.216457065171820659e+03,2.557785552820852383e-03,3.024114815837485870e-01,6.574836107086726722e-01,8.141353599554689291e-01,6.455863167904082184e-03,-1.220278127772259991e-03,-1.388409569148922823e-03,-1.126027747686438084e-03
1.216463195500968141e+03,2.597669387783641936e-03,3.024039359354304679e-01,6.574750222796208465e-01,8.141283947042808888e-01,6.556365632210826855e-03,-1.241525595551570783e-03,-1.413612761888904902e-03,-1.146423459435217881e-03
1.216469325830115849e+03,2.638174097437653506e-03,3.023962589126211187e-01,6.574662779515593192e-01,8.141213032966303498e-01,6.658427259486133717e-03,-1.263140125099742467e-03,-1.439273088203928781e-03,-1.167187460771060715e-03
1.216475456159263331e+03,2.679309323118022734e-03,3.023884482434211485e-01,6.574573748934865458e-01,8.141140834519116076e-01,6.762072085581005872e-03,-1.285127987728216332e-03,-1.465398825579258086e-03,-1.188326365230348968e-03
1.216481586488411040e+03,2.721084839065349235e-03,3.023805016212268715e-01,6.574483102285660907e-01,8.141067328529024705e-01,6.867324472524117228e-03,-1.307495548623431722e-03,-1.491998384571302776e-03,-1.209846891116659294e-03
1.216487716817558521e+03,2.763510575739183597e-03,3.023724166985907180e-01,6.574390810259644891e-01,8.140992491392526897e-01,6.974209165598215139e-03,-1.330249283405851232e-03,-1.519080332482684523e-03,-1.231755880088572074e-03
1.216493847146706230e+03,2.806596622653390397e-03,3.023641910864037219e-01,6.574296842996887325e-01,8.140916299065703576e-01,7.082751300028023236e-03,-1.353395780252147256e-03,-1.546653396667541742e-03,-1.254060299701541129e-03
1.216499977475853711e+03,2.850353208034978048e-03,3.023558223591776284e-01,6.574201170155316021e-01,8.140838727119752427e-01,7.192976350981841044e-03,-1.376941725580222223e-03,-1.574726444357349127e-03,-1.276767227492501882e-03
1.216506107805001420e+03,2.894790738359450354e-03,3.023473080445988614e-01,6.574103760771451421e-01,8.140759750629958935e-01,7.304910230198057193e-03,-1.400893932170795475e-03,-1.603308523004163318e-03,-1.299883882633600263e-03
1.216512238134148902e+03,2.939919763377506646e-03,3.023386456326541682e-01,6.574004583380832489e-01,8.140679344271916085e-01,7.418579200111265898e-03,-1.425259314469622335e-03,-1.632408825300753425e-03,-1.323417598387916384e-03
1.216518368463296611e+03,2.985751001241967930e-03,3.023298325689631749e-01,6.573903605928819172e-01,8.140597482250480077e-01,7.534009935191489718e-03,-1.450044906511854890e-03,-1.662036715014312280e-03,-1.347375842343191774e-03
1.216524498792444092e+03,3.032295341555891598e-03,3.023208662538924285e-01,6.573800795757906990e-01,8.140514138289799417e-01,7.651229529087205314e-03,-1.475257864205421201e-03,-1.692201730581459427e-03,-1.371766219166397661e-03
1.216530629121591573e+03,3.079563823441010696e-03,3.023117440482954721e-01,6.573696119683649641e-01,8.140429285693957517e-01,7.770265440852820553e-03,-1.500905449823104624e-03,-1.722913563085427639e-03,-1.396596453267069226e-03
1.216536759450739282e+03,3.127567678144066443e-03,3.023024632621691410e-01,6.573589543842461858e-01,8.140342897225807395e-01,7.891145598765103922e-03,-1.526995062434569192e-03,-1.754182100270048304e-03,-1.421874423246506473e-03
1.216542889779886764e+03,3.176318291333718024e-03,3.022930211645672993e-01,6.573481033823265207e-01,8.140254945212020976e-01,8.013898307987495084e-03,-1.553534211157021200e-03,-1.786017388358700220e-03,-1.447608131900584823e-03
1.216549020109034473e+03,3.225827230175815161e-03,3.022834149763622968e-01,6.573370554570003854e-01,8.140165401465552231e-01,8.138552316457851529e-03,-1.580530534547211962e-03,-1.818429660235128600e-03,-1.473805728235139849e-03
1.216555150438181954e+03,3.276106246608652319e-03,3.022736418692859028e-01,6.573258070367818950e-01,8.140074237274809166e-01,8.265136822508813846e-03,-1.607991803055602723e-03,-1.851429339351025717e-03,-1.500475510448993650e-03
1.216561280767329663e+03,3.327167253701322335e-03,3.022636989721643186e-01,6.573143544926023374e-01,8.139981423469824229e-01,8.393681417061071501e-03,-1.635925902233910725e-03,-1.885027015691521923e-03,-1.527625907055966915e-03
1.216567411096477144e+03,3.379022371558663366e-03,3.022535833586041942e-01,6.573026941211808083e-01,8.139886930290083367e-01,8.524216195106472035e-03,-1.664340865649232681e-03,-1.919233493778534127e-03,-1.555265514359696231e-03
1.216573541425624853e+03,3.431683886683684417e-03,3.022432920577595716e-01,6.572908221594112588e-01,8.139790727499172096e-01,8.656771656468770573e-03,-1.693244845926736211e-03,-1.954059751007059236e-03,-1.583403063797786002e-03
1.216579671754772335e+03,3.485164281144975153e-03,3.022328220464750581e-01,6.572787347737140129e-01,8.139692784300193162e-01,8.791378776538615394e-03,-1.722646135717426433e-03,-1.989516968375936064e-03,-1.612047445885080943e-03
1.216585802083920044e+03,3.539476236094290552e-03,3.022221702482491557e-01,6.572664280585251984e-01,8.139593069323989294e-01,8.928069014393070352e-03,-1.752553170332879322e-03,-2.025616534732608935e-03,-1.641207713440387059e-03
1.216591932413067525e+03,3.594632606286814972e-03,3.022113335400040124e-01,6.572538980453658253e-01,8.139491550701355438e-01,9.066874250680876171e-03,-1.782974509570889928e-03,-2.062370020550397323e-03,-1.670893061039158221e-03
1.216598062742215234e+03,3.650646469527362749e-03,3.022003087387237774e-01,6.572411406846757620e-01,8.139388195918888513e-01,9.207826907270136307e-03,-1.813918873292902486e-03,-2.099789230264615877e-03,-1.701112865759668883e-03
1.216604193071362715e+03,3.707531082879749959e-03,3.021890926131433064e-01,6.572281518615340490e-01,8.139282971944062917e-01,9.350959840641603904e-03,-1.845395110092892810e-03,-2.137886156822082530e-03,-1.731876651648108553e-03
1.216610323400510424e+03,3.765299914079458122e-03,3.021776818752242022e-01,6.572149273840265371e-01,8.139175845133017617e-01,9.496306417782115691e-03,-1.877412219954870684e-03,-2.176673015180454612e-03,-1.763194115745018650e-03
1.216616453729657906e+03,3.823966645309391250e-03,3.021660731790341003e-01,6.572014629816016473e-01,8.139066781217727531e-01,9.643900524824021436e-03,-1.909979357077771014e-03,-2.216162246915768033e-03,-1.795075131572863207e-03
1.216622584058805614e+03,3.883545145745466876e-03,3.021542631280964009e-01,6.571877543149767797e-01,8.138955745384804930e-01,9.793776500335442045e-03,-1.943105810216258760e-03,-2.256366491621103736e-03,-1.827529726781301203e-03
1.216628714387953096e+03,3.944049524802290853e-03,3.021422482608937532e-01,6.571737969562981840e-01,8.138842702118315175e-01,9.945969263650152742e-03,-1.976801041111993402e-03,-2.297298643944973000e-03,-1.860568127426845061e-03
1.216634844717100805e+03,4.005494084956305080e-03,3.021300250635571283e-01,6.571595864063163317e-01,8.138727615336218690e-01,1.010051420040771787e-02,-2.011074650613310470e-03,-2.338971804025802986e-03,-1.894200719323187784e-03
1.216640975046248286e+03,4.067893355566561814e-03,3.021175899606193260e-01,6.571451180816821891e-01,8.138610448289838040e-01,1.025744724392839424e-02,-2.045936403142124653e-03,-2.381399313994966935e-03,-1.928438076316573270e-03
1.216647105375395995e+03,4.131262096925157265e-03,3.021049393138042216e-01,6.571303873131540962e-01,8.138491163549922414e-01,1.041680488439157906e-02,-2.081396229718503448e-03,-2.424594762973824279e-03,-1.963290964051121832e-03
1.216653235704543476e+03,4.195615270682492674e-03,3.020920694300038289e-01,6.571153893564213311e-01,8.138369723092593322e-01,1.057862409723107217e-02,-2.117464206707721144e-03,-2.468571955888684312e-03,-1.998770315659395731e-03
1.216659366033691185e+03,4.260968097166833134e-03,3.020789765455574316e-01,6.571001193704381071e-01,8.138246088128009426e-01,1.074294248068280444e-02,-2.154150597305147692e-03,-2.513344975608031249e-03,-2.034887279854743526e-03
1.216665496362838667e+03,4.327336004572856186e-03,3.020656568400202358e-01,6.570845724361858986e-01,8.138120219249169729e-01,1.090979813296537836e-02,-2.191465814921746916e-03,-2.558928128908636614e-03,-2.071653178914728208e-03
1.216671626691986376e+03,4.394734665363459608e-03,3.020521064261380006e-01,6.570687435428017587e-01,8.137992076322344559e-01,1.107922973946982512e-02,-2.229420449585570348e-03,-2.605335986234379609e-03,-2.109079539381507155e-03
1.216677757021133857e+03,4.463180000611862742e-03,3.020383213485400842e-01,6.570526275856242160e-01,8.137861618471942116e-01,1.125127658249368626e-02,-2.268025271175087496e-03,-2.652583387110566716e-03,-2.147178096122477186e-03
1.216683887350281566e+03,4.532688148151620307e-03,3.020242975923941309e-01,6.570362193780178162e-01,8.137728804174214625e-01,1.142597846442948949e-02,-2.307291206457898897e-03,-2.700685406154728317e-03,-2.185960765908961934e-03
1.216690017679429047e+03,4.603275524261011761e-03,3.020100310663638155e-01,6.570195136277171555e-01,8.137593591070581001e-01,1.160337585508097562e-02,-2.347229383837710903e-03,-2.749657420737331229e-03,-2.225439699617037109e-03
1.216696148008576756e+03,4.674958768952865683e-03,3.019955176175445066e-01,6.570025049573180453e-01,8.137455936129837086e-01,1.178350975995851903e-02,-2.387851093811229914e-03,-2.799515052099795648e-03,-2.265627236575707033e-03
1.216702278337724238e+03,4.747754785140643335e-03,3.019807530205971813e-01,6.569851878891361796e-01,8.137315795528795581e-01,1.196642181362560231e-02,-2.429167817434674942e-03,-2.850274208638575897e-03,-2.306535937879019855e-03
1.216708408666871946e+03,4.821680743289731043e-03,3.019657329763388853e-01,6.569675568430782819e-01,8.137173124635853627e-01,1.215215429000211962e-02,-2.471191229774207659e-03,-2.901951091766069406e-03,-2.348178590759398675e-03
1.216714538996019428e+03,4.896754047127442264e-03,3.019504531211292253e-01,6.569496061495553318e-01,8.137027878113148871e-01,1.234075002002297215e-02,-2.513933175116176214e-03,-2.954562158880055366e-03,-2.390568179887155986e-03
1.216720669325167137e+03,4.972992400000337404e-03,3.019349090084039178e-01,6.569313300236621078e-01,8.136880009713201023e-01,1.253225254928564888e-02,-2.557405715192546686e-03,-3.008124197001733544e-03,-2.433717943993181539e-03
1.216726799654314618e+03,5.050413745984865151e-03,3.019190961248690575e-01,6.569127225875524001e-01,8.136729472455722645e-01,1.272670599691769037e-02,-2.601621086505817842e-03,-3.062654258638271981e-03,-2.477641326296255685e-03
1.216732929983462327e+03,5.129036312011393296e-03,3.019030098787306993e-01,6.568937778539142291e-01,8.136576218497609814e-01,1.292415515542778837e-02,-2.646591730995408523e-03,-3.118169708880228885e-03,-2.522352010623742178e-03
1.216739060312609809e+03,5.208878612842698583e-03,3.018866455981745189e-01,6.568744897236525881e-01,8.136420199115128593e-01,1.312464550158802187e-02,-2.692330299712826763e-03,-3.174688231738373445e-03,-2.567863926115770100e-03
1.216745190641757517e+03,5.289959414169122937e-03,3.018699985415428944e-01,6.568548519999887203e-01,8.136261364815237096e-01,1.332822310822981068e-02,-2.738849626077889850e-03,-3.232227789817988198e-03,-2.614191216067430091e-03
1.216751320970904999e+03,5.372297803964247442e-03,3.018530638773335717e-01,6.568348583602847679e-01,8.136099665114148172e-01,1.353493481279311253e-02,-2.786162777805912139e-03,-3.290806704418071903e-03,-2.661348299303675172e-03
1.216757451300052708e+03,5.455913129119087553e-03,3.018358367017527910e-01,6.568145023804700111e-01,8.135935048729977526e-01,1.374482806620885671e-02,-2.834283010888721289e-03,-3.350443585702172784e-03,-2.709349816383061198e-03
1.216763581629200189e+03,5.540825040728392971e-03,3.018183120259696484e-01,6.567937775170111792e-01,8.135767463441211378e-01,1.395795103960565525e-02,-2.883223802599785973e-03,-3.411157383915449509e-03,-2.758210668734608143e-03
1.216769711958347898e+03,5.627053499414683135e-03,3.018004847744790720e-01,6.567726771043927991e-01,8.135596856067383031e-01,1.417435263577553235e-02,-2.932998855400401582e-03,-3.472967396227823102e-03,-2.807946023709800582e-03
1.216775842287495379e+03,5.714618735623219759e-03,3.017823497961307222e-01,6.567511943705067745e-01,8.135423172590361407e-01,1.439408239476652578e-02,-2.983622068111373756e-03,-3.535893222841445839e-03,-2.858571280779748265e-03
1.216781972616643088e+03,5.803541326319172806e-03,3.017639018424764230e-01,6.567293224059158607e-01,8.135246357913324955e-01,1.461719067390621768e-02,-3.035107591770959488e-03,-3.599954854064996938e-03,-2.910102138008806988e-03
1.216788102945790570e+03,5.893842126830712430e-03,3.017451355867869500e-01,6.567070541905132286e-01,8.135066356070578264e-01,1.484372848613080449e-02,-3.087469780052260002e-03,-3.665172594327153425e-03,-2.962554533714983722e-03
1.216794233274938279e+03,5.985542319512732190e-03,3.017260456102587862e-01,6.566843825738574170e-01,8.134883110073545254e-01,1.507374761389805758e-02,-3.140723224748862962e-03,-3.731567117838342686e-03,-3.015944688840331133e-03
1.216800363604085760e+03,6.078663419434815647e-03,3.017066264002518650e-01,6.566613002724318582e-01,8.134696561889837030e-01,1.530730062123459786e-02,-3.194882759916751937e-03,-3.799159475970465601e-03,-3.070289112367699698e-03
1.216806493933233469e+03,6.173227231680133292e-03,3.016868723622371240e-01,6.566377998864404431e-01,8.134506652575329566e-01,1.554444075277897942e-02,-3.249963430826510995e-03,-3.867971049507975840e-03,-3.125604564673865101e-03
1.216812624262380950e+03,6.269255933744742604e-03,3.016667777963683017e-01,6.566138738662876673e-01,8.134313322011937908e-01,1.578522212584750409e-02,-3.305980553984769980e-03,-3.938023643241539591e-03,-3.181908129465057383e-03
1.216818754591528659e+03,6.366772002257438737e-03,3.016463369180751863e-01,6.565895145416673628e-01,8.134116509136054551e-01,1.602969955763549129e-02,-3.362949663761664616e-03,-4.009339403328020940e-03,-3.239217150556772309e-03
1.216824884920676141e+03,6.465798265246655400e-03,3.016255438431442726e-01,6.565647141001198506e-01,8.133916151771030112e-01,1.627792868668185428e-02,-3.420886550500541572e-03,-4.081940877740647573e-03,-3.297549277704608321e-03
1.216831015249823849e+03,6.566357908210609245e-03,3.016043925858244434e-01,6.565394645840560983e-01,8.133712186604521444e-01,1.652996598548749779e-02,-3.479807264897970872e-03,-4.155851024215150187e-03,-3.356922472401556706e-03
1.216837145578971331e+03,6.668474428213624038e-03,3.015828770717632334e-01,6.565137579090800646e-01,8.133504549332265521e-01,1.678586865266119485e-02,-3.539728084598104361e-03,-4.231093158336540067e-03,-3.417354968178374763e-03
1.216843275908119040e+03,6.772171722365315574e-03,3.015609911126709841e-01,6.564875858274473730e-01,8.133293174372918655e-01,1.704569481758156160e-02,-3.600665578611718289e-03,-4.307691056225988920e-03,-3.478865348378117842e-03
1.216849406237266521e+03,6.877474009067545066e-03,3.015387284286117908e-01,6.564609399597940431e-01,8.133077995116668735e-01,1.730950335589634057e-02,-3.662636549922403117e-03,-4.385668864720926492e-03,-3.541472477702289987e-03
1.216855536566414230e+03,6.984405884120632561e-03,3.015160826318739606e-01,6.564338117717656296e-01,8.132858943743107583e-01,1.757735401887269150e-02,-3.725658076363888484e-03,-4.465051166975340068e-03,-3.605195551737238203e-03
1.216861666895561711e+03,7.092992327193499945e-03,3.014930472249372495e-01,6.564061925707854739e-01,8.132635951196731661e-01,1.784930744656623713e-02,-3.789747515237925236e-03,-4.545862991000856369e-03,-3.670054103146335074e-03
1.216867797224709420e+03,7.203258652500214160e-03,3.014696156144714423e-01,6.563780735260389410e-01,8.132408947343396921e-01,1.812542505272398546e-02,-3.854922467409769953e-03,-4.628129753263367403e-03,-3.736067958698907621e-03
1.216873927553856902e+03,7.315230603753491469e-03,3.014457810839558105e-01,6.563494456286517176e-01,8.132177860660363411e-01,1.840576924257225286e-02,-3.921200846357469905e-03,-4.711877370065190897e-03,-3.803257323274324836e-03
1.216880057883004611e+03,7.428934269571680835e-03,3.014215368177929344e-01,6.563202997262881366e-01,8.131942618506737830e-01,1.869040321604733060e-02,-3.988600816522338589e-03,-4.797132159988742699e-03,-3.871642705805295945e-03
1.216886188212152092e+03,7.544396143670151385e-03,3.013968758838834749e-01,6.562906264976877679e-01,8.131703146925572945e-01,1.897939110534689264e-02,-4.057140837095525587e-03,-4.883920915025262086e-03,-3.941244972742606080e-03
1.216892318541299801e+03,7.661643131748708396e-03,3.013717912314465286e-01,6.562604164491595560e-01,8.131459370617407645e-01,1.927279798861729343e-02,-4.126839666870083662e-03,-4.972270909738374031e-03,-4.012085354654238573e-03
1.216898448870447282e+03,7.780702498520531731e-03,3.013462757061603492e-01,6.562296599363715011e-01,8.131211213110421943e-01,1.957068976727473902e-02,-4.197716325695387968e-03,-5.062209840025975668e-03,-4.084185399755338799e-03
1.216904579199594991e+03,7.901601969550099344e-03,3.013203220205907251e-01,6.561983471209708041e-01,8.130958596423728535e-01,1.987313339741178866e-02,-4.269790168384111212e-03,-5.153765943826479901e-03,-4.157567064542584852e-03
1.216910709528742473e+03,8.024369640436098197e-03,3.012939227802622355e-01,6.561664680082990309e-01,8.130701441361416482e-01,2.018019668020958751e-02,-4.343080818571991471e-03,-5.246967895239739929e-03,-4.232252633751725293e-03
1.216916839857890182e+03,8.149034041343003118e-03,3.012670704648461317e-01,6.561340124196614054e-01,8.130439667297640893e-01,2.049194840797878212e-02,-4.417608215550816730e-03,-5.341844881578450971e-03,-4.308264778008621086e-03
1.216922970187037663e+03,8.275624144321992379e-03,3.012397574258264821e-01,6.561009699885258506e-01,8.130173192148060224e-01,2.080845837831789627e-02,-4.493392619346825261e-03,-5.438426613178365399e-03,-4.385626560845096167e-03
1.216929100516185372e+03,8.404169306454021410e-03,3.012119759028660249e-01,6.560673301842713245e-01,8.129901932554812749e-01,2.112979726352693863e-02,-4.570454569392241526e-03,-5.536743256963932124e-03,-4.464361388493856900e-03
1.216935230845332853e+03,8.534699378996844082e-03,3.011837179918918639e-01,6.560330822649570459e-01,8.129625803520955651e-01,2.145603685607286662e-02,-4.648814963507879629e-03,-5.636825567130493431e-03,-4.544493107561720091e-03
1.216941361174480562e+03,8.667244609943152572e-03,3.011549756732646577e-01,6.559982153184162890e-01,8.129344718730008301e-01,2.178724984566125789e-02,-4.728494987039614725e-03,-5.738704770328150948e-03,-4.626045918605987788e-03
1.216947491503628044e+03,8.801835713155622271e-03,3.011257407914845752e-01,6.559627182320704186e-01,8.129058590312705501e-01,2.212350997401789018e-02,-4.809516162867633234e-03,-5.842412649043414452e-03,-4.709044438223471303e-03
1.216953621832775752e+03,8.938503876136044343e-03,3.010960050526962917e-01,6.559265796888148481e-01,8.128767328816204341e-01,2.246489204945329929e-02,-4.891900356698069760e-03,-5.947981552076369617e-03,-4.793513706489073087e-03
1.216959752161923234e+03,9.077280699034353043e-03,3.010657600423678470e-01,6.558897881928900109e-01,8.128470843405071200e-01,2.281147180806353952e-02,-4.975669732812472434e-03,-6.055444322532005548e-03,-4.879479132772810909e-03
1.216965882491070943e+03,9.218198311542026915e-03,3.010349971908742872e-01,6.558523320184828087e-01,8.128169041464636813e-01,2.316332617362393612e-02,-5.060846838328772641e-03,-6.164834439149702826e-03,-4.966966600864371022e-03
1.216972012820218424e+03,9.361289268409312206e-03,3.010037078039134451e-01,6.558141992544829213e-01,8.127861828948065304e-01,2.352053302083968386e-02,-5.147454527388423823e-03,-6.276185891909648665e-03,-5.056002375762848333e-03
1.216978143149366133e+03,9.506586623454004598e-03,3.009718830406308832e-01,6.557753777716436305e-01,8.127549110123363230e-01,2.388317133906973574e-02,-5.235516014460626227e-03,-6.389533272162631165e-03,-5.146613170456495676e-03
1.216984273478513614e+03,9.654123937791093610e-03,3.009395139109571904e-01,6.557358552181301592e-01,8.127230787540240531e-01,2.425132124721077198e-02,-5.325054879827710759e-03,-6.504911783789059203e-03,-5.238826153785374438e-03
1.216990403807661323e+03,9.803935214450869989e-03,3.009065912946913834e-01,6.556956190476925794e-01,8.126906762248348182e-01,2.462506384641048943e-02,-5.416095022278718911e-03,-6.622357165223613160e-03,-5.332668892032765839e-03
1.216996534136808805e+03,9.956055023465623655e-03,3.008731059044184586e-01,6.556546564637624197e-01,8.126576933367215538e-01,2.500448149466468623e-02,-5.508660748829522120e-03,-6.741905842116126257e-03,-5.428169461911870781e-03
1.217002664465956514e+03,1.011051838991626657e-02,3.008390483183260300e-01,6.556129544681743582e-01,8.126241198462978987e-01,2.538965755582522910e-02,-5.602776693746009708e-03,-6.863594792698197652e-03,-5.525356350157428591e-03
1.217008794795103995e+03,1.026736087309002704e-02,3.008044089566462853e-01,6.555704998254612281e-01,8.125899453274181283e-01,2.578067657240304400e-02,-5.698467875246405329e-03,-6.987461645085065592e-03,-5.624258525246146091e-03
1.217014925124251704e+03,1.042661857518019028e-02,3.007691780788195879e-01,6.555272790580436437e-01,8.125551591676144492e-01,2.617762428065958241e-02,-5.795759701153269279e-03,-7.113544689124426217e-03,-5.724905445679226781e-03
1.217021055453399185e+03,1.058832807124827913e-02,3.007333458040785112e-01,6.554832784768931386e-01,8.125197505917794993e-01,2.658058745459862537e-02,-5.894677918405807210e-03,-7.241882792049673945e-03,-5.827326997097518994e-03
1.217027185782546894e+03,1.075252654295783677e-02,3.006969020715287155e-01,6.554384841207668844e-01,8.124837086155726196e-01,2.698965419542218372e-02,-5.995248708390190154e-03,-7.372515563162105115e-03,-5.931553613534002248e-03
1.217033316111694376e+03,1.091925165870900709e-02,3.006598366755288687e-01,6.553928818092195074e-01,8.124470220862829439e-01,2.740491366595244199e-02,-6.097498600601360987e-03,-7.505483208277564759e-03,-6.037616169393500952e-03
1.217039446440842084e+03,1.108854165822303027e-02,3.006221392403435888e-01,6.553464571038042363e-01,8.124096796531355968e-01,2.782645627256832496e-02,-6.201454532825519290e-03,-7.640826634625503926e-03,-6.145546056357087394e-03
1.217045576769989566e+03,1.126043536171811993e-02,3.005837992171284667e-01,6.552991953028826089e-01,8.123716697634661976e-01,2.825437368036306379e-02,-6.307143856922658130e-03,-7.778587463386018794e-03,-6.255375192073459219e-03
1.217051707099137275e+03,1.143497209494418430e-02,3.005448059061145427e-01,6.552510814749831214e-01,8.123329806884043158e-01,2.868875864823431168e-02,-6.414594285044542682e-03,-7.918807938558442699e-03,-6.367135952547116166e-03
1.217057837428284756e+03,1.161219183201991391e-02,3.005051484136789242e-01,6.552021003927905873e-01,8.122936004724304881e-01,2.912970533320329361e-02,-6.523833990686840438e-03,-8.061531104350379284e-03,-6.480861302045361899e-03
1.217063967757432465e+03,1.179213506720512214e-02,3.004648156904539125e-01,6.551522365907943568e-01,8.122535169776721187e-01,2.957730901000949278e-02,-6.634891516816538749e-03,-8.206800648013145086e-03,-6.596584677055525314e-03
1.217070098086579947e+03,1.197484290518973510e-02,3.004237965040848501e-01,6.551014743231585724e-01,8.122127178517718482e-01,3.003166626213245663e-02,-6.747795839589340768e-03,-8.354661012757088126e-03,-6.714340068605132925e-03
1.217076228415727655e+03,1.216035707074739763e-02,3.003820794360317903e-01,6.550497975581301979e-01,8.121711905237865015e-01,3.049287499683933991e-02,-6.862576374215928650e-03,-8.505157410963890691e-03,-6.834162031342314557e-03
1.217082358744875137e+03,1.234871982856622537e-02,3.003396529054581654e-01,6.549971900143040093e-01,8.121289222320215995e-01,3.096103427126189328e-02,-6.979262917789376582e-03,-8.658335725852407336e-03,-6.956085610950074258e-03
1.217088489074022846e+03,1.253997413564323857e-02,3.002965051231141769e-01,6.549436350889723535e-01,8.120858999694673397e-01,3.143624461139715720e-02,-7.097885756120392818e-03,-8.814242702243782132e-03,-7.080146483072780397e-03
1.217094619403170327e+03,1.273416350423849618e-02,3.002526241323462131e-01,6.548891159207727020e-01,8.120421105317797705e-01,3.191860771676229003e-02,-7.218475566189805348e-03,-8.972925777091236496e-03,-7.206380828849789227e-03
1.217100749732318036e+03,1.293133209814291418e-02,3.002079977798525201e-01,6.548336153439762164e-01,8.119975404825411358e-01,3.240822666032752014e-02,-7.341063483421119210e-03,-9.134433200816534371e-03,-7.334825422865509648e-03
1.217106880061465517e+03,1.313152474280544595e-02,3.001626137122985205e-01,6.547771158824720050e-01,8.119521761488738276e-01,3.290520590323648548e-02,-7.465681107570789135e-03,-9.298814051169924932e-03,-7.465517642588968654e-03
1.217113010390613226e+03,1.333478683968094061e-02,3.001164594020152010e-01,6.547195997891699371e-01,8.119060036515789447e-01,3.340965111184612119e-02,-7.592360442091532040e-03,-9.466118127276518246e-03,-7.598495390574753344e-03
1.217119140719760708e+03,1.354116452862710353e-02,3.000695220975173050e-01,6.546610489682858081e-01,8.118590088461729026e-01,3.392166949099794521e-02,-7.721134006747986007e-03,-9.636396154414183027e-03,-7.733797242739788927e-03
1.217125271048908417e+03,1.375070454158353224e-02,3.000217888675904554e-01,6.546014450433784715e-01,8.118111773748153404e-01,3.444136947378281105e-02,-7.852034734296719706e-03,-9.809699601551228818e-03,-7.871462315089648026e-03
1.217131401378055898e+03,1.396345430508483081e-02,2.999732465699334050e-01,6.545407693077945899e-01,8.117624946287880228e-01,3.496886093005690394e-02,-7.985096041290648539e-03,-9.986080811484179809e-03,-8.011530357487726267e-03
1.217137531707203607e+03,1.417946195084999854e-02,2.999238818475890578e-01,6.544790027182060266e-01,8.117129457438108098e-01,3.550425518056960633e-02,-8.120351833918513715e-03,-1.016559301529911148e-02,-8.154041763411851856e-03
1.217143662036351088e+03,1.439877622436940528e-02,2.998736811565589355e-01,6.544161259373922901e-01,8.116625156326511270e-01,3.604766480505197657e-02,-8.257836443859986261e-03,-1.034829021839065236e-02,-8.299037486716035958e-03
1.217149792365498797e+03,1.462144665773245159e-02,2.998226307127808687e-01,6.543521192500231232e-01,8.116111889214672193e-01,3.659920398906886529e-02,-8.397584746599448535e-03,-1.053422741983798920e-02,-8.446559199540249960e-03
1.217155922694646279e+03,1.484752341357948972e-02,2.997707165394691287e-01,6.542869626364925528e-01,8.115589500059589012e-01,3.715898819914426748e-02,-8.539632052290923453e-03,-1.072346041628496199e-02,-8.596649149873384146e-03
1.217162053023793987e+03,1.507705739411352788e-02,2.997179244335396175e-01,6.542206357192444921e-01,8.115057830108854953e-01,3.772713439934601010e-02,-8.684014180017199380e-03,-1.091604594122157386e-02,-8.749350261297177828e-03
1.217168183352941469e+03,1.531010025213184848e-02,2.996642399618563157e-01,6.541531177558472798e-01,8.114516717850732697e-01,3.830376106450093798e-02,-8.830767463486381003e-03,-1.111204167997837527e-02,-8.904706143003421684e-03
1.217174313682089178e+03,1.554670429357836274e-02,2.996096484908716273e-01,6.540843876854063321e-01,8.113965999366665738e-01,3.888898797955128023e-02,-8.979928683371473860e-03,-1.131150614732750678e-02,-9.062761000909863238e-03
1.217180444011236659e+03,1.578692266120426679e-02,2.995541351298902644e-01,6.540144240373904072e-01,8.113405507644781967e-01,3.948293659896364577e-02,-9.131535191142747115e-03,-1.151449892196722627e-02,-9.223559805423506633e-03
1.217186574340384368e+03,1.603080916835230782e-02,2.994976847818410226e-01,6.539432050116879003e-01,8.112835073186509538e-01,4.008572970771075855e-02,-9.285624794143717067e-03,-1.172108043611702448e-02,-9.387148139522681276e-03
1.217192704669531850e+03,1.627841841470060655e-02,2.994402821073808840e-01,6.538707084205325204e-01,8.112254523570260334e-01,4.069749164518667722e-02,-9.442235833162246003e-03,-1.193131212423159497e-02,-9.553572304588003883e-03
1.217198834998679558e+03,1.652980579770662109e-02,2.993819115209624959e-01,6.537969116810955494e-01,8.111663683398389058e-01,4.131834831712675321e-02,-9.601407187871613402e-03,-1.214525643843284916e-02,-9.722879330606561468e-03
1.217204965327827040e+03,1.678502740885976993e-02,2.993225572226084763e-01,6.537217918657971527e-01,8.111062374677850961e-01,4.194842698661367664e-02,-9.763178205693749320e-03,-1.236297671733121821e-02,-9.895116881462729871e-03
1.217211095656974749e+03,1.704414022854002300e-02,2.992622031372960123e-01,6.536453256037020321e-01,8.110450416080751124e-01,4.258785664462012843e-02,-9.927588830851949084e-03,-1.258453743602577432e-02,-1.007033343269486333e-02
1.217217225986122230e+03,1.730720194921398988e-02,2.992008329693361945e-01,6.535674891672477171e-01,8.109827623598994117e-01,4.323676765763941054e-02,-1.009467948376955269e-02,-1.281000398084545036e-02,-1.024857810983150104e-02
1.217223356315269939e+03,1.757427109811726326e-02,2.991384301640594434e-01,6.534882584094775515e-01,8.109193810074634134e-01,4.389529199792781278e-02,-1.026449114173071456e-02,-1.303944280771165282e-02,-1.042990080036651154e-02
1.217229486644417420e+03,1.784540704906861092e-02,2.990749779037127909e-01,6.534076087561375701e-01,8.108548785143628868e-01,4.456356325367470672e-02,-1.043706534393035526e-02,-1.327292145787995273e-02,-1.061435216405689878e-02
1.217235616973565129e+03,1.812066991217177458e-02,2.990104591414739499e-01,6.533255152601611382e-01,8.107892355646484361e-01,4.524171641223558027e-02,-1.061244411695669645e-02,-1.351050841766207600e-02,-1.080198353224487949e-02
1.217241747302712611e+03,1.840012074018682400e-02,2.989448565368034716e-01,6.532419524951553758e-01,8.107224324832773554e-01,4.592988823991378533e-02,-1.079067010862419518e-02,-1.375227338421154688e-02,-1.099284709564784905e-02
1.217247877631860320e+03,1.868382134074679166e-02,2.988781525136013362e-01,6.531568946492620764e-01,8.106544493066825119e-01,4.662821691738686797e-02,-1.097178646191039955e-02,-1.399828702492535853e-02,-1.118699573275130574e-02
1.217254007961007801e+03,1.897183440614938488e-02,2.988103292193851068e-01,6.530703154574024616e-01,8.105852657322869526e-01,4.733684227496052360e-02,-1.115583689838940337e-02,-1.424862114557643757e-02,-1.138448312791700071e-02
1.217260138290155510e+03,1.926422352548472910e-02,2.987413685210303926e-01,6.529821881928693506e-01,8.105148611125571056e-01,4.805590580045224908e-02,-1.134286572272809497e-02,-1.450334870619786158e-02,-1.158536378165829321e-02
1.217266268619302991e+03,1.956105308369250270e-02,2.986712520360522150e-01,6.528924857178487473e-01,8.104432144929767379e-01,4.878555044493326082e-02,-1.153291775538956530e-02,-1.476254369246123715e-02,-1.178969291861461065e-02
1.217272398948450700e+03,1.986238840560645633e-02,2.985999610870730958e-01,6.528011804071242041e-01,8.103703045553666273e-01,4.952592087412683447e-02,-1.172603842278156262e-02,-1.502628130111914248e-02,-1.199752661777845480e-02
1.217278529277598182e+03,2.016829569197386984e-02,2.985274767214636249e-01,6.527082441791972611e-01,8.102961096414206255e-01,5.027716333971438134e-02,-1.192227371331262484e-02,-1.529463785887087701e-02,-1.220892175390001291e-02
1.217284659606745890e+03,2.047884204438590872e-02,2.984537797031250883e-01,6.526136484814620831e-01,8.102206077419358277e-01,5.103942571236022574e-02,-1.212167019053882015e-02,-1.556769085488944257e-02,-1.242393601946733921e-02
1.217290789935893372e+03,2.079409547519312645e-02,2.983788505089617904e-01,6.525173642830580656e-01,8.101437764917867046e-01,5.181285748684285458e-02,-1.232427499651820614e-02,-1.584551895415096251e-02,-1.264262793302502359e-02
1.217296920265041081e+03,2.111412491804786837e-02,2.983026693251457084e-01,6.524193620673224281e-01,8.100655931646145724e-01,5.259760978773223711e-02,-1.253013585541002187e-02,-1.612820201151764221e-02,-1.286505684799771169e-02
1.217303050594188562e+03,2.143900023973890553e-02,2.982252160429581522e-01,6.523196118234795282e-01,8.099860346669597311e-01,5.339383537668089541e-02,-1.273930107771263122e-02,-1.641582108743925086e-02,-1.309128296261490888e-02
1.217309180923336271e+03,2.176879224845583785e-02,2.981464702557492519e-01,6.522180830401497209e-01,8.099050775337568453e-01,5.420168865285452525e-02,-1.295181956209660694e-02,-1.670845845897871856e-02,-1.332136732653519187e-02
1.217315311252483752e+03,2.210357270320466652e-02,2.980664112555249101e-01,6.521147446981927498e-01,8.098226979233424938e-01,5.502132565485643584e-02,-1.316774079781488603e-02,-1.700619763224900036e-02,-1.355537184844575298e-02
1.217321441581631461e+03,2.244341432383973114e-02,2.979850180293269202e-01,6.520095652631517913e-01,8.097388716121793895e-01,5.585290406311236439e-02,-1.338711486733128696e-02,-1.730912335557676859e-02,-1.379335930414794104e-02
1.217327571910778943e+03,2.278839080173825776e-02,2.979022692553987550e-01,6.519025126772787226e-01,8.096535739892767314e-01,5.669658320268698704e-02,-1.360999244916406142e-02,-1.761732163341651197e-02,-1.403539334514446180e-02
1.217333702239926652e+03,2.313857681181413425e-02,2.978181432989083222e-01,6.517935543507421547e-01,8.095667800500218059e-01,5.755252404758313262e-02,-1.383642482134023709e-02,-1.793087974191924158e-02,-1.428153850834737969e-02
1.217339832569074133e+03,2.349404802074841342e-02,2.977326182088645412e-01,6.516826571548044456e-01,8.094784643914780808e-01,5.842088921800253631e-02,-1.406646386235280502e-02,-1.824988623952026809e-02,-1.453186022229697831e-02
1.217345962898221842e+03,2.385488109641563728e-02,2.976456717146432895e-01,6.515697874142901691e-01,8.093886012071660474e-01,5.930184297900059631e-02,-1.430016205267474645e-02,-1.857443097897221174e-02,-1.478642481437697151e-02
1.217352093227369323e+03,2.422115371793846089e-02,2.975572812223011843e-01,6.514549108996323667e-01,8.092971642815433020e-01,6.019555123947134545e-02,-1.453757247645655164e-02,-1.890460512009370028e-02,-1.504529951850763943e-02
1.217358223556517032e+03,2.459294458639653055e-02,2.974674238106675417e-01,6.513379928184754863e-01,8.092041269841693252e-01,6.110218155142013025e-02,-1.477874882339964314e-02,-1.924050114325334335e-02,-1.530855248333074480e-02
1.217364353885664514e+03,2.497033343691645521e-02,2.973760762269775371e-01,6.512189978064131246e-01,8.091094622632439837e-01,6.202190311054088523e-02,-1.502374539119831313e-02,-1.958221286452840187e-02,-1.557625278152490085e-02
1.217370484214812222e+03,2.535340104676135631e-02,2.972832148837741828e-01,6.510978899198515135e-01,8.090131426407235482e-01,6.295488674962480824e-02,-1.527261708540407145e-02,-1.992983544557478878e-02,-1.584847041544536900e-02
1.217376614543959704e+03,2.574222924465665793e-02,2.971888158554051862e-01,6.509746326281169448e-01,8.089151402068887053e-01,6.390130493322404570e-02,-1.552541941981470247e-02,-2.028346540496299769e-02,-1.612527632377317235e-02
1.217382744873107413e+03,2.613690092075217006e-02,2.970928548743022590e-01,6.508491888051229912e-01,8.088154266145977100e-01,6.486133175248559590e-02,-1.578220851700233920e-02,-2.064320063020572485e-02,-1.640674238862737527e-02
1.217388875202254894e+03,2.653750003724463652e-02,2.969953073270329424e-01,6.507215207205701013e-01,8.087139730732074705e-01,6.583514292009358393e-02,-1.604304110896725977e-02,-2.100914039049045848e-02,-1.669294144315035949e-02
1.217395005531402603e+03,2.694411164041758677e-02,2.968961482498779780e-01,6.505915900302293720e-01,8.086107503418366038e-01,6.682291576628660024e-02,-1.630797453830186428e-02,-2.138138535108802599e-02,-1.698394728022233069e-02
1.217401135860550085e+03,2.735682186845981440e-02,2.967953523257577109e-01,6.504593577685189310e-01,8.085057287243198054e-01,6.782482922763351241e-02,-1.657706675671142757e-02,-2.176003758216480885e-02,-1.727983465731795093e-02
1.217407266189697793e+03,2.777571796055610526e-02,2.966928938807374960e-01,6.503247843402788497e-01,8.083988780635822380e-01,6.884106383688277930e-02,-1.685037632401430174e-02,-2.214520056906588152e-02,-1.758067930237642087e-02
1.217413396518845275e+03,2.820088826661680190e-02,2.965887468803116711e-01,6.501878295120853135e-01,8.082901677356876258e-01,6.987180171278711827e-02,-1.712796240722547214e-02,-2.253697922324997618e-02,-1.788655792011133172e-02
1.217419526847992984e+03,2.863242225766761753e-02,2.964828849254584897e-01,6.500484524030765154e-01,8.081795666435388492e-01,7.091722654981719165e-02,-1.740988477970283402e-02,-2.293547989388102296e-02,-1.819754819876486310e-02
1.217425657177140465e+03,2.907041053768538372e-02,2.963752812482045029e-01,6.499066114748116574e-01,8.080670432098855382e-01,7.197752360866155330e-02,-1.769620382072669210e-02,-2.334081038107305855e-02,-1.851372881797643324e-02
1.217431787506288174e+03,2.951494485098999851e-02,2.962659087086208509e-01,6.497622645235977545e-01,8.079525653721446599e-01,7.305287969948491555e-02,-1.798698051238996690e-02,-2.375307994323687041e-02,-1.883517945261938692e-02
1.217437917835435655e+03,2.996611809093875298e-02,2.961547397913846247e-01,6.496153686719722264e-01,8.078361005766110381e-01,7.414348316602932532e-02,-1.828227643690738535e-02,-2.417239930588328464e-02,-1.916198077764434682e-02
1.217444048164583364e+03,3.042402430925491424e-02,2.960417466021167399e-01,6.494658803597025409e-01,8.077176157723258143e-01,7.524952386945497895e-02,-1.858215377393904882e-02,-2.459888067101851511e-02,-1.949421447332850069e-02
1.217450178493730846e+03,3.088875872600945968e-02,2.959269008634902165e-01,6.493137553342818169e-01,8.075970774045877487e-01,7.637119317180936229e-02,-1.888667529790018576e-02,-2.503263772712730276e-02,-1.983196323092999841e-02
1.217456308822878555e+03,3.136041774106743812e-02,2.958101739108360828e-01,6.491589486404043541e-01,8.074744514077354385e-01,7.750868391992356277e-02,-1.919590437560499824e-02,-2.547378566075707285e-02,-2.017531075942580882e-02
1.217462439152026036e+03,3.183909894086889292e-02,2.956915366892649555e-01,6.490014146120971494e-01,8.073497031998693174e-01,7.866219042215702451e-02,-1.950990496120036735e-02,-2.592244116191448275e-02,-2.052434178805533430e-02
1.217468569481173745e+03,3.232490110653517962e-02,2.955709597503400343e-01,6.488411068639607926e-01,8.072227976769331681e-01,7.983190842570034307e-02,-1.982874159144061219e-02,-2.637872243088049129e-02,-2.087914206985172841e-02
1.217474699810321226e+03,3.281792422259639797e-02,2.954484132485291070e-01,6.486779782819123152e-01,8.070936992064424720e-01,8.101803509333578568e-02,-2.015247938089276963e-02,-2.684274918553480535e-02,-2.123979838553329350e-02
1.217480830139468935e+03,3.331826948635678576e-02,2.953238669374276815e-01,6.485119810134050145e-01,8.069623716208415010e-01,8.222076897951909047e-02,-2.048118401703629549e-02,-2.731464266917491002e-02,-2.160639854774841842e-02
1.217486960468616417e+03,3.382603931873048170e-02,2.951972901654726367e-01,6.483430664565831281e-01,8.068287782101016825e-01,8.344031000644995533e-02,-2.081492175557216745e-02,-2.779452565984790249e-02,-2.197903140635362393e-02
1.217493090797764125e+03,3.434133737019545024e-02,2.950686518732526520e-01,6.481711852522841211e-01,8.066928817163888654e-01,8.467685943319427921e-02,-2.115375941303341070e-02,-2.828252247322683363e-02,-2.235778684935324154e-02
1.217499221126911607e+03,3.486426852808544030e-02,2.949379205903630008e-01,6.479962872751093839e-01,8.065546443280620093e-01,8.593061982501348783e-02,-2.149776435963779431e-02,-2.877875896683775719e-02,-2.274275580479212522e-02
1.217505351456059316e+03,3.539493892448093704e-02,2.948050644320416303e-01,6.478183216239820075e-01,8.064140276733050561e-01,8.720179502182331954e-02,-2.184700451197165230e-02,-2.928336254468775698e-02,-2.313403024294963597e-02
1.217511481785206797e+03,3.593345594471285959e-02,2.946700510955817531e-01,6.476372366121676549e-01,8.062709928133818815e-01,8.849059010561446947e-02,-2.220154832545890092e-02,-2.979646216226551278e-02,-2.353170317882217338e-02
1.217517612114354506e+03,3.647992823732681272e-02,2.945328478562305174e-01,6.474529797561869859e-01,8.061255002350992127e-01,8.979721136733402609e-02,-2.256146478688617063e-02,-3.031818833292370535e-02,-2.393586867556480799e-02
1.217523742443501988e+03,3.703446571895840922e-02,2.943934215647674435e-01,6.472654977677768651e-01,8.059775098454750042e-01,9.112186626715947091e-02,-2.292682340428069121e-02,-3.084867312756994426e-02,-2.434662184347603786e-02
1.217529872772649696e+03,3.759717958054639708e-02,2.942517386446199534e-01,6.470747365448806798e-01,8.058269809657067073e-01,9.246476339455528271e-02,-2.329769419690808779e-02,-3.138805017560541283e-02,-2.476405883988179457e-02
1.217536003101797178e+03,3.816818229411272911e-02,2.941077650887687911e-01,6.468806411621127461e-01,8.056738723247699463e-01,9.382611242708052690e-02,-2.367414768498482536e-02,-3.193645466612628214e-02,-2.518827686924851594e-02
1.217542133430944887e+03,3.874758762011749208e-02,2.939614664564371704e-01,6.466831558606801478e-01,8.055181420526263958e-01,9.520612408774029034e-02,-2.405625487904718834e-02,-3.249402334934236442e-02,-2.561937418350271681e-02
1.217548263760092368e+03,3.933551061624778605e-02,2.938128078692676115e-01,6.464822240371551620e-01,8.053597476726163107e-01,9.660501010117571175e-02,-2.444408726919186300e-02,-3.306089453919731219e-02,-2.605745008321201303e-02
1.217554394089240077e+03,3.993206764092229605e-02,2.936617540092586465e-01,6.462777882355041914e-01,8.051986460961929604e-01,9.802298314374589816e-02,-2.483771681176814503e-02,-3.363720810910413722e-02,-2.650260491421993492e-02
1.217560524418387558e+03,4.053737635812029033e-02,2.935082691162366197e-01,6.460697901381089459e-01,8.050347936169303109e-01,9.946025679289198507e-02,-2.523721591604257200e-02,-3.422310548878560593e-02,-2.695494006510723919e-02
1.217566654747535267e+03,4.115155574273281908e-02,2.933523169851278700e-01,6.458581705562584929e-01,8.048681459041544528e-01,1.009170454748173074e-01,-2.564265743044280565e-02,-3.481872966120502788e-02,-2.741455796479373708e-02
1.217572785076682749e+03,4.177472608643668928e-02,2.931938609630279635e-01,6.456428694200933016e-01,8.046986579961828978e-01,1.023935644102323267e-01,-2.605411462830859587e-02,-3.542422515952039358e-02,-2.788156208024703681e-02
1.217578915405830458e+03,4.240700900495557313e-02,2.930328639457661088e-01,6.454238257673654555e-01,8.045262842927189961e-01,1.038900295582111943e-01,-2.647166119329518244e-02,-3.603973806500337940e-02,-2.835605691492638566e-02
1.217585045734977939e+03,4.304852743985943669e-02,2.928692883763042709e-01,6.452009777356724207e-01,8.043509785497326980e-01,1.054066575546304535e-01,-2.689537120238488094e-02,-3.666541599793776696e-02,-2.883814800263047665e-02
1.217591176064125648e+03,4.369940566165846085e-02,2.927030962426756533e-01,6.449742625536477592e-01,8.041726938735880292e-01,1.069436656493047560e-01,-2.732531910869557060e-02,-3.730140810943369939e-02,-2.932794190207613574e-02
1.217597306393273129e+03,4.435976927335996689e-02,2.925342490757389391e-01,6.447436165316261514e-01,8.039913827147943115e-01,1.085012716409444883e-01,-2.776157972371281688e-02,-3.794786507312076368e-02,-2.982554619151118677e-02
1.217603436722420838e+03,4.502974521448064454e-02,2.923627079467461809e-01,6.445089750517599692e-01,8.038069968613588134e-01,1.100796938096369054e-01,-2.820422819885798349e-02,-3.860493907662894408e-02,-3.033106946331595027e-02
1.217609567051568320e+03,4.570946176637543518e-02,2.921884334644211378e-01,6.442702725569311450e-01,8.036194874312810876e-01,1.116791508465981436e-01,-2.865334000645169618e-02,-3.927278381373192073e-02,-3.084462131918195085e-02
1.217615697380716028e+03,4.639904855195052524e-02,2.920113857739431995e-01,6.440274425433493155e-01,8.034288048676679894e-01,1.132998617794208629e-01,-2.910899091851034542e-02,-3.995155446940825555e-02,-3.136631236069234441e-02
1.217621827709863510e+03,4.709863653662350186e-02,2.918315245554783388e-01,6.437804175520844829e-01,8.032348989330808653e-01,1.149420458953457208e-01,-2.957125698513457523e-02,-4.064140770557778115e-02,-3.189625418051322131e-02
1.217627958039011219e+03,4.780835802966942188e-02,2.916488090225466956e-01,6.435291291600803154e-01,8.030377187035011577e-01,1.166059226617972983e-01,-3.004021451214374666e-02,-4.134250164646080528e-02,-3.243455935349335434e-02
1.217634088368158700e+03,4.852834668593881962e-02,2.914631979202277345e-01,6.432735079706299874e-01,8.028372125619060995e-01,1.182917116438405580e-01,-3.051594003785363524e-02,-4.205499586344456364e-02,-3.298134142761434406e-02
1.217640218697306409e+03,4.925873750879252583e-02,2.912746495228979993e-01,6.430134836026324407e-01,8.026333281909652229e-01,1.199996324179437163e-01,-3.099851030895046239e-02,-4.277905136023344573e-02,-3.353671491532456139e-02
1.217646349026453890e+03,4.999966684730001304e-02,2.910831216339371807e-01,6.427489846837534104e-01,8.024260125685037659e-01,1.217299044824160376e-01,-3.148800225450549412e-02,-4.351483055095301672e-02,-3.410079528033210794e-02
1.217652479355601599e+03,5.075127237047244444e-02,2.908885715935300431e-01,6.424799388608771755e-01,8.022152119752239408e-01,1.234827471715263802e-01,-3.198449295748248544e-02,-4.426249721401081388e-02,-3.467369890830995088e-02
1.217658609684749081e+03,5.151369318667011615e-02,2.906909562351427390e-01,6.422062726999525628e-01,8.020008719238643780e-01,1.252583795265045929e-01,-3.248805963604126101e-02,-4.502221659157400191e-02,-3.525554317620292755e-02
1.217664740013896790e+03,5.228706957695208185e-02,2.904902319783568276e-01,6.419279118788908667e-01,8.017829372964538903e-01,1.270570202744777666e-01,-3.299877959688787832e-02,-4.579415510173211884e-02,-3.584644625906020093e-02
1.217670870343044271e+03,5.307154334753046154e-02,2.902863547027950686e-01,6.416447809087153509e-01,8.015613521465532187e-01,1.288788876102838765e-01,-3.351673022633039345e-02,-4.657848066390476993e-02,-3.644652735417280853e-02
1.217677000672191980e+03,5.386725750027743925e-02,2.900792798633415326e-01,6.413568033754397657e-01,8.013360598712040428e-01,1.307241992037788125e-01,-3.404198894206503234e-02,-4.737536234922718609e-02,-3.705590644631087671e-02
1.217683131001339461e+03,5.467435642179712535e-02,2.898689624216828631e-01,6.410639017845214394e-01,8.011070031006994885e-01,1.325931720276019021e-01,-3.457463317265051239e-02,-4.818497054503202010e-02,-3.767470442177662387e-02
1.217689261330487170e+03,5.549298587776334973e-02,2.896553568463904882e-01,6.407659975513689821e-01,8.008741236920607909e-01,1.344860222073782641e-01,-3.511474031326156792e-02,-4.900747691097721154e-02,-3.830304304437734397e-02
1.217695391659634652e+03,5.632329284143075543e-02,2.894384171729559307e-01,6.404630111276158333e-01,8.006373628187264391e-01,1.364029650382396763e-01,-3.566238770443339728e-02,-4.984305420325454289e-02,-3.894104483599793859e-02
1.217701521988782360e+03,5.716542569076707436e-02,2.892180969313919991e-01,6.401548618314775174e-01,8.003966608503426672e-01,1.383442147100285569e-01,-3.621765258265870896e-02,-5.069187641663237126e-02,-3.958883318138028268e-02
1.217707652317929842e+03,5.801953408934817230e-02,2.889943491872222769e-01,6.398414679302556474e-01,8.001519574113563626e-01,1.403099842646324813e-01,-3.678061204995086014e-02,-5.155411864949503709e-02,-4.024653223840811422e-02
1.217713782647077551e+03,5.888576900185376467e-02,2.887671265341896221e-01,6.395227466153218243e-01,7.999031913633134483e-01,1.423004854495938942e-01,-3.735134303378900844e-02,-5.242995708425569890e-02,-4.091426693024786954e-02
1.217719912976225032e+03,5.976428268574743990e-02,2.885363810954453267e-01,6.391986139956167268e-01,7.996503008002492363e-01,1.443159285846045137e-01,-3.792992224714490657e-02,-5.331956894583617795e-02,-4.159216292235187046e-02
1.217726043305372741e+03,6.065522868295077086e-02,2.883020645246845426e-01,6.388689850907030010e-01,7.993932230437238440e-01,1.463565224227343087e-01,-3.851642614693798899e-02,-5.422313245849143259e-02,-4.228034659876459683e-02
1.217732173634520223e+03,6.155876181223007837e-02,2.880641280069500820e-01,6.385337738226463111e-01,7.991318946369803111e-01,1.484224740043082469e-01,-3.911093089042401438e-02,-5.514082680124905711e-02,-4.297894503799148253e-02
1.217738303963667931e+03,6.247503815577175323e-02,2.878225222615106160e-01,6.381928930124164401e-01,7.988662513422626343e-01,1.505139885130109545e-01,-3.971351229128505800e-02,-5.607283205724523933e-02,-4.368808598498120921e-02
1.217744434292815413e+03,6.340421504655643914e-02,2.875771975444011419e-01,6.378462543752245750e-01,7.985962281373270022e-01,1.526312691263200516e-01,-4.032424577414816386e-02,-5.701932916210279007e-02,-4.440789782293360494e-02
1.217750564621963122e+03,6.434645105562064593e-02,2.873281036509448549e-01,6.374937685154720146e-01,7.983217592116285122e-01,1.547745168604303390e-01,-4.094320632743859295e-02,-5.798049985041930227e-02,-4.513850954431385815e-02
1.217756694951110603e+03,6.530190597913894390e-02,2.870751899182744649e-01,6.371353449213145170e-01,7.980427779621751538e-01,1.569439304090808895e-01,-4.157046845438289867e-02,-5.895652660009906981e-02,-4.588005072094301223e-02
1.217762825280258312e+03,6.627074082597057825e-02,2.868184052275927765e-01,6.367708919581075433e-01,7.977592169885248108e-01,1.591397059735615016e-01,-4.220610612146862700e-02,-5.994759257454142926e-02,-4.663265147329057753e-02
1.217768955609405793e+03,6.725311779950080004e-02,2.865576980085053904e-01,6.364003168665502974e-01,7.974710080910552001e-01,1.613620370976246166e-01,-4.285019270739254260e-02,-6.095388155942151054e-02,-4.739644243630554421e-02
1.217775085938553502e+03,6.824920028009373585e-02,2.862930162430679104e-01,6.360235257598005898e-01,7.971780822684364498e-01,1.636111144955656738e-01,-4.350280095006169717e-02,-6.197557789791315747e-02,-4.817155472479391770e-02
1.217781216267700984e+03,6.925915280724834200e-02,2.860243074698720633e-01,6.356404236202701785e-01,7.968803697148058029e-01,1.658871258739908761e-01,-4.416400289165749865e-02,-6.301286642350943656e-02,-4.895811989777522355e-02
1.217787346596848693e+03,7.028314106137871498e-02,2.857515187881896068e-01,6.352509142961075828e-01,7.965777998166418961e-01,1.681902557466314341e-01,-4.483386982155881245e-02,-6.406593239013178009e-02,-4.975626992166967688e-02
1.217793476925996174e+03,7.132133184575932539e-02,2.854745968619439300e-01,6.348549004966428377e-01,7.962703011488146965e-01,1.705206852387498861e-01,-4.551247221620013245e-02,-6.513496139922281269e-02,-5.056613713227830348e-02
1.217799607255143883e+03,7.237389306296546088e-02,2.851934879257236877e-01,6.344522837926821479e-01,7.959578014740041896e-01,1.728785918996400550e-01,-4.619987968037279902e-02,-6.622013932238683676e-02,-5.138785419386101422e-02
1.217805737584291364e+03,7.344099369169679314e-02,2.849081377905768320e-01,6.340429646158316501e-01,7.956402277413404667e-01,1.752641495070429711e-01,-4.689616088616935241e-02,-6.732165222178354558e-02,-5.222155405744378226e-02
1.217811867913439073e+03,7.452280376309960985e-02,2.846184918499057859e-01,6.336268422575821457e-01,7.953175060847821332e-01,1.776775278644454892e-01,-4.760138350971371973e-02,-6.843968626756156970e-02,-5.306736991786283747e-02
1.217817998242586555e+03,7.561949433648440522e-02,2.843244950854935116e-01,6.332038148681746748e-01,7.949895618212325932e-01,1.801188925905441440e-01,-4.831561416544728066e-02,-6.957442765196654444e-02,-5.392543516937136489e-02
1.217824128571734263e+03,7.673123747486546020e-02,2.840260920734566930e-01,6.327737794545360561e-01,7.946563194478770686e-01,1.825884048966348872e-01,-4.903891833679569628e-02,-7.072606249945440071e-02,-5.479588335958973655e-02
1.217830258900881745e+03,7.785820621529743191e-02,2.837232269921821648e-01,6.323366318831828981e-01,7.943177026429669718e-01,1.850862213758290853e-01,-4.977136030941390482e-02,-7.189477677360191221e-02,-5.567884814125832749e-02
1.217836389230029454e+03,7.900057453932939067e-02,2.834158436301215112e-01,6.318922668822319899e-01,7.939736342658531010e-01,1.876124937828704820e-01,-5.051300310163891333e-02,-7.308075618099874049e-02,-5.657446322286816681e-02
1.217842519559176935e+03,8.015851734272629037e-02,2.831038853937589139e-01,6.314405780432756909e-01,7.936240363568020095e-01,1.901673688060375733e-01,-5.126390839244902159e-02,-7.428418607157608045e-02,-5.748286231777189476e-02
1.217848649888324644e+03,8.133221040433460947e-02,2.827872953157887781e-01,6.309814578231459636e-01,7.932688301365962147e-01,1.927509878303531321e-01,-5.202413644667749915e-02,-7.550525133495337993e-02,-5.840417909157580301e-02
1.217854780217472126e+03,8.252183035437014869e-02,2.824660160633417072e-01,6.305147975448901487e-01,7.929079360054144265e-01,1.953634866869803366e-01,-5.279374603602123711e-02,-7.674413629169833662e-02,-5.933854710738049876e-02
1.217860910546619834e+03,8.372755463792870556e-02,2.821399899480951379e-01,6.300404874037894842e-01,7.925412735452148638e-01,1.980049954187790839e-01,-5.357279436396460148e-02,-7.800102458297940300e-02,-6.028609976969498407e-02
1.217867040875767316e+03,8.494956147831073112e-02,2.818091589363324601e-01,6.295584164725902543e-01,7.921687615214068057e-01,2.006756380351143454e-01,-5.436133698745816006e-02,-7.927609905635099596e-02,-6.124697026684709084e-02
1.217873171204915025e+03,8.618802983935622275e-02,2.814734646592574885e-01,6.290684727067146209e-01,7.917903178843528345e-01,2.033755322579886005e-01,-5.515942773583097647e-02,-8.056954164733545753e-02,-6.222129151160508270e-02
1.217879301534062506e+03,8.744313938664567687e-02,2.811328484236068626e-01,6.285705429494961027e-01,7.914058597707172016e-01,2.061047892586675423e-01,-5.596711862666482740e-02,-8.188153325633000523e-02,-6.320919607978832400e-02
1.217885431863210215e+03,8.871507044767057426e-02,2.807872512224497408e-01,6.280645129368015445e-01,7.910153035041658232e-01,2.088635133787280773e-01,-5.678445977685994683e-02,-8.321225361923434427e-02,-6.421081614619184030e-02
1.217891562192357696e+03,9.000400396779741075e-02,2.804366137477281584e-01,6.275502673067154813e-01,7.906185645995927880e-01,2.116518018722512162e-01,-5.761149931917417671e-02,-8.456188117846358265e-02,-6.522628342024237857e-02
1.217897692521505405e+03,9.131012146569766896e-02,2.800808764028523967e-01,6.270276896085654750e-01,7.902155577666906128e-01,2.144697446358992676e-01,-5.844828331505098201e-02,-8.593059294916820245e-02,-6.625572907973566184e-02
1.217903822850652887e+03,9.263360498750808358e-02,2.797199793156412984e-01,6.264966623120719058e-01,7.898061969134084759e-01,2.173174239296324917e-01,-5.929485566442783961e-02,-8.731856438059105996e-02,-6.729928370251145320e-02
1.217909953179800596e+03,9.397463705955913515e-02,2.793538623516556019e-01,6.259570668166714036e-01,7.893903951493216331e-01,2.201949140872019317e-01,-6.015125801223863977e-02,-8.872596921204135845e-02,-6.835707719582365116e-02
1.217916083508948077e+03,9.533340063956306787e-02,2.789824651278780543e-01,6.254087834604423746e-01,7.889680647884452780e-01,2.231022812093112206e-01,-6.101752964949866409e-02,-9.015297932130211800e-02,-6.942923872245367056e-02
1.217922213838095786e+03,9.671007906433050361e-02,2.786057270279385101e-01,6.248516915340437405e-01,7.885391173555651445e-01,2.260395828835924104e-01,-6.189370742165573036e-02,-9.159976457586624377e-02,-7.051589662781518331e-02
1.217928344167243267e+03,9.810485599656099120e-02,2.782235872175145563e-01,6.242856692941570751e-01,7.881034635919743625e-01,2.290068678911194311e-01,-6.277982563276447714e-02,-9.306649267838877637e-02,-7.161717836469726206e-02
1.217934474496390976e+03,9.951791537007027844e-02,2.778359846601732297e-01,6.237105939772111807e-01,7.876610134611683467e-01,2.320041759030093964e-01,-6.367591594642454944e-02,-9.455332900662259676e-02,-7.273321041567866463e-02
1.217940604825538458e+03,1.009494413332625018e-01,2.774428581337102240e-01,6.231263418134546095e-01,7.872116761545233654e-01,2.350315371662071995e-01,-6.458200728317954609e-02,-9.606043644725811848e-02,-7.386411821294246172e-02
1.217946735154686166e+03,1.023996181905011543e-01,2.770441462470121241e-01,6.225327880408874082e-01,7.867553600965320193e-01,2.380889721702683093e-01,-6.549812571190512245e-02,-9.758797522084421139e-02,-7.501002605423813530e-02
1.217952865483833648e+03,1.038686303409270678e-01,2.766397874582113836e-01,6.219298069240739579e-01,7.862919729535003954e-01,2.411764913473230243e-01,-6.642429435050095643e-02,-9.913610271247563777e-02,-7.617105702131074518e-02
1.217958995812981357e+03,1.053566622159219507e-01,2.762297200931482788e-01,6.213172717726506145e-01,7.858214216417319653e-01,2.442940947573133681e-01,-6.736053326195809432e-02,-1.007049732956675908e-01,-7.734733289550937974e-02
1.217965126142128838e+03,1.068638982146962180e-01,2.758138823643789261e-01,6.206950549602944234e-01,7.853436123357434573e-01,2.474417717629300850e-01,-6.830685934702157569e-02,-1.022947381500796948e-01,-7.853897407080701054e-02
1.217971256471276547e+03,1.083905226377829822e-01,2.753922123907905362e-01,6.200630279442389536e-01,7.848584504765504510e-01,2.506195006933266689e-01,-6.926328623313528221e-02,-1.039055450724599428e-01,-7.974609946393775017e-02
1.217977386800424028e+03,1.099367196178252792e-01,2.749646482179336493e-01,6.194210612849431197e-01,7.843658407796351151e-01,2.538272484873216883e-01,-7.022982415682328672e-02,-1.055375382772814480e-01,-8.096882642007409425e-02
1.217983517129571737e+03,1.115026730489317580e-01,2.745311278393267607e-01,6.187690246704143915e-01,7.838656872462776981e-01,2.570649703768438377e-01,-7.120647985766023758e-02,-1.071908582066258275e-01,-8.220727062267310647e-02
1.217989647458719219e+03,1.130885665142111474e-01,2.740915892182175240e-01,6.181067869404490711e-01,7.833578931744653584e-01,2.603326095545116514e-01,-7.219325646720278766e-02,-1.088656413322039024e-01,-8.346154600002955726e-02
1.217995777787866928e+03,1.146945832111114782e-01,2.736459703099938801e-01,6.174342161115318195e-01,7.828423611699173446e-01,2.636300968307549453e-01,-7.319015339441703460e-02,-1.105620199506490153e-01,-8.473176462900280925e-02
1.218001908117014409e+03,1.163209058743211316e-01,2.731942090853187177e-01,6.167511794024992389e-01,7.823189931572713807e-01,2.669573502795631881e-01,-7.419716620728658563e-02,-1.122801219714108789e-01,-8.601803663560257662e-02
1.218008038446162118e+03,1.179677166953097822e-01,2.727362435541918484e-01,6.160575432606951729e-01,7.817876903910990771e-01,2.703142748624344782e-01,-7.521428650736598776e-02,-1.140200706929474089e-01,-8.732047009050072917e-02
1.218014168775309599e+03,1.196351972417861870e-01,2.722720117905911286e-01,6.153531733924384461e-01,7.812483534701301080e-01,2.737007621003036406e-01,-7.624150181845479324e-02,-1.157819845922278268e-01,-8.863917091065109943e-02
1.218020299104457308e+03,1.213235283748406584e-01,2.718014519577277577e-01,6.146379347936589133e-01,7.807008823511579765e-01,2.771166897286684305e-01,-7.727879546987583004e-02,-1.175659771053411962e-01,-8.997424275714552278e-02
1.218026429433604790e+03,1.230328901635691363e-01,2.713245023340611350e-01,6.139116917814106955e-01,7.801451763631547243e-01,2.805619213423786729e-01,-7.832614647623648008e-02,-1.193721564008885239e-01,-9.132578693003419457e-02
1.218032559762752499e+03,1.247634617969126947e-01,2.708411013401542666e-01,6.131743080263821755e-01,7.795811342216447670e-01,2.840363060292126485e-01,-7.938352941336535018e-02,-1.212006251454563199e-01,-9.269390225977955367e-02
1.218038690091899980e+03,1.265154214914510633e-01,2.703511875666796405e-01,6.124256465862801813e-01,7.790086540430759543e-01,2.875396779806938530e-01,-8.045091428679794487e-02,-1.230514802560401522e-01,-9.407868499303544130e-02
1.218044820421047689e+03,1.282889464007107849e-01,2.698546998025289079e-01,6.116655699430471049e-01,7.784276333621750199e-01,2.910718561592439135e-01,-8.152826641715010814e-02,-1.249248126704621403e-01,-9.548022868671646179e-02
1.218050950750195170e+03,1.300842125216346845e-01,2.693515770637071594e-01,6.108939400405335451e-01,7.778379691491114079e-01,2.946326439478481052e-01,-8.261554631981221641e-02,-1.268207071079069104e-01,-9.689862409783739361e-02
1.218057081079342879e+03,1.319013945982181746e-01,2.688417586230932299e-01,6.101106183232766211e-01,7.772395578269623018e-01,2.982218287898503739e-01,-8.371270958122278838e-02,-1.287392418218856749e-01,-9.833395907015010651e-02
1.218063211408490361e+03,1.337406660220310517e-01,2.683251840411551292e-01,6.093154657765191828e-01,7.766322952895433618e-01,3.018391818180847230e-01,-8.481970673143507389e-02,-1.306804883449148857e-01,-9.978631841724007467e-02
1.218069341737638069e+03,1.356021987279783791e-01,2.678017931980508637e-01,6.085083429675293143e-01,7.760160769194210939e-01,3.054844574607029628e-01,-8.593648310896070952e-02,-1.326445112188947562e-01,-1.012557837993719317e-01
1.218075472066785551e+03,1.374861630934412771e-01,2.672715263252696261e-01,6.076891100901196108e-01,7.753907976086196197e-01,3.091573931122089114e-01,-8.706297874547498650e-02,-1.346313677487932792e-01,-1.027424336110467767e-01
1.218081602395933260e+03,1.393927278340355569e-01,2.667343240382350489e-01,6.068576270099371728e-01,7.747563517792696031e-01,3.128577087866440953e-01,-8.819912824465853118e-02,-1.366411077455536305e-01,-1.042463428638802231e-01
1.218087732725080741e+03,1.413220598962499630e-01,2.661901273698743520e-01,6.060137533110928620e-01,7.741126334046596336e-01,3.165851067617891368e-01,-8.934486065784862097e-02,-1.386737732612601803e-01,-1.057675830661727323e-01
1.218093863054228450e+03,1.432743243466563232e-01,2.656388778052543587e-01,6.051573483442922452e-01,7.734595360307638945e-01,3.203392712136756693e-01,-9.050009935623809509e-02,-1.407293983158424966e-01,-1.073062220988185989e-01
1.218099993383375931e+03,1.452496842556388057e-01,2.650805173178418239e-01,6.042882712767200237e-01,7.727969527981507492e-01,3.241198678277851797e-01,-9.166476189524422336e-02,-1.428080086083993172e-01,-1.088623240844395906e-01
1.218106123712523640e+03,1.472483005866428996e-01,2.645149884046479327e-01,6.034063811443248770e-01,7.721247764662205748e-01,3.279265434846755367e-01,-9.283875990187326344e-02,-1.449096212577570264e-01,-1.104359492698734624e-01
1.218112254041671122e+03,1.492703320814998680e-01,2.639422341225142743e-01,6.025115369052100878e-01,7.714428994375313042e-01,3.317589259278094782e-01,-9.402199895616458747e-02,-1.470342445315047375e-01,-1.120271539035724573e-01
1.218118384370818831e+03,1.513159351423718768e-01,2.633621981254579136e-01,6.016035974946069009e-01,7.707512137826292298e-01,3.356166234237291657e-01,-9.521437846982064301e-02,-1.491818775673405817e-01,-1.136359901096501840e-01
1.218124514699966312e+03,1.533852637099918925e-01,2.627748247031836404e-01,6.006824218816014804e-01,7.700496112654716674e-01,3.394992244140067061e-01,-9.641579156179880261e-02,-1.513525100860268480e-01,-1.152625057582192802e-01
1.218130645029114021e+03,1.554784691357176118e-01,2.621800588214589500e-01,5.997478691281096230e-01,7.693379833694437009e-01,3.434062971445137613e-01,-9.762612492616881688e-02,-1.535461220881345346e-01,-1.169067443285018021e-01
1.218136775358261502e+03,1.575957000615282044e-01,2.615778461606201311e-01,5.987997984492496872e-01,7.686162213252528685e-01,3.473373893784731936e-01,-9.884525872619408238e-02,-1.557626835865251191e-01,-1.185687447881360324e-01
1.218142905687409211e+03,1.597371022955583197e-01,2.609681331553990735e-01,5.978380692751894543e-01,7.678842161390714294e-01,3.512920280922250393e-01,-1.000730664825835170e-01,-1.580021543267567108e-01,-1.202485414670280833e-01
1.218149036016556693e+03,1.619028186840453798e-01,2.603508670358886112e-01,5.968625413148005432e-01,7.671418586212896962e-01,3.552697191651600361e-01,-1.013094149594681304e-01,-1.602644835001319490e-01,-1.219461639278866388e-01
1.218155166345704401e+03,1.640929889793509844e-01,2.597259958697574755e-01,5.958730746213236618e-01,7.663890394159678099e-01,3.592699470634400649e-01,-1.025541640479343264e-01,-1.625496094487288157e-01,-1.236616368330877014e-01
1.218161296674851883e+03,1.663077497011167249e-01,2.590934686065631265e-01,5.948695296607835470e-01,7.656256490311166285e-01,3.632921745023761639e-01,-1.038071666421448019e-01,-1.648574593537045774e-01,-1.253949798039451780e-01
1.218167427003999592e+03,1.685472340080687303e-01,2.584532351193425947e-01,5.938517673806098518e-01,7.648515778703121049e-01,3.673358422018010438e-01,-1.050682685449232656e-01,-1.671879489663406215e-01,-1.271462072991849102e-01
1.218173557333147073e+03,1.708115715648539923e-01,2.578052462476960183e-01,5.928196492800930084e-01,7.640667162647268862e-01,3.714003686251961533e-01,-1.063373083677712216e-01,-1.695409823267181870e-01,-1.289153284876632388e-01
1.218179687662294782e+03,1.731008884051395968e-01,2.571494538420704967e-01,5.917730374828755746e-01,7.632709545058741218e-01,3.754851497153115503e-01,-1.076141174293180208e-01,-1.719164514756781892e-01,-1.307023471178870855e-01
1.218185817991442264e+03,1.754153067887459783e-01,2.564858108098951872e-01,5.907117948121126672e-01,7.624641828792128040e-01,3.795895586158096191e-01,-1.088985196487386176e-01,-1.743142361537690643e-01,-1.325072613814899380e-01
1.218191948320589972e+03,1.777549450577094736e-01,2.558142711622053977e-01,5.896357848674775859e-01,7.616462916986662668e-01,3.837129454091352532e-01,-1.101903314438938825e-01,-1.767342035028163505e-01,-1.343300637773579553e-01
1.218198078649737454e+03,1.801199175019700116e-01,2.551347900577267680e-01,5.885448721017646490e-01,7.608171713418860893e-01,3.878546369334664456e-01,-1.114893616547412702e-01,-1.791762078057381191e-01,-1.361707409931340595e-01
1.218204208978885163e+03,1.825103342122802175e-01,2.544473238507071189e-01,5.874389219013644858e-01,7.599767122863014812e-01,3.920139365438376489e-01,-1.127954114481364012e-01,-1.816400901904993981e-01,-1.380292737698582684e-01
1.218210339308032644e+03,1.849263009355371079e-01,2.537518301382406527e-01,5.863178006678197995e-01,7.591248051459912327e-01,3.961901239104458905e-01,-1.141082742342422462e-01,-1.841256783488428583e-01,-1.399056367729391293e-01
1.218216469637180353e+03,1.873679189316027893e-01,2.530482678073144864e-01,5.851813759003893223e-01,7.582613407092065883e-01,4.003824548456072496e-01,-1.154277355918546105e-01,-1.866327862658349601e-01,-1.417997984675262446e-01
1.218222599966327834e+03,1.898352848222024658e-01,2.523365970842953443e-01,5.840295162820293706e-01,7.573862099769750333e-01,4.045901611108635443e-01,-1.167535731866908844e-01,-1.891612139320232588e-01,-1.437117209854754663e-01
1.218228730295475543e+03,1.923284904473983592e-01,2.516167795823812670e-01,5.828620917648601463e-01,7.564993042020869973e-01,4.088124502851277486e-01,-1.180855567092512909e-01,-1.917107470851852069e-01,-1.456413600050993906e-01
1.218234860624623025e+03,1.948476227142078576e-01,2.508887783514772152e-01,5.816789736590853854e-01,7.556005149291877832e-01,4.130485056144059808e-01,-1.194234478061041438e-01,-1.942811569353477263e-01,-1.475886646226618193e-01
1.218240990953770734e+03,1.973927634469785641e-01,2.501525579277181777e-01,5.804800347229068791e-01,7.546897340355299688e-01,4.172974858932228526e-01,-1.207670000210930850e-01,-1.968721999022705615e-01,-1.495535772287809317e-01
1.218247121282918215e+03,1.999639892401941788e-01,2.494080843824184601e-01,5.792651492530765944e-01,7.537668537722250761e-01,4.215585253789836950e-01,-1.221159587469522884e-01,-1.994836173668426416e-01,-1.515360333903156553e-01
1.218253251612065924e+03,2.025613713027926699e-01,2.486553253736639435e-01,5.780341931793901988e-01,7.528317668068383872e-01,4.258307336895787998e-01,-1.234700611707863077e-01,-2.021151354055626126e-01,-1.535359617236810859e-01
1.218259381941213405e+03,2.051849753120136288e-01,2.478942501952401956e-01,5.767870441576848917e-01,7.518843662659456806e-01,4.301131957671524009e-01,-1.248290362410256898e-01,-2.047664645595285160e-01,-1.555532837828614290e-01
1.218265512270361114e+03,2.078348612588739319e-01,2.471248298281711331e-01,5.755235816667908511e-01,7.509245457790476586e-01,4.344049718266727589e-01,-1.261926046287589198e-01,-2.074372995873275116e-01,-1.575879139390396755e-01
1.218271642599508596e+03,2.105110832964397771e-01,2.463470369915770342e-01,5.742436871060504489e-01,7.499521995229797566e-01,4.387050973406314558e-01,-1.275604787005424900e-01,-2.101273192337561879e-01,-1.596397592662875398e-01
1.218277772928656304e+03,2.132136895915980324e-01,2.455608461926192254e-01,5.729472438929940070e-01,7.489672222666353685e-01,4.430125830607284376e-01,-1.289323625030639187e-01,-2.128361860157662877e-01,-1.617087194338637235e-01
1.218283903257803786e+03,2.159427221678906772e-01,2.447662337792561316e-01,5.716341375654628854e-01,7.479695094172945646e-01,4.473264150266858530e-01,-1.303079517428407108e-01,-2.155635459924975239e-01,-1.637946865899172766e-01
1.218290033586951495e+03,2.186982167599693105e-01,2.439631779896520025e-01,5.703042558811025620e-01,7.469589570664357803e-01,4.516455546453713721e-01,-1.316869337890247960e-01,-2.183090285747272263e-01,-1.658975452617740265e-01
1.218296163916098976e+03,2.214802026592696538e-01,2.431516590043514836e-01,5.689574889212891673e-01,7.459354620371638767e-01,4.559689387586625120e-01,-1.330689876717810749e-01,-2.210722463193545706e-01,-1.680171722478402407e-01
1.218302294245246685e+03,2.242887025636543241e-01,2.423316589973984747e-01,5.675937291950828856e-01,7.448989219319273047e-01,4.602954797514872132e-01,-1.344537840936096129e-01,-2.238527947432554233e-01,-1.701534365167486906e-01
1.218308424574394166e+03,2.271237324317469386e-01,2.415031621861566946e-01,5.662128717427564739e-01,7.438492351803296376e-01,4.646240657004042651e-01,-1.358409854538387140e-01,-2.266502521577860585e-01,-1.723061991142514349e-01
1.218314554903541875e+03,2.299853013280015179e-01,2.406661548840738074e-01,5.648148142442379616e-01,7.427863010888097195e-01,4.689535605138974717e-01,-1.372302458695678906e-01,-2.294641794889144826e-01,-1.744753130616292502e-01
1.218320685232689357e+03,2.328734112815901702e-01,2.398206255493706140e-01,5.633994571236453641e-01,7.417100198892678797e-01,4.732828041457423640e-01,-1.386212112209405656e-01,-2.322941201414567280e-01,-1.766606232724829140e-01
1.218326815561837066e+03,2.357880571362410138e-01,2.389665648366087192e-01,5.619667036586827313e-01,7.406202927895625399e-01,4.776106128016968655e-01,-1.400135191934150369e-01,-2.351395998500106777e-01,-1.788619664612813298e-01
1.218332945890984547e+03,2.387292264053260393e-01,2.381039656467861532e-01,5.605164600894193550e-01,7.395170220240568915e-01,4.819357791897200816e-01,-1.414067993342531804e-01,-2.380001265528280952e-01,-1.810791710603209814e-01
1.218339076220132256e+03,2.416968991329252470e-01,2.372328231757150629e-01,5.590486357259586425e-01,7.384001109040074784e-01,4.862570728134715803e-01,-1.428006731232645543e-01,-2.408751902897105224e-01,-1.833120571455353898e-01
1.218345206549279737e+03,2.446910477454528887e-01,2.363531349654255653e-01,5.575631430614310657e-01,7.372694638700740821e-01,4.905732402627029920e-01,-1.441947540416298745e-01,-2.437642630876185046e-01,-1.855604363540769852e-01
1.218351336878427446e+03,2.477116369193624879e-01,2.354649009507376323e-01,5.560598978796581493e-01,7.361249865431891415e-01,4.948830055776667347e-01,-1.455886476657253792e-01,-2.466667988946014967e-01,-1.878241118219249606e-01
1.218357467207574928e+03,2.507586234396725344e-01,2.345681235087788419e-01,5.545388193680572675e-01,7.349665857775438127e-01,4.991850706119110304e-01,-1.469819517595478686e-01,-2.495822335025806027e-01,-1.901028781135173651e-01
1.218363597536722637e+03,2.538319560651119411e-01,2.336628075065802501e-01,5.529998302291727619e-01,7.337941697133547603e-01,5.034781154409265769e-01,-1.483742563823291782e-01,-2.525099844964919238e-01,-1.923965211609039716e-01
1.218369727865870118e+03,2.569315754006029073e-01,2.327489603465022483e-01,5.514428567903099099e-01,7.326076478291779770e-01,5.077607988156845886e-01,-1.497651440111534282e-01,-2.554494512306056397e-01,-1.947048182127796845e-01
1.218375858195017827e+03,2.600574137602897906e-01,2.318265920147206394e-01,5.498678291188315859e-01,7.314069309965959276e-01,5.120317586186458048e-01,-1.511541896634378546e-01,-2.584000147951399651e-01,-1.970275377756777191e-01
1.218381988524165308e+03,2.632093950489065026e-01,2.308957151241110839e-01,5.482746811305896362e-01,7.301919315326255155e-01,5.162896123924547442e-01,-1.525409610443780872e-01,-2.613610380346370055e-01,-1.993644395765973854e-01
1.218388118853313017e+03,2.663874346339883958e-01,2.299563449600987852e-01,5.466633507039019291e-01,7.289625632544840528e-01,5.205329578723789652e-01,-1.539250186947167531e-01,-2.643318655577912568e-01,-2.017152745180454121e-01
1.218394249182460499e+03,2.695914392261386516e-01,2.290084995241078447e-01,5.450337797912970794e-01,7.277187415338253196e-01,5.247603735655544943e-01,-1.553059161542575117e-01,-2.673118237767115879e-01,-2.040797846436069596e-01
1.218400379511608207e+03,2.728213067680078097e-01,2.280521995743769181e-01,5.433859145284856140e-01,7.264603833502063512e-01,5.289704193752222672e-01,-1.566832001406620600e-01,-2.703002209760461128e-01,-2.064577031142835195e-01
1.218406509840755689e+03,2.760769263139818408e-01,2.270874686698109435e-01,5.417197053492496250e-01,7.251874073471626936e-01,5.331616372332077525e-01,-1.580564107299864407e-01,-2.732963473754183581e-01,-2.088487541775097822e-01
1.218412640169903398e+03,2.793581779303850321e-01,2.261143332074763701e-01,5.400351070918388841e-01,7.238997338853275787e-01,5.373325518010443336e-01,-1.594250815612837935e-01,-2.762994752459576597e-01,-2.112526531586918499e-01
1.218418770499050879e+03,2.826649325867267581e-01,2.251328224630250729e-01,5.383320791111304571e-01,7.225972850981344786e-01,5.414816711802755700e-01,-1.607887400433062886e-01,-2.793088590212511879e-01,-2.136691064456671674e-01
1.218424900828198588e+03,2.859970520564758534e-01,2.241429686282148115e-01,5.366105853875566822e-01,7.212799849466244861e-01,5.456074876688307151e-01,-1.621469075769870205e-01,-2.823237354403413946e-01,-2.160978114843827014e-01
1.218431031157346069e+03,2.893543888319072832e-01,2.231448068440655963e-01,5.348705946303377035e-01,7.199477592723729780e-01,5.497084785662170736e-01,-1.634990997951035752e-01,-2.853433237295346370e-01,-2.185384567905469533e-01
1.218437161486493778e+03,2.927367860158757162e-01,2.221383752414545776e-01,5.331120803939511932e-01,7.186005358560765277e-01,5.537831069721308452e-01,-1.648448267975098358e-01,-2.883668257554146686e-01,-2.209907219401304190e-01
1.218443291815641260e+03,2.961440772451413017e-01,2.211237149717951433e-01,5.313350211800550449e-01,7.172382444707926519e-01,5.578298226628991552e-01,-1.661835934146821681e-01,-2.913934262502851369e-01,-2.234542775926743607e-01
1.218449422144788969e+03,2.995760866218660778e-01,2.201008702351730795e-01,5.295394005362350498e-01,7.158608169342605132e-01,5.618470630017308176e-01,-1.675148994831299198e-01,-2.944222930641055558e-01,-2.259287855232871289e-01
1.218455552473936450e+03,3.030326286405373715e-01,2.190698883100288541e-01,5.277252071584598303e-01,7.144681871631390901e-01,5.658332538675867607e-01,-1.688382401264390542e-01,-2.974525774209069162e-01,-2.284138986518257641e-01
1.218461682803084159e+03,3.065135081143963158e-01,2.180308195831041906e-01,5.258924349953310040e-01,7.130602912284593753e-01,5.697868106120415055e-01,-1.701531060453642941e-01,-3.004834141886407184e-01,-2.309092610733357032e-01
1.218467813132231640e+03,3.100185200949484021e-01,2.169837175817601882e-01,5.240410833580870786e-01,7.116370674140355401e-01,5.737061390442369513e-01,-1.714589838162633995e-01,-3.035139221544362886e-01,-2.334145080846498077e-01
1.218473943461379349e+03,3.135474498353588158e-01,2.159286389922751015e-01,5.221711570079902165e-01,7.101984562660644817e-01,5.775896364863254417e-01,-1.727553562170861534e-01,-3.065432043864248501e-01,-2.359292662521136619e-01
1.218480073790526831e+03,3.171000727481262382e-01,2.148656436800322755e-01,5.202826662478471365e-01,7.087444006448728739e-01,5.814356928428706661e-01,-1.740417025574537979e-01,-3.095703485974937164e-01,-2.384531534748636217e-01
1.218486204119674539e+03,3.206761543630609057e-01,2.137947947096975609e-01,5.183756270147557021e-01,7.072748457777175979e-01,5.852426916959769798e-01,-1.753174990172209902e-01,-3.125944275232205305e-01,-2.409857790497482166e-01
1.218492334448822021e+03,3.242754502856304843e-01,2.127161583653796872e-01,5.164500609742047610e-01,7.057897393127542385e-01,5.890090114289653345e-01,-1.765822189944244724e-01,-3.156144993154053613e-01,-2.435267437380731759e-01
1.218498464777969730e+03,3.278977061493377754e-01,2.116298041728766621e-01,5.145059956196922357e-01,7.042890313760660215e-01,5.927330263828465284e-01,-1.778353334632318816e-01,-3.186296079449924545e-01,-2.460756398294815517e-01
1.218504595107117211e+03,3.315426576137741055e-01,2.105358049071675564e-01,5.125434643471677987e-01,7.027726746186347961e-01,5.964131080582826261e-01,-1.790763113518694383e-01,-3.216387836847960369e-01,-2.486320512459792853e-01
1.218510725436264920e+03,3.352100303573989359e-01,2.094342366016622159e-01,5.105625065335247514e-01,7.012406242655858657e-01,6.000476263333663907e-01,-1.803046199253181825e-01,-3.246410435961392116e-01,-2.511955536419203661e-01
1.218516855765412402e+03,3.388995400714001627e-01,2.083251785571817172e-01,5.085631676158608450e-01,6.996928381664347940e-01,6.036349507060995156e-01,-1.815197251763089326e-01,-3.276353920309933443e-01,-2.537657145060203123e-01
1.218522986094560110e+03,3.426108924547917045e-01,2.072087133506341494e-01,5.065454991715890865e-01,6.981292768464326670e-01,6.071734515644786612e-01,-1.827210922255622649e-01,-3.306208211512364215e-01,-2.563420932656602647e-01
1.218529116423707592e+03,3.463437832046054599e-01,2.060849268454474359e-01,5.045095590037167455e-01,6.965499035610508427e-01,6.106615014928625795e-01,-1.839081857333115244e-01,-3.335963114609717950e-01,-2.589242413893031447e-01
1.218535246752855301e+03,3.500978980527167939e-01,2.049539081867717827e-01,5.024554111986497817e-01,6.949546843391996021e-01,6.140974765939426483e-01,-1.850804703215399305e-01,-3.365608324083443903e-01,-2.615117025271151419e-01
1.218541377082002782e+03,3.538729127978763045e-01,2.038157497982927557e-01,5.003831261879104764e-01,6.933435880288439934e-01,6.174797578274671128e-01,-1.862374110013680084e-01,-3.395133429928754443e-01,-2.641040126479392014e-01
1.218547507411150491e+03,3.576684933395600230e-01,2.026705473785252731e-01,4.982927808101322853e-01,6.917165863435482676e-01,6.208067323711173868e-01,-1.873784736080563451e-01,-3.424527923888369130e-01,-2.667007001785612341e-01
1.218553637740297972e+03,3.614842957138569846e-01,2.015183998965326684e-01,4.961844583733714398e-01,6.900736539100461586e-01,6.240767950064154412e-01,-1.885031252445733829e-01,-3.453781205864172033e-01,-2.693012861455895135e-01
1.218559768069445681e+03,3.653199661256085196e-01,2.003594095890386395e-01,4.940582487221318875e-01,6.884147683189959510e-01,6.272883495429502076e-01,-1.896108347372748859e-01,-3.482882590491105934e-01,-2.719052843164023181e-01
1.218565898398593163e+03,3.691751410271474909e-01,1.991936819421422089e-01,4.919142482749855327e-01,6.867399101633405722e-01,6.304398102240286184e-01,-1.907010730914998342e-01,-3.511821314266532212e-01,-2.745122013753739654e-01
1.218572028727740872e+03,3.730494471927502387e-01,1.980213256744868255e-01,4.897525600659279332e-01,6.850490630791659097e-01,6.335296031490563751e-01,-1.917733139523828678e-01,-3.540586542746075871e-01,-2.771215370968280745e-01
1.218578159056888353e+03,3.769425017955311263e-01,1.968424527196925844e-01,4.875732937855174476e-01,6.833422137874187730e-01,6.365561677139811581e-01,-1.928270340720807108e-01,-3.569167377895933191e-01,-2.797327845203937957e-01
1.218584289386036062e+03,3.808539124870687909e-01,1.956571782079717381e-01,4.853765658217978340e-01,6.816193521365707664e-01,6.395179580725758317e-01,-1.938617137843408056e-01,-3.597552865620102236e-01,-2.823454301291465351e-01
1.218590419715183543e+03,3.847832774744936457e-01,1.944656204487534845e-01,4.831624993053806882e-01,6.798804711484749408e-01,6.424134446364843098e-01,-1.948768374914966461e-01,-3.625732003474527732e-01,-2.849589540277285837e-01
1.218596550044331252e+03,3.887301856430316893e-01,1.932679008980965896e-01,4.809312241236826657e-01,6.781255670508078426e-01,6.452411155191685177e-01,-1.958718941393267632e-01,-3.653693748761804305e-01,-2.875728301518407637e-01
1.218602680373478734e+03,3.926942166747465768e-01,1.920641441274049677e-01,4.786828769386956561e-01,6.763546393121036004e-01,6.479994779956246287e-01,-1.968463776968814027e-01,-3.681427026698049221e-01,-2.901865264748134665e-01
1.218608810702626442e+03,3.966749411702807926e-01,1.908544777912113410e-01,4.764176012040770569e-01,6.745676906775930348e-01,6.506870599746386041e-01,-1.977997876410206024e-01,-3.708920738720004606e-01,-2.927995052166759149e-01
1.218614941031773924e+03,4.006719207697783669e-01,1.896390325953317968e-01,4.741355471845060676e-01,6.727647272073261631e-01,6.533024114976251351e-01,-1.987316294497811775e-01,-3.736163770965020836e-01,-2.954112230532526806e-01
1.218621071360921633e+03,4.046847082862042311e-01,1.884179422609704446e-01,4.718368719681996781e-01,6.709457583124400770e-01,6.558441062373635555e-01,-1.996414150974584467e-01,-3.763145002942185902e-01,-2.980211313348048452e-01
1.218627201690069114e+03,4.087128478722389380e-01,1.871913434774003793e-01,4.695217394545776468e-01,6.691107967803386902e-01,6.583107429212212702e-01,-2.005286635300009279e-01,-3.789853316357015833e-01,-3.006286763247147942e-01
1.218633332019216823e+03,4.127558751695756811e-01,1.859593758607359371e-01,4.671903203570300089e-01,6.672598588085406623e-01,6.607009468179789735e-01,-2.013929011589763451e-01,-3.816277604047028094e-01,-3.032332994279335336e-01
1.218639462348364304e+03,4.168133174761903814e-01,1.847221819066472981e-01,4.648427921933110385e-01,6.653929640337475915e-01,6.630133711930575879e-01,-2.022336623479417672e-01,-3.842406779056858901e-01,-3.058344374306294355e-01
1.218645592677512013e+03,4.208846939269031973e-01,1.834799069385620318e-01,4.624793392665337288e-01,6.635101355574493098e-01,6.652466987341457694e-01,-2.030504898912955658e-01,-3.868229783801768740e-01,-3.084315227474414001e-01
1.218651723006659495e+03,4.249695156707947730e-01,1.822326990570605210e-01,4.601001526505733574e-01,6.616113999751902508e-01,6.673996430079549569e-01,-2.038429355030509371e-01,-3.893735599385194091e-01,-3.110239836676795822e-01
1.218657853335807204e+03,4.290672860720780579e-01,1.809807090812079466e-01,4.577054301572454076e-01,6.596967873978356600e-01,6.694709498434511241e-01,-2.046105602852431593e-01,-3.918913254933674706e-01,-3.136112446141133825e-01
1.218663983664954685e+03,4.331775009077932781e-01,1.797240904910777648e-01,4.552953763077637328e-01,6.577663314764589098e-01,6.714593987427867061e-01,-2.053529352051475521e-01,-3.943751837070289534e-01,-3.161927264004910088e-01
1.218670113994102394e+03,4.372996485785696774e-01,1.784629993658067015e-01,4.528702022945585437e-01,6.558200694236731021e-01,6.733638042540566193e-01,-2.060696415621712796e-01,-3.968240499432682533e-01,-3.187678464960099767e-01
1.218676244323249875e+03,4.414332103315362077e-01,1.771975943174464163e-01,4.504301259335592444e-01,6.538580420312873898e-01,6.751830172984932821e-01,-2.067602714419315146e-01,-3.992368472188496109e-01,-3.213360192955154182e-01
1.218682374652397584e+03,4.455776604810050001e-01,1.759280364257142792e-01,4.479753716204081804e-01,6.518802936916511248e-01,6.769159265268658299e-01,-2.074244281797184286e-01,-4.016125071709277239e-01,-3.238966563894199457e-01
1.218688504981545066e+03,4.497324666499812329e-01,1.746544891654306098e-01,4.455061702686272107e-01,6.498868724106611205e-01,6.785614595775644187e-01,-2.080617267952660498e-01,-4.039499710106366770e-01,-3.264491668425688053e-01
1.218694635310692775e+03,4.538970900093050043e-01,1.733771183348902789e-01,4.430227592516431390e-01,6.478778298244252110e-01,6.801185843604009573e-01,-2.086717944357543986e-01,-4.062481904906714569e-01,-3.289929574725677930e-01
1.218700765639840256e+03,4.580709855284583187e-01,1.720960919801588773e-01,4.405253823351747977e-01,6.458532212121790295e-01,6.815863102862910194e-01,-2.092542708031411569e-01,-4.085061288675974622e-01,-3.315274331330598789e-01
1.218706895968987965e+03,4.622536022368765041e-01,1.708115803156424195e-01,4.380142896002491293e-01,6.438131055053878393e-01,6.829636894360490151e-01,-2.098088085634939315e-01,-4.107227618539858183e-01,-3.340519970006278205e-01
1.218713026298135446e+03,4.664443834838910008e-01,1.695237556452790229e-01,4.354897373696631213e-01,6.417575453005341934e-01,6.842498177557991834e-01,-2.103350737649309632e-01,-4.128970785862309811e-01,-3.365660508621838853e-01
1.218719156627283155e+03,4.706427672161280218e-01,1.682327922774185525e-01,4.329519881170685869e-01,6.396866068633526581e-01,6.854438361311243622e-01,-2.108327462190020540e-01,-4.150280825622892356e-01,-3.390689954073477508e-01
1.218725286956430637e+03,4.748481862532922815e-01,1.669388664403949341e-01,4.304013103794916972e-01,6.376003601367249418e-01,6.865449314845353257e-01,-2.113015198895633606e-01,-4.171147925930626110e-01,-3.415602305210322931e-01
1.218731417285578345e+03,4.790600685737281816e-01,1.656421561945821963e-01,4.278379786605304158e-01,6.354988787447102272e-01,6.875523378040966360e-01,-2.117411032609368138e-01,-4.191562437382470585e-01,-3.440391555787956079e-01
1.218737547614725827e+03,4.832778376083947669e-01,1.643428413413514644e-01,4.252622733246554931e-01,6.333822399926879454e-01,6.884653370974173070e-01,-2.121512196833067743e-01,-4.211514882217928246e-01,-3.465051697435831413e-01
1.218743677943873536e+03,4.875009125342555372e-01,1.630411033323976022e-01,4.226744804944777001e-01,6.312505248711517414e-01,6.892832603693695992e-01,-2.125316077258233294e-01,-4.230995963624025746e-01,-3.489576722637361406e-01
1.218749808273021017e+03,4.917287085810886915e-01,1.617371251739850857e-01,4.200748919318134655e-01,6.291038180508654598e-01,6.900054884587518700e-01,-2.128820214861756877e-01,-4.249996574577017405e-01,-3.513960627718361041e-01
1.218755938602168726e+03,4.959606373373562915e-01,1.604310913316694398e-01,4.174638049217797575e-01,6.269422078816627719e-01,6.906314528958273913e-01,-2.132022309068786758e-01,-4.268507806813598426e-01,-3.538197415845261706e-01
1.218762068931316207e+03,5.001961070635458917e-01,1.591231876322068972e-01,4.148415221481960846e-01,6.247657863873293804e-01,6.911606366784542876e-01,-2.134920220664163482e-01,-4.286520959544476983e-01,-3.562281100028336089e-01
1.218768199260463916e+03,5.044345230114587464e-01,1.578136011631256219e-01,4.122083515608712112e-01,6.225746492565894519e-01,6.915925749623343943e-01,-2.137511974435922502e-01,-4.304027547864543446e-01,-3.586205706116076808e-01
1.218774329589611398e+03,5.086752877435952724e-01,1.565025201724452864e-01,4.095646062454076364e-01,6.203688958376930573e-01,6.919268557721615087e-01,-2.139795761886772452e-01,-4.321019311303915811e-01,-3.609965275810154695e-01
1.218780459918759107e+03,5.129178014613839931e-01,1.551901339647418498e-01,4.069106042784674804e-01,6.181486291244073783e-01,6.921631205563091305e-01,-2.141769943453747105e-01,-4.337488221761721108e-01,-3.633553869646718448e-01
1.218786590247906588e+03,5.171614623330826888e-01,1.538766327974912529e-01,4.042466685856792030e-01,6.159139557456047021e-01,6.923010647602468870e-01,-2.143433050787947880e-01,-4.353426491561056544e-01,-3.656965569995640486e-01
1.218792720577054297e+03,5.214056668264993588e-01,1.525622077754285044e-01,4.015731267917909686e-01,6.136649859509535343e-01,6.923404383090030478e-01,-2.144783788747679221e-01,-4.368826581150135335e-01,-3.680194484042143555e-01
1.218798850906201778e+03,5.256498100448918631e-01,1.512470507434413303e-01,3.988903110637853633e-01,6.114018335927783321e-01,6.922810459957984275e-01,-2.145821037093435801e-01,-4.383681206408938658e-01,-3.703234746737258387e-01
1.218804981235349487e+03,5.298932860635706676e-01,1.499313541794143334e-01,3.961985579560927673e-01,6.091246161114423074e-01,6.921227478891663898e-01,-2.146543852242916162e-01,-4.397983346086341006e-01,-3.726080523777188791e-01
1.218811111564496969e+03,5.341354882703832629e-01,1.486153110849911807e-01,3.934982082433729489e-01,6.068334545122998636e-01,6.918654595736063451e-01,-2.146951468494438797e-01,-4.411726248482721879e-01,-3.748726014507878235e-01
1.218817241893644677e+03,5.383758097064170745e-01,1.472991148764410396e-01,3.907896067555797770e-01,6.045284733461776527e-01,6.915091524074167273e-01,-2.147043299305186892e-01,-4.424903438245958998e-01,-3.771165454856209576e-01
1.218823372222792159e+03,5.426136434086292759e-01,1.459829592744595339e-01,3.880731022064924929e-01,6.022098006860506780e-01,6.910538536837449453e-01,-2.146818938259248133e-01,-4.437508722729393007e-01,-3.793393120221875692e-01
1.218829502551939868e+03,5.468483827527167440e-01,1.446670381934461735e-01,3.853490470165348847e-01,5.998775681000089177e-01,6.904996466937614041e-01,-2.146278159719593737e-01,-4.449536197878234955e-01,-3.815403328317138465e-01
1.218835632881087349e+03,5.510794217972230236e-01,1.433515456305592128e-01,3.826177971373099229e-01,5.975319106276480996e-01,6.898466708066051112e-01,-2.145420919534243853e-01,-4.460980254237192910e-01,-3.837190442044274286e-01
1.218841763210235058e+03,5.553061556263436671e-01,1.420366755543555348e-01,3.798797118661979000e-01,5.951729667483208752e-01,6.890951213789603402e-01,-2.144247355190475601e-01,-4.471835582090511463e-01,-3.858748872259152307e-01
1.218847893539382540e+03,5.595279806934700950e-01,1.407226217933702783e-01,3.771351536628975709e-01,5.928008783528202486e-01,6.882452496810815834e-01,-2.142757786021166344e-01,-4.482097176710127528e-01,-3.880073080570798916e-01
1.218854023868530248e+03,5.637442951636545407e-01,1.394095779246008193e-01,3.743844879608816401e-01,5.904157907114068182e-01,6.872973627243672556e-01,-2.140952713090642223e-01,-4.491760343098663011e-01,-3.901157582081690722e-01
1.218860154197677730e+03,5.679544992533096526e-01,1.380977371624463046e-01,3.716280829746830272e-01,5.880178524383193883e-01,6.862518229912594192e-01,-2.138832818760232068e-01,-4.500820700202559088e-01,-3.921996948056915566e-01
1.218866284526825439e+03,5.721579955716348254e-01,1.367872922472660457e-01,3.688663095085386034e-01,5.856072154595802770e-01,6.851090481810767630e-01,-2.136398966304962344e-01,-4.509274185240149668e-01,-3.942585808640386991e-01
1.218872414855972920e+03,5.763541894555550549e-01,1.354784353352158910e-01,3.660995407578822025e-01,5.831840349730630368e-01,6.838695107880133905e-01,-2.133652198978809311e-01,-4.517117057079474973e-01,-3.962918855421301845e-01
1.218878545185120629e+03,5.805424893058909186e-01,1.341713578878676316e-01,3.633281521124621105e-01,5.807484694118690838e-01,6.825337376957645308e-01,-2.130593739132374265e-01,-4.524345899722917452e-01,-3.982990844046581103e-01
1.218884675514268110e+03,5.847223069194704692e-01,1.328662505627108970e-01,3.605525209559889976e-01,5.783006804042559734e-01,6.811023096763552109e-01,-2.127224987013864588e-01,-4.530957625240675801e-01,-4.002796596756378888e-01
1.218890805843415819e+03,5.888930578155306961e-01,1.315633031050836288e-01,3.577730264633084412e-01,5.758408327302967367e-01,6.795758607958048980e-01,-2.123547519259713079e-01,-4.536949476138366077e-01,-4.022331004831991574e-01
1.218896936172563301e+03,5.930541615643428743e-01,1.302627042395618495e-01,3.549900493985750360e-01,5.733690942816701552e-01,6.779550778357983365e-01,-2.119563087436303617e-01,-4.542319027837631307e-01,-4.041589031100773499e-01
1.218903066501711010e+03,5.972050421043214596e-01,1.289646415642922150e-01,3.522039719092752152e-01,5.708856360142223751e-01,6.762406995564250733e-01,-2.115273616051804306e-01,-4.547064190158446872e-01,-4.060565712259284199e-01
1.218909196830858491e+03,6.013451280608871352e-01,1.276693014449423735e-01,3.494151773215434242e-01,5.683906319036861055e-01,6.744335159765889598e-01,-2.110681200623643894e-01,-4.551183208911839806e-01,-4.079256161253016488e-01
1.218915327160006200e+03,6.054738530584298228e-01,1.263768689104811382e-01,3.466240499337380210e-01,5.658842588982055943e-01,6.725343675654579245e-01,-2.105788105447022329e-01,-4.554674666919147352e-01,-4.097655569564219169e-01
1.218921457489153681e+03,6.095906560238318894e-01,1.250875275513042284e-01,3.438309748092981954e-01,5.633666968678834319e-01,6.705441443493035392e-01,-2.100596761076557462e-01,-4.557537484453728083e-01,-4.115759209398588969e-01
1.218927587818301390e+03,6.136949814927141755e-01,1.238014594166602506e-01,3.410363375702543665e-01,5.608381285572687780e-01,6.684637850352499466e-01,-2.095109761861846664e-01,-4.559770919798583066e-01,-4.133562435939237001e-01
1.218933718147448872e+03,6.177862798995008564e-01,1.225188449165862808e-01,3.382405241896779269e-01,5.582987395312193346e-01,6.662942759908752066e-01,-2.089329862994517562e-01,-4.561374568794456241e-01,-4.151060689391375957e-01
1.218939848476596580e+03,6.218640078698183249e-01,1.212398627232796205e-01,3.354439207850662408e-01,5.557487181237271701e-01,6.640366502432136775e-01,-2.083259977616583047e-01,-4.562348364506967346e-01,-4.168249497094582701e-01
1.218945978805744062e+03,6.259276285034096610e-01,1.199646896751740272e-01,3.326469134117530646e-01,5.531882553838518568e-01,6.616919863993834250e-01,-2.076903173660302748e-01,-4.562692576322531779e-01,-4.185124475531047938e-01
1.218952109134891771e+03,6.299766116461963383e-01,1.186935006841891987e-01,3.298498878573564164e-01,5.506175450190055054e-01,6.592614074946610003e-01,-2.070262670436759656e-01,-4.562407808479636007e-01,-4.201681332222153564e-01
1.218958239464039252e+03,6.340104341656020992e-01,1.174264686421075399e-01,3.270532294365137704e-01,5.480367833409544032e-01,6.567460798589913606e-01,-2.063341835283371006e-01,-4.561494998723669148e-01,-4.217915867702728971e-01
1.218964369793186961e+03,6.380285802055722932e-01,1.161637643328714692e-01,3.242573227876185404e-01,5.454461692058715228e-01,6.541472118591484808e-01,-2.056144179781626002e-01,-4.559955415977592907e-01,-4.233823977263290184e-01
1.218970500122334442e+03,6.420305414445539594e-01,1.149055563441177125e-01,3.214625516701100083e-01,5.428459039571293943e-01,6.514660526624524994e-01,-2.048673356043407556e-01,-4.557790658144575957e-01,-4.249401652770861126e-01
1.218976630451482151e+03,6.460158173417830385e-01,1.136520109821816255e-01,3.186692987635091345e-01,5.402361913655367998e-01,6.487038909357427663e-01,-2.040933152769998649e-01,-4.555002649365476053e-01,-4.264644984376548265e-01
1.218982760780629633e+03,6.499839153707285266e-01,1.124032921909729477e-01,3.158779454691661437e-01,5.376172375672778614e-01,6.458620534865897600e-01,-2.032927491105099571e-01,-4.551593636747629512e-01,-4.279550162103861743e-01
1.218988891109777342e+03,6.539343512563853267e-01,1.111595614697914597e-01,3.130888717119028053e-01,5.349892510043144922e-01,6.429419039247779022e-01,-2.024660420553074380e-01,-4.547566187228729295e-01,-4.294113477524882372e-01
1.218995021438924823e+03,6.578666491888019996e-01,1.099209777982727843e-01,3.103024557465930977e-01,5.323524423595829003e-01,6.399448412231232286e-01,-2.016136114540071078e-01,-4.542923183515934493e-01,-4.308331325186409710e-01
1.219001151768072532e+03,6.617803420402704750e-01,1.086876975603473794e-01,3.075190739648645533e-01,5.297070244946715523e-01,6.368722983020650430e-01,-2.007358866051487944e-01,-4.537667820172961441e-01,-4.322200204125354328e-01
1.219007282097220013e+03,6.656749715690745139e-01,1.074598744722933680e-01,3.047391007051499234e-01,5.270532123852973427e-01,6.337257405653118347e-01,-1.998333083091269335e-01,-4.531803599209335287e-01,-4.335716719264409158e-01
1.219013412426367722e+03,6.695500886088761039e-01,1.062376595152127595e-01,3.019629080669890553e-01,5.243912230548619657e-01,6.305066643943201266e-01,-1.989063283987339004e-01,-4.525334325197046259e-01,-4.348877582683466358e-01
1.219019542755515204e+03,6.734052532625947052e-01,1.050212008662404217e-01,2.991908657247956405e-01,5.217212755101885424e-01,6.272165956648452223e-01,-1.979554092768713303e-01,-4.518264100536207306e-01,-4.361679614988486775e-01
1.219025673084662913e+03,6.772400350698417615e-01,1.038106438378498531e-01,2.964233407492596895e-01,5.190435906728347870e-01,6.238570881890413977e-01,-1.969810234267774240e-01,-4.510597319884890322e-01,-4.374119746416895160e-01
1.219031803413810394e+03,6.810540131787697904e-01,1.026061308159294944e-01,2.936606974283960669e-01,5.163583913126038594e-01,6.204297221832518749e-01,-1.959836529305966912e-01,-4.502338664754184649e-01,-4.386195018042111649e-01
1.219037933742958103e+03,6.848467765032427712e-01,1.014078012024158815e-01,2.909032970933709827e-01,5.136659019792247927e-01,6.169361027038353651e-01,-1.949637889755295173e-01,-4.493493097670300251e-01,-4.397902582854252840e-01
1.219044064072105584e+03,6.886179238646424894e-01,1.002157913627385877e-01,2.881514979499246731e-01,5.109663489325001473e-01,6.133778580592227359e-01,-1.939219313501698572e-01,-4.484065855936099632e-01,-4.409239706713881102e-01
1.219050194401253293e+03,6.923670641388741664e-01,9.903023457176692024e-02,2.854056549087737316e-01,5.082599600743202828e-01,6.097566382454285838e-01,-1.928585879485458232e-01,-4.474062445556009626e-01,-4.420203769411857886e-01
1.219056324730400775e+03,6.960938163750602925e-01,9.785126096856455735e-02,2.826661194260475796e-01,5.055469648770758440e-01,6.060741133344680343e-01,-1.917742742554229274e-01,-4.463488634437664526e-01,-4.430792265456375278e-01
1.219062455059548483e+03,6.997978099194568369e-01,9.667899750964976946e-02,2.799332393428397014e-01,5.028275943139550730e-01,6.023319718897141017e-01,-1.906695128404640727e-01,-4.452350445775160037e-01,-4.441002804967880691e-01
1.219068585388695965e+03,7.034786845239728859e-01,9.551356792710902210e-02,2.772073587307464226e-01,5.001020807877897267e-01,5.985319193664638826e-01,-1.895448328455280607e-01,-4.440654151077101930e-01,-4.450833114448041194e-01
1.219074715717843674e+03,7.071360904388704904e-01,9.435509269173469882e-02,2.744888177441022203e-01,4.973706580587591852e-01,5.946756765059270089e-01,-1.884007694677592437e-01,-4.428406262877079280e-01,-4.460281037420976147e-01
1.219080846046991155e+03,7.107696885113903296e-01,9.320368897442424250e-02,2.717779524706759875e-01,4.946335611736254467e-01,5.907649777533365842e-01,-1.872378634507050610e-01,-4.415613527620385059e-01,-4.469344535187821377e-01
1.219086976376138864e+03,7.143791502550335126e-01,9.205947061682782928e-02,2.690750947944265392e-01,4.918910263922148252e-01,5.868015696560782146e-01,-1.860566605655035455e-01,-4.402282917956666375e-01,-4.478021687302879972e-01
1.219093106705286345e+03,7.179641579249127492e-01,9.092254810022205869e-02,2.663805722567870737e-01,4.891432911154369734e-01,5.827872092890397093e-01,-1.848577111011452667e-01,-4.388421625227594824e-01,-4.486310692164900416e-01
1.219099237034434054e+03,7.215244045774975579e-01,8.979302851936682428e-02,2.636947079249028492e-01,4.863905938122412564e-01,5.787236626816153473e-01,-1.836415693532857107e-01,-4.374037051684859789e-01,-4.494209867481851473e-01
1.219105367363581536e+03,7.250595941145908663e-01,8.867101556143164309e-02,2.610178202674010572e-01,4.836331739458264445e-01,5.746127032542255320e-01,-1.824087931141848140e-01,-4.359136802479336437e-01,-4.501717650608642041e-01
1.219111497692729245e+03,7.285694413339709463e-01,8.755660948293589319e-02,2.583502230280667611e-01,4.808712719010204140e-01,5.704561102786640525e-01,-1.811599431706965302e-01,-4.343728677835893559e-01,-4.508832599003723129e-01
1.219117628021876726e+03,7.320536719504733281e-01,8.644990709611109769e-02,2.556922251131869550e-01,4.781051289097643653e-01,5.662556673440712895e-01,-1.798955828007769153e-01,-4.327820664772672465e-01,-4.515553390404998813e-01
1.219123758351024435e+03,7.355120226239703074e-01,8.535100175321141958e-02,2.530441304768092370e-01,4.753349869777735992e-01,5.620131608492747732e-01,-1.786162772789244291e-01,-4.311420929024036841e-01,-4.521878823126253555e-01
1.219129888680171916e+03,7.389442409720178295e-01,8.425998333577708332e-02,2.504062380136534705e-01,4.725610888105258867e-01,5.577303785116952684e-01,-1.773225933851615421e-01,-4.294537806782015021e-01,-4.527807816227762960e-01
1.219136019009319625e+03,7.423500855624357575e-01,8.317693825039484956e-02,2.477788414625365920e-01,4.697836777387224272e-01,5.534091079012890546e-01,-1.760150989198984162e-01,-4.277179796231924125e-01,-4.533339409511077944e-01
1.219142149338467107e+03,7.457293259299573318e-01,8.210194941690268644e-02,2.451622292988032137e-01,4.670029976451613440e-01,5.490511349939206642e-01,-1.746943622271685814e-01,-4.259355549516348205e-01,-4.538472763810013633e-01
1.219148279667614815e+03,7.490817425528090157e-01,8.103509626945684663e-02,2.425566846469736637e-01,4.642192928900704674e-01,5.446582427504171875e-01,-1.733609517220184026e-01,-4.241073864192511644e-01,-4.543207160895590957e-01
1.219154409996762297e+03,7.524071268181147243e-01,7.997645476129966458e-02,2.399624852001168707e-01,4.614328082365817818e-01,5.402322097318777994e-01,-1.720154354284171849e-01,-4.222343674690484661e-01,-4.547542003286119128e-01
1.219160540325910006e+03,7.557052809908271218e-01,7.892609736854042102e-02,2.373799031387209824e-01,4.586437887769325150e-01,5.357748087425562300e-01,-1.706583805262565923e-01,-4.203174043934765347e-01,-4.551476814135433369e-01
1.219166670655057487e+03,7.589760181814351192e-01,7.788409309444108142e-02,2.348092050510343642e-01,4.558524798588739491e-01,5.312878054973906305e-01,-1.692903529060186263e-01,-4.183574155042871223e-01,-4.555011237144441227e-01
1.219172800984205196e+03,7.622191623191727494e-01,7.685050747201239985e-02,2.322506518507902740e-01,4.530591270119436742e-01,5.267729573021685541e-01,-1.679119167278008973e-01,-4.163553303132664918e-01,-4.558145036569973274e-01
1.219178931313352678e+03,7.654345480756298281e-01,7.582540258264341970e-02,2.297044987219625245e-01,4.502639758731865616e-01,5.222320117993580757e-01,-1.665236339969085322e-01,-4.143120886727429952e-01,-4.560878096714570118e-01
1.219185061642500386e+03,7.686220207949622241e-01,7.480883707277817540e-02,2.271709950617860074e-01,4.474672721137921694e-01,5.176667057453510079e-01,-1.651260641501745285e-01,-4.122286399396826173e-01,-4.563210421520280669e-01
1.219191191971647868e+03,7.717814364236643687e-01,7.380086617086134559e-02,2.246503844251596105e-01,4.446692613660531701e-01,5.130787638172774612e-01,-1.637197636517273291e-01,-4.101059421520383275e-01,-4.565142134186254141e-01
1.219197322300795577e+03,7.749126614399038937e-01,7.280154170454043727e-02,2.221429044702393496e-01,4.418701891504676071e-01,5.084698974464465504e-01,-1.623052855972374198e-01,-4.079449612155705562e-01,-4.566673476810594323e-01
1.219203452629943058e+03,7.780155727887291262e-01,7.181091211604974378e-02,2.196487869010824989e-01,4.390703008023962295e-01,5.038418036632473784e-01,-1.608831793222310069e-01,-4.057466701016888555e-01,-4.567804810127630843e-01
1.219209582959090767e+03,7.810900577701274106e-01,7.082902249296839370e-02,2.171682574382323982e-01,4.362698413997517788e-01,4.991961640357858165e-01,-1.594539900366404583e-01,-4.035120480261612519e-01,-4.568536612735770164e-01
1.219215713288238248e+03,7.841360139345973090e-01,6.985591459671147696e-02,2.147015357868414243e-01,4.334690556912865755e-01,4.945346436355775310e-01,-1.580182584688139269e-01,-4.012420796508437415e-01,-4.568869480430762797e-01
1.219221843617385957e+03,7.871533489791294746e-01,6.889162689101425985e-02,2.122488356057592451e-01,4.306681880250876615e-01,4.898588900330895224e-01,-1.565765205192414522e-01,-3.989377542999967829e-01,-4.568804125561464202e-01
1.219227973946533439e+03,7.901419806481378982e-01,6.793619456892723008e-02,2.098103644747922880e-01,4.278674822770059949e-01,4.851705323106326184e-01,-1.551293069202430153e-01,-3.966000651889429185e-01,-4.568341376469439163e-01
1.219234104275681148e+03,7.931018366251759710e-01,6.698964958289051197e-02,2.073863238679591880e-01,4.250671817790316886e-01,4.804711801159237128e-01,-1.536771429080941442e-01,-3.942300086609079601e-01,-4.567482176831936247e-01
1.219240234604828629e+03,7.960328543912683630e-01,6.605202068584156705e-02,2.049769091489188066e-01,4.222675292500263078e-01,4.757624228136198008e-01,-1.522205479242396964e-01,-3.918285834279956470e-01,-4.566227584637186365e-01
1.219246364933976338e+03,7.989349811078703123e-01,6.512333346442002180e-02,2.025823095525837170e-01,4.194687667253200192e-01,4.710458286197066191e-01,-1.507600353130123527e-01,-3.893967898349393053e-01,-4.564578771456337947e-01
1.219252495263123819e+03,8.018081734846558284e-01,6.420361037724336972e-02,2.002027081773399830e-01,4.166711354873134932e-01,4.663229437957361334e-01,-1.492961120375986550e-01,-3.869356291326107589e-01,-4.562537021549368799e-01
1.219258625592271528e+03,8.046523976373359810e-01,6.329287079658076076e-02,1.978382819851383922e-01,4.138748759971784263e-01,4.615952918978199482e-01,-1.478292784130944004e-01,-3.844461027662258168e-01,-4.560103730860894933e-01
1.219264755921419010e+03,8.074676289547724206e-01,6.239113104709635010e-02,1.954892017967728435e-01,4.110802278258558484e-01,4.568643730324080665e-01,-1.463600278425561119e-01,-3.819292116778978952e-01,-4.557280406132965811e-01
1.219270886250566718e+03,8.102538519446506049e-01,6.149840445176302933e-02,1.931556323027338873e-01,4.082874295873211712e-01,4.521316631966128541e-01,-1.448888465789897884e-01,-3.793859556253786902e-01,-4.554068663765707403e-01
1.219277016579714200e+03,8.130110600888201811e-01,6.061470137472354386e-02,1.908377320690667900e-01,4.054967188711442461e-01,4.473986136244522127e-01,-1.434162134901148800e-01,-3.768173325154387521e-01,-4.550470228795308603e-01
1.219283146908861909e+03,8.157392556895416424e-01,5.974002926726715290e-02,1.885356535507301257e-01,4.027083321762010559e-01,4.426666501870396564e-01,-1.419425998401042388e-01,-3.742243377535329207e-01,-4.546486933762475258e-01
1.219289277238009390e+03,8.184384497074720377e-01,5.887439271666582152e-02,1.862495431122972445e-01,3.999225048458087128e-01,4.379371728486008974e-01,-1.404684690890334875e-01,-3.716079636124297036e-01,-4.542120717476552660e-01
1.219295407567157099e+03,8.211086616090670365e-01,5.801779349201634239e-02,1.839795410434494349e-01,3.971394710018090746e-01,4.332115551238415185e-01,-1.389942766935912677e-01,-3.689691986125871459e-01,-4.537373623890980090e-01
1.219301537896304580e+03,8.237499191952083466e-01,5.717023059642720173e-02,1.817257815894205153e-01,3.943594634816759981e-01,4.284911436241921612e-01,-1.375204699355455640e-01,-3.663090269267804122e-01,-4.532247800739713228e-01
1.219307668225452289e+03,8.263622584395921011e-01,5.633170031609587708e-02,1.794883929760385799e-01,3.915827137745634401e-01,4.237772576040761963e-01,-1.360474877510887970e-01,-3.636284277964380030e-01,-4.526745498285226765e-01
1.219313798554599771e+03,8.289457233196800834e-01,5.550219627197626460e-02,1.772674974417128846e-01,3.888094519588314868e-01,4.190711885610352572e-01,-1.345757605773815480e-01,-3.609283749677821840e-01,-4.520869067962963728e-01
1.219319928883747252e+03,8.315003656410913102e-01,5.468170947376237157e-02,1.750632112761318637e-01,3.860399066413051639e-01,4.143741998905855484e-01,-1.331057102166971484e-01,-3.582098361499464478e-01,-4.514620960928293347e-01
1.219326059212894961e+03,8.340262448713612331e-01,5.387022837086846705e-02,1.728756448534420342e-01,3.832743048951564035e-01,4.096875265369304131e-01,-1.316377497000418006e-01,-3.554737724818809452e-01,-4.508003726707935921e-01
1.219332189542042670e+03,8.365234279576811982e-01,5.306773890888708683e-02,1.707049026795280089e-01,3.805128722015099774e-01,4.050123747335462321e-01,-1.301722831792401502e-01,-3.527211380297874954e-01,-4.501020011628052986e-01
1.219338319871190151e+03,8.389919891543046182e-01,5.227422458294173069e-02,1.685510834335835206e-01,3.777558323896662573e-01,4.003499217379815067e-01,-1.287097058179998699e-01,-3.499528792930297616e-01,-4.493672557347051510e-01
1.219344450200337633e+03,8.414320098441441242e-01,5.148966649310614957e-02,1.664142800159806590e-01,3.750034075791019994e-01,3.957013156185220093e-01,-1.272504036997510746e-01,-3.471699347321782203e-01,-4.485964199292026833e-01
1.219350580529485342e+03,8.438435783554421032e-01,5.071404340161184826e-02,1.642945796021476335e-01,3.722558181234994490e-01,3.910676750927250533e-01,-1.257947537523691484e-01,-3.443732343208819602e-01,-4.477897865005756040e-01
1.219356710858632823e+03,8.462267897876054601e-01,4.994733178709289539e-02,1.621920636907026037e-01,3.695132825530806353e-01,3.864500893565097073e-01,-1.243431236706245141e-01,-3.415636991033423886e-01,-4.469476572590390662e-01
1.219362841187780532e+03,8.485817458237510102e-01,4.918950590343885987e-02,1.601068081646807861e-01,3.667760175213274909e-01,3.818496180013085661e-01,-1.228958718668563821e-01,-3.387422407868989627e-01,-4.460703428946118931e-01
1.219368971516928013e+03,8.509085545526547945e-01,4.844053783560189896e-02,1.580388833468452936e-01,3.640442377500107130e-01,3.772672909199656366e-01,-1.214533474188085466e-01,-3.359097613396910265e-01,-4.451581628106853206e-01
1.219375101846075722e+03,8.532073302864322528e-01,4.770039755696960093e-02,1.559883540605952745e-01,3.613181559762775330e-01,3.727041082610256240e-01,-1.200158900332992107e-01,-3.330671526117284786e-01,-4.442114449488098749e-01
1.219381232175223204e+03,8.554781933748225597e-01,4.696905298802475648e-02,1.539552796961354275e-01,3.585979829020266574e-01,3.681610404306770445e-01,-1.185838300255801780e-01,-3.302152959805806920e-01,-4.432305256054682174e-01
1.219387362504370913e+03,8.577212700282702551e-01,4.624647005213824991e-02,1.519397142707810400e-01,3.558839271413054561e-01,3.636390280804138730e-01,-1.171574882947997859e-01,-3.273550619994349820e-01,-4.422157492576808124e-01
1.219393492833518394e+03,8.599366921303570610e-01,4.553261273511965274e-02,1.499417065012335348e-01,3.531761951726944404e-01,3.591389821786730718e-01,-1.157371763266623055e-01,-3.244873100832679214e-01,-4.411674683701959365e-01
1.219399623162666103e+03,8.621245970592192887e-01,4.482744314183314399e-02,1.479612998698295323e-01,3.504749912897085484e-01,3.546617840663056631e-01,-1.143231961915910921e-01,-3.216128881966889286e-01,-4.400860432115541454e-01
1.219405753491813584e+03,8.642851275061121941e-01,4.413092155391424437e-02,1.459985326956675655e-01,3.477805175535153559e-01,3.502082855559106589e-01,-1.129158405574031965e-01,-3.187326325655456261e-01,-4.389718416623645258e-01
1.219411883820961293e+03,8.664184312919579467e-01,4.344300648831578293e-02,1.440534382102394428e-01,3.450929737481712722e-01,3.457793090736900332e-01,-1.115153927161425945e-01,-3.158473674130675701e-01,-4.378252390166315622e-01
1.219418014150108775e+03,8.685246611921917381e-01,4.276365475312836339e-02,1.421260446271731814e-01,3.424125573336213035e-01,3.413756477828206459e-01,-1.101221266055810305e-01,-3.129579046952183363e-01,-4.366466177910378055e-01
1.219424144479256483e+03,8.706039747534434214e-01,4.209282150634857667e-02,1.402163752227496563e-01,3.397394634042141259e-01,3.369980657849788730e-01,-1.087363068562731544e-01,-3.100650438757583394e-01,-4.354363675181361915e-01
1.219430274808403965e+03,8.726565341186481861e-01,4.143046031187295336e-02,1.383244484103913763e-01,3.370738846449752302e-01,3.326472983015483220e-01,-1.073581888326854278e-01,-3.071695716997228098e-01,-4.341948845475570584e-01
1.219436405137551674e+03,8.746825058505605099e-01,4.077652319617285082e-02,1.364502778193096011e-01,3.344160112904239202e-01,3.283240518934812391e-01,-1.059880186872561580e-01,-3.042722619902586967e-01,-4.329225718405558254e-01
1.219442535466699155e+03,8.766820607544814070e-01,4.013096070538909460e-02,1.345938723769081469e-01,3.317660310860957584e-01,3.240290047180081623e-01,-1.046260334268701297e-01,-3.013738754692014687e-01,-4.316198387587949492e-01
1.219448665795846864e+03,8.786553737086529869e-01,3.949372195988448686e-02,1.327552363853725659e-01,3.291241292476021485e-01,3.197628067634384896e-01,-1.032724609728013915e-01,-2.984751595739063013e-01,-4.302871008601902303e-01
1.219454796124994346e+03,8.806026234887835979e-01,3.886475471099212070e-02,1.309343696078073271e-01,3.264904884256617512e-01,3.155260801550981986e-01,-1.019275202441305150e-01,-2.955768483141957281e-01,-4.289247796812021285e-01
1.219460926454142054e+03,8.825239926003235480e-01,3.824400539518936493e-02,1.291312673484392992e-01,3.238652886686554377e-01,3.113194194376445179e-01,-1.005914212340667385e-01,-2.926796621247144681e-01,-4.275333025262651465e-01
1.219467056783289536e+03,8.844196671102488860e-01,3.763141918858203122e-02,1.273459205362774405e-01,3.212487073879100041e-01,3.071433918904898364e-01,-9.926436509747724179e-02,-2.897843077396436984e-01,-4.261131022518023226e-01
1.219473187112437245e+03,8.862898364790940953e-01,3.702694006145635514e-02,1.255783158118199405e-01,3.186409193258439299e-01,3.029985378742242053e-01,-9.794654424899403022e-02,-2.868914780898333405e-01,-4.246646170457692993e-01
1.219479317441584726e+03,8.881346933999377802e-01,3.643051083050486555e-02,1.238284356081070375e-01,3.160420965214532640e-01,2.988853711525397139e-01,-9.663814245365262567e-02,-2.840018521935245843e-01,-4.231882902133662361e-01
1.219485447770732435e+03,8.899544336335883932e-01,3.584207321256248358e-02,1.220962582400939439e-01,3.134524082821347202e-01,2.948043792775405514e-01,-9.533933493863756825e-02,-2.811160950866050667e-01,-4.216845699518976809e-01
1.219491578099879916e+03,8.917492558507501554e-01,3.526156787600166764e-02,1.203817579882755923e-01,3.108720211528345212e-01,2.907560239490364351e-01,-9.405028849705271421e-02,-2.782348577456105199e-01,-4.201539091318874375e-01
1.219497708429027625e+03,8.935193614746314017e-01,3.468893449212000213e-02,1.186849051851015940e-01,3.083010988880661718e-01,2.867407414013577460e-01,-9.277116160112945653e-02,-2.753587770316510697e-01,-4.185967650741209689e-01
1.219503838758175107e+03,8.952649545246578189e-01,3.412411178630122416e-02,1.170056663037798289e-01,3.057398024269129544e-01,2.827589428154151374e-01,-9.150210452417581464e-02,-2.724884756550647325e-01,-4.170135993235949412e-01
1.219509969087322816e+03,8.969862414663651862e-01,3.356703758708824703e-02,1.153440040416544160e-01,3.031882898651875879e-01,2.788110147045108067e-01,-9.024325945438972651e-02,-2.696245621313420049e-01,-4.154048774287367740e-01
1.219516099416470297e+03,8.986834310593084796e-01,3.301764887615855903e-02,1.136998774107129268e-01,3.006467164342228604e-01,2.748973193554863914e-01,-8.899476062726942305e-02,-2.667676307752396281e-01,-4.137710687125981113e-01
1.219522229745618006e+03,9.003567342111258309e-01,3.247588183621333974e-02,1.120732418226048632e-01,2.981152344768113194e-01,2.710181952423467711e-01,-8.775673444945447654e-02,-2.639182616853681385e-01,-4.121126460494181631e-01
1.219528360074765487e+03,9.020063638328110756e-01,3.194167189859579287e-02,1.104640491758335369e-01,2.955939934261140878e-01,2.671739574620177748e-01,-8.652929963027371218e-02,-2.610770207479860550e-01,-4.104300856385239560e-01
1.219534490403913196e+03,9.036325346951673554e-01,3.141495379068305616e-02,1.088722479461086273e-01,2.930831397889500090e-01,2.633648981996372651e-01,-8.531256732348924121e-02,-2.582444596657386127e-01,-4.087238667754407029e-01
1.219540620733060678e+03,9.052354632928172329e-01,3.089566158058417236e-02,1.072977832667463549e-01,2.905828171215369404e-01,2.595912871325279370e-01,-8.410664124923122875e-02,-2.554211159545011767e-01,-4.069944716314417010e-01
1.219546751062208386e+03,9.068153677061673301e-01,3.038372872283895409e-02,1.057405970183578625e-01,2.880931660150501950e-01,2.558533719055825495e-01,-8.291161783990230738e-02,-2.526075129903157523e-01,-4.052423850246802961e-01
1.219552881391355868e+03,9.083724674662450038e-01,2.987908810325672418e-02,1.042006279187886186e-01,2.856143240833280417e-01,2.521513786143553260e-01,-8.172758638912749896e-02,-2.498041600695590780e-01,-4.034680941920770758e-01
1.219559011720503577e+03,9.099069834243458388e-01,2.938167208213123341e-02,1.026778116090481252e-01,2.831464259487680435e-01,2.484855122678029660e-01,-8.055462919440796454e-02,-2.470115524628707371e-01,-4.016720885649567863e-01
1.219565142049651058e+03,9.114191376252170906e-01,2.889141253629225539e-02,1.011720807370049546e-01,2.806896032276511299e-01,2.448559572416487140e-01,-7.939282169706014802e-02,-2.442301714689933401e-01,-3.998548595464526678e-01
1.219571272378798767e+03,9.129091531836514006e-01,2.840824089997592491e-02,9.968336503749994360e-02,2.782439845128795719e-01,2.412628777117249157e-01,-7.824223261583451716e-02,-2.414604844597938726e-01,-3.980169002905108444e-01
1.219577402707946248e+03,9.143772541598828019e-01,2.793208820649171684e-02,9.821159142321017610e-02,2.758096953697398712e-01,2.377064181674028165e-01,-7.710292410759594928e-02,-2.387029449872015430e-01,-3.961587054751256609e-01
1.219583533037093957e+03,9.158236654400776500e-01,2.746288512814317601e-02,9.675668407068936661e-02,2.733868583292124455e-01,2.341867038977247240e-01,-7.597495191938466452e-02,-2.359579928795637604e-01,-3.942807710803795662e-01
1.219589663366241439e+03,9.172486126203809320e-01,2.700056201496787295e-02,9.531856450399636693e-02,2.709755928806830139e-01,2.307038414655937231e-01,-7.485836553689663442e-02,-2.332260543365113348e-01,-3.923835941688655904e-01
1.219595793695389148e+03,9.186523218941852198e-01,2.654504893240603597e-02,9.389715167611066560e-02,2.685760154640230990e-01,2.272579191710079605e-01,-7.375320832967645346e-02,-2.305075420222607030e-01,-3.904676726679376930e-01
1.219601924024536629e+03,9.200350199421999386e-01,2.609627569798190702e-02,9.249236204705386932e-02,2.661882394590466272e-01,2.238490074943596808e-01,-7.265951768994866056e-02,-2.278028551491743936e-01,-3.885335051529683614e-01
1.219608054353684338e+03,9.213969338235897810e-01,2.565417191801196845e-02,9.110410967091772672e-02,2.638123751880939172e-01,2.204771596077383100e-01,-7.157732519464678200e-02,-2.251123796196494997e-01,-3.865815906298591953e-01
1.219614184682831819e+03,9.227382908713704923e-01,2.521866702283307241e-02,8.973230627841380369e-02,2.614485299160216880e-01,2.171424118592069907e-01,-7.050665675881470640e-02,-2.224364881560983720e-01,-3.846124283216420525e-01
1.219620315011979528e+03,9.240593185909785623e-01,2.478969030096560278e-02,8.837686135707772950e-02,2.590968078495220484e-01,2.138447842440253377e-01,-6.944753278500043203e-02,-2.197755404280643254e-01,-3.826265174574992600e-01
1.219626445341127010e+03,9.253602445617067351e-01,2.436717093231345263e-02,8.703768222932883880e-02,2.567573101357522036e-01,2.105842808639185604e-01,-6.839996830897694668e-02,-2.171298831765458293e-01,-3.806243570636565487e-01
1.219632575670274719e+03,9.266412963403408698e-01,2.395103802056925205e-02,8.571467412754635307e-02,2.544301348583242750e-01,2.073608903669702241e-01,-6.736397313922080909e-02,-2.144998503279525737e-01,-3.786064457547185236e-01
1.219638705999422200e+03,9.279027013677765279e-01,2.354122062499158438e-02,8.440774027632157173e-02,2.521153770463658850e-01,2.041745864440625280e-01,-6.633955201588703776e-02,-2.118857631623199955e-01,-3.765732815290474544e-01
1.219644836328569909e+03,9.291446868790680380e-01,2.313764779096600874e-02,8.311678197061453388e-02,2.498131286808720763e-01,2.010253282992007506e-01,-6.532670476136612225e-02,-2.092879304687104980e-01,-3.745253615674946079e-01
1.219650966657717390e+03,9.303674798162455684e-01,2.274024857962758314e-02,8.184169865167079116e-02,2.475234787003162684e-01,1.979130611062283884e-01,-6.432542642659011545e-02,-2.067066486966413208e-01,-3.724631820345450928e-01
1.219657096986865099e+03,9.315713067436198758e-01,2.234895209663701962e-02,8.058238798089485677e-02,2.452465130055105913e-01,1.948377164530933625e-01,-6.333570743344722753e-02,-2.041422021037317680e-01,-3.703872378813486965e-01
1.219663227316012581e+03,9.327563937647148640e-01,2.196368752034810398e-02,7.933874591106222784e-02,2.429823144618221686e-01,1.917992127676841352e-01,-6.235753371120587862e-02,-2.015948628926276798e-01,-3.682980226486428088e-01
1.219669357645160289e+03,9.339229664437458389e-01,2.158438412880333765e-02,7.811066676311123613e-02,2.407309629142670715e-01,1.887974557895942262e-01,-6.139088684897347353e-02,-1.990648913978253221e-01,-3.661960282781981380e-01
1.219675487974307771e+03,9.350712497297460901e-01,2.121097132576816105e-02,7.689804329924355975e-02,2.384925351998075094e-01,1.858323390171868483e-01,-6.043574424012280316e-02,-1.965525362591553638e-01,-3.640817449268484163e-01
1.219681618303455480e+03,9.362014678830447023e-01,2.084337866595672648e-02,7.570076679391700425e-02,2.362671051588276228e-01,1.829037441409603060e-01,-5.949207922238062413e-02,-1.940580345904322768e-01,-3.619556607828712802e-01
1.219687748632602961e+03,9.373138444038460193e-01,2.048153587953372920e-02,7.451872710292616053e-02,2.340547436458070563e-01,1.800115414644158918e-01,-5.855986121395588551e-02,-1.915816121435734154e-01,-3.598182618842254987e-01
1.219693878961750670e+03,9.384086019618961272e-01,2.012537289618359163e-02,7.335181273014923509e-02,2.318555185373590566e-01,1.771555903077431937e-01,-5.763905584403548887e-02,-1.891234834618878147e-01,-3.576700319361475477e-01
1.219700009290898151e+03,9.394859623319495867e-01,1.977481986756669460e-02,7.219991089841673593e-02,2.296694947528268582e-01,1.743357394477715316e-01,-5.672962509613851956e-02,-1.866838520787590938e-01,-3.555114521413527684e-01
1.219706139620045860e+03,9.405461463311518555e-01,1.942980718905337745e-02,7.106290761709958825e-02,2.274967342720080610e-01,1.715518275350035038e-01,-5.583152744395494110e-02,-1.842629107027862478e-01,-3.533430010320194326e-01
1.219712269949193342e+03,9.415893737583597156e-01,1.909026552078166988e-02,6.994068774774885033e-02,2.253372961519919115e-01,1.688036834972669042e-01,-5.494471798289824599e-02,-1.818608413974756588e-01,-3.511651543040085754e-01
1.219718400278341051e+03,9.426158633351781058e-01,1.875612580811287719e-02,6.883313506797236747e-02,2.231912365431377165e-01,1.660911269311732830e-01,-5.406914855774964251e-02,-1.794778157558652165e-01,-3.489783846528544675e-01
1.219724530607488532e+03,9.436258326475877034e-01,1.842731930181885913e-02,6.774013233330591910e-02,2.210586087024472290e-01,1.634139684778680157e-01,-5.320476788510997146e-02,-1.771139950644292915e-01,-3.467831616085967350e-01
1.219730660936636241e+03,9.446194980943479758e-01,1.810377757630679887e-02,6.666156134188368221e-02,2.189394630190494295e-01,1.607720102263878459e-01,-5.235152168584109728e-02,-1.747695305078340033e-01,-3.445799513868304520e-01
1.219736791265783722e+03,9.455970748366402390e-01,1.778543254734454154e-02,6.559730299624493000e-02,2.168338470367718318e-01,1.581650460961553650e-01,-5.150935281060943505e-02,-1.724445633602429695e-01,-3.423692167407255127e-01
1.219742921594931431e+03,9.465587767492470439e-01,1.747221648923856160e-02,6.454723736336658024e-02,2.147418054757615213e-01,1.555928622067180300e-01,-5.067820136130291725e-02,-1.701392251707732617e-01,-3.401514168151029693e-01
1.219749051924078913e+03,9.475048163730840356e-01,1.716406205152737341e-02,6.351124373309199878e-02,2.126633802531898709e-01,1.530552372358748858e-01,-4.985800480868781553e-02,-1.678536379435318360e-01,-3.379270070021332950e-01
1.219755182253226621e+03,9.484354048678688143e-01,1.686090227555728238e-02,6.248920067487846036e-02,2.105986105013980259e-01,1.505519427637175833e-01,-4.904869810536977709e-02,-1.655879143072314097e-01,-3.356964387953746964e-01
1.219761312582374103e+03,9.493507519722901300e-01,1.656267060882947451e-02,6.148098609616110127e-02,2.085475325976106353e-01,1.480827436366505545e-01,-4.825021380619802513e-02,-1.633421577211773834e-01,-3.334601596631370790e-01
1.219767442911521812e+03,9.502510659648090163e-01,1.626930091905007605e-02,6.048647729826201608e-02,2.065101801907155143e-01,1.456473983127584415e-01,-4.746248218245090189e-02,-1.611164626681338419e-01,-3.312186129219897857e-01
1.219773573240669293e+03,9.511365536256197739e-01,1.598072750775489381e-02,5.950555103070696850e-02,2.044865842270335299e-01,1.432456591952709635e-01,-4.668543133213555463e-02,-1.589109148411201600e-01,-3.289722376120813863e-01
1.219779703569817002e+03,9.520074201996160390e-01,1.569688512356237978e-02,5.853808354410904025e-02,2.024767729751256184e-01,1.408772729552150160e-01,-4.591898728675362917e-02,-1.567255913246131394e-01,-3.267214683738815517e-01
1.219785833898964484e+03,9.528638693590925079e-01,1.541770897544385809e-02,5.758395064168318755e-02,2.004807720481028011e-01,1.385419808416769039e-01,-4.516307411389947069e-02,-1.545605607657729585e-01,-3.244667353227793094e-01
1.219791964228112192e+03,9.537061031744568096e-01,1.514313474357119327e-02,5.664302773132680324e-02,1.984986044368670099e-01,1.362395190054172811e-01,-4.441761402507235501e-02,-1.524158835776907028e-01,-3.222084639455670141e-01
1.219798094557259674e+03,9.545343220850301957e-01,1.487309859004894673e-02,5.571518987564373637e-02,1.965302905404265610e-01,1.339696188061143545e-01,-4.368252747798328367e-02,-1.502916121300392482e-01,-3.199470749962538552e-01
1.219804224886407383e+03,9.553487248706615809e-01,1.460753716933524578e-02,5.480031184056248506e-02,1.945758481951528063e-01,1.317320071087213496e-01,-4.295773327527682012e-02,-1.481877909335956867e-01,-3.176829843933905995e-01
1.219810355215554864e+03,9.561495086240278107e-01,1.434638763839553126e-02,5.389826814269427918e-02,1.926352927030322848e-01,1.295264065699517630e-01,-4.224314865999789781e-02,-1.461044568191350312e-01,-3.154166031185619001e-01
1.219816485544702573e+03,9.569368687223187564e-01,1.408958766699157372e-02,5.300893309561681421e-02,1.907086368574951452e-01,1.273525359140805224e-01,-4.153868940742968391e-02,-1.440416391069024582e-01,-3.131483371122683601e-01
1.219822615873850054e+03,9.577109988072547431e-01,1.383707544541847370e-02,5.213218085580702960e-02,1.887958909794714146e-01,1.252101102164407953e-01,-4.084426992022724412e-02,-1.419993598039539506e-01,-3.108785871937118084e-01
1.219828746202997763e+03,9.584720907647189536e-01,1.358878969228547763e-02,5.126788546689711734e-02,1.868970629505569137e-01,1.230988411728207166e-01,-4.015980331876575077e-02,-1.399776337895719813e-01,-3.086077489791132500e-01
1.219834876532145245e+03,9.592203347048910977e-01,1.334466966208896002e-02,5.041592090270814036e-02,1.850121582450744706e-01,1.210184373590813406e-01,-3.948520152824053220e-02,-1.379764689946194056e-01,-3.063362128011895003e-01
1.219841006861292954e+03,9.599559189427772088e-01,1.310465515261444343e-02,4.957616110919832453e-02,1.831411799611029623e-01,1.189686044819380228e-01,-3.882037536282822304e-02,-1.359958665753534524e-01,-3.040643636295026209e-01
1.219847137190440435e+03,9.606790299778265041e-01,1.286868651257529368e-02,4.874848004561228854e-02,1.812841288491674752e-01,1.169490456207247092e-01,-3.816523460675128737e-02,-1.340358210784539927e-01,-3.017925809877563537e-01
1.219853267519588144e+03,9.613898524820410074e-01,1.263670464662464132e-02,4.793275172448778487e-02,1.794410033504052482e-01,1.149594614720981373e-01,-3.751968809701242830e-02,-1.320963206300014847e-01,-2.995212388964765271e-01
1.219859397848735625e+03,9.620885692872989114e-01,1.240865102054745754e-02,4.712885025033958925e-02,1.776117996318911096e-01,1.129995505828368663e-01,-3.688364380204636056e-02,-1.301773471133015336e-01,-2.972507058134508662e-01
1.219865528177883334e+03,9.627753613728980975e-01,1.218446766633861367e-02,4.633664985730437391e-02,1.757965116208324297e-01,1.110690095740217292e-01,-3.625700889748403183e-02,-1.282788763408276023e-01,-2.949813445749484009e-01
1.219871658507030816e+03,9.634504078532404314e-01,1.196409718719563219e-02,4.555602494586904333e-02,1.739951310377103044e-01,1.091675333574493867e-01,-3.563968983931079665e-02,-1.264008782208043136e-01,-2.927135123374786652e-01
1.219877788836178524e+03,9.641138859643539893e-01,1.174748276283383089e-02,4.478685011905590013e-02,1.722076474271816426e-01,1.072948153446256769e-01,-3.503159243444282228e-02,-1.245433169156984904e-01,-2.904475605160916074e-01
1.219883919165326006e+03,9.647659710589369109e-01,1.153456815214492712e-02,4.402900021678768372e-02,1.704340481976616140e-01,1.054505476547585446e-01,-3.443262191161414187e-02,-1.227061510209935258e-01,-2.881838347490132124e-01
1.219890049494473715e+03,9.654068366002778179e-01,1.132529769615164481e-02,4.328235034926136704e-02,1.686743186581461384e-01,1.036344213129324482e-01,-3.384268298885548948e-02,-1.208893337336610641e-01,-2.859226748593257095e-01
1.219896179823621196e+03,9.660366541561519194e-01,1.111961632093099242e-02,4.254677592945949743e-02,1.669284420538882929e-01,1.018461264408265510e-01,-3.326167993845261656e-02,-1.190928130150136904e-01,-2.836644148170227031e-01
1.219902310152768905e+03,9.666555933926358479e-01,1.091746954052685674e-02,4.182215270490466374e-02,1.651963996010052393e-01,1.000853524407282619e-01,-3.268951664963361259e-02,-1.173165317484450715e-01,-2.814093827012442151e-01
1.219908440481916386e+03,9.672638220665585873e-01,1.071880346025589487e-02,4.110835678910643165e-02,1.634781705189614076e-01,9.835178817362630332e-02,-3.212609668916266425e-02,-1.155604278898096221e-01,-2.791579006586905609e-01
1.219914570811064095e+03,9.678615060263909831e-01,1.052356477736517484e-02,4.040526469061954395e-02,1.617737320709166093e-01,9.664512213310424982e-02,-3.157132336112906945e-02,-1.138244346346930364e-01,-2.769102848888378987e-01
1.219920701140211577e+03,9.684488092117403690e-01,1.033170078208133814e-02,3.971275334141499691e-02,1.600830596014134466e-01,9.496504261135389757e-02,-3.102509976396037455e-02,-1.121084805762745246e-01,-2.746668456255444424e-01
1.219926831469359286e+03,9.690258936526109368e-01,1.014315935869950988e-02,3.903070012455429894e-02,1.584061265729131140e-01,9.331123785885789279e-02,-3.048732884527415379e-02,-1.104124898578895397e-01,-2.724278871186135431e-01
1.219932961798506767e+03,9.695929194683895469e-01,9.957888986726571787e-03,3.835898290126077415e-02,1.567429046012621952e-01,9.168339623840558728e-02,-2.995791345479062104e-02,-1.087363823207876529e-01,-2.701937076151733064e-01
1.219939092127654476e+03,9.701500448653130881e-01,9.775838742474285414e-03,3.769748003789603896e-02,1.550933634891604462e-01,9.008120637456509816e-02,-2.943675639560334317e-02,-1.070800736452737906e-01,-2.679645993369207391e-01
1.219945222456801957e+03,9.706974261422041117e-01,9.596958298042608873e-03,3.704607043007661360e-02,1.534574712666667562e-01,8.850435729640918070e-02,-2.892376047374645154e-02,-1.054434755056256473e-01,-2.657408484841837226e-01
1.219951352785949666e+03,9.712352176945947546e-01,9.421197920771758397e-03,3.640463352638127759e-02,1.518351942291656931e-01,8.695253857413388909e-02,-2.841882854556898597e-02,-1.038264957165189323e-01,-2.635227352357955577e-01
1.219957483115097148e+03,9.717635720184394366e-01,9.248508472794524787e-03,3.577304935151756626e-02,1.502264969741909650e-01,8.542544045041711165e-02,-2.792186356329316027e-02,-1.022290383745189241e-01,-2.613105337485177593e-01
1.219963613444244857e+03,9.722826397133955689e-01,9.078841410697782027e-03,3.515119852902810760e-02,1.486313424371902003e-01,8.392275396709109048e-02,-2.743276861895019986e-02,-1.006510039951099833e-01,-2.591045121559164000e-01
1.219969743773392338e+03,9.727925694844666848e-01,8.912148785676863791e-03,3.453896230409102958e-02,1.470496919254211388e-01,8.244417108851220810e-02,-2.695144698708464015e-02,-9.909228964384604599e-02,-2.569049325628349756e-01
1.219975874102540047e+03,9.732935081516757014e-01,8.748383241143738859e-03,3.393622256308249929e-02,1.454815051580691798e-01,8.098938481621732743e-02,-2.647780216505017312e-02,-9.755278907845214842e-02,-2.547120510663163362e-01
1.219982004431687528e+03,9.737856006579613810e-01,8.587498010863944126e-03,3.334286185297954952e-02,1.439267403039635740e-01,7.955808929906602045e-02,-2.601173791164033272e-02,-9.603239288334755597e-02,-2.525261177718410299e-01
1.219988134760835237e+03,9.742689900765203470e-01,8.429446917243536494e-03,3.275876340036439072e-02,1.423853540181670707e-01,7.814997993911339258e-02,-2.555315828422565633e-02,-9.453098859962437428e-02,-2.503473768087150497e-01
1.219994265089982719e+03,9.747438176175856617e-01,8.274184369771115169e-03,3.218381113010231054e-02,1.408573014775313381e-01,7.676475349371138235e-02,-2.510196767456648187e-02,-9.304846085093580743e-02,-2.481760663445702897e-01
1.220000395419130427e+03,9.752102226334851132e-01,8.121665363983687075e-03,3.161788968427940022e-02,1.393425364145207956e-01,7.540210817540890509e-02,-2.465807084376112762e-02,-9.158469146422501539e-02,-2.460124185952469178e-01
1.220006525748277909e+03,9.756683426314409768e-01,7.971845477969217997e-03,3.106088443760792600e-02,1.378410111564598028e-01,7.406174374166991925e-02,-2.422137295424869885e-02,-9.013955959886227332e-02,-2.438566598604203495e-01
1.220012656077425618e+03,9.761183132844725163e-01,7.824680869441885331e-03,3.051268151289100380e-02,1.363526766625249298e-01,7.274336158148118903e-02,-2.379177960061519895e-02,-8.871294186909392532e-02,-2.417090105541291889e-01
1.220018786406573099e+03,9.765602684416295753e-01,7.680128273008382869e-03,2.997316779622175020e-02,1.348774825596439908e-01,7.144666479860109498e-02,-2.336919683920502672e-02,-8.730471246235747829e-02,-2.395696852340909455e-01
1.220024916735720808e+03,9.769943401375583703e-01,7.538144997625965439e-03,2.944223095197664661e-02,1.334153771773945729e-01,7.017135829186822715e-02,-2.295353121668125204e-02,-8.591474325388756550e-02,-2.374388926298092173e-01
1.220031047064868289e+03,9.774206586002976982e-01,7.398688924605059669e-03,2.891975943821382261e-02,1.319663075813130304e-01,6.891714883427310645e-02,-2.254468979804514703e-02,-8.454290391685718997e-02,-2.353168356659114668e-01
1.220037177394015998e+03,9.778393522664855508e-01,7.261718503245206263e-03,2.840564251831644016e-02,1.305302196108526769e-01,6.768374514079912585e-02,-2.214258019131571872e-02,-8.318906203865329696e-02,-2.332037115102356672e-01
1.220043307723163480e+03,9.782505477945927508e-01,7.127192747074539460e-03,2.789977027288945838e-02,1.291070579152480413e-01,6.647085793438063661e-02,-2.174711057142518847e-02,-8.185308323132760300e-02,-2.310997116165030285e-01
1.220049438052311189e+03,9.786543700773966403e-01,6.995071230312640762e-03,2.740203361151087244e-02,1.276967659883308515e-01,6.527820000931952582e-02,-2.135818970319043608e-02,-8.053483123832917701e-02,-2.290050217654522602e-01
1.220055568381458670e+03,9.790509422537082562e-01,6.865314084553400704e-03,2.691232428438474281e-02,1.262992862023830376e-01,6.410548629250301111e-02,-2.097572696347881072e-02,-7.923416803790769847e-02,-2.269198221044721187e-01
1.220061698710606379e+03,9.794403857183073825e-01,6.737881996004263692e-03,2.643053489452432819e-02,1.249145598405504987e-01,6.295243390421717544e-02,-2.059963236311501342e-02,-7.795095394271561728e-02,-2.248442871823763956e-01
1.220067829039753860e+03,9.798228201389311831e-01,6.612736200465697128e-03,2.595655890602413529e-02,1.235425271331654223e-01,6.181876220703941965e-02,-2.022981656517568519e-02,-7.668504770353312683e-02,-2.227785860077070579e-01
1.220073959368901569e+03,9.801983634712480020e-01,6.489838478933118368e-03,2.549029065275282627e-02,1.221831272921443112e-01,6.070419285389937192e-02,-1.986619090285636838e-02,-7.543630660798998633e-02,-2.207228821013977882e-01
1.220080089698049051e+03,9.805671319730048241e-01,6.369151153446374510e-03,2.503162534700706029e-02,1.208362985443880294e-01,5.960844983431964894e-02,-1.950866739665487251e-02,-7.420458657597824026e-02,-2.186773335476138447e-01
1.220086220027196759e+03,9.809292402173708236e-01,6.250637083180811057e-03,2.458045908816441222e-02,1.195019781642699813e-01,5.853125951911562763e-02,-1.915715877096858463e-02,-7.298974225211495026e-02,-2.166420930428408220e-01
1.220092350356344241e+03,9.812848011044886798e-01,6.134259661098532233e-03,2.413668887197207083e-02,1.181801025048358489e-01,5.747235070539530311e-02,-1.881157847067340544e-02,-7.179162709502732997e-02,-2.146173079400883477e-01
1.220098480685491950e+03,9.816339258797074363e-01,6.019982808453212472e-03,2.370021259582455464e-02,1.168706070322087370e-01,5.643145464924122917e-02,-1.847184067391911474e-02,-7.061009346899345396e-02,-2.126031203152187465e-01
1.220104611014639431e+03,9.819767241497873167e-01,5.907770969926285677e-03,2.327092906460618768e-02,1.155734263582467308e-01,5.540830509845113411e-02,-1.813786030480135647e-02,-6.944499273135648632e-02,-2.105996670275061544e-01
1.220110741343787140e+03,9.823133038982339027e-01,5.797589109028177673e-03,2.284873799658908647e-02,1.142884942722631331e-01,5.440263832408760714e-02,-1.780955304556149435e-02,-6.829617531702927846e-02,-2.086070797781353070e-01
1.220116871672934622e+03,9.826437714997879880e-01,5.689402703756165844e-03,2.243354002941548922e-02,1.130157437718908447e-01,5.341419315105788018e-02,-1.748683534839239051e-02,-6.716349082041696283e-02,-2.066254851667425063e-01
1.220123002002082330e+03,9.829682317331448482e-01,5.583177742809371236e-03,2.202523672680232678e-02,1.117551070928068657e-01,5.244271098957650062e-02,-1.716962444742698921e-02,-6.604678807473826629e-02,-2.046550047430956976e-01
1.220129132331229812e+03,9.832867877999728057e-01,5.478880719774818948e-03,2.162373058118679386e-02,1.105065157410076160e-01,5.148793585416061580e-02,-1.685783836685762066e-02,-6.494591523217353723e-02,-2.026957550793773433e-01
1.220135262660377521e+03,9.835995413419172939e-01,5.376478627945237114e-03,2.122892501705750043e-02,1.092699005235166360e-01,5.054961438342223112e-02,-1.655139592918679695e-02,-6.386071984050865902e-02,-2.007478478366531427e-01
1.220141392989525002e+03,9.839065924567050869e-01,5.275938955412956197e-03,2.084072439442224631e-02,1.080451915782174865e-01,4.962749585920677581e-02,-1.625021676318771577e-02,-6.279104891725051374e-02,-1.988113898290886639e-01
1.220147523318672711e+03,9.842080397133852188e-01,5.177229680430361566e-03,2.045903401243576170e-02,1.068323184028964062e-01,4.872133222525350249e-02,-1.595422131163746343e-02,-6.173674902151557453e-02,-1.968864830860511395e-01
1.220153653647820192e+03,9.845039801658304057e-01,5.080319267318677418e-03,2.008376011381860296e-02,1.056312098832906665e-01,4.783087810721184385e-02,-1.566333083939798476e-02,-6.069766632384715477e-02,-1.949732249094261460e-01
1.220159783976967901e+03,9.847945093721590659e-01,4.985176660467103768e-03,1.971480988521336422e-02,1.044417943230831758e-01,4.695589082023896715e-02,-1.537746743761169398e-02,-5.967364667554875268e-02,-1.930717079499375821e-01
1.220165914306115383e+03,9.850797214121748135e-01,4.891771278956421817e-03,1.935209145832418598e-02,1.032639994725048360e-01,4.609613037799119295e-02,-1.509655402823663513e-02,-5.866453567517589118e-02,-1.911820202776804145e-01
1.220172044635263092e+03,9.853597089038943491e-01,4.800073011465109431e-03,1.899551391126442015e-02,1.020977525561344301e-01,4.525135950141972313e-02,-1.482051436844782598e-02,-5.767017873286544444e-02,-1.893042454502676664e-01
1.220178174964410573e+03,9.856345630192013818e-01,4.710052211446932174e-03,1.864498727012833118e-02,1.009429802999761705e-01,4.442134362750080334e-02,-1.454927305495236356e-02,-5.669042113277231870e-02,-1.874384625787477165e-01
1.220184305293558282e+03,9.859043734978122364e-01,4.621679692843728635e-03,1.830042251140799950e-02,9.979960895768638651e-02,4.360585091969822885e-02,-1.428275552878543152e-02,-5.572510809391884729e-02,-1.855847463888627980e-01
1.220190435622705763e+03,9.861692286667831375e-01,4.534926724007136249e-03,1.796173156037978585e-02,9.866756433818842098e-02,4.280465226620870645e-02,-1.402088807625888507e-02,-5.477408482944724766e-02,-1.837431672996639731e-01
1.220196565951853472e+03,9.864292154580834859e-01,4.449765022232047423e-03,1.762882729035352911e-02,9.754677183207233204e-02,4.201752128007798376e-02,-1.376359783041798505e-02,-5.383719660363915638e-02,-1.819137914964447378e-01
1.220202696281000954e+03,9.866844194252583078e-01,4.366166748574586316e-03,1.730162352219045963e-02,9.643715643726821773e-02,4.124423429950194175e-02,-1.351081277249538068e-02,-5.291428878711589706e-02,-1.800966810012034347e-01
1.220208826610148662e+03,9.869349247592219543e-01,4.284104502942242924e-03,1.698003502409823479e-02,9.533864278406375958e-02,4.048457038840171801e-02,-1.326246173339612131e-02,-5.200520691045602134e-02,-1.782918937407989568e-01
1.220214956939296144e+03,9.871808143024183302e-01,4.203551319702628769e-03,1.666397751231198793e-02,9.425115515941266675e-02,3.973831133902204493e-02,-1.301847439576830912e-02,-5.110979671666495555e-02,-1.764994836106209275e-01
1.220221087268443853e+03,9.874221695681557609e-01,4.124480661618022334e-03,1.635336764780872740e-02,9.317461753212488706e-02,3.900524166263608095e-02,-1.277878129230789264e-02,-5.022790421111863329e-02,-1.747195005539650126e-01
1.220227217597591334e+03,9.876590707580693573e-01,4.046866414374169184e-03,1.604812303394562850e-02,9.210895357701338881e-02,3.828514858248795866e-02,-1.254331380470360795e-02,-4.935937570982448785e-02,-1.729519906358927828e-01
1.220233347926739043e+03,9.878915967786835450e-01,3.970682881391787364e-03,1.574816221441695252e-02,9.105408669838997715e-02,3.757782202722979858e-02,-1.231200416268680813e-02,-4.850405788617994512e-02,-1.711969961145779484e-01
1.220239478255886524e+03,9.881198252571180562e-01,3.895904778907896028e-03,1.545340467153290265e-02,9.000994005297764666e-02,3.688305462491097558e-02,-1.208478544320942295e-02,-4.766179781643856833e-02,-1.694545555103156576e-01
1.220245608585034233e+03,9.883438325552277304e-01,3.822507231556416998e-03,1.516377082541260461e-02,8.897643657224897640e-02,3.620064169920480385e-02,-1.186159157028660385e-02,-4.683244302442070989e-02,-1.677247036702556038e-01
1.220251738914181715e+03,9.885636937885565745e-01,3.750465766388137983e-03,1.487918202929925000e-02,8.795349898518736720e-02,3.553038125415443338e-02,-1.164235731118765278e-02,-4.601584152293341362e-02,-1.660074718472054067e-01
1.220257869243329424e+03,9.887794828434940397e-01,3.679756307464021863e-03,1.459956056584472799e-02,8.694104984017257676e-02,3.487207396143021665e-02,-1.142701827336773529e-02,-4.521184185400266287e-02,-1.643028877731428916e-01
1.220263999572476905e+03,9.889912723935487815e-01,3.610355170726535761e-03,1.432482964375391549e-02,8.593901152629279672e-02,3.422552314832940507e-02,-1.121551090159178012e-02,-4.442029312789563117e-02,-1.626109757302141301e-01
1.220270129901624614e+03,9.891991339147871987e-01,3.542239059135686343e-03,1.405491339478676278e-02,8.494730629414444512e-02,3.359053478654829006e-02,-1.100777247526435465e-02,-4.364104506111581711e-02,-1.609317566194020388e-01
1.220276260230772095e+03,9.894031376997767246e-01,3.475385058282806638e-03,1.378973687169082404e-02,8.396585627618423364e-02,3.296691748333887423e-02,-1.080374110648064066e-02,-4.287394801398909661e-02,-1.592652480251529890e-01
1.220282390559919804e+03,9.896033528760004305e-01,3.409770630553573233e-03,1.352922604236671614e-02,8.299458350709805476e-02,3.235448246166595931e-02,-1.060335573456528541e-02,-4.211885302434641848e-02,-1.576114642924914266e-01
1.220288520889067286e+03,9.897998474225496723e-01,3.345373609840795494e-03,1.327330778503428566e-02,8.203340994345401094e-02,3.175304354306738436e-02,-1.040655612142494385e-02,-4.137561184045863288e-02,-1.559704165991097347e-01
1.220294651218214995e+03,9.899926881859648642e-01,3.282172196527934852e-03,1.302190988378997168e-02,8.108225748285566303e-02,3.116241713144763531e-02,-1.021328284716136077e-02,-4.064407695302554857e-02,-1.543421130249771345e-01
1.220300781547362476e+03,9.901819408952634571e-01,3.220144952730286027e-03,1.277496102455090085e-02,8.014104798265657414e-02,3.058242219781577564e-02,-1.002347730595216056e-02,-3.992410162638111021e-02,-1.527265586196632496e-01
1.220306911876510185e+03,9.903676701755506073e-01,3.159270797990889994e-03,1.253239079193551805e-02,7.920970327834471469e-02,3.001288026749821328e-02,-9.837081702689797966e-03,-3.921553992959234819e-02,-1.511237554658764470e-01
1.220313042205657666e+03,9.905499395657688666e-01,3.099529003631129424e-03,1.229412966250514015e-02,7.828814520158645929e-02,2.945361539687929575e-02,-9.654039046265867549e-03,-3.851824676317725654e-02,-1.495337027539746511e-01
1.220319172534805375e+03,9.907288115348144020e-01,3.040899187625332924e-03,1.206010899902351489e-02,7.737629559770248244e-02,2.890445415296512624e-02,-9.474293143717563842e-03,-3.783207788545896177e-02,-1.479563968517460804e-01
1.220325302863952857e+03,9.909043474968284304e-01,2.983361309737287814e-03,1.183026104513262497e-02,7.647407634271979893e-02,2.836522559402635327e-02,-9.297788594687866198e-03,-3.715688993821535807e-02,-1.463918313717803010e-01
1.220331433193100565e+03,9.910766078257094991e-01,2.926895666905549118e-03,1.160451892043646432e-02,7.558140936005501576e-02,2.783576125131246096e-02,-9.124470786200017391e-03,-3.649254047176289650e-02,-1.448399972366253841e-01
1.220337563522248047e+03,9.912456518682836171e-01,2.871482889059694642e-03,1.138281661651925278e-02,7.469821663697787106e-02,2.731589511328451347e-02,-8.954285888211396122e-03,-3.583888797019713079e-02,-1.433008827404331498e-01
1.220343693851395756e+03,9.914115379613027690e-01,2.817103933691508279e-03,1.116508898946454338e-02,7.382442024042015771e-02,2.680546359992993372e-02,-8.787180845981189953e-03,-3.519579187189095931e-02,-1.417744736201373978e-01
1.220349824180543237e+03,9.915743234468951117e-01,2.763740080923423551e-03,1.095127175339944033e-02,7.295994233235726656e-02,2.630430553996412901e-02,-8.623103373329391724e-03,-3.456311258996554170e-02,-1.402607531222259118e-01
1.220355954509690946e+03,9.917340646872271348e-01,2.711372928828623477e-03,1.074130147447302161e-02,7.210470518483964864e-02,2.581226214921556600e-02,-8.462001946248748005e-03,-3.394071153227248144e-02,-1.387597020672018677e-01
1.220362084838838427e+03,9.918908170784195288e-01,2.659984388989679663e-03,1.053511556525698646e-02,7.125863119471956275e-02,2.532917701017030690e-02,-8.303825796864406847e-03,-3.332845112100249474e-02,-1.372712989119206084e-01
1.220368215167986136e+03,9.920446350631992871e-01,2.609556682464048670e-03,1.033265228007168406e-02,7.042164289826249868e-02,2.485489605404074195e-02,-8.148524908181017240e-03,-3.272619481267763364e-02,-1.357955198087036075e-01
1.220374345497133618e+03,9.921955721470855361e-01,2.560072334599518273e-03,1.013385070696271387e-02,6.959366298483272983e-02,2.438926753348550497e-02,-7.996050005819016482e-03,-3.213380711314416799e-02,-1.343323386726346658e-01
1.220380475826281327e+03,9.923436809131126468e-01,2.511514170319441991e-03,9.938650760699784675e-03,6.877461431028171479e-02,2.393214199823101573e-02,-7.846352550654607863e-03,-3.155115359282712612e-02,-1.328817272447900821e-01
1.220386606155428808e+03,9.924890130358073881e-01,2.463865309648290494e-03,9.746993176221159863e-03,6.796441991005448824e-02,2.348337227194519788e-02,-7.699384731839666214e-03,-3.097810090168598082e-02,-1.314436551532754405e-01
1.220392736484576517e+03,9.926316192944520944e-01,2.417109163464770550e-03,9.558819502509642921e-03,6.716300301205559153e-02,2.304281343032836896e-02,-7.555099460192466615e-03,-3.041451678396855929e-02,-1.300180899722512551e-01
1.220398866813723998e+03,9.927715495851638927e-01,2.371229429637655619e-03,9.374072097378510424e-03,6.637028704949447799e-02,2.261032278170210102e-02,-7.413450362372799550e-03,-2.986027009353989931e-02,-1.286049972780291539e-01
1.220404997142871707e+03,9.929088529362277704e-01,2.326210088101006088e-03,9.192694119063591837e-03,6.558619567257174821e-02,2.218575983882025218e-02,-7.274391772224012009e-03,-2.931523080404340245e-02,-1.272043407120917735e-01
1.220411127472019189e+03,9.930435775220586292e-01,2.282035396371639904e-03,9.014629518826870053e-03,6.481065275998922071e-02,2.176898629355833448e-02,-7.137878723017750116e-03,-2.877927001957013287e-02,-1.258160820403980695e-01
1.220417257801166897e+03,9.931757706764521298e-01,2.238689885294950933e-03,8.839823034011838609e-03,6.404358243024310671e-02,2.135986599289477900e-02,-7.003866940095732248e-03,-2.825225998519642623e-02,-1.244401812106308847e-01
1.220423388130314379e+03,9.933054789051634081e-01,2.196158355006714268e-03,8.668220181534541657e-03,6.328490905273646827e-02,2.095826491614019571e-02,-6.872312833896232660e-03,-2.773407409746910662e-02,-1.230765964075600377e-01
1.220429518459462088e+03,9.934327478973749015e-01,2.154425871253609799e-03,8.499767252263477554e-03,6.253455725895543105e-02,2.056405115461200361e-02,-6.743173493752545669e-03,-2.722458691562361366e-02,-1.217252841057668150e-01
1.220435648788609569e+03,9.935576225401596684e-01,2.113477760737270377e-03,8.334411302365712232e-03,6.179245195229218085e-02,2.017709488309800056e-02,-6.616406679036337599e-03,-2.672367416754564684e-02,-1.203861991281362231e-01
1.220441779117757278e+03,9.936801469316598467e-01,2.073299606873223785e-03,8.172100145646775740e-03,6.105851831780199218e-02,1.979726833414369516e-02,-6.491970811191617903e-03,-2.623121275644717948e-02,-1.190592947009897762e-01
1.220447909446904760e+03,9.938003643935942044e-01,2.033877245765695462e-03,8.012782346343155088e-03,6.033268183180191813e-02,1.942444577364573627e-02,-6.369824966174084807e-03,-2.574708076755408137e-02,-1.177445225073025792e-01
1.220454039776052468e+03,9.939183174831316414e-01,1.995196762386623746e-03,7.856407212350839317e-03,5.961486827134637734e-02,1.905850347770349576e-02,-6.249928867281843645e-03,-2.527115747487193587e-02,-1.164418327381776530e-01
1.220460170105199950e+03,9.940340480037287429e-01,1.957244487089868784e-03,7.702924789317138442e-03,5.890500372384105399e-02,1.869931971184294814e-02,-6.132242878738500790e-03,-2.480332334881278286e-02,-1.151511741419661006e-01
1.220466300434347659e+03,9.941475970187187983e-01,1.920006991227730898e-03,7.552285851860763947e-03,5.820301459514506254e-02,1.834677470258492052e-02,-6.016727996796553644e-03,-2.434346005854352499e-02,-1.138724940781028205e-01
1.220472430763495140e+03,9.942590048637008904e-01,1.883471083155330121e-03,7.404441895761402007e-03,5.750882761770319263e-02,1.800075061175612778e-02,-5.903345841710081789e-03,-2.389145047521636089e-02,-1.126057385679277018e-01
1.220478561092642849e+03,9.943683111582996004e-01,1.847623804438397249e-03,7.259345130599450038e-03,5.682236985857710282e-02,1.766113151210278731e-02,-5.792058650114830995e-03,-2.344717867533559208e-02,-1.113508523437471837e-01
1.220484691421790330e+03,9.944755548173276338e-01,1.812452426253309545e-03,7.116948472828048960e-03,5.614356872740493970e-02,1.732780336415375849e-02,-5.682829267799861632e-03,-2.301052994431306009e-02,-1.101077788962984000e-01
1.220490821750938039e+03,9.945807740609845515e-01,1.777944446099542991e-03,6.977205539679595496e-03,5.547235198456643840e-02,1.700065399536846919e-02,-5.575621143206651621e-03,-2.258139078098648361e-02,-1.088764605201376079e-01
1.220496952080085521e+03,9.946840064275812576e-01,1.744087583687793912e-03,6.840070640361875683e-03,5.480864774770613512e-02,1.667957307216593951e-02,-5.470398318618932033e-03,-2.215964889689215830e-02,-1.076568383627869302e-01
1.220503082409233230e+03,9.947852887851456050e-01,1.710869777189811917e-03,6.705498768195239899e-03,5.415238449837470741e-02,1.636445207459855458e-02,-5.367125422194181025e-03,-2.174519321655552992e-02,-1.064488524712076389e-01
1.220509212738380711e+03,9.948846573424396933e-01,1.678279179679208763e-03,6.573445593193956438e-03,5.350349108862139519e-02,1.605518427230877634e-02,-5.265767660398928442e-03,-2.133791387802372319e-02,-1.052524418366738018e-01
1.220515343067528420e+03,9.949821476594172820e-01,1.646304155752516696e-03,6.443867455072555851e-03,5.286189674756015811e-02,1.575166470171169772e-02,-5.166290810830496960e-03,-2.093770223367813488e-02,-1.040675444381929104e-01
1.220521473396675901e+03,9.950777946567864740e-01,1.614933278440789993e-03,6.316721357055463289e-03,5.222753108820118312e-02,1.545379014536465111e-02,-5.068661215737426534e-03,-2.054445085208916194e-02,-1.028940972841207585e-01
1.220527603725823610e+03,9.951716326278866598e-01,1.584155325365147219e-03,6.191964957136000987e-03,5.160032411253909213e-02,1.516145910473373770e-02,-4.972845773395174335e-03,-2.015805351470438891e-02,-1.017320364566756258e-01
1.220533734054971092e+03,9.952636952495280687e-01,1.553959275228737310e-03,6.069556560244090092e-03,5.098020621683619497e-02,1.487457177549319012e-02,-4.878811930290669410e-03,-1.977840521366058812e-02,-1.005812971541064499e-01
1.220539864384118800e+03,9.953540155922794286e-01,1.524334304487384543e-03,5.949455110848927454e-03,5.036710819690282809e-02,1.459303002407504393e-02,-4.786527673702502261e-03,-1.940540214992452980e-02,-9.944181373141913749e-02
1.220545994713266282e+03,9.954426261405340259e-01,1.495269780827770739e-03,5.831620174913260124e-03,4.976096124589671210e-02,1.431673733690503811e-02,-4.695961515425367550e-03,-1.903894171088006335e-02,-9.831351975312370428e-02
1.220552125042413991e+03,9.955295587537519308e-01,1.466755275840124105e-03,5.716011984834324343e-03,4.916169699436628848e-02,1.404559893232374367e-02,-4.607082528183004469e-03,-1.867892256723759428e-02,-9.719634796949348787e-02
1.220558255371561472e+03,9.956148447651715916e-01,1.438780532830966812e-03,5.602591336959451308e-03,4.856924745124100579e-02,1.377952149144844561e-02,-4.519860258604832537e-03,-1.832524448830823507e-02,-9.609023046993893369e-02
1.220564385700709181e+03,9.956985149180441752e-01,1.411335487651414365e-03,5.491319662740174953e-03,4.798354506000700181e-02,1.351841333860142984e-02,-4.434264785800800558e-03,-1.797780848744354523e-02,-9.499509862349712896e-02
1.220570516029856662e+03,9.957805993775841191e-01,1.384410264824195106e-03,5.382159019616199365e-03,4.740452270381494138e-02,1.326218441359682150e-02,-4.350266712565884104e-03,-1.763651681988702771e-02,-9.391088312677878247e-02
1.220576646359004371e+03,9.958611278180864446e-01,1.357995149123847681e-03,5.275071998851727124e-03,4.683211364740890587e-02,1.301074603073978930e-02,-4.267837087348441867e-03,-1.730127280557676797e-02,-9.283751412216147136e-02
1.220582776688151853e+03,9.959401293045244685e-01,1.332080624251290660e-03,5.170021857782286512e-03,4.626625164247349237e-02,1.276401121513543249e-02,-4.186947513455191450e-03,-1.697198110612184799e-02,-9.177492109507645601e-02
1.220588907017299562e+03,9.960176324288293470e-01,1.306657328361257153e-03,5.066972373549344551e-03,4.570687082915309701e-02,1.252189432367943785e-02,-4.107570026251934278e-03,-1.664854744023222533e-02,-9.072303304518777867e-02
1.220595037346447043e+03,9.960936652415246506e-01,1.281716076400118672e-03,4.965887920563123552e-03,4.515390580133282761e-02,1.228431124013290056e-02,-4.029677156545764805e-03,-1.633087874735526454e-02,-8.968177843531843774e-02
1.220601167675594752e+03,9.961682552628273735e-01,1.257247856503426742e-03,4.866733461565772405e-03,4.460729161041782076e-02,1.205117934846528481e-02,-3.953241922088924012e-03,-1.601888318323276342e-02,-8.865108523439160781e-02
1.220607298004742233e+03,9.962414295626490501e-01,1.233243803881594507e-03,4.769474460800801272e-03,4.406696370401613078e-02,1.182241730859926940e-02,-3.878237754865614985e-03,-1.571246994528595342e-02,-8.763088100813816450e-02
1.220613428333889942e+03,9.963132146521124222e-01,1.209695236272186709e-03,4.674077007914416958e-03,4.353285803390437997e-02,1.159794536781082186e-02,-3.804638602321909306e-03,-1.541154954157369222e-02,-8.662109285158729743e-02
1.220619558663037424e+03,9.963836366086217255e-01,1.186593613101294669e-03,4.580507680359791230e-03,4.300491095298258903e-02,1.137768500846193451e-02,-3.732418813076515771e-03,-1.511603351125685203e-02,-8.562164751760167891e-02
1.220625688992185133e+03,9.964527210132617663e-01,1.163930555947570184e-03,4.488733615866086386e-03,4.248305928175913349e-02,1.116155912843894323e-02,-3.661553195609417669e-03,-1.482583458307800209e-02,-8.463247138582935536e-02
1.220631819321332614e+03,9.965204929610861351e-01,1.141697845199425533e-03,4.398722503736992098e-03,4.196724031094745122e-02,1.094949201568598020e-02,-3.592017010116027240e-03,-1.454086666904778370e-02,-8.365349050087958482e-02
1.220637949650480323e+03,9.965869771345037265e-01,1.119887396086719162e-03,4.310442503260640892e-03,4.145739173770547625e-02,1.074140914003905017e-02,-3.523785900924932078e-03,-1.426104469365835868e-02,-8.268463063841480221e-02
1.220644079979627804e+03,9.966521977039697333e-01,1.098491291148940294e-03,4.223862359528575416e-03,4.095345177520324370e-02,1.053723744100525800e-02,-3.456835990142950819e-03,-1.398628485357151716e-02,-8.172581726864922014e-02
1.220650210308775513e+03,9.967161784426527005e-01,1.077501742774428358e-03,4.138951274324145953e-03,4.045535904624848744e-02,1.033690500110758491e-02,-3.391143771547318331e-03,-1.371650434496774797e-02,-8.077697564683113118e-02
1.220656340637922995e+03,9.967789426691575638e-01,1.056911111931374330e-03,4.055678973772016208e-03,3.996305265040366733e-02,1.014034121247968899e-02,-3.326686164822989164e-03,-1.345162151620268517e-02,-7.983803079975912431e-02
1.220662470967070703e+03,9.968405132570419269e-01,1.036711905072663356e-03,3.974015699916653294e-03,3.947647216553810956e-02,9.947476752678673095e-03,-3.263440507802210701e-03,-1.319155585999901188e-02,-7.890890755946704249e-02
1.220668601296218185e+03,9.969009127020681538e-01,1.016896752160090494e-03,3.893932134244843229e-03,3.899555758233855252e-02,9.758243391874770259e-03,-3.201384493796319633e-03,-1.293622784749167733e-02,-7.798953060743386845e-02
1.220674731625365894e+03,9.969601630313671414e-01,9.974584363744926421e-04,3.815399505719569220e-03,3.852024941458842555e-02,9.572574258339461295e-03,-3.140496258064786120e-03,-1.268555917769737494e-02,-7.707982446517540331e-02
1.220680861954513375e+03,9.970182859084665283e-01,9.783898597874299188e-04,3.738389469916203987e-03,3.805048859056186367e-02,9.390403536168908175e-03,-3.080754279520115605e-03,-1.243947251322536848e-02,-7.617971355102810815e-02
1.220686992283661084e+03,9.970753025809254710e-01,9.596840604922912254e-04,3.662874172044099444e-03,3.758621652027373944e-02,9.211666618844111670e-03,-3.022137430764000252e-03,-1.219789162661537307e-02,-7.528912218194246109e-02
1.220693122612808565e+03,9.971312338891217264e-01,9.413342097439237775e-04,3.588826238839141428e-03,3.712737509611508530e-02,9.036300086373712584e-03,-2.964624970734193021e-03,-1.196074139136522364e-02,-7.440797460297045307e-02
1.220699252941956274e+03,9.971861003278256197e-01,9.233335918288830243e-04,3.516218707043345954e-03,3.667390662626962561e-02,8.864241527057030098e-03,-2.908196486713940029e-03,-1.172794762159842796e-02,-7.353619501217684151e-02
1.220705383271103756e+03,9.972399219631739031e-01,9.056756312308816836e-04,3.445025123976072027e-03,3.622575394492977968e-02,8.695429782023818277e-03,-2.852831974042401107e-03,-1.149943731062909487e-02,-7.267370757469759912e-02
1.220711513600251465e+03,9.972927185287888685e-01,8.883538612012982462e-04,3.375219434641556736e-03,3.578286030242637528e-02,8.529804666039241326e-03,-2.798511745237254773e-03,-1.127513837618247285e-02,-7.182043644991456532e-02
1.220717643929398946e+03,9.973445093779352844e-01,8.713619394157013373e-04,3.306776040326557618e-03,3.534516943217987095e-02,8.367307108838793056e-03,-2.745216476082470297e-03,-1.105497980006660275e-02,-7.097630580641582643e-02
1.220723774258546655e+03,9.973953134916206942e-01,8.546936453350783549e-04,3.239669790832418791e-03,3.491262555053915861e-02,8.207879133622707907e-03,-2.692927198694042464e-03,-1.083889161832515824e-02,-7.014123984759479402e-02
1.220729904587694136e+03,9.974451495349252461e-01,8.383428617829574454e-04,3.173875917734419756e-03,3.448517328966167750e-02,8.051463692581813103e-03,-2.641625247958337766e-03,-1.062680476712944688e-02,-6.931516281967767257e-02
1.220736034916841845e+03,9.974940357811645786e-01,8.223035997667128881e-04,3.109370127830122978e-03,3.406275780699655892e-02,7.898004891822647117e-03,-2.591292334901957543e-03,-1.041865130997925680e-02,-6.849799904591270805e-02
1.220742165245989327e+03,9.975419901997855110e-01,8.065699697256987566e-04,3.046128497911545704e-03,3.364532467499781188e-02,7.747447733925940175e-03,-2.541910462822221176e-03,-1.021436419329374741e-02,-6.768967292794669799e-02
1.220748295575137035e+03,9.975890304126846519e-01,7.911361958307248010e-04,2.984127529151098419e-03,3.323281994740691359e-02,7.599738247855018607e-03,-2.493461969677858610e-03,-1.001387737919661597e-02,-6.689010897202132822e-02
1.220754425904284517e+03,9.976351737016621035e-01,7.759966135535076304e-04,2.923344139690664447e-03,3.282519015840457133e-02,7.454823468799129903e-03,-2.445929521576572629e-03,-9.817125835044260632e-03,-6.609923181099398859e-02
1.220760556233432226e+03,9.976804370599166027e-01,7.611456528191656596e-04,2.863755602487053249e-03,3.242238225544050167e-02,7.312651286641076200e-03,-2.399296063387500091e-03,-9.624045385980441528e-03,-6.531696619772182910e-02
1.220766686562579707e+03,9.977248371228164547e-01,7.465778606712520455e-04,2.805339631988713108e-03,3.202434370741315262e-02,7.173170652576572187e-03,-2.353544886183540127e-03,-9.434572930508361779e-03,-6.454323705633867314e-02
1.220772816891727416e+03,9.977683902482187284e-01,7.322878749889871666e-04,2.748074286243424452e-03,3.163102239470156479e-02,7.036331342091925803e-03,-2.308659549963812136e-03,-9.248646207062167016e-03,-6.377796946135416700e-02
1.220778947220874898e+03,9.978111124766100293e-01,7.182704375394736388e-04,2.691938017289230000e-03,3.124236667446441199e-02,6.902084074224597993e-03,-2.264623922593709659e-03,-9.066203919792938104e-03,-6.302108867332670283e-02
1.220785077550022606e+03,9.978530195379557988e-01,7.045203917421303088e-04,2.636909664111637859e-03,3.085832537920639787e-02,6.770380492734572216e-03,-2.221422173710785146e-03,-8.887185727687773457e-03,-6.227252015761757659e-02
1.220791207879170088e+03,9.978941268987443491e-01,6.910326672728595325e-04,2.582968394869950262e-03,3.047884774997793034e-02,6.641173026696426535e-03,-2.179038729255386008e-03,-8.711532104083799868e-03,-6.153218956519344168e-02
1.220797338208317797e+03,9.979344496988243884e-01,6.778023007481311785e-04,2.530093787159068148e-03,3.010388354276877926e-02,6.514415080082829219e-03,-2.137458333388415031e-03,-8.539184540510544319e-03,-6.080002279822991490e-02
1.220803468537465278e+03,9.979740028247539030e-01,6.648244117155623079e-04,2.478265737108443188e-03,2.973338291949042742e-02,6.390060813841498023e-03,-2.096665977391074052e-03,-8.370085324637076968e-03,-6.007594597016198412e-02
1.220809598866612987e+03,9.980128008734463485e-01,6.520942145611896513e-04,2.427464505996458112e-03,2.936729651202870175e-02,6.268065255260433198e-03,-2.056646935393641965e-03,-8.204177659037721962e-03,-5.935988544924621774e-02
1.220815729195760468e+03,9.980508581584591754e-01,6.396070164558975615e-04,2.377670713581199035e-03,2.900557542031721378e-02,6.148384280432388910e-03,-2.017386758691045671e-03,-8.041405650085592730e-03,-5.865176787435157774e-02
1.220821859524908177e+03,9.980881887529425844e-01,6.273582032952654481e-04,2.328865284494694137e-03,2.864817114626516323e-02,6.030974486167559913e-03,-1.978871233938257757e-03,-7.881714174600634032e-03,-5.795152012506245287e-02
1.220827989854055659e+03,9.981248064320422664e-01,6.153432585659517106e-04,2.281029522447801990e-03,2.829503569796409587e-02,5.915793363764074338e-03,-1.941086439933218180e-03,-7.725049071999629674e-03,-5.725906939912350779e-02
1.220834120183203368e+03,9.981607247398434080e-01,6.035577414264807657e-04,2.234145025966988423e-03,2.794612148215771391e-02,5.802799098893608558e-03,-1.904018682285881382e-03,-7.571356933830221056e-03,-5.657434315638185107e-02
1.220840250512350849e+03,9.981959569562292023e-01,5.919972975646585998e-04,2.188193731449783290e-03,2.760138136683156287e-02,5.691950671792876844e-03,-1.867654526166161264e-03,-7.420585215571181073e-03,-5.589726916881310875e-02
1.220846380841498558e+03,9.982305161026483464e-01,5.806576573133436685e-04,2.143157906869642450e-03,2.726076867887567909e-02,5.583207840975261405e-03,-1.831980791016536974e-03,-7.272682225454474465e-03,-5.522777553363936859e-02
1.220852511170646039e+03,9.982644149813034717e-01,5.695346228176775437e-04,2.099020102121247275e-03,2.692423713904509505e-02,5.476531025683232211e-03,-1.796984512164625548e-03,-7.127596998319881555e-03,-5.456579063444319533e-02
1.220858641499793748e+03,9.982976661226520276e-01,5.586240852353146526e-04,2.055763217523621025e-03,2.659174096365069309e-02,5.371881465014077817e-03,-1.762652992845026431e-03,-6.985279476223457858e-03,-5.391124322822842679e-02
1.220864771828941230e+03,9.983302818464721007e-01,5.479220047366172974e-04,2.013370425837309862e-03,2.626323475896731596e-02,5.269221034364789807e-03,-1.728973744240658002e-03,-6.845680309614509199e-03,-5.326406237591318343e-02
1.220870902158088938e+03,9.983622742316633492e-01,5.374244204003539565e-04,1.971825211975539085e-03,2.593867358218470906e-02,5.168512337136794282e-03,-1.695934515470066007e-03,-6.708750962287357740e-03,-5.262417749754785823e-02
1.220877032487236420e+03,9.983936551215299993e-01,5.271274484866681148e-04,1.931111367079890685e-03,2.561801293873440868e-02,5.069718689641771608e-03,-1.663523288681693652e-03,-6.574443700260715860e-03,-5.199151838303824741e-02
1.220883162816384129e+03,9.984244361595208117e-01,5.170272707308241336e-04,1.891212942598593551e-03,2.530120871853683631e-02,4.972804013341210021e-03,-1.631728243843912985e-03,-6.442711472824981696e-03,-5.136601514581286276e-02
1.220889293145531610e+03,9.984546287413958998e-01,5.071201500176192138e-04,1.852114313436914201e-03,2.498821729491092214e-02,4.877732980436409217e-03,-1.600537806361771592e-03,-6.313508081851982451e-03,-5.074759831751699674e-02
1.220895423474679319e+03,9.984842440709048583e-01,4.974024121421936158e-04,1.813800105897885257e-03,2.467899542129507046e-02,4.784470845673415712e-03,-1.569940592107913185e-03,-6.186787994542274939e-03,-5.013619876744975640e-02
1.220901553803826801e+03,9.985132931322778793e-01,4.878704548255418695e-04,1.776255234259142921e-03,2.437350029042038846e-02,4.692983530211753372e-03,-1.539925434858406376e-03,-6.062506441695617206e-03,-4.953174776184591371e-02
1.220907684132974509e+03,9.985417866950618837e-01,4.785207461330519014e-04,1.739464895212798666e-03,2.407168953136779380e-02,4.603237607665906783e-03,-1.510481381751235157e-03,-5.940619406753046457e-03,-4.893417697246468107e-02
1.220913814462121991e+03,9.985697353467000159e-01,4.693498138010674769e-04,1.703414525459920467e-03,2.377352114731067292e-02,4.515200205412241499e-03,-1.481597661023612662e-03,-5.821083513951597760e-03,-4.834341842419242335e-02
1.220919944791269700e+03,9.985971494489657152e-01,4.603542595152407355e-04,1.668089859848861153e-03,2.347895361143624918e-02,4.428839137691362171e-03,-1.453263725560953326e-03,-5.703856186652347428e-03,-4.775940459561812956e-02
1.220926075120417181e+03,9.986240391887065693e-01,4.515307422846400669e-04,1.633476864886628270e-03,2.318794576628410362e-02,4.344122751629367861e-03,-1.425469202551073742e-03,-5.588895471479017260e-03,-4.718206832955238600e-02
1.220932205449564890e+03,9.986504145527947962e-01,4.428759866523221986e-04,1.599561772385264466e-03,2.290045688103426597e-02,4.261020003883443825e-03,-1.398203918566062612e-03,-5.476160130113523136e-03,-4.661134289537693931e-02
1.220938335778712371e+03,9.986762853325500400e-01,4.343867812484239564e-04,1.566331074256813172e-03,2.261644664835392102e-02,4.179500447757960972e-03,-1.371457895366368692e-03,-5.365609628586370805e-03,-4.604716199574394181e-02
1.220944466107860080e+03,9.987016611534261790e-01,4.260599690627254717e-04,1.533771483410500827e-03,2.233587512380470763e-02,4.099534142894471593e-03,-1.345221320365913879e-03,-5.257204032395455806e-03,-4.548945970934605704e-02
1.220950596437007562e+03,9.987265514353452778e-01,4.178924604466361173e-04,1.501869987209023373e-03,2.205870281861825252e-02,4.021091776871984352e-03,-1.319484586431184971e-03,-5.150904154226487036e-03,-4.493817059583121720e-02
1.220956726766155271e+03,9.987509654389258307e-01,4.098812179642509382e-04,1.470613786204601377e-03,2.178489060189547910e-02,3.944144524360154377e-03,-1.294238245810398584e-03,-5.046671389217973792e-03,-4.439322959930315504e-02
1.220962857095302752e+03,9.987749122426795578e-01,4.020232638673540697e-04,1.439990325051791623e-03,2.151439975593108511e-02,3.868664117117111105e-03,-1.269473033047227410e-03,-4.944467800518907372e-03,-4.385457211286643980e-02
1.220968987424450461e+03,9.987984007470547265e-01,3.943156787726549532e-04,1.409987287646394033e-03,2.124719197290222267e-02,3.794622832117511280e-03,-1.245179861111143016e-03,-4.844256108895283325e-03,-4.332213398366349666e-02
1.220975117753597942e+03,9.988214397014748558e-01,3.867555928000381352e-04,1.380592561116619462e-03,2.098322929607274526e-02,3.721993408978577830e-03,-1.221349794382146697e-03,-4.745999594622739813e-03,-4.279585145190079043e-02
1.220981248082745651e+03,9.988440376682360400e-01,3.793401974084710635e-04,1.351794284915409320e-03,2.072247420931067063e-02,3.650749160981581372e-03,-1.197974084998478395e-03,-4.649662235017129608e-03,-4.227566125875771574e-02
1.220987378411893133e+03,9.988662030646051626e-01,3.720667315980445136e-04,1.323580794444465490e-03,2.046488954233653332e-02,3.580863846334058492e-03,-1.175044130731269648e-03,-4.555208550492713740e-03,-4.176150054454495081e-02
1.220993508741040841e+03,9.988879441420686067e-01,3.649324887132519369e-04,1.295940649422567354e-03,2.021043852403072230e-02,3.512311732057954352e-03,-1.152551495904229062e-03,-4.462603684141574004e-03,-4.125330691468654526e-02
1.220999639070188323e+03,9.989092689900250788e-01,3.579348152345562047e-04,1.268862629355588419e-03,1.995908477900920977e-02,3.445067583066475318e-03,-1.130487907830533519e-03,-4.371813391708290371e-03,-4.075101844330167311e-02
1.221005769399336032e+03,9.989301855604045821e-01,3.510711027082244668e-04,1.242335700419256025e-03,1.971079227072652928e-02,3.379106586717404472e-03,-1.108845232120876136e-03,-4.282803950030219381e-03,-4.025457360944699470e-02
1.221011899728483513e+03,9.989507016348184720e-01,3.443387985175955473e-04,1.216349060492332096e-03,1.946552538766130672e-02,3.314404454117907736e-03,-1.087615505858950324e-03,-4.195542284826998813e-03,-3.976391140685205106e-02
1.221018030057631222e+03,9.989708248628829113e-01,3.377353933199376320e-04,1.190892087342978588e-03,1.922324885175331899e-02,3.250937302534739632e-03,-1.066790899111380369e-03,-4.109995827166038757e-03,-3.927897123820559000e-02
1.221024160386778703e+03,9.989905627433408597e-01,3.312584272366708108e-04,1.165954364633243383e-03,1.898392776966160989e-02,3.188681713674187089e-03,-1.046363734015885857e-03,-4.026132587338845069e-03,-3.879969298191841137e-02
1.221030290715926412e+03,9.990099226274320454e-01,3.249054887500932472e-04,1.141525677706289096e-03,1.874752762926716609e-02,3.127614723645514520e-03,-1.026326481505175723e-03,-3.943921145242882363e-03,-3.832601699444064536e-02
1.221036421045073894e+03,9.990289117413030384e-01,3.186742073565132722e-04,1.117595983165509598e-03,1.851401424474845639e-02,3.067713754071020160e-03,-1.006671738753907438e-03,-3.863330565115625625e-03,-3.785788404455961431e-02
1.221042551374221603e+03,9.990475371561219342e-01,3.125622633660329278e-04,1.094155450139289425e-03,1.828335383939377543e-02,3.008956704476129906e-03,-9.873922594421016136e-04,-3.784330514052220741e-03,-3.739523542395391947e-02
1.221048681703369084e+03,9.990658058229578975e-01,3.065673764672933142e-04,1.071194412716683884e-03,1.805551295732536060e-02,2.951321844948754432e-03,-9.684809186095797578e-04,-3.706891128453524645e-03,-3.693801283889092818e-02
1.221054812032516793e+03,9.990837245556101198e-01,3.006873113584938406e-04,1.048703393759973634e-03,1.783045851269489390e-02,2.894787869276996967e-03,-9.499307300638928919e-04,-3.630983082484449346e-03,-3.648615847720763916e-02
1.221060942361664274e+03,9.991013000336814720e-01,2.949198767406953294e-04,1.026673100994340360e-03,1.760815778614696972e-02,2.839333885738419983e-03,-9.317348433719488095e-04,-3.556577578890344950e-03,-3.603961500953538344e-02
1.221067072690811983e+03,9.991185388229715247e-01,2.892629186314208062e-04,1.005094399096029658e-03,1.738857837191684283e-02,2.784939354233776157e-03,-9.138865232733281354e-04,-3.483646269751070404e-03,-3.559832552238221398e-02
1.221073203019959465e+03,9.991354473482961795e-01,2.837143292784450742e-04,9.839583474649782856e-04,1.717168825725770218e-02,2.731584170507239846e-03,-8.963791772735256024e-04,-3.412161366208198241e-03,-3.516223362864556723e-02
1.221079333349107173e+03,9.991520319252232829e-01,2.782720367541116169e-04,9.632561566102668636e-04,1.695745573751336610e-02,2.679248568216331585e-03,-8.792063235712084535e-04,-3.342095514443142821e-03,-3.473128335783139814e-02
1.221085463678254655e+03,9.991682987444566733e-01,2.729340100765049646e-04,9.429792099336025508e-04,1.674584946325287718e-02,2.627913167359335975e-03,-8.623616069262857783e-04,-3.273421859007405888e-03,-3.430541922277268591e-02
1.221091594007402364e+03,9.991842538746393831e-01,2.676982582913634196e-04,9.231190601062577760e-04,1.653683843672450887e-02,2.577558965831747238e-03,-8.458387959006158276e-04,-3.206114034091365073e-03,-3.388458621991827929e-02
1.221097724336549845e+03,9.991999032809064651e-01,2.625628243884227993e-04,9.036674034874415170e-04,1.633039196100459153e-02,2.528167282087426769e-03,-8.296317640767608996e-04,-3.140146090011256171e-03,-3.346872976182927589e-02
1.221103854665697554e+03,9.992152528001690959e-01,2.575257934075472744e-04,8.846161146662315494e-04,1.612647971605155398e-02,2.479719831878560848e-03,-8.137345152052843445e-04,-3.075492594631621703e-03,-3.305779578691947496e-02
1.221109984994845036e+03,9.992303081699827061e-01,2.525852829723475887e-04,8.659572065114875877e-04,1.592507167715728408e-02,2.432198638956310170e-03,-7.981411539518021942e-04,-3.012128518403340421e-03,-3.265173064915132678e-02
1.221116115323992744e+03,9.992450750143485605e-01,2.477394479467238432e-04,8.476828500801189201e-04,1.572613816003634937e-02,2.385586079187639388e-03,-7.828459003552306955e-04,-2.950029292856742608e-03,-3.225048118408743725e-02
1.221122245653140226e+03,9.992595588462690470e-01,2.429864795979901407e-04,8.297853712658459589e-04,1.552964981729589022e-02,2.339864872822727815e-03,-7.678430872996160365e-04,-2.889170802332524570e-03,-3.185399470838450042e-02
1.221128375982287935e+03,9.992737650846219566e-01,2.383246000629696271e-04,8.122572273776720690e-04,1.533557758964563741e-02,2.295018032222539105e-03,-7.531271433886203414e-04,-2.829529315906366069e-03,-3.146221895224107085e-02
1.221134506311435416e+03,9.992876990316900132e-01,2.337520697182087393e-04,7.950910386978084611e-04,1.514389277861197779e-02,2.251028931755915449e-03,-7.386926158543794235e-04,-2.771081580991051601e-03,-3.107510216775387010e-02
1.221140636640583125e+03,9.993013658994147619e-01,2.292671785701020498e-04,7.782795519253338798e-04,1.495456696837072635e-02,2.207881226407625800e-03,-7.245341438893198238e-04,-2.713804716954624791e-03,-3.069259301890449668e-02
1.221146766969730606e+03,9.993147707964898929e-01,2.248682504881859413e-04,7.618156583540998568e-04,1.476757206881798221e-02,2.165558891953603578e-03,-7.106464718147632561e-04,-2.657676269065030548e-03,-3.031464064660666785e-02
1.221152897298878315e+03,9.993279187306889355e-01,2.205536424426091352e-04,7.456923907777868133e-04,1.458288031207657931e-02,2.124046217885643649e-03,-6.970244467666762526e-04,-2.602674200685832669e-03,-2.994119466752995923e-02
1.221159027628025797e+03,9.993408146242093171e-01,2.163217394714194862e-04,7.299029020674214574e-04,1.440046420576293791e-02,2.083327759778477381e-03,-6.836630030870787054e-04,-2.548776830340171180e-03,-2.957220510695653115e-02
1.221165157957173506e+03,9.993534632932479234e-01,2.121709613804896718e-04,7.144404939772580751e-04,1.422029660241134336e-02,2.043388402931984368e-03,-6.705571831860466375e-04,-2.495962917970392849e-03,-2.920762250524511217e-02
1.221171288286320987e+03,9.993658694718716706e-01,2.080997549142853543e-04,6.992985837262452901e-04,1.404235062466772238e-02,2.004213288217066447e-03,-6.577021132404997942e-04,-2.444211566653910813e-03,-2.884739780879615537e-02
1.221177418615468696e+03,9.993780378002874443e-01,2.041065976037439837e-04,6.844707205815272382e-04,1.386659970637827560e-02,1.965787848649376123e-03,-6.450930151840173583e-04,-2.393502272282882915e-03,-2.849148243381628698e-02
1.221183548944616177e+03,9.993899728269610705e-01,2.001899970717589553e-04,6.699505830044625177e-04,1.369301758915035007e-02,1.928097802920678656e-03,-6.327252045902138000e-04,-2.343814916222005870e-03,-2.813982826458402003e-02
1.221189679273763886e+03,9.994016790225684899e-01,1.963484864571830998e-04,6.557319590751433053e-04,1.352157827765845984e-02,1.891129112010650828e-03,-6.205940764525984038e-04,-2.295129707213980873e-03,-2.779238758709995719e-02
1.221195809602911368e+03,9.994131607614323842e-01,1.925806305044435796e-04,6.418087727637029677e-04,1.335225610584265740e-02,1.854868037115575121e-03,-6.086951241762586029e-04,-2.247427260763803537e-03,-2.744911319324130558e-02
1.221201939932059076e+03,9.994244223432230401e-01,1.888850184455272152e-04,6.281750534084865317e-04,1.318502566542419964e-02,1.819301072113808796e-03,-5.970239174422966319e-04,-2.200688508473213744e-03,-2.710995827328167504e-02
1.221208070261206558e+03,9.994354679822987642e-01,1.852602674970142834e-04,6.148249508324326804e-04,1.301986184505585925e-02,1.784414976850914837e-03,-5.855761131209484592e-04,-2.154894743731713448e-03,-2.677487647814712560e-02
1.221214200590354267e+03,9.994463018096338969e-01,1.817050222277238078e-04,6.017527327149621574e-04,1.285673982695140563e-02,1.750196771229854589e-03,-5.743474533371665343e-04,-2.110027614829006280e-03,-2.644382191722206496e-02
1.221220330919501748e+03,9.994569278855013339e-01,1.782179503987406822e-04,5.889527667204341125e-04,1.269563504420228792e-02,1.716633695703331710e-03,-5.633337525202718535e-04,-2.066069071407807857e-03,-2.611674909311271706e-02
1.221226461248649457e+03,9.994673501826040196e-01,1.747977484975183878e-04,5.764195444383194041e-04,1.253652324382611809e-02,1.683713263986869350e-03,-5.525309146878113571e-04,-2.023001437426446159e-03,-2.579361300315717240e-02
1.221232591577796939e+03,9.994775726057992804e-01,1.714431352675814427e-04,5.641476535315594672e-04,1.237938041854873446e-02,1.651423201573806645e-03,-5.419349132898492296e-04,-1.980807327640465333e-03,-2.547436903397605479e-02
1.221238721906944647e+03,9.994875989824121287e-01,1.681528548862684636e-04,5.521317915046531364e-04,1.222418284406578785e-02,1.619751476019263290e-03,-5.315418011392278319e-04,-1.939469689572236857e-03,-2.515897302203928473e-02
1.221244852236092129e+03,9.994974330639915250e-01,1.649256763891609188e-04,5.403667632867579325e-04,1.207090707575277956e-02,1.588686291544471468e-03,-5.213477086449048222e-04,-1.898971797067126009e-03,-2.484738125109975382e-02
1.221250982565239838e+03,9.995070785378366018e-01,1.617603898889324150e-04,5.288474649298686254e-04,1.191952990795510162e-02,1.558216053074166227e-03,-5.113488320220123872e-04,-1.859297201005720521e-03,-2.453955038833284530e-02
1.221257112894387319e+03,9.995165390116690363e-01,1.586558116039528854e-04,5.175689054076255437e-04,1.177002843397122883e-02,1.528329414191210772e-03,-5.015414490171705465e-04,-1.820429796282157543e-03,-2.423543758293720055e-02
1.221263243223535028e+03,9.995258180315594876e-01,1.556107779776799000e-04,5.065261812216693797e-04,1.162237998103273634e-02,1.499015221176383875e-03,-4.919219005614853917e-04,-1.782353744972935746e-03,-2.393500036310425641e-02
1.221269373552682509e+03,9.995349190731267486e-01,1.526241485659105446e-04,4.957144889321577451e-04,1.147656214573176785e-02,1.470262540555052934e-03,-4.824865998041443014e-04,-1.745053514842270911e-03,-2.363819669475583640e-02
1.221275503881830218e+03,9.995438455431352454e-01,1.496948055130485362e-04,4.851291229379052950e-04,1.133255279082127573e-02,1.442060654173864817e-03,-4.732320304999748585e-04,-1.708513873328240066e-03,-2.334498497868245023e-02
1.221281634210977700e+03,9.995526007899701026e-01,1.468216501157786980e-04,4.747654606186522551e-04,1.119033000643309544e-02,1.414399026474483191e-03,-4.641547362791915207e-04,-1.672719842234527809e-03,-2.305532398826999618e-02
1.221287764540125409e+03,9.995611880897113943e-01,1.440036073918127323e-04,4.646189821692130141e-04,1.104987216708831245e-02,1.387267348109224360e-03,-4.552513349512119986e-04,-1.637656759144175828e-03,-2.276917296498948140e-02
1.221293894869272890e+03,9.995696106624231136e-01,1.412396207359720168e-04,4.546852474655302466e-04,1.091115786979583724e-02,1.360655485023284450e-03,-4.465185018089213166e-04,-1.603310206829970186e-03,-2.248649151809576155e-02
1.221300025198420599e+03,9.995778716641594563e-01,1.385286545432173823e-04,4.449599074605722687e-04,1.077416596770427830e-02,1.334553503506026194e-03,-4.379529778446669165e-04,-1.569666048541629210e-03,-2.220723968143104021e-02
1.221306155527568080e+03,9.995859741884173255e-01,1.358696937322026205e-04,4.354387021478464985e-04,1.063887556699932152e-02,1.308951665701009112e-03,-4.295515682793837496e-04,-1.536710422405869773e-03,-2.193137791033406697e-02
1.221312285856715789e+03,9.995939212756532743e-01,1.332617406227471282e-04,4.261174470305266362e-04,1.050526598999931491e-02,1.283840399832684174e-03,-4.213111327994903225e-04,-1.504429699827665489e-03,-2.165886702112189421e-02
1.221318416185863271e+03,9.996017159006345132e-01,1.307038190863392803e-04,4.169920511550983134e-04,1.037331682929044929e-02,1.259210339867283595e-03,-4.132285985648342756e-04,-1.472810541739939761e-03,-2.138966828332045447e-02
1.221324546515010979e+03,9.996093609872387376e-01,1.281949696905363225e-04,4.080584960522288499e-04,1.024300788885596988e-02,1.235052279194704837e-03,-4.053009450195916999e-04,-1.441839833826405589e-03,-2.112374332233444771e-02
1.221330676844158461e+03,9.996168594011916042e-01,1.257342520817162723e-04,3.993128460935651386e-04,1.011431921601344854e-02,1.211357193405928571e-03,-3.975252113630960518e-04,-1.411504718824915230e-03,-2.086105417424199970e-02
1.221336807173306170e+03,9.996242139513884517e-01,1.233207445517525052e-04,3.907512466255826404e-04,9.987231098414924707e-03,1.188116236200211862e-03,-3.898984952087887024e-04,-1.381792591323956123e-03,-2.060156328253300029e-02
1.221342937502453651e+03,9.996314273985414944e-01,1.209535412009700173e-04,3.823699116563762288e-04,9.861724028964726982e-03,1.165320712304745640e-03,-3.824179437033077946e-04,-1.352691059614220944e-03,-2.034523343947494678e-02
1.221349067831601360e+03,9.996385024436889033e-01,1.186317557083291897e-04,3.741651402409843321e-04,9.737778757180529099e-03,1.142962113532449689e-03,-3.750807653535865173e-04,-1.324187997154726735e-03,-2.009202787498170703e-02
1.221355198160748841e+03,9.996454417416410498e-01,1.163545169200255600e-04,3.661332973251197513e-04,9.615376233259179464e-03,1.121032076657589019e-03,-3.678842162117245394e-04,-1.296271483197264634e-03,-1.984191016243845931e-02
1.221361328489896550e+03,9.996522478943837831e-01,1.141209710137833618e-04,3.582708231513395680e-04,9.494497638362388303e-03,1.099522404121991859e-03,-3.608256066669588585e-04,-1.268929832328174936e-03,-1.959484427143884724e-02
1.221367458819044032e+03,9.996589234522802458e-01,1.119302811048266386e-04,3.505742315507896453e-04,9.375124381723248801e-03,1.078425060305866464e-03,-3.539023002235241154e-04,-1.242151589642592714e-03,-1.935079456440208512e-02
1.221373589148191741e+03,9.996654709219259249e-01,1.097816246684982819e-04,3.430400987461761347e-04,9.257238067327472689e-03,1.057732146902082759e-03,-3.471117054240394312e-04,-1.215925495798812891e-03,-1.910972573991827350e-02
1.221379719477339222e+03,9.996718927557128875e-01,1.076741969646810825e-04,3.356650782296483103e-04,9.140820542604396332e-03,1.037435935692679985e-03,-3.404512866010276024e-04,-1.190240534061046867e-03,-1.887160291819344957e-02
1.221385849806486931e+03,9.996781913640429007e-01,1.056072070303719519e-04,3.284458833497416242e-04,9.025853845330424063e-03,1.017528830246268619e-03,-3.339185513141679803e-04,-1.165085875933868356e-03,-1.863639155016179674e-02
1.221391980135634412e+03,9.996843691093372231e-01,1.035798796453838555e-04,3.213792958486927668e-04,8.912320232326870900e-03,9.980033847383125174e-04,-3.275110565240325813e-04,-1.140450908152333600e-03,-1.840405746813827265e-02
1.221398110464782121e+03,9.996904283071288422e-01,1.015914549741204684e-04,3.144621643003123407e-04,8.800202176675493704e-03,9.788523005546292521e-04,-3.212264074787778557e-04,-1.116325228214722553e-03,-1.817456688235776288e-02
1.221404240793929603e+03,9.996963712331974339e-01,9.964118622432284478e-05,3.076913939350093608e-04,8.689482336101944995e-03,9.600684039021327790e-04,-3.150622503704866178e-04,-1.092698612404411924e-03,-1.794788632636652032e-02
1.221410371123077311e+03,9.997022001140916103e-01,9.772834275719272871e-05,3.010639601403839339e-04,8.580143599101815177e-03,9.416446755979950272e-04,-3.090162821073250327e-04,-1.069561058748895845e-03,-1.772398273901465773e-02
1.221416501452224793e+03,9.997079171382227125e-01,9.585220644728350658e-05,2.945768926434488562e-04,8.472169034579339272e-03,9.235742162485419994e-04,-3.030862388918584890e-04,-1.046902737292583268e-03,-1.750282337694400794e-02
1.221422631781372502e+03,9.997135244504248286e-01,9.401207346770611487e-05,2.882272832545939374e-04,8.365541919021956402e-03,9.058502633528966010e-04,-2.972699018319719094e-04,-1.024714014732997511e-03,-1.728437586314859886e-02
1.221428762110519983e+03,9.997190241529461119e-01,9.220725396450946327e-05,2.820122844404638002e-04,8.260245733826231812e-03,8.884661882105323108e-04,-2.915650959270779988e-04,-1.002985450292418444e-03,-1.706860818347267703e-02
1.221434892439667692e+03,9.997244183119314842e-01,9.043706993010586996e-05,2.759291000838623204e-04,8.156264135320261816e-03,8.714154755689399725e-04,-2.859696833921109797e-04,-9.817077664843801548e-04,-1.685548863408931411e-02
1.221441022768815174e+03,9.997297089488139665e-01,8.870085802774800132e-05,2.699749977271488654e-04,8.053580998430630994e-03,8.546917506939226937e-04,-2.804815725382393257e-04,-9.608718883083189072e-04,-1.664498590004092476e-02
1.221447153097962882e+03,9.997348980503913962e-01,8.699796628534562325e-05,2.641472942129045854e-04,7.952180368952054337e-03,8.382887477188071933e-04,-2.750987073904215090e-04,-9.404688978093711949e-04,-1.643706897115359070e-02
1.221453283427110364e+03,9.997399875638851574e-01,8.532775571664012282e-05,2.584433627041164889e-04,7.852046489262819173e-03,8.222003251860069556e-04,-2.698190727861027468e-04,-9.204900565462061307e-04,-1.623170718851303304e-02
1.221459413756258073e+03,9.997449793978429033e-01,8.368960002526979055e-05,2.528606313815916370e-04,7.753163795761514390e-03,8.064204632322405104e-04,-2.646406934523565864e-04,-9.009268017819424068e-04,-1.602887024095283122e-02
1.221465544085405554e+03,9.997498754280249589e-01,8.208288367334206509e-05,2.473965750581803152e-04,7.655516890464400363e-03,7.909432450907262577e-04,-2.595616279378319441e-04,-8.817707197850294673e-04,-1.582852811464035767e-02
1.221471674414553263e+03,9.997546774895872401e-01,8.050700444634030267e-05,2.420487262756036467e-04,7.559090582318761867e-03,7.757628816877633164e-04,-2.545799766822856147e-04,-8.630135815588621962e-04,-1.563065116819010308e-02
1.221477804743700744e+03,9.997593873862322678e-01,7.896137045045448341e-05,2.368146622771802941e-04,7.463869841997755952e-03,7.608736828778412059e-04,-2.496938725802917637e-04,-8.446473013574740422e-04,-1.543521005202239810e-02
1.221483935072848453e+03,9.997640068857233109e-01,7.744540158471216787e-05,2.316920113682809405e-04,7.369839826220780585e-03,7.462700715640701492e-04,-2.449014856139068393e-04,-8.266639571587722137e-04,-1.524217575277656000e-02
1.221490065401995935e+03,9.997685377207037316e-01,7.595852927205948193e-05,2.266784517284484981e-04,7.276985875300498452e-03,7.319465811369864350e-04,-2.402010220128393591e-04,-8.090557871552773051e-04,-1.505151958981542672e-02
1.221496195731143644e+03,9.997729815940428200e-01,7.450019470529883501e-05,2.217717038055986548e-04,7.185293486250886492e-03,7.178978386646188729e-04,-2.355907187398119829e-04,-7.918151653916799190e-04,-1.486321316692113502e-02
1.221502326060291125e+03,9.997773401717379160e-01,7.306985117614528792e-05,2.169695403680294184e-04,7.094748351851080936e-03,7.041185872388055393e-04,-2.310688508221284804e-04,-7.749346343091832127e-04,-1.467722844402514007e-02
1.221508456389438834e+03,9.997816150912249844e-01,7.166696134839367388e-05,2.122697746926931976e-04,7.005336317859951062e-03,6.906036598366860780e-04,-2.266337227765359520e-04,-7.584068669061859317e-04,-1.449353766000311024e-02
1.221514586718586315e+03,9.997858079573039847e-01,7.029099859463968335e-05,2.076702663247903687e-04,6.917043406004509849e-03,6.773479921485759878e-04,-2.222836728179868027e-04,-7.422246853791487128e-04,-1.431211337505774658e-02
1.221520717047734024e+03,9.997899203428854964e-01,6.894144675193797736e-05,2.031689199953864489e-04,6.829855811635901844e-03,6.643466202480667864e-04,-2.180170720955659097e-04,-7.263810578940575052e-04,-1.413292846726109560e-02
1.221526847376881506e+03,9.997939537938431709e-01,6.761779852892026035e-05,1.987636787270852712e-04,6.743759878283885068e-03,6.515946653179174267e-04,-2.138323196814682903e-04,-7.108690763752632509e-04,-1.395595608634738957e-02
1.221532977706029214e+03,9.997979098225697747e-01,6.631955762058260224e-05,1.944525329347139792e-04,6.658742134573983514e-03,6.390873539499329365e-04,-2.097278492313811734e-04,-6.956819861254845156e-04,-1.378116972212079482e-02
1.221539108035176696e+03,9.998017899155239308e-01,6.504623623209984066e-05,1.902335097218574886e-04,6.574789253756820398e-03,6.268199943958949758e-04,-2.057021211929066658e-04,-6.808131513402845445e-04,-1.360854313065534664e-02
1.221545238364324405e+03,9.998055955295307440e-01,6.379735629253204378e-05,1.861046780936155792e-04,6.491888075426256732e-03,6.147879882201113134e-04,-2.017536266288155592e-04,-6.662560720676307790e-04,-1.343805037468833591e-02
1.221551368693471886e+03,9.998093280924590376e-01,6.257244923284024127e-05,1.820641479711357076e-04,6.410025603282711731e-03,6.029868281803637143e-04,-1.978808865220723007e-04,-6.520043812415604297e-04,-1.326966582021862212e-02
1.221557499022619595e+03,9.998129890076282722e-01,6.137105453945898733e-05,1.781100639457271185e-04,6.329188981070488218e-03,5.914120843509683033e-04,-1.940824472229912682e-04,-6.380518244489514308e-04,-1.310336409237136332e-02
1.221563629351767077e+03,9.998165796479583367e-01,6.019272167443685318e-05,1.742406135139955054e-04,6.249365527448706020e-03,5.800594225618634948e-04,-1.903568864992896713e-04,-6.243922868679095076e-04,-1.293912014055725000e-02
1.221569759680914785e+03,9.998201013628205125e-01,5.903700782698193916e-05,1.704540173839941514e-04,6.170542697731695551e-03,5.689245828229874116e-04,-1.867028064572875761e-04,-6.110197618640335294e-04,-1.277690916802768500e-02
1.221575890010062267e+03,9.998235554746806031e-01,5.790347901542872009e-05,1.667485341906934531e-04,6.092708104397413088e-03,5.580033899081935722e-04,-1.831188370146529995e-04,-5.979283664091135115e-04,-1.261670667032727990e-02
1.221582020339209976e+03,9.998269432797124434e-01,5.679170988558625326e-05,1.631224595994318913e-04,6.015849514955893228e-03,5.472917514284495084e-04,-1.796036352684162894e-04,-5.851123383590977299e-04,-1.245848843196291356e-02
1.221588150668357457e+03,9.998302660518008089e-01,5.570128239736580749e-05,1.595741206505351902e-04,5.939954829206495895e-03,5.367856452254841709e-04,-1.761558813588541138e-04,-5.725660180370488982e-04,-1.230223048430427110e-02
1.221594280997505166e+03,9.998335250372285543e-01,5.463178756811987711e-05,1.561018832075273112e-04,5.865012112160939567e-03,5.264811361193834274e-04,-1.727742839646704588e-04,-5.602838727153139310e-04,-1.214790916757950943e-02
1.221600411326652647e+03,9.998367214608988585e-01,5.358282343107585060e-05,1.527041431823147801e-04,5.791009557892877468e-03,5.163743563093228664e-04,-1.694575738724382857e-04,-5.482604680401196402e-04,-1.199550106372061255e-02
1.221606541655800356e+03,9.998398565232852198e-01,5.255399603581031788e-05,1.493793307987349424e-04,5.717935508895306482e-03,5.064615149861865498e-04,-1.662045071307060369e-04,-5.364904820396396851e-04,-1.184498303292877940e-02
1.221612671984947838e+03,9.998429314009910085e-01,5.154491926508482271e-05,1.461259097774963002e-04,5.645778454051633699e-03,4.967388965808633037e-04,-1.630138644754079442e-04,-5.249687026290837189e-04,-1.169633221042610735e-02
1.221618802314095547e+03,9.998459472503825607e-01,5.055521364234463928e-05,1.429423722181369697e-04,5.574527007151267553e-03,4.872028493132525410e-04,-1.598844475727000960e-04,-5.136900108593372158e-04,-1.154952596634775674e-02
1.221624932643243028e+03,9.998489052027660362e-01,4.958450791447869632e-05,1.398272453322930021e-04,5.504169937960335865e-03,4.778498004023257694e-04,-1.568150840097747858e-04,-5.026494031517736612e-04,-1.140454196466725995e-02
1.221631062972390737e+03,9.998518063700372327e-01,4.863243719818419501e-05,1.367790835048212077e-04,5.434696138080537600e-03,4.686762382638632934e-04,-1.538046214537175946e-04,-4.918419653154746047e-04,-1.126135809925409882e-02
1.221637193301538218e+03,9.998546518419119122e-01,4.769864388826624207e-05,1.337964721469444163e-04,5.366094639212760919e-03,4.596787212402246472e-04,-1.508519305160059326e-04,-4.812628852652774125e-04,-1.111995252861061254e-02
1.221643323630685927e+03,9.998574426864340614e-01,4.678277749127965064e-05,1.308780269557864421e-04,5.298354611227867710e-03,4.508538760081261471e-04,-1.479559042301952930e-04,-4.709074507375699448e-04,-1.098030367271549991e-02
1.221649453959833409e+03,9.998601799532758072e-01,4.588449354282107617e-05,1.280223892849349505e-04,5.231465341880564036e-03,4.421983871780062192e-04,-1.451154546392902404e-04,-4.607710340648530538e-04,-1.084239017485689495e-02
1.221655584288981117e+03,9.998628646693566990e-01,4.500345504445142229e-05,1.252282322285862292e-04,5.165416266120210868e-03,4.337090111067644924e-04,-1.423295173281622543e-04,-4.508491123563463060e-04,-1.070619095758617960e-02
1.221661714618128599e+03,9.998654978439741603e-01,4.413933078075967469e-05,1.224942534424919109e-04,5.100196933861832899e-03,4.253825597290211897e-04,-1.395970461182448146e-04,-4.411372438891658903e-04,-1.057168516190065861e-02
1.221667844947276308e+03,9.998680804662894994e-01,4.329179614395557382e-05,1.198191786246439111e-04,5.035797027211276478e-03,4.172159084846885965e-04,-1.369170156688476116e-04,-4.316310796478113241e-04,-1.043885218021371394e-02
1.221673975276423789e+03,9.998706135057892075e-01,4.246053298278484281e-05,1.172017608430182183e-04,4.972206358632476862e-03,4.092059948718613214e-04,-1.342884210024332858e-04,-4.223263612350507102e-04,-1.030767165329692960e-02
1.221680105605571498e+03,9.998730979152797849e-01,4.164522861954335256e-05,1.146407763501132790e-04,4.909414851801120055e-03,4.013498090009028985e-04,-1.317102744051752022e-04,-4.132189070428593600e-04,-1.017812343399797891e-02
1.221686235934718979e+03,9.998755346269129207e-01,4.084557715456178594e-05,1.121350300781155722e-04,4.847412569245068345e-03,3.936444061375631563e-04,-1.291816095428258496e-04,-4.043046305572041855e-04,-1.005018764032681970e-02
1.221692366263866688e+03,9.998779245568414353e-01,4.006127793830372130e-05,1.096833491500096583e-04,4.786189681933137284e-03,3.860868920188644297e-04,-1.267014766424587704e-04,-3.955795189206592791e-04,-9.923844597668530360e-03
1.221698496593014170e+03,9.998802686029381048e-01,3.929203631994321035e-05,1.072845860224398961e-04,4.725736485514972322e-03,3.786744300517397299e-04,-1.242689448546336034e-04,-3.870396433961419114e-04,-9.799074870050354311e-03
1.221704626922161879e+03,9.998825676452139932e-01,3.853756351016137852e-05,1.049376178757700404e-04,4.666043398581624230e-03,3.714042399980763544e-04,-1.218831018219928251e-04,-3.786811574581392618e-04,-9.675859257187724438e-03
1.221710757251309360e+03,9.998848225485378327e-01,3.779757568872877478e-05,1.026413428317767565e-04,4.607100944602331508e-03,3.642735893964340840e-04,-1.195430508644674541e-04,-3.705002842401782220e-04,-9.554178760027075973e-03
1.221716887580457069e+03,9.998870341590270217e-01,3.707179518872578402e-05,1.003946849147256985e-04,4.548899777980651600e-03,3.572798049516167610e-04,-1.172479147166628717e-04,-3.624933331282228425e-04,-9.434014631070802501e-03
1.221723017909604550e+03,9.998892033082750208e-01,3.635994910943741369e-05,9.819658818896066506e-05,4.491430655369643352e-03,3.504202591997299262e-04,-1.149968311522319542e-04,-3.546566803075002351e-04,-9.315348319519816192e-03
1.221729148238752259e+03,9.998913308112806764e-01,3.566176999590728173e-05,9.604601959554722563e-05,4.434684450977844847e-03,3.436923770446173045e-04,-1.127889551287654038e-04,-3.469867782452321211e-04,-9.198161500902810386e-03
1.221735278567899741e+03,9.998934174668274721e-01,3.497699571434751325e-05,9.394196839920884582e-05,4.378652154919773429e-03,3.370936345630815034e-04,-1.106234583958062183e-04,-3.394801539482814458e-04,-9.082436074229831638e-03
1.221741408897047449e+03,9.998954640599525545e-01,3.430536864196826060e-05,9.188344277186513958e-05,4.323324856180853562e-03,3.306215512150683994e-04,-1.084995269387211921e-04,-3.321333975764423894e-04,-8.968154129296730323e-03
1.221747539226194931e+03,9.998974713586707974e-01,3.364663674199626326e-05,8.986947426968442765e-05,4.268693767172274979e-03,3.242737001851902947e-04,-1.064163643722389706e-04,-3.249431774758495639e-04,-8.855297994357493735e-03
1.221753669555342640e+03,9.998994401178122882e-01,3.300055230442882422e-05,8.789911253898834815e-05,4.214750196684372528e-03,3.180476962737976911e-04,-1.043731879670359232e-04,-3.179062225372233648e-04,-8.743850184092159111e-03
1.221759799884490121e+03,9.999013710771422758e-01,3.236687256291352616e-05,8.597142787547762356e-05,4.161485564307908051e-03,3.119412018318021805e-04,-1.023692305972396491e-04,-3.110193307847293584e-04,-8.633793427663998682e-03
1.221765930213637830e+03,9.999032649617063395e-01,3.174535958161851785e-05,8.408551072303513060e-05,4.108891398871065449e-03,3.059519256752406681e-04,-1.004037403843027835e-04,-3.042793677869697891e-04,-8.525110665982915323e-03
1.221772060542785312e+03,9.999051224840710406e-01,3.113577951974893387e-05,8.224046858905122691e-05,4.056959322379620134e-03,3.000776160118212989e-04,-9.847597837590337292e-05,-2.976832563340160004e-04,-8.417785020706605378e-03
1.221778190871933020e+03,9.999069443413504121e-01,3.053790360741368194e-05,8.043543008307170710e-05,4.005681073150192152e-03,2.943160698304706489e-04,-9.658522162713229344e-05,-2.912279900500136195e-04,-8.311799839369480095e-03
1.221784321201080502e+03,9.999087312186899501e-01,2.995150700248058539e-05,7.866954013793692917e-05,3.955048480316694474e-03,2.886651219062148473e-04,-9.473075959251228489e-05,-2.849106174035867327e-04,-8.207138646068611043e-03
1.221790451530228211e+03,9.999104837875595342e-01,2.937636935055237185e-05,7.694196231782680494e-05,3.905053477414266883e-03,2.831226501885712949e-04,-9.291189589420752594e-05,-2.787282494829071574e-04,-8.103785168015100598e-03
1.221796581859375692e+03,9.999122027060667328e-01,2.881227468224753320e-05,7.525187836431941797e-05,3.855688100899266283e-03,2.776865748155413270e-04,-9.112794799850885952e-05,-2.726780585477659672e-04,-8.001723332908263972e-03
1.221802712188523401e+03,9.999138886209915089e-01,2.825901074553506848e-05,7.359848541243905378e-05,3.806944475013756667e-03,2.723548516909555964e-04,-8.937824510826168720e-05,-2.667572686763638253e-04,-7.900937239567425163e-03
1.221808842517670882e+03,9.999155421650863795e-01,2.771636989157708484e-05,7.198099963242972810e-05,3.758814833573382707e-03,2.671254810093485099e-04,-8.766213096033739793e-05,-2.609631680848828873e-04,-7.801411200626203434e-03
1.221814972846818591e+03,9.999171639602392192e-01,2.718414803700523719e-05,7.039865191774256653e-05,3.711291495945263398e-03,2.619964972726804612e-04,-8.597896054963917315e-05,-2.552930946435258419e-04,-7.703129695828185401e-03
1.221821103175966073e+03,9.999187546159240547e-01,2.666214517223251820e-05,6.885068996577001688e-05,3.664366879839777054e-03,2.569659741824102000e-04,-8.432810173446111588e-05,-2.497444429112552922e-04,-7.606077397138061302e-03
1.221827233505113782e+03,9.999203147294851712e-01,2.615016526819058384e-05,6.733637786692527039e-05,3.618033499910014959e-03,2.520320237439054576e-04,-8.270893494262568726e-05,-2.443146628174888073e-04,-7.510239166226658457e-03
1.221833363834261263e+03,9.999218448879839682e-01,2.564801567024361874e-05,6.585499359310512742e-05,3.572283953491810129e-03,2.471927904349595384e-04,-8.112085125788772951e-05,-2.390012511922394510e-04,-7.415600026666939980e-03
1.221839494163408972e+03,9.999233456657489194e-01,2.515550790229633367e-05,6.440583228036820380e-05,3.527110941119056351e-03,2.424464589453452718e-04,-7.956325495971724884e-05,-2.338017629098090909e-04,-7.322145204301255990e-03
1.221845624492556453e+03,9.999248176272460542e-01,2.467245672478964459e-05,6.298820233969366618e-05,3.482507243894722698e-03,2.377912451126389267e-04,-7.803556054887661052e-05,-2.287137977758136893e-04,-7.229860083038079296e-03
1.221851754821704162e+03,9.999262613256727494e-01,2.419868059610801660e-05,6.160142733211341592e-05,3.438465735533763161e-03,2.332254003635768629e-04,-7.653719420487942117e-05,-2.237350068889253551e-04,-7.138730228587896257e-03
1.221857885150851644e+03,9.999276773032155230e-01,2.373400158790560193e-05,6.024484559692565224e-05,3.394979381038530381e-03,2.287472109005930614e-04,-7.506759351908329138e-05,-2.188630914415121262e-04,-7.048741386058236455e-03
1.221864015479999352e+03,9.999290660927276919e-01,2.327824483493011413e-05,5.891780798679153980e-05,3.352041223267441476e-03,2.243549924073525987e-04,-7.362620575728805509e-05,-2.140957950537661521e-04,-6.959879453647273805e-03
1.221870145809146834e+03,9.999304282155034862e-01,2.283123926492698540e-05,5.761968082566805758e-05,3.309644402247458039e-03,2.200470970751047253e-04,-7.221249016549268688e-05,-2.094309138488453976e-04,-6.872130520790433947e-03
1.221876276138294543e+03,9.999317641838852966e-01,2.239281674354155093e-05,5.634984240221949916e-05,3.267782133863259345e-03,2.158219053733079196e-04,-7.082591526939137838e-05,-2.048662845873091220e-04,-6.785480826350017911e-03
1.221882406467442024e+03,9.999330744999864740e-01,2.196281249314272285e-05,5.510768465906749035e-05,3.226447721192375693e-03,2.116778300816408878e-04,-6.946596019751253778e-05,-2.003997904174815786e-04,-6.699916781039311556e-03
1.221888536796589733e+03,9.999343596559260305e-01,2.154106501595014580e-05,5.389261285658054592e-05,3.185634553253193380e-03,2.076133155512359038e-04,-6.813211443881495531e-05,-1.960293597851148304e-04,-6.615424965126320833e-03
1.221894667125737215e+03,9.999356201353499785e-01,2.112741559461989849e-05,5.270404353114884166e-05,3.145336092357466605e-03,2.036268328979380562e-04,-6.682387626531729899e-05,-1.917529594987304174e-04,-6.531992103559060119e-03
1.221900797454884923e+03,9.999368564114133884e-01,2.072170895478280607e-05,5.154140715957410905e-05,3.105545892286375783e-03,1.997168863809629144e-04,-6.554075482533033197e-05,-1.875686038343939350e-04,-6.449605101995635643e-03
1.221906927784032405e+03,9.999380689491442764e-01,2.032379248884792994e-05,5.040414499864265735e-05,3.066257578226086553e-03,1.958820059317228652e-04,-6.428226769173225755e-05,-1.834743438042754800e-04,-6.368251007279587643e-03
1.221913058113180114e+03,9.999392582042866406e-01,1.993351663616831521e-05,4.929171060640578293e-05,3.027464857434474660e-03,1.921207508141029984e-04,-6.304794206313510993e-05,-1.794682723520009881e-04,-6.287917028614655422e-03
1.221919188442327595e+03,9.999404246235119587e-01,1.955073481325299417e-05,4.820356953828720413e-05,2.989161518058382812e-03,1.884317089536165690e-04,-6.183731454375081163e-05,-1.755485233621313635e-04,-6.208590535375369847e-03
1.221925318771475304e+03,9.999415686458010821e-01,1.917530296043708061e-05,4.713919750720537121e-05,2.951341417227045134e-03,1.848134925735590969e-04,-6.064992971135627650e-05,-1.717132653900332331e-04,-6.130259033598678409e-03
1.221931449100622785e+03,9.999426907006118137e-01,1.880708014326465245e-05,4.609808278274922055e-05,2.913998498155048571e-03,1.812647439855483167e-04,-5.948534201754059482e-05,-1.679607098860357625e-04,-6.052910199999326016e-03
1.221937579429770494e+03,9.999437912100253012e-01,1.844592784792422536e-05,4.507972334375010464e-05,2.877126771255876254e-03,1.777841288068937576e-04,-5.834311356191378595e-05,-1.642891014943963820e-04,-5.976531844625653477e-03
1.221943709758917976e+03,9.999448705876955446e-01,1.809171032632032617e-05,4.408362824784458727e-05,2.840720324177581184e-03,1.743703392833603576e-04,-5.722281518251603512e-05,-1.606967227451256233e-04,-5.901111930845692743e-03
1.221949840088065685e+03,9.999459292390410203e-01,1.774429453271891811e-05,4.310931735691864766e-05,2.804773320685980797e-03,1.710220936799767568e-04,-5.612402625591906300e-05,-1.571818931547461511e-04,-5.826638573262137716e-03
1.221955970417213166e+03,9.999469675625002330e-01,1.740354971225560344e-05,4.215631967970173780e-05,2.769279989458172005e-03,1.677381323194297583e-04,-5.504633339717643109e-05,-1.537429635596907558e-04,-5.753100015506557550e-03
1.221962100746360875e+03,9.999479859478669352e-01,1.706934794680231666e-05,4.122417553142946288e-05,2.734234640172659991e-03,1.645172228386018840e-04,-5.398933218483807536e-05,-1.503783235417885508e-04,-5.680484662339044255e-03
1.221968231075508356e+03,9.999489847782397911e-01,1.674156351543169949e-05,4.031243396929096634e-05,2.699631645735509847e-03,1.613581540311697727e-04,-5.295262514032663401e-05,-1.470863926627559827e-04,-5.608781044381152582e-03
1.221974361404656065e+03,9.999499644290675837e-01,1.642007320763136865e-05,3.942065402501520823e-05,2.665465451720586826e-03,1.582597388639264528e-04,-5.193582271778147784e-05,-1.438656246994911303e-04,-5.537977836972345948e-03
1.221980491733803547e+03,9.999509252683246308e-01,1.610475626579145955e-05,3.854840445693067931e-05,2.631730575315510603e-03,1.552208139236211227e-04,-5.093854312254648850e-05,-1.407145068282302717e-04,-5.468063858186699225e-03
1.221986622062951255e+03,9.999518676576485410e-01,1.579549401169416572e-05,3.769526225743667126e-05,2.598421594776318105e-03,1.522402358205803409e-04,-4.996041113097179220e-05,-1.376315545057022979e-04,-5.399028047867256326e-03
1.221992752392098737e+03,9.999527919508313101e-01,1.549217034198393673e-05,3.686081459645408880e-05,2.565533164561940947e-03,1.493168859604025126e-04,-4.900105965632074360e-05,-1.346153181706933081e-04,-5.330859497905742969e-03
1.221998882721246446e+03,9.999536984955873509e-01,1.519467114766618720e-05,3.604465651241137218e-05,2.533059998610886956e-03,1.464496649543091107e-04,-4.806012791445023554e-05,-1.316643753273849537e-04,-5.263547418952212696e-03
1.222005013050393927e+03,9.999545876326874083e-01,1.490288459840298895e-05,3.524639202121465165e-05,2.500996879219856764e-03,1.436374953571916606e-04,-4.713726232234735598e-05,-1.287773343669700965e-04,-5.197081158198972248e-03
1.222011143379541636e+03,9.999554596961182096e-01,1.461670109030427763e-05,3.446563389243537801e-05,2.469338656049243318e-03,1.408793211653866072e-04,-4.623211633331750497e-05,-1.259528338279189592e-04,-5.131450197495762873e-03
1.222017273708689117e+03,9.999563150141144163e-01,1.433601290689761485e-05,3.370200230569754730e-05,2.438080236201974234e-03,1.381741045519203394e-04,-4.534434936561693299e-05,-1.231895377739694825e-04,-5.066644133563770643e-03
1.222023404037836826e+03,9.999571539077894977e-01,1.406071466885017900e-05,3.295512659903035706e-05,2.407216598456637761e-03,1.355208301980035540e-04,-4.447362822389871648e-05,-1.204861418398998224e-04,-5.002652706547937138e-03
1.222029534366984308e+03,9.999579766927404467e-01,1.379070280705869141e-05,3.222464319059732842e-05,2.376742777535651580e-03,1.329185002188800608e-04,-4.361962543405977730e-05,-1.178413660845912018e-04,-4.939465768605772432e-03
1.222035664696132017e+03,9.999587836782618533e-01,1.352587582069373472e-05,3.151019657614945700e-05,2.346653872454247929e-03,1.303661366492662348e-04,-4.278202005887601271e-05,-1.152539584379966812e-04,-4.877073300673676927e-03
1.222041795025279498e+03,9.999595751674903443e-01,1.326613422980705331e-05,3.081143912707751500e-05,2.316945045582563274e-03,1.278627809873419529e-04,-4.196049754836259532e-05,-1.127226940308174991e-04,-4.815465410677523782e-03
1.222047925354427207e+03,9.999603514583421671e-01,1.301138026760123939e-05,3.012802988123722817e-05,2.287611513313397155e-03,1.254074912311335297e-04,-4.115474876722112431e-05,-1.102463710228590571e-04,-4.754632314867348296e-03
1.222054055683574688e+03,9.999611128422690731e-01,1.276151828862493919e-05,2.945963611532922117e-05,2.258648559445616388e-03,1.229993458103521072e-04,-4.036447128513189349e-05,-1.078238160550669058e-04,-4.694564364731728355e-03
1.222060186012722397e+03,9.999618596057169295e-01,1.251645429051031229e-05,2.880593147489000062e-05,2.230051520387564892e-03,1.206374389802888230e-04,-3.958936786519501468e-05,-1.054538778001404449e-04,-4.635252017371007706e-03
1.222066316341869879e+03,9.999625920294096248e-01,1.227609614818859028e-05,2.816659687118487342e-05,2.201815793006850919e-03,1.183208830778879873e-04,-3.882914720430176431e-05,-1.031354300703959975e-04,-4.576685851299087254e-03
1.222072446671017588e+03,9.999633103884826291e-01,1.204035357087020849e-05,2.754132029906177507e-05,2.173936833746161531e-03,1.160488081077590245e-04,-3.808352379727670569e-05,-1.008673712106862352e-04,-4.518856564746131718e-03
1.222078577000165069e+03,9.999640149533329803e-01,1.180913782272710782e-05,2.692979574909455323e-05,2.146410149846459531e-03,1.138203590519586611e-04,-3.735221705404205501e-05,-9.864862033476480606e-05,-4.461754958056971497e-03
1.222084707329312778e+03,9.999647059884901878e-01,1.158236209339281818e-05,2.633172462129912384e-05,2.119231311929507897e-03,1.116346994389614969e-04,-3.663495247083878759e-05,-9.647812224004449614e-05,-4.405371959053388728e-03
1.222090837658460259e+03,9.999653837539395074e-01,1.135994106386008726e-05,2.574681404302189150e-05,2.092395940083267673e-03,1.094910071625449161e-04,-3.593146025812069059e-05,-9.435484159000795390e-05,-4.349698595100517408e-03
1.222096967987607968e+03,9.999660485044734592e-01,1.114179111906687014e-05,2.517477767518641707e-05,2.065899711241317525e-03,1.073884765296319527e-04,-3.524147601259802840e-05,-9.227776571529279178e-05,-4.294726007995092881e-03
1.222103098316755450e+03,9.999667004898119549e-01,1.092783030884585223e-05,2.461533554806817961e-05,2.039738358349505159e-03,1.053263178844411152e-04,-3.456474059389440728e-05,-9.024590406417882615e-05,-4.240445452356649339e-03
1.222109228645902931e+03,9.999673399553736797e-01,1.071797809439838762e-05,2.406821308287405587e-05,2.013907662112888065e-03,1.033037551665036673e-04,-3.390099932316696597e-05,-8.825828480838775127e-05,-4.186848279034841198e-03
1.222115358975050640e+03,9.999679671412518012e-01,1.051215568457851894e-05,2.353314236245509659e-05,1.988403462823703539e-03,1.013200291502187368e-04,-3.325000304623065508e-05,-8.631395927190508601e-05,-4.133925959002128676e-03
1.222121489304198349e+03,9.999685822834152304e-01,1.031028564187611677e-05,2.300986061865150788e-05,1.963221647278172704e-03,9.937439364954659489e-05,-3.261150688805952420e-05,-8.441199668531582448e-05,-4.081670057025347034e-03
1.222127619633345830e+03,9.999691856131194267e-01,1.011229207536945702e-05,2.249811095685811906e-05,1.938358155712804898e-03,9.746611737684747728e-05,-3.198527086280021295e-05,-8.255148670949154655e-05,-4.030072245689193811e-03
1.222133749962493312e+03,9.999697773570155324e-01,9.918100605278638618e-06,2.199764220801209383e-05,1.913808981019232561e-03,9.559448360166536581e-05,-3.137105976179509654e-05,-8.073153893844778046e-05,-3.979124303872478945e-03
1.222139880291641020e+03,9.999703577378508124e-01,9.727638132851493938e-06,2.150820804885211402e-05,1.889570160984833025e-03,9.375878793406950470e-05,-3.076864242615465976e-05,-7.895127983947311046e-05,-3.928818101111633543e-03
1.222146010620788502e+03,9.999709269735391759e-01,9.540833145589151698e-06,2.102956814378634172e-05,1.865637789409886702e-03,9.195834126521976713e-05,-3.017779271174799834e-05,-7.720985674265686558e-05,-3.879145620102587410e-03
1.222152140949936211e+03,9.999714852782504160e-01,9.357615359615811069e-06,2.056148678500633180e-05,1.842008003807919705e-03,9.019246632228104853e-05,-2.959828835864658888e-05,-7.550643311268538346e-05,-3.830098931893078859e-03
1.222158271279083692e+03,9.999720328618769694e-01,9.177915894810481033e-06,2.010373354347631429e-05,1.818676991924717250e-03,8.846049935569071196e-05,-2.902991154482726323e-05,-7.384019082182115138e-05,-3.781670209088133523e-03
1.222164401608231401e+03,9.999725699301316162e-01,9.001667242631890078e-06,1.965608313558034554e-05,1.795640990998752066e-03,8.676178982939058916e-05,-2.847244878451658280e-05,-7.221032970036210595e-05,-3.733851724407816555e-03
1.222170531937378883e+03,9.999730966851843039e-01,8.828803057255663809e-06,1.921831463232780176e-05,1.772896280466951897e-03,8.509569840874804116e-05,-2.792569026789980954e-05,-7.061606477917292766e-05,-3.686635835956189860e-03
1.222176662266526591e+03,9.999736133248176007e-01,8.659258432608652703e-06,1.879021248517545226e-05,1.750439192412534808e-03,8.346159962967613223e-05,-2.738943073702702785e-05,-6.905662988227712572e-05,-3.640015008407973453e-03
1.222182792595674073e+03,9.999741200434159039e-01,8.492969577767356696e-06,1.837156530381545431e-05,1.728266100003548848e-03,8.185887877150692556e-05,-2.686346845960605419e-05,-6.753127336660088198e-05,-3.593981789640565173e-03
1.222188922924821782e+03,9.999746170314813831e-01,8.329873975913432499e-06,1.796216644090986751e-05,1.706373423618925489e-03,8.028693338849438087e-05,-2.634760573158613969e-05,-6.603926016846375403e-05,-3.548528823166028408e-03
1.222195053253969263e+03,9.999751044757225760e-01,8.169910355128749739e-06,1.756181387198715524e-05,1.684757630152066430e-03,7.874517302861054255e-05,-2.584164878487525184e-05,-6.457987139727864093e-05,-3.503648846766884740e-03
1.222201183583116972e+03,9.999755825596322589e-01,8.013018498822541155e-06,1.717030948479277694e-05,1.663415226154792929e-03,7.723301740719796767e-05,-2.534540718799749095e-05,-6.315240185147648691e-05,-3.459334678622013725e-03
1.222207313912264453e+03,9.999760514627211716e-01,7.859139497176981901e-06,1.678746000062674207e-05,1.642342767655035219e-03,7.574989882963205714e-05,-2.485869464113049648e-05,-6.175616325259499168e-05,-3.415579237250165878e-03
1.222213444241412162e+03,9.999765113614157430e-01,7.708215452525449152e-06,1.641307587615782826e-05,1.621536849290607487e-03,7.429525935290085589e-05,-2.438132804462683520e-05,-6.039048040798774663e-05,-3.372375519504028276e-03
1.222219574570559644e+03,9.999769624286186653e-01,7.560189623625489149e-06,1.604697182851733017e-05,1.600994110065403304e-03,7.286855217568697718e-05,-2.391312795519422347e-05,-5.905469305280317650e-05,-3.329716612271389330e-03
1.222225704899707353e+03,9.999774048337896071e-01,7.415006399150290931e-06,1.568896672716490223e-05,1.580711232693795057e-03,7.146924138309774415e-05,-2.345391850212398234e-05,-5.774815548293697401e-05,-3.287595691185537117e-03
1.222231835228854834e+03,9.999778387434692384e-01,7.272611125624697872e-06,1.533888295542722215e-05,1.560684937157179233e-03,7.009680028892254812e-05,-2.300352684327575849e-05,-5.647023431800128786e-05,-3.246006007561511812e-03
1.222237965558002543e+03,9.999782643205841204e-01,7.132950335644842882e-06,1.499654723779178062e-05,1.540911989928574937e-03,6.875071363459108148e-05,-2.256178388670665748e-05,-5.522031141176507793e-05,-3.204940907165299349e-03
1.222244095887150024e+03,9.999786817252616089e-01,6.995971480468829672e-06,1.466178965341497204e-05,1.521389193761056406e-03,6.743047501280586002e-05,-2.212852344518634746e-05,-5.399778039699598578e-05,-3.164393809495783493e-03
1.222250226216297733e+03,9.999790911144305072e-01,6.861623060962742609e-06,1.433444410754503727e-05,1.502113393095849507e-03,6.613558812924777962e-05,-2.170358265025439405e-05,-5.280204834284742566e-05,-3.124358218795663267e-03
1.222256356545445215e+03,9.999794926418945629e-01,6.729854603539666186e-06,1.401434823419542836e-05,1.483081473445285606e-03,6.486556657087833076e-05,-2.128680187617604445e-05,-5.163253542341722827e-05,-3.084827722832983194e-03
1.222262486874592923e+03,9.999798864588083092e-01,6.600616503988391100e-06,1.370134282268412153e-05,1.464290355337822137e-03,6.361993230123145669e-05,-2.087802424615235657e-05,-5.048867290385665397e-05,-3.045795980603425730e-03
1.222268617203740405e+03,9.999802727130462365e-01,6.473860234611823258e-06,1.339527256030740084e-05,1.445737002984548479e-03,6.239821765633628108e-05,-2.047709628731428372e-05,-4.936990575875011510e-05,-3.007256739990716524e-03
1.222274747532888114e+03,9.999806515499416459e-01,6.349538101517352456e-06,1.309598514640126467e-05,1.427418414683835407e-03,6.119996300619206392e-05,-2.008386716329878293e-05,-4.827568956204026811e-05,-2.969203818265531841e-03
1.222280877862035595e+03,9.999810231119250492e-01,6.227603363466711676e-06,1.280333171548139661e-05,1.409331627901928364e-03,6.002471790000546751e-05,-1.969818905007044563e-05,-4.720549197787401411e-05,-2.931631112444858626e-03
1.222287008191183304e+03,9.999813875385907824e-01,6.108010210036883401e-06,1.251716674967141228e-05,1.391473718692332485e-03,5.887204085581536860e-05,-1.931991706689360807e-05,-4.615879246144240168e-05,-2.894532598141344622e-03
1.222293138520330785e+03,9.999817449671283276e-01,5.990713619874055462e-06,1.223734756375147448e-05,1.373841796006476223e-03,5.774149799476274502e-05,-1.894890882813456411e-05,-4.513508044654711602e-05,-2.857902317989282313e-03
1.222299268849478494e+03,9.999820955317503257e-01,5.875669548697409228e-06,1.196373497171377966e-05,1.356433009835129226e-03,5.663266485267162416e-05,-1.858502503776911187e-05,-4.413385770052850589e-05,-2.821734398258486740e-03
1.222305399178625976e+03,9.999824393643624854e-01,5.762834709008774973e-06,1.169619249132041891e-05,1.339244542193027739e-03,5.554512425747102288e-05,-1.822812879281896509e-05,-4.315463552568757068e-05,-2.786023030502702679e-03
1.222311529507773685e+03,9.999827765942368440e-01,5.652166677963499975e-06,1.143458672381997107e-05,1.322273611891397038e-03,5.447846736863247913e-05,-1.787808592446662553e-05,-4.219693609993539432e-05,-2.750762481304196930e-03
1.222317659836921166e+03,9.999831073480704990e-01,5.543623877547873471e-06,1.117878727517585094e-05,1.305517473991671829e-03,5.343229348626189019e-05,-1.753476493539636461e-05,-4.126029220687805322e-05,-2.715947091187532157e-03
1.222323790166068875e+03,9.999834317503779602e-01,5.437165445926666878e-06,1.092866629376545403e-05,1.288973414460297144e-03,5.240620881144539500e-05,-1.719803659298311990e-05,-4.034424560519257470e-05,-2.681571263729022343e-03
1.222329920495216356e+03,9.999837499229718984e-01,5.332751408079191568e-06,1.068409906848478271e-05,1.272638757816190423e-03,5.139982809053258766e-05,-1.686777446889528483e-05,-3.944834914600110445e-05,-2.647629481183230282e-03
1.222336050824364065e+03,9.999840619855715484e-01,5.230342475858273657e-06,1.044496331472671410e-05,1.256510858661129357e-03,5.041277268855431909e-05,-1.654385430685398217e-05,-3.857216425535675526e-05,-2.614116287216686728e-03
1.222342181153511547e+03,9.999843680555048353e-01,5.129900145895845551e-06,1.021113951505513404e-05,1.240587106162480743e-03,4.944467153269092131e-05,-1.622615433224373172e-05,-3.771526213948536466e-05,-2.581026296072523422e-03
1.222348311482659255e+03,9.999846682477635529e-01,5.031386681610996292e-06,9.982510848370128090e-06,1.224864923539350234e-03,4.849516093894990664e-05,-1.591455519523615983e-05,-3.687722354135500893e-05,-2.548354191545565070e-03
1.222354441811806737e+03,9.999849626753581910e-01,4.934764996441835503e-06,9.758962774970152503e-06,1.209341763041146822e-03,4.756388348700502241e-05,-1.560893960154605053e-05,-3.605763727405887859e-05,-2.516094716736838252e-03
1.222360572140954446e+03,9.999852514488469790e-01,4.839998808718084198e-06,9.540383573119306899e-06,1.194015113130522405e-03,4.665048951260456644e-05,-1.530919280219803698e-05,-3.525610212407178853e-05,-2.484242688748989920e-03
1.222366702470101927e+03,9.999855346768878883e-01,4.747052460189871505e-06,9.326663698257141652e-06,1.178882490527145182e-03,4.575463535892991296e-05,-1.501520201967189327e-05,-3.447222458723458365e-05,-2.452792982444091437e-03
1.222372832799249636e+03,9.999858124659692926e-01,4.655891004888549154e-06,9.117696088579795073e-06,1.163941444417927740e-03,4.487598423291309967e-05,-1.472685672891754773e-05,-3.370561995196911126e-05,-2.421740539061477664e-03
1.222378963128397118e+03,9.999860849204581514e-01,4.566480192796522216e-06,8.913376101360561269e-06,1.149189555973781666e-03,4.401420604790261265e-05,-1.444404860572877712e-05,-3.295591207981829327e-05,-2.391080365251106558e-03
1.222385093457544826e+03,9.999863521429237512e-01,4.478786363865854847e-06,8.713601140606224232e-06,1.134624433632731811e-03,4.316897640241338014e-05,-1.416667119159923391e-05,-3.222273208671986997e-05,-2.360807523436641176e-03
1.222391223786692308e+03,9.999866142337096031e-01,4.392776588583211714e-06,8.518271138316607736e-06,1.120243719846030373e-03,4.233997793471918193e-05,-1.389462033825319911e-05,-3.150572005333620131e-05,-2.330917145633075969e-03
1.222397354115840017e+03,9.999868712914347091e-01,4.308418503262898703e-06,8.327287979542644455e-06,1.106045083604840443e-03,4.152689873567631579e-05,-1.362779368678866513e-05,-3.080452298959117380e-05,-2.301404418170611369e-03
1.222403484444987498e+03,9.999871234127482023e-01,4.225680390698373010e-06,8.140555776432828881e-06,1.092026224394261266e-03,4.072943312595577147e-05,-1.336609092273678284e-05,-3.011879580795567179e-05,-2.272264589797129940e-03
1.222409614774135207e+03,9.999873706923744221e-01,4.144531165340223654e-06,7.957980811001474510e-06,1.078184871738895089e-03,3.994728151324010304e-05,-1.310941372920079884e-05,-2.944820112566868774e-05,-2.243492970766759222e-03
1.222415745103282688e+03,9.999876132234063464e-01,4.064940277105415078e-06,7.779471201080019038e-06,1.064518780772418481e-03,3.918014946528876590e-05,-1.285766548266494510e-05,-2.879240807932102126e-05,-2.215084923776944673e-03
1.222421875432430397e+03,9.999878510969159029e-01,3.986877838956205511e-06,7.604937331881465495e-06,1.051025738573007360e-03,3.842774893940946874e-05,-1.261075165646578977e-05,-2.815109386141388252e-05,-2.187035876958860498e-03
1.222428005761577879e+03,9.999880844024108262e-01,3.910314477409044453e-06,7.434291340250795071e-06,1.037703557144159430e-03,3.768979684187259412e-05,-1.236857934804095371e-05,-2.752394189087943295e-05,-2.159341309512219191e-03
1.222434136090725588e+03,9.999883132276099484e-01,3.835221405735007515e-06,7.267447360381319763e-06,1.024550077127841380e-03,3.696601573335335928e-05,-1.213105751042912554e-05,-2.691064268736740716e-05,-2.131996759322110115e-03
1.222440266419873069e+03,9.999885376584860541e-01,3.761570410506768521e-06,7.104321472391597589e-06,1.011563167377234730e-03,3.625613369930751826e-05,-1.189809690973514346e-05,-2.631089369306950990e-05,-2.104997822099933212e-03
1.222446396749020778e+03,9.999887577795305571e-01,3.689333764294327073e-06,6.944831402696949053e-06,9.987407207956977822e-04,3.555988350866235830e-05,-1.166960984903471023e-05,-2.572439820742571928e-05,-2.078340142861658836e-03
1.222452527078168259e+03,9.999889736734011159e-01,3.618484341457164021e-06,6.788896910932608194e-06,9.860806602860726355e-04,3.487700372970577861e-05,-1.144551053457668399e-05,-2.515086676721571164e-05,-2.052019428138794361e-03
1.222458657407315968e+03,9.999891854213350806e-01,3.548995482463759590e-06,6.636439327399299524e-06,9.735809321585512342e-04,3.420723742256174003e-05,-1.122571464669682597e-05,-2.459001550265762934e-05,-2.026031432471916971e-03
1.222464787736463450e+03,9.999893931029470995e-01,3.480841060329254902e-06,6.487381773335159694e-06,9.612395096174121975e-04,3.355033277948269701e-05,-1.101013954993399278e-05,-2.404156692257037039e-05,-2.000371965570063928e-03
1.222470918065611158e+03,9.999895967962659782e-01,3.413995468404989662e-06,6.341649114723505527e-06,9.490543923593659824e-04,3.290604300718588600e-05,-1.079870425442213414e-05,-2.350524975391287305e-05,-1.975036891501264630e-03
1.222477048394758640e+03,9.999897965779768194e-01,3.348433541139857853e-06,6.199167693593244398e-06,9.370236026657924235e-04,3.227412556323252363e-05,-1.059132916529684561e-05,-2.298079798469123791e-05,-1.950022120680824965e-03
1.222483178723906349e+03,9.999899925231000575e-01,3.284130659174549319e-06,6.059865674851285890e-06,9.251451909891381803e-04,3.165434316887371470e-05,-1.038793641507018743e-05,-2.246795210321199569e-05,-1.925323621348192567e-03
1.222489309053053830e+03,9.999901847053671577e-01,3.221062626196122130e-06,5.923672631521115063e-06,9.134172297622765056e-04,3.104646262229428054e-05,-1.018844947417835575e-05,-2.196645762131734512e-05,-1.900937406869714248e-03
1.222495439382201539e+03,9.999903731970364307e-01,3.159205729237423013e-06,5.790519742167033749e-06,9.018378166724177938e-04,3.045025537971500983e-05,-9.992793341688064077e-06,-2.147606577933622098e-05,-1.876859542467165191e-03
1.222501569711349021e+03,9.999905580689276707e-01,3.098536727594525216e-06,5.660339749411189521e-06,8.904050742835801927e-04,2.986549744863021351e-05,-9.800894510253431661e-06,-2.099653340162572864e-05,-1.853086144455256016e-03
1.222507700040496729e+03,9.999907393906403152e-01,3.039032780908782862e-06,5.533066719018786863e-06,8.791171463669453711e-04,2.929196869473666987e-05,-9.612680738670051022e-06,-2.052762203690855261e-05,-1.829613372710484770e-03
1.222513830369644211e+03,9.999909172302631211e-01,2.980671544551330580e-06,5.408636350734875745e-06,8.679722031461720340e-04,2.872945376116961861e-05,-9.428081353545946622e-06,-2.006909907079480835e-05,-1.806437441456733078e-03
1.222519960698791920e+03,9.999910916547152251e-01,2.923431057854796152e-06,5.286985606451156044e-06,8.569684354841593113e-04,2.817774099140234631e-05,-9.247026895823496004e-06,-1.962073639949342849e-05,-1.783554607330336324e-03
1.222526091027939401e+03,9.999912627295787226e-01,2.867289798841579435e-06,5.168052887119709051e-06,8.461040579569650485e-04,2.763662295667610643e-05,-9.069449293868684720e-06,-1.918231106259813806e-05,-1.760961175702979633e-03
1.222532221357087110e+03,9.999914305191295316e-01,2.812226674165114603e-06,5.051777995508310794e-06,8.353773084990097526e-04,2.710589635906709516e-05,-8.895281831664172127e-06,-1.875360511307743461e-05,-1.738653499963676522e-03
1.222538351686234591e+03,9.999915950865365666e-01,2.758220953836221631e-06,4.938101920239201651e-06,8.247864449572227469e-04,2.658536140244101786e-05,-8.724458942372971052e-06,-1.833440484531325635e-05,-1.716627974440206776e-03
1.222544482015382300e+03,9.999917564935975056e-01,2.705252357794905727e-06,4.826967114314923929e-06,8.143297500158444904e-04,2.607482262680600046e-05,-8.556916482141294035e-06,-1.792450179362088290e-05,-1.694881044533982700e-03
1.222550612344529782e+03,9.999919148010479875e-01,2.653300954468330805e-06,4.718317161834476629e-06,8.040055257379273655e-04,2.557408793066069387e-05,-8.392591409273050793e-06,-1.752369154139414407e-05,-1.673409195503083174e-03
1.222556742673677491e+03,9.999920700684110653e-01,2.602347210442572594e-06,4.612096936498628141e-06,7.938120964513191219e-04,2.508296904971504582e-05,-8.231421941328859217e-06,-1.713177428898379566e-05,-1.652208958403318141e-03
1.222562873002824972e+03,9.999922223540234079e-01,2.552371981333102712e-06,4.508252568178250875e-06,7.837478084152601924e-04,2.460128146893661891e-05,-8.073347526256468963e-06,-1.674855473672685015e-05,-1.631276909412233750e-03
1.222569003331972681e+03,9.999923717152173763e-01,2.503356452541747911e-06,4.406731249358901252e-06,7.738110265848730917e-04,2.412884385159498141e-05,-7.918308655024183440e-06,-1.637384139190586251e-05,-1.610609663176763547e-03
1.222575133661120162e+03,9.999925182080806607e-01,2.455282217829958241e-06,4.307481484669788774e-06,7.640001392348178249e-04,2.366547879649414588e-05,-7.766247110129526871e-06,-1.600744746474780521e-05,-1.590203882335660367e-03
1.222581263990267871e+03,9.999926618877374995e-01,2.408131187248998910e-06,4.210452792208360393e-06,7.543135528341408241e-04,2.321101195071036135e-05,-7.617105674410555523e-06,-1.564918979942485645e-05,-1.570056266978470810e-03
1.222587394319415353e+03,9.999928028082105680e-01,2.361885632222372585e-06,4.115595845527748215e-06,7.447496947556945515e-04,2.276527244403480030e-05,-7.470828273631591888e-06,-1.529888938357062015e-05,-1.550163560227289490e-03
1.222593524648563061e+03,9.999929410224470683e-01,2.316528177259758121e-06,4.022862443634722742e-06,7.353070129628839526e-04,2.232809280916296681e-05,-7.327359950280125779e-06,-1.495637124307299099e-05,-1.530522547600507996e-03
1.222599654977710543e+03,9.999930765824811552e-01,2.272041746187448433e-06,3.932205337547476784e-06,7.259839729718141517e-04,2.189930846345875348e-05,-7.186646693508749815e-06,-1.462146382002999020e-05,-1.511130050761694396e-03
1.222605785306858252e+03,9.999932095392188858e-01,2.228409633461972854e-06,3.843578453807487954e-06,7.167790621920044382e-04,2.147875839629387505e-05,-7.048635664685707409e-06,-1.429399977657788642e-05,-1.491982936465718109e-03
1.222611915636005733e+03,9.999933399426907954e-01,2.185615420606767302e-06,3.756936626867632431e-06,7.076907851144880390e-04,2.106628436367036849e-05,-6.913274933106159452e-06,-1.397381503549917383e-05,-1.473078106654030070e-03
1.222618045965153442e+03,9.999934678419281076e-01,2.143643017129294268e-06,3.672235726261402382e-06,6.987176658553678711e-04,2.066173128257701883e-05,-6.780513605405322881e-06,-1.366074923727655638e-05,-1.454412503698371186e-03
1.222624176294300923e+03,9.999935932849853826e-01,2.102476653000400328e-06,3.589432629684306465e-06,6.898582478614930565e-04,2.026494715852819440e-05,-6.650301801775234790e-06,-1.335464564549278798e-05,-1.435983109801993070e-03
1.222630306623448632e+03,9.999937163190897316e-01,2.062100829852703474e-06,3.508485067603026146e-06,6.811110910583618918e-04,1.987578261523456594e-05,-6.522590501617055224e-06,-1.305535058863683948e-05,-1.417786941126234759e-03
1.222636436952596114e+03,9.999938369904429747e-01,2.022500385705177513e-06,3.429351823428676580e-06,6.724747759250094105e-04,1.949409151838730686e-05,-6.397331748253788971e-06,-1.276271418108928520e-05,-1.399821056194425943e-03
1.222642567281743823e+03,9.999939553444531226e-01,1.983660419120546183e-06,3.351992493780420613e-06,6.639478989764554693e-04,1.911973024472689837e-05,-6.274478409057365888e-06,-1.247658946229161926e-05,-1.382082546586042458e-03
1.222648697610891304e+03,9.999940714256208008e-01,1.945566326341824047e-06,3.276367602363704604e-06,6.555290751514272546e-04,1.875255803996615095e-05,-6.153984292905591780e-06,-1.219683280665333562e-05,-1.364568541862368808e-03
1.222654827940039013e+03,9.999941852775607876e-01,1.908203794466472690e-06,3.202438575823570446e-06,6.472169375358670200e-04,1.839243695300552602e-05,-6.035804128595655196e-06,-1.192330383851381314e-05,-1.347276209003137395e-03
1.222660958269186494e+03,9.999942969431361295e-01,1.871558757153723777e-06,3.130167604550720408e-06,6.390101346853418410e-04,1.803923140905637419e-05,-5.919893424755565809e-06,-1.165586493135420760e-05,-1.330202746888487202e-03
1.222667088598334203e+03,9.999944064642798391e-01,1.835617453368961987e-06,3.059517821923649036e-06,6.309073344502516686e-04,1.769280877580444201e-05,-5.806208655644136522e-06,-1.139438185434518641e-05,-1.313345394192889752e-03
1.222673218927481685e+03,9.999945138822042834e-01,1.800366358548455836e-06,2.990453089581020956e-06,6.229072197347850729e-04,1.735303869999456195e-05,-5.694707043438394724e-06,-1.113872300011842894e-05,-1.296701420642739754e-03
1.222679349256629393e+03,9.999946192372982656e-01,1.765792218304639671e-06,2.922938099381507272e-06,6.150084907382808537e-04,1.701979343230150982e-05,-5.585346664838891681e-06,-1.088875975231576239e-05,-1.280268131642909018e-03
1.222685479585776875e+03,9.999947225691465658e-01,1.731882042230939473e-06,2.856938351748167697e-06,6.072098646955144570e-04,1.669294776758938420e-05,-5.478086431477281596e-06,-1.064436640916766902e-05,-1.264042867746824209e-03
1.222691609914924584e+03,9.999948239166518427e-01,1.698623063701442641e-06,2.792420031004413114e-06,5.995100733630451696e-04,1.637237865750959886e-05,-5.372885962769747492e-06,-1.040541973430266451e-05,-1.248022999472766809e-03
1.222697740244072065e+03,9.999949233178723196e-01,1.666002793187548006e-06,2.729350165847710608e-06,5.919078666098963890e-04,1.605796572433102471e-05,-5.269705754551161837e-06,-1.017179953642616745e-05,-1.232205934718166038e-03
1.222703870573219774e+03,9.999950208102126314e-01,1.634008955782699445e-06,2.667696437054327831e-06,5.844020084362774262e-04,1.574959065883235190e-05,-5.168506981476106589e-06,-9.943387976720731824e-06,-1.216589110547260490e-03
1.222710000902367256e+03,9.999951164303295670e-01,1.602629521793461456e-06,2.607427268753715789e-06,5.769912790774823748e-04,1.544713751514437223e-05,-5.069251593775063054e-06,-9.720069898349356389e-06,-1.201169997536389190e-03
1.222716131231514964e+03,9.999952102141502763e-01,1.571852701116655059e-06,2.548511809010742276e-06,5.696744747599388758e-04,1.515049265654566421e-05,-4.971902299471629394e-06,-9.501732757794988853e-06,-1.185946099275566722e-03
1.222722261560662446e+03,9.999953021969829603e-01,1.541666906753347517e-06,2.490919818193484184e-06,5.624504053415609181e-04,1.485954440382841010e-05,-4.876422448982646018e-06,-9.288266222034869960e-06,-1.170914947499301136e-03
1.222728391889810155e+03,9.999953924133694327e-01,1.512060803199261222e-06,2.434621812621210874e-06,5.553178976821681245e-04,1.457418350167564125e-05,-4.782776188172347268e-06,-9.079562688165302323e-06,-1.156074109049899960e-03
1.222734522218957636e+03,9.999954808972575382e-01,1.483023249741911269e-06,2.379588892386223300e-06,5.482757919062056272e-04,1.429430257217259746e-05,-4.690928279009003155e-06,-8.875516662346486944e-06,-1.141421178163685513e-03
1.222740652548105345e+03,9.999955676819177741e-01,1.454543328225160047e-06,2.325792823049915380e-06,5.413229433775374431e-04,1.401979638239446897e-05,-4.600844187381742024e-06,-8.676025055141205861e-06,-1.126953780551821077e-03
1.222746782877252826e+03,9.999956527999572797e-01,1.426610337945845633e-06,2.273206018235118684e-06,5.344582224703262573e-04,1.375056179523992517e-05,-4.512490066960417371e-06,-8.480987119843207066e-06,-1.112669572931605745e-03
1.222752913206400535e+03,9.999957362834216434e-01,1.399213762538951217e-06,2.221801439679704853e-06,5.276805123540506681e-04,1.348649745025882386e-05,-4.425832654457486007e-06,-8.290304091303668695e-06,-1.098566238453104306e-03
1.222759043535548017e+03,9.999958181636614540e-01,1.372343313896842792e-06,2.171552725803150736e-06,5.209887121570476410e-04,1.322750418695140745e-05,-4.340839408541109873e-06,-8.103879651634475549e-06,-1.084641493238409438e-03
1.222765173864695726e+03,9.999958984714875099e-01,1.345988880705529964e-06,2.122434037565624369e-06,5.143817334584173265e-04,1.297348454875876854e-05,-4.257478347061220805e-06,-7.921619373418190720e-06,-1.070893079136722194e-03
1.222771304193843207e+03,9.999959772370959898e-01,1.320140553643886185e-06,2.074420131579901482e-06,5.078585021415811659e-04,1.272434302594439768e-05,-4.175718126752885656e-06,-7.743430984375129721e-06,-1.057318767556564331e-03
1.222777434522990916e+03,9.999960544900814430e-01,1.294788620751749668e-06,2.027486344508682332e-06,5.014179581790999610e-04,1.247998601095725291e-05,-4.095528028587056970e-06,-7.569224311982787003e-06,-1.043916359025080266e-03
1.222783564852138397e+03,9.999961302595283819e-01,1.269923537374794978e-06,1.981608503594829989e-06,4.950590535535573725e-04,1.224032150875947349e-05,-4.016877862709229985e-06,-7.398910959710899561e-06,-1.030683678892817517e-03
1.222789695181286106e+03,9.999962045738901573e-01,1.245535966025725872e-06,1.936763041712731539e-06,4.887807552268376302e-04,1.200525952098466455e-05,-3.939738094517986972e-06,-7.232404724321743957e-06,-1.017618583474384341e-03
1.222795825510433588e+03,9.999962774611313998e-01,1.221616729675649061e-06,1.892926859396638462e-06,4.825820418472829719e-04,1.177471159579571199e-05,-3.864079696929934627e-06,-7.069621096792023574e-06,-1.004718953244402397e-03
1.222801955839581296e+03,9.999963489486576318e-01,1.198156834624903778e-06,1.850077390260634171e-06,4.764619054893891076e-04,1.154859104830295868e-05,-3.789874222718916889e-06,-6.910477499449975200e-06,-9.919826964359943541e-04
1.222808086168728778e+03,9.999964190633289229e-01,1.175147466299109572e-06,1.808192587016442823e-06,4.704193514517344922e-04,1.132681292005272778e-05,-3.717093791220057447e-06,-6.754893236256221469e-06,-9.794077486264889890e-04
1.222814216497876487e+03,9.999964878315428241e-01,1.152579961971082225e-06,1.767250841394519868e-06,4.644533963054693236e-04,1.110929371611104026e-05,-3.645711002051378035e-06,-6.602789202628327475e-06,-9.669920687037328755e-04
1.222820346827023968e+03,9.999965552791231227e-01,1.130445846938894180e-06,1.727231087085878091e-06,4.585630706811701660e-04,1.089595175376934409e-05,-3.575699049543394255e-06,-6.454088259301512855e-06,-9.547336446320804984e-04
1.222826477156171677e+03,9.999966214314506274e-01,1.108736792133013101e-06,1.688112676262293506e-06,4.527474161781396738e-04,1.068670675393963560e-05,-3.507031588653598436e-06,-6.308714785064640475e-06,-9.426304870628146333e-04
1.222832607485319159e+03,9.999966863133986639e-01,1.087444634873890539e-06,1.649875438105216867e-06,4.470054869971941923e-04,1.048148004122291986e-05,-3.439682800621928587e-06,-6.166594889193408067e-06,-9.306806327129774157e-04
1.222838737814466867e+03,9.999967499493453982e-01,1.066561375056456071e-06,1.612499666278086713e-06,4.413363497509230652e-04,1.028019450714937504e-05,-3.373627380903207312e-06,-6.027656366824473300e-06,-9.188821439759653617e-04
1.222844868143614349e+03,9.999968123632488881e-01,1.046079150392428030e-06,1.575966047263270549e-06,4.357390816319943873e-04,1.008277437156062458e-05,-3.308840460860128291e-06,-5.891828438932491898e-06,-9.072331051336578753e-04
1.222850998472762058e+03,9.999968735785473850e-01,1.025990269245575353e-06,1.540255752455842955e-06,4.302127730287276389e-04,9.889145499075891491e-06,-3.245297711620190256e-06,-5.759042087214706902e-06,-8.957316277703115167e-04
1.222857128801909539e+03,9.999969336182761293e-01,1.006287172155893295e-06,1.505350327669947301e-06,4.247565246242227368e-04,9.699235028245161656e-06,-3.182975222378830367e-06,-5.629229653335303208e-06,-8.843758447725895162e-04
1.222863259131057248e+03,9.999969925050103958e-01,9.869624506791933538e-07,1.471231745495138883e-06,4.193694489287637405e-04,9.512971553145268538e-06,-3.121849559988576184e-06,-5.502325029195225720e-06,-8.731639135019648697e-04
1.222869389460204729e+03,9.999970502608755973e-01,9.680088439241318802e-07,1.437882394073863719e-06,4.140506701016618304e-04,9.330285090016735857e-06,-3.061897758006365858e-06,-5.378263616886787565e-06,-8.620940154287418241e-04
1.222875519789352438e+03,9.999971069076161179e-01,9.494192160820795066e-07,1.405285012979237814e-06,4.087993222320788025e-04,9.151106860655220049e-06,-3.003097245621569456e-06,-5.256982095732216550e-06,-8.511643525752554066e-04
1.222881650118499920e+03,9.999971624665043857e-01,9.311865862284590987e-07,1.373422775592528538e-06,4.036145517937877471e-04,8.975369579683926954e-06,-2.945425941917098002e-06,-5.138418722204469253e-06,-8.403731525989099069e-04
1.222887780447647629e+03,9.999972169584473436e-01,9.133040934019963609e-07,1.342279190244157405e-06,3.984955149225349619e-04,8.803007117954756607e-06,-2.888862145416498588e-06,-5.022512970907515355e-06,-8.297186631583650411e-04
1.222893910776795110e+03,9.999972704039342686e-01,8.957650137035481024e-07,1.311838147042074960e-06,3.934413788542022580e-04,8.633954667352922028e-06,-2.833384588167329080e-06,-4.909205704966589833e-06,-8.191991548919818917e-04
1.222900041105942819e+03,9.999973228230460975e-01,8.785627571531165004e-07,1.282083907820195702e-06,3.884513217575411817e-04,8.468148710535558770e-06,-2.778972425800433235e-06,-4.798439140101148204e-06,-8.088129210739153883e-04
1.222906171435090300e+03,9.999973742355180439e-01,8.616908472959055445e-07,1.253001048771713613e-06,3.835245311206436636e-04,8.305526824327605489e-06,-2.725605173024550217e-06,-4.690156635945130302e-06,-7.985582742744681481e-04
1.222912301764238009e+03,9.999974246606571082e-01,8.451429482500393709e-07,1.224574534125365372e-06,3.786602060547169190e-04,8.146027940447982747e-06,-2.673262789178086880e-06,-4.584302964609673610e-06,-7.884335511322490553e-04
1.222918432093385491e+03,9.999974741174381121e-01,8.289128330124435315e-07,1.196789627708514349e-06,3.738575547388031878e-04,7.989592040017058872e-06,-2.621925577981466575e-06,-4.480823989108825981e-06,-7.784371070644755452e-04
1.222924562422533199e+03,9.999975226244572912e-01,8.129943989777661250e-07,1.169631934825650024e-06,3.691157957694697882e-04,7.836160303134115100e-06,-2.571574236623455853e-06,-4.379666815922340293e-06,-7.685673190631968181e-04
1.222930692751680681e+03,9.999975701999399558e-01,7.973816650857679774e-07,1.143087393257033227e-06,3.644341580037631367e-04,7.685675081389777968e-06,-2.522189846738769410e-06,-4.280779762770044235e-06,-7.588225853721346963e-04
1.222936823080828390e+03,9.999976168617979999e-01,7.820687533117572962e-07,1.117142221943036528e-06,3.598118790448793960e-04,7.538079719475697619e-06,-2.473753815862665153e-06,-4.184112171715025923e-06,-7.492013223511108768e-04
1.222942953409975871e+03,9.999976626275542957e-01,7.670499132151324240e-07,1.091782986869548756e-06,3.552482074041969640e-04,7.393318791762727851e-06,-2.426247955078092365e-06,-4.089614649608067033e-06,-7.397019689561446475e-04
1.222949083739123580e+03,9.999977075144304006e-01,7.523194931737517261e-07,1.066996521965305737e-06,3.507424001031235082e-04,7.251337825080300231e-06,-2.379654388030415669e-06,-3.997238780101904092e-06,-7.303229817730988449e-04
1.222955214068271061e+03,9.999977515393042582e-01,7.378719544689145510e-07,1.042769966548805453e-06,3.462937239397237735e-04,7.112083434445372358e-06,-2.333955595478332189e-06,-3.906937260229880378e-06,-7.210628376427067861e-04
1.222961344397418770e+03,9.999977947187171923e-01,7.237018686963182062e-07,1.019090757268793354e-06,3.419014553412827776e-04,6.975503298139081393e-06,-2.289134407105026801e-06,-3.818663871506516686e-06,-7.119200333569474133e-04
1.222967474726566252e+03,9.999978370689258655e-01,7.098039009667788708e-07,9.959465822076506136e-07,3.375648789431167436e-04,6.841545995775255096e-06,-2.245173948382188103e-06,-3.732373312567820613e-06,-7.028930827152363604e-04
1.222973605055713961e+03,9.999978786058342228e-01,6.961728321864668081e-07,9.733254397920786339e-07,3.332832896175268742e-04,6.710161223026907891e-06,-2.202057711042685452e-06,-3.648021414407138687e-06,-6.939805207301241339e-04
1.222979735384861442e+03,9.999979193450723169e-01,6.828035329492241377e-07,9.512155680490611347e-07,3.290559902231763234e-04,6.581299540012057953e-06,-2.159769470502061474e-06,-3.565564882512385994e-06,-6.851808989647718406e-04
1.222985865714009151e+03,9.999979593019585611e-01,6.696909763200737430e-07,9.296054780858382446e-07,3.248822927937370340e-04,6.454912494519402750e-06,-2.118293326292983025e-06,-3.484961419116024037e-06,-6.764927879971425811e-04
1.222991996043156632e+03,9.999979984915059461e-01,6.568302354854181623e-07,9.084839468748759393e-07,3.207615183994869936e-04,6.330952599338618924e-06,-2.077613694633054359e-06,-3.406169697283906147e-06,-6.679147771347762651e-04
1.222998126372304341e+03,9.999980369284690029e-01,6.442164685059921047e-07,8.878399762094652725e-07,3.166929958135553504e-04,6.209373185306255596e-06,-2.037715260198358887e-06,-3.329149211074596841e-06,-6.594454716511257471e-04
1.223004256701451823e+03,9.999980746272820742e-01,6.318449385384038844e-07,8.676628453714107908e-07,3.126760634159583157e-04,6.090128596218960038e-06,-1.998583040084631412e-06,-3.253860468180037751e-06,-6.510834967335182508e-04
1.223010387030599531e+03,9.999981116021311456e-01,6.197109901397927556e-07,8.479420478706738705e-07,3.087100670814710919e-04,5.973173960436035014e-06,-1.960202308858734493e-06,-3.180264759071901268e-06,-6.428274931060584847e-04
1.223016517359747013e+03,9.999981478669189849e-01,6.078100608701513289e-07,8.286673213749615188e-07,3.047943612950824977e-04,5.858465302728468267e-06,-1.922558635257094831e-06,-3.108324266409693418e-06,-6.346761193427686654e-04
1.223022647688894722e+03,9.999981834352715815e-01,5.961376791596230292e-07,8.098286412516366404e-07,3.009283090220665107e-04,5.745959523703011452e-06,-1.885637875440126641e-06,-3.038002041813202939e-06,-6.266280515996463813e-04
1.223028778018042203e+03,9.999982183205798902e-01,5.846894504702799383e-07,7.914161838673523144e-07,2.971112804563136311e-04,5.635614266425180643e-06,-1.849426129221765559e-06,-2.969261871728303874e-06,-6.186819810202436043e-04
1.223034908347189912e+03,9.999982525359446539e-01,5.734610756492030388e-07,7.734203736685367177e-07,2.933426548071115122e-04,5.527388093324998617e-06,-1.813909798120799686e-06,-2.902068449818651339e-06,-6.108366174415568849e-04
1.223041038676337394e+03,9.999982860942409069e-01,5.624483294225750864e-07,7.558318266203063334e-07,2.896218183170260092e-04,5.421240278912809787e-06,-1.779075517337346181e-06,-2.836387170324472389e-06,-6.030906852850500882e-04
1.223047169005485102e+03,9.999983190080868889e-01,5.516470709259463538e-07,7.386413769588944118e-07,2.859481653086499140e-04,5.317130911274783725e-06,-1.744910189060420365e-06,-2.772184225963211734e-06,-5.954429257279166953e-04
1.223053299334632584e+03,9.999983512898495963e-01,5.410532417685871035e-07,7.218400714119892055e-07,2.823210980626380162e-04,5.215020873411463888e-06,-1.711400976345597045e-06,-2.709426587111698066e-06,-5.878920964514035199e-04
1.223059429663780293e+03,9.999983829516826406e-01,5.306628534739290040e-07,7.054191363868337155e-07,2.787400256431011723e-04,5.114871722180735292e-06,-1.678535263388869454e-06,-2.648081881750678211e-06,-5.804369692053768003e-04
1.223065559992927774e+03,9.999984140054759552e-01,5.204720041367964742e-07,6.893700200510828676e-07,2.752043655743121177e-04,5.016645848862862132e-06,-1.646300708214067929e-06,-2.588118549713183207e-06,-5.730763332868379608e-04
1.223071690322075483e+03,9.999984444629151925e-01,5.104768589046503915e-07,6.736843417679049876e-07,2.717135419806342871e-04,4.920306291022631222e-06,-1.614685180934569144e-06,-2.529505657744641665e-06,-5.658089916828039096e-04
1.223077820651222964e+03,9.999984743354527472e-01,5.006736595348647590e-07,6.583539160056899769e-07,2.682669865687835049e-04,4.825816824608224359e-06,-1.583676793983330889e-06,-2.472212987093810185e-06,-5.586337631083342298e-04
1.223083950980370673e+03,9.999985036343125300e-01,4.910587226379169511e-07,6.433707471662964232e-07,2.648641385133402464e-04,4.733141947057936483e-06,-1.553263896556181657e-06,-2.416211014858072944e-06,-5.515494817701426878e-04
1.223090081309518155e+03,9.999985323705252727e-01,4.816284282783413468e-07,6.287270002532610669e-07,2.615044433544791284e-04,4.642246767391170959e-06,-1.523435038556313599e-06,-2.361470806545143147e-06,-5.445549950804903826e-04
1.223096211638665864e+03,9.999985605548824541e-01,4.723792350928160999e-07,6.144150384795268633e-07,2.581873545713593609e-04,4.553097151952993396e-06,-1.494179018413424223e-06,-2.307964154067941316e-06,-5.376491669221773219e-04
1.223102341967813345e+03,9.999985881979898128e-01,4.633076625749594266e-07,6.004273780686251289e-07,2.549123318366223502e-04,4.465659553659530769e-06,-1.465484827049977595e-06,-2.255663410251687262e-06,-5.308308740279849003e-04
1.223108472296961054e+03,9.999986153102414788e-01,4.544102997494921039e-07,5.867567096211983142e-07,2.516788419381150088e-04,4.379901095585263807e-06,-1.437341675317965018e-06,-2.204541567189591318e-06,-5.240990078935620902e-04
1.223114602626108535e+03,9.999986419018243033e-01,4.456838035777561796e-07,5.733958934879046530e-07,2.484863586714278097e-04,4.295789555617370904e-06,-1.409738988955607117e-06,-2.154572239529616957e-06,-5.174524745554203017e-04
1.223120732955256244e+03,9.999986679827498337e-01,4.371248886119579935e-07,5.603379335518283263e-07,2.453343618055277503e-04,4.213293266737613118e-06,-1.382666375863363754e-06,-2.105729568341539055e-06,-5.108901924450835871e-04
1.223126863284403726e+03,9.999986935628122353e-01,4.287303407163209048e-07,5.475760108346668642e-07,2.422223385591741032e-04,4.132381249261196672e-06,-1.356113669504587433e-06,-2.057988344553728832e-06,-5.044110954535593015e-04
1.223132993613551434e+03,9.999987186516372528e-01,4.204970009887793151e-07,5.351034430993684687e-07,2.391497819629529906e-04,4.053023055872172332e-06,-1.330070878049238244e-06,-2.011323860883817748e-06,-4.980141295329497614e-04
1.223139123942698916e+03,9.999987432586588953e-01,4.124217736336379343e-07,5.229137039418178939e-07,2.361161917241842451e-04,3.975188847498646981e-06,-1.304528209275495253e-06,-1.965711981923262766e-06,-4.916982544918315195e-04
1.223145254271846625e+03,9.999987673931223231e-01,4.045016245144284311e-07,5.110004186516360955e-07,2.331210741260612796e-04,3.898849379383271740e-06,-1.279476065992466055e-06,-1.921129129166210114e-06,-4.854624437867826941e-04
1.223151384600994106e+03,9.999987910641143785e-01,3.967335717640961031e-07,4.993573407808977581e-07,2.301639410570116117e-04,3.823975910553578601e-06,-1.254905016339822238e-06,-1.877552195004486253e-06,-4.793056825082326754e-04
1.223157514930141815e+03,9.999988142805238400e-01,3.891146982383038956e-07,4.879783821711726133e-07,2.272443113960982057e-04,3.750540323883368728e-06,-1.230805833178247092e-06,-1.834958653127153673e-06,-4.732269702566514833e-04
1.223163645259289297e+03,9.999988370510874969e-01,3.816421369227860559e-07,4.768575768518069222e-07,2.243617094759941914e-04,3.678514985417721980e-06,-1.207169447932264455e-06,-1.793326426059180059e-06,-4.672253179528076776e-04
1.223169775588437005e+03,9.999988593843670559e-01,3.743130780785558107e-07,4.659890980970587156e-07,2.215156658945617227e-04,3.607872813246265684e-06,-1.183986973190915172e-06,-1.752633947839505116e-06,-4.612997495228077813e-04
1.223175905917584487e+03,9.999988812887540268e-01,3.671247679284792435e-07,4.553672547238453181e-07,2.187057174201884697e-04,3.538587264851385696e-06,-1.161249698553400574e-06,-1.712860150612670804e-06,-4.554493017023370730e-04
1.223182036246732196e+03,9.999989027724951463e-01,3.600745001350873946e-07,4.449864701530973631e-07,2.159314060809666941e-04,3.470632254954407257e-06,-1.138949063673001141e-06,-1.673984387695559307e-06,-4.496730221461918246e-04
1.223188166575879677e+03,9.999989238436581829e-01,3.531596271031880326e-07,4.348413092358844137e-07,2.131922804646767798e-04,3.403982264470182455e-06,-1.117076694007878696e-06,-1.635986532303601960e-06,-4.439699721276900370e-04
1.223194296905027386e+03,9.999989445101722385e-01,3.463775467355837408e-07,4.249264459942365820e-07,2.104878942764950656e-04,3.338612212851019018e-06,-1.095624358928768231e-06,-1.598846859068515107e-06,-4.383392235448386109e-04
1.223200427234174867e+03,9.999989647798084302e-01,3.397257089180534111e-07,4.152366788588948738e-07,2.078178071005262566e-04,3.274497520587841768e-06,-1.074583992231352868e-06,-1.562546100085257056e-06,-4.327798605017799637e-04
1.223206557563322576e+03,9.999989846601823329e-01,3.332016143272967841e-07,4.057669273583393361e-07,2.051815843109613231e-04,3.211614097720914489e-06,-1.053947688365784788e-06,-1.527065432905351511e-06,-4.272909791249877224e-04
1.223212687892470058e+03,9.999990041587788481e-01,3.268028066961969224e-07,3.965122134097256413e-07,2.025787962173990035e-04,3.149938269283248157e-06,-1.033707677971313804e-06,-1.492386411727853548e-06,-4.218716857889350663e-04
1.223218818221617767e+03,9.999990232829204517e-01,3.205268830720581462e-07,3.874676852827160211e-07,2.000090192846599307e-04,3.089446874181927864e-06,-1.013856360323714001e-06,-1.458491055675029297e-06,-4.165210996495212654e-04
1.223224948550765248e+03,9.999990420398036095e-01,3.143714817961087980e-07,3.786285887770986873e-07,1.974718347794112935e-04,3.030117149338475913e-06,-9.943862653138072870e-07,-1.425361742828269969e-06,-4.112383498342031866e-04
1.223231078879912957e+03,9.999990604364810132e-01,3.083342883892682838e-07,3.699902808337744494e-07,1.949668294847329924e-04,2.971926786420906605e-06,-9.752900720645131957e-07,-1.392981260339092106e-06,-4.060225769261864809e-04
1.223237209209060438e+03,9.999990784798649113e-01,3.024130344702290838e-07,3.615482265740751260e-07,1.924935956167336294e-04,2.914853921414243859e-06,-9.565606055087231258e-07,-1.361332793679272191e-06,-4.008729327918409270e-04
1.223243339538208147e+03,9.999990961767484254e-01,2.966054907354171977e-07,3.532979825847400423e-07,1.900517300225680855e-04,2.858877066938284533e-06,-9.381908141845268689e-07,-1.330399865106372133e-06,-3.957885789154219473e-04
1.223249469867355629e+03,9.999991135337774617e-01,2.909094762693646372e-07,3.452352183225971607e-07,1.876408353250155238e-04,2.803975202017882776e-06,-9.201737996845124481e-07,-1.300166412585131613e-06,-3.907686887766686720e-04
1.223255600196503337e+03,9.999991305574832401e-01,2.853228476349124128e-07,3.373556903656524573e-07,1.852605186525534933e-04,2.750127666912872316e-06,-9.025027821474519934e-07,-1.270616695031446793e-06,-3.858124452136610480e-04
1.223261730525650819e+03,9.999991472542673066e-01,2.798435042151265709e-07,3.296552545697079458e-07,1.829103923098449513e-04,2.697314214608771146e-06,-8.851711171551313909e-07,-1.241735337110448940e-06,-3.809190418157005500e-04
1.223267860854798528e+03,9.999991636304027542e-01,2.744693872313478806e-07,3.221298634212594676e-07,1.805900736994817970e-04,2.645515001355995255e-06,-8.681722926264181080e-07,-1.213507319613454805e-06,-3.760876827612742680e-04
1.223273991183946009e+03,9.999991796920552067e-01,2.691984733718195330e-07,3.147755511056169335e-07,1.782991845694615024e-04,2.594710525231097558e-06,-8.514999086642312781e-07,-1.185917924436178300e-06,-3.713175812551731394e-04
1.223280121513093718e+03,9.999991954452565057e-01,2.640287832417572272e-07,3.075884526237271761e-07,1.760373520871502966e-04,2.544881707633537240e-06,-8.351477042836783154e-07,-1.158952805128243590e-06,-3.666079617597801823e-04
1.223286251842241199e+03,9.999992108959342429e-01,2.589583714616402662e-07,3.005647807914844880e-07,1.738042076476821213e-04,2.496009797810926235e-06,-8.191095260923426402e-07,-1.132597902170725185e-06,-3.619580575201110221e-04
1.223292382171388908e+03,9.999992260498985486e-01,2.539853315155185624e-07,2.937008370962603264e-07,1.715993875030745854e-04,2.448076419594040321e-06,-8.033793436258106363e-07,-1.106839483019643443e-06,-3.573671118709650560e-04
1.223298512500536390e+03,9.999992409128429793e-01,2.491077948598038517e-07,2.869930093304786532e-07,1.694225326887912350e-04,2.401063562822413444e-06,-7.879512465287517196e-07,-1.081664133493000462e-06,-3.528343780848095575e-04
1.223304642829684099e+03,9.999992554903632813e-01,2.443239251406151493e-07,2.804377582540585413e-07,1.672732883176304133e-04,2.354953527596698273e-06,-7.728194262640146540e-07,-1.057058708578593743e-06,-3.483591179050238686e-04
1.223310773158831580e+03,9.999992697879337422e-01,2.396319258630504236e-07,2.740316346662002779e-07,1.651513045874240132e-04,2.309728998192010129e-06,-7.579782003710706258e-07,-1.033010395492134415e-06,-3.439406036398464858e-04
1.223316903487979289e+03,9.999992838109348359e-01,2.350300314044082714e-07,2.677712588617421828e-07,1.630562356629396213e-04,2.265372956452658316e-06,-7.434219840402509722e-07,-1.009506637935416463e-06,-3.395781158396713449e-04
1.223323033817126770e+03,9.999992975646391224e-01,2.305165114145092825e-07,2.616533303256868944e-07,1.609877402661780772e-04,2.221868724199339364e-06,-7.291453040312763206e-07,-9.865351718856218601e-07,-3.352709445237319935e-04
1.223329164146274479e+03,9.999993110542144681e-01,2.260896700068283319e-07,2.556746256179317185e-07,1.589454816074522051e-04,2.179199955434838949e-06,-7.151427961147790669e-07,-9.640840178875073060e-07,-3.310183890372916200e-04
1.223335294475421961e+03,9.999993242847393660e-01,2.217478405101661013e-07,2.498319864610511626e-07,1.569291267228354193e-04,2.137350585763727114e-06,-7.014091884714904591e-07,-9.421414370786661891e-07,-3.268197566751372099e-04
1.223341424804569670e+03,9.999993372611826192e-01,2.174893924292741160e-07,2.441223349843072768e-07,1.549383474196778241e-04,2.096304899453499568e-06,-6.879393237092015596e-07,-9.206959875450865402e-07,-3.226743646466048569e-04
1.223347555133717151e+03,9.999993499884272108e-01,2.133127232884629466e-07,2.385426553764621124e-07,1.529728192274872240e-04,2.056047450852434323e-06,-6.747281330635434170e-07,-8.997364566163145567e-07,-3.185815378958095634e-04
1.223353685462864860e+03,9.999993624712585349e-01,2.092162626253276415e-07,2.330900025418192215e-07,1.510322219517962704e-04,2.016563102877376714e-06,-6.617706490304332595e-07,-8.792518928487668992e-07,-3.145406102527910429e-04
1.223359815792012341e+03,9.999993747143669509e-01,2.051984712566190573e-07,2.277615002096867228e-07,1.491162396094838384e-04,1.977837019919841008e-06,-6.490620030439955032e-07,-8.592315991289858880e-07,-3.105509242994504947e-04
1.223365946121160050e+03,9.999993867223619937e-01,2.012578365148738229e-07,2.225543302962676419e-07,1.472245598071050213e-04,1.939854621950392014e-06,-6.365974104096903526e-07,-8.396650933677713178e-07,-3.066118300777729384e-04
1.223372076450307532e+03,9.999993984997529450e-01,1.973928785658594938e-07,2.174657465152448495e-07,1.453568746280475268e-04,1.902601645417847641e-06,-6.243721902868655235e-07,-8.205421588597176433e-07,-3.027226869338237947e-04
1.223378206779455240e+03,9.999994100509714823e-01,1.936021430058469407e-07,2.124930579938680052e-07,1.435128796481489086e-04,1.866064071870085392e-06,-6.123817422734060370e-07,-8.018527837698696559e-07,-2.988828614721629083e-04
1.223384337108602722e+03,9.999994213803613530e-01,1.898842044863138357e-07,2.076336370010173644e-07,1.416922744553788453e-04,1.830228162902297560e-06,-6.006215578709456114e-07,-7.835871897125368321e-07,-2.950917286360881897e-04
1.223390467437750431e+03,9.999994324921792632e-01,1.862376660476458771e-07,2.028849172577167059e-07,1.398947625891416814e-04,1.795080453748100246e-06,-5.890872183773319057e-07,-7.657358255811377335e-07,-2.913486715817854931e-04
1.223396597766897912e+03,9.999994433906086444e-01,1.826611547959108823e-07,1.982443844377990653e-07,1.381200509569692069e-04,1.760607711595696509e-06,-5.777743812119517061e-07,-7.482893324196640068e-07,-2.876530804660852028e-04
1.223402728096045621e+03,9.999994540797423337e-01,1.791533276365599353e-07,1.937095883189386293e-07,1.363678506669151137e-04,1.726796990868538496e-06,-5.666787980518673975e-07,-7.312385884190712333e-07,-2.840043541768578453e-04
1.223408858425193102e+03,9.999994645636024471e-01,1.757128645557280360e-07,1.892781281533761703e-07,1.346378761039237885e-04,1.693635568440523658e-06,-5.557962935800802835e-07,-7.145746548379423449e-07,-2.804018984133939732e-04
1.223414988754340811e+03,9.999994748461312755e-01,1.723384719100034733e-07,1.849476595668280194e-07,1.329298454174293413e-04,1.661110975374421563e-06,-5.451227758913266374e-07,-6.982888015362896788e-07,-2.768451267000852749e-04
1.223421119083488293e+03,9.999994849311922840e-01,1.690288818216958255e-07,1.807158930488461640e-07,1.312434804643967468e-04,1.629210991061890113e-06,-5.346542345792786787e-07,-6.823725014562352470e-07,-2.733334602682927785e-04
1.223427249412636002e+03,9.999994948225822133e-01,1.657828482550884462e-07,1.765805854711910760e-07,1.295785062620176170e-04,1.597923605427936456e-06,-5.243867283254389937e-07,-6.668173992305155956e-07,-2.698663269187659376e-04
1.223433379741783483e+03,9.999995045240159808e-01,1.625991522203311180e-07,1.725395509348112535e-07,1.279346517687146405e-04,1.567237069084654066e-06,-5.143164013594622374e-07,-6.516153513824168779e-07,-2.664431626454068507e-04
1.223439510070931192e+03,9.999995140391437776e-01,1.594765956755612444e-07,1.685906477085522924e-07,1.263116490175197307e-04,1.537139834539169021e-06,-5.044394641711056288e-07,-6.367583780019066560e-07,-2.630634098338882469e-04
1.223445640400078673e+03,9.999995233715439635e-01,1.564140045126914421e-07,1.647317843873093419e-07,1.247092335735682032e-04,1.507620585011551201e-06,-4.947522029545116348e-07,-6.222386855563803541e-07,-2.597265182128630830e-04
1.223451770729226382e+03,9.999995325247225120e-01,1.534102280085590315e-07,1.609609185432451910e-07,1.231271444806514303e-04,1.478668229109203908e-06,-4.852509778721640752e-07,-6.080486619542178284e-07,-2.564319447430846513e-04
1.223457901058373864e+03,9.999995415021258882e-01,1.504641352637354110e-07,1.572760491535513013e-07,1.215651237476928170e-04,1.450271866505480379e-06,-4.759322117905674818e-07,-5.941808484959201582e-07,-2.531791525498995480e-04
1.223464031387521572e+03,9.999995503071252845e-01,1.475746199255691710e-07,1.536752262824463430e-07,1.200229170815318735e-04,1.422420833475955865e-06,-4.667924052196139929e-07,-5.806279757850003222e-07,-2.499676124469316844e-04
1.223470161716669054e+03,9.999995589430338283e-01,1.447405946537666525e-07,1.501565394209167255e-07,1.185002730738008293e-04,1.395104649540918226e-06,-4.578281188067850846e-07,-5.673829205519232209e-07,-2.467968012456880434e-04
1.223476292045816763e+03,9.999995674130990331e-01,1.419609938302835432e-07,1.467181229831514825e-07,1.169969436301687710e-04,1.368313043602603249e-06,-4.490359819087592909e-07,-5.544387260299994895e-07,-2.436662026481302857e-04
1.223482422374964244e+03,9.999995757205033531e-01,1.392347730611896993e-07,1.433581551016063786e-07,1.155126839201884686e-04,1.342035949130201128e-06,-4.404126910157805730e-07,-5.417885975408422652e-07,-2.405753071426035934e-04
1.223488552704111953e+03,9.999995838683743976e-01,1.365609059445383250e-07,1.400748508672880730e-07,1.140472518954736782e-04,1.316263473023459379e-06,-4.319549995281741461e-07,-5.294258774350055451e-07,-2.375236110021057990e-04
1.223494683033259435e+03,9.999995918597718303e-01,1.339383883569940224e-07,1.368664709711209848e-07,1.126004089772362316e-04,1.290985936892908910e-06,-4.236597313153022444e-07,-5.173440771680523078e-07,-2.345106177140431406e-04
1.223500813362407143e+03,9.999995996977031343e-01,1.313662334307996712e-07,1.337313112953923226e-07,1.111719192933609138e-04,1.266193828677329156e-06,-4.155237648273134907e-07,-5.055368387281298275e-07,-2.315358363940021782e-04
1.223506943691554625e+03,9.999996073851151746e-01,1.288434740132692045e-07,1.306677078191423080e-07,1.097615500811426184e-04,1.241877826352684563e-06,-4.075440408747202830e-07,-4.939979528350179292e-07,-2.285987826232901174e-04
1.223513074020702334e+03,9.999996149248966404e-01,1.263691622146845142e-07,1.276740355418533061e-07,1.083690716402268373e-04,1.218028793560352712e-06,-3.997175611983686860e-07,-4.827213549928350699e-07,-2.256989783512603636e-04
1.223519204349849815e+03,9.999996223198858170e-01,1.239423664748161935e-07,1.247487024496219283e-07,1.069942568805331607e-04,1.194637751313090062e-06,-3.920413791906086528e-07,-4.717011031039765760e-07,-2.228359509553169639e-04
1.223525334678997524e+03,9.999996295728601492e-01,1.215621754534601601e-07,1.218901572270624036e-07,1.056368819673342513e-04,1.171695915543964395e-06,-3.845126122013830813e-07,-4.609314061168849917e-07,-2.200092345825122562e-04
1.223531465008145005e+03,9.999996366865488984e-01,1.192276934715409243e-07,1.190968799669354592e-07,1.042967256054365405e-04,1.149194653131583524e-06,-3.771284271180721586e-07,-4.504065895701247833e-07,-2.172183686610911087e-04
1.223537595337292714e+03,9.999996436636265917e-01,1.169380427433455314e-07,1.163673865476742814e-07,1.029735694170464511e-04,1.127125503410244157e-06,-3.698860474262341716e-07,-4.401211118454886009e-07,-2.144628986863860581e-04
1.223543725666440196e+03,9.999996505067152430e-01,1.146923629661918566e-07,1.137002276720600364e-07,1.016671978976104227e-04,1.105480174241421667e-06,-3.627827519116996744e-07,-4.300695606389162947e-07,-2.117423761291407794e-04
1.223549855995587905e+03,9.999996572183905696e-01,1.124898086580087589e-07,1.110939834818214637e-07,1.003773979916530528e-04,1.084250516322659205e-06,-3.558158662391197353e-07,-4.202466329646891385e-07,-2.090563575534617178e-04
1.223555986324735386e+03,9.999996638011736660e-01,1.103295526883820868e-07,1.085472704394580829e-07,9.910395969801721200e-05,1.063428557243237151e-06,-3.489827741209630246e-07,-4.106471607387322766e-07,-2.064044058756800274e-04
1.223562116653883095e+03,9.999996702575413288e-01,1.082107821409069007e-07,1.060587330366625452e-07,9.784667539824595491e-05,1.043006461599146896e-06,-3.422809042297950246e-07,-4.012660800031041246e-07,-2.037860889676590761e-04
1.223568246983030576e+03,9.999996765899212825e-01,1.061327003391585948e-07,1.036270477004511335e-07,9.660534021111026094e-05,1.022976550498206619e-06,-3.357077366065973242e-07,-3.920984454397642541e-07,-2.012009803942179688e-04
1.223574377312178285e+03,9.999996828006929572e-01,1.040945264742762675e-07,1.012509219346326207e-07,9.537975195117216894e-05,1.003331298020003764e-06,-3.292608014827874111e-07,-3.831394272158002923e-07,-1.986486593270899673e-04
1.223580507641325767e+03,9.999996888921943716e-01,1.020954931885577301e-07,9.892908951357795706e-08,9.416971073081766334e-05,9.840633078765012407e-07,-3.229376716369292047e-07,-3.743842931245295166e-07,-1.961287097172627455e-04
1.223586637970473475e+03,9.999996948667133623e-01,1.001348497802263713e-07,9.666031662278428464e-08,9.297501952811149215e-05,9.651653443213638280e-07,-3.167359725316846613e-07,-3.658284314298394822e-07,-1.936407214761852414e-04
1.223592768299620957e+03,9.999997007264980198e-01,9.821185844811306036e-08,9.444339445936368277e-08,9.179548355665768532e-05,9.466302959576285155e-07,-3.106533704354288154e-07,-3.574673233808270862e-07,-1.911842891652052129e-04
1.223598898628768666e+03,9.999997064737518038e-01,9.632579613042049474e-08,9.227714271724613727e-08,9.063091059822691296e-05,9.284511934520541440e-07,-3.046875782384199350e-07,-3.492965561710734825e-07,-1.887590126874979840e-04
1.223605028957916147e+03,9.999997121106339870e-01,9.447595416672192875e-08,9.016040882053143604e-08,8.948111096387707678e-05,9.106212062736690046e-07,-2.988363543836762826e-07,-3.413118201188385254e-07,-1.863644972073208136e-04
1.223611159287063856e+03,9.999997176392668718e-01,9.266163610483458380e-08,8.809206363450861796e-08,8.834589712056337889e-05,8.931336215725896770e-07,-2.930974959299322897e-07,-3.335088927183097514e-07,-1.840003523733922924e-04
1.223617289616211337e+03,9.999997230617265753e-01,9.088216060945996938e-08,8.607100694435412007e-08,8.722508422391624518e-05,8.759818722016423878e-07,-2.874688477519196894e-07,-3.258836590362446346e-07,-1.816661934272270401e-04
1.223623419945359046e+03,9.999997283800537984e-01,8.913685805386412257e-08,8.409616085227344628e-08,8.611848952702062224e-05,8.591595038728114642e-07,-2.819482917595631384e-07,-3.184320871674814160e-07,-1.793616399734025116e-04
1.223629550274506528e+03,9.999997335962482747e-01,8.742507218873860782e-08,8.216647288688697332e-08,8.502593269249668806e-05,8.426601912270054728e-07,-2.765337521767323195e-07,-3.111502398051182071e-07,-1.770863166287997494e-04
1.223635680603654237e+03,9.999997387122695480e-01,8.574615983542823858e-08,8.028091531869228055e-08,8.394723575601746536e-05,8.264777348921022588e-07,-2.712231945708990501e-07,-3.040342717203840366e-07,-1.748398529468211211e-04
1.223641810932801718e+03,9.999997437300444103e-01,8.409948889545422187e-08,7.843848133299334965e-08,8.288222277598125297e-05,8.106060422992745473e-07,-2.660146195570880217e-07,-2.970804155211615655e-07,-1.726218826886734010e-04
1.223647941261949427e+03,9.999997486514565770e-01,8.248444099039228817e-08,7.663818991767795521e-08,8.183072033337806367e-05,7.950391531238264252e-07,-2.609060711480427376e-07,-2.902849998614635875e-07,-1.704320448633178783e-04
1.223654071591096908e+03,9.999997534783582331e-01,8.090040836848671587e-08,7.487907997173466015e-08,8.079255697708640892e-05,7.797712094556733303e-07,-2.558956269695805860e-07,-2.836444275253098582e-07,-1.682699825735924743e-04
1.223660201920244617e+03,9.999997582125643714e-01,7.934679541930556834e-08,7.316021307912263773e-08,7.976756351667421143e-05,7.647964704210266987e-07,-2.509814030515790608e-07,-2.771551857557253154e-07,-1.661353436253895980e-04
1.223666332249392099e+03,9.999997628558537910e-01,7.782301839531433353e-08,7.148067289761126113e-08,7.875557298816697829e-05,7.501093094869634960e-07,-2.461615529472930546e-07,-2.708138440027096010e-07,-1.640277804565373895e-04
1.223672462578539808e+03,9.999997674099745382e-01,7.632850360532480846e-08,6.983956174415831200e-08,7.775642032536131431e-05,7.357041970510469514e-07,-2.414342620190769429e-07,-2.646170412075228698e-07,-1.619469494530407084e-04
1.223678592907687289e+03,9.999997718766371335e-01,7.486268981044088260e-08,6.823600495515016922e-08,7.676994282880780676e-05,7.215757235195521460e-07,-2.367977550169726727e-07,-2.585615020579928018e-07,-1.598925119248508376e-04
1.223684723236834998e+03,9.999997762575221216e-01,7.342502541650789346e-08,6.666914563008637840e-08,7.579597964537357249e-05,7.077185722722417313e-07,-2.322502871981831448e-07,-2.526440174211987047e-07,-1.578641330231777781e-04
1.223690853565982479e+03,9.999997805542766294e-01,7.201496984881237160e-08,6.513814710594446027e-08,7.483437204295431439e-05,6.941275329070647959e-07,-2.277901486753698995e-07,-2.468614535635894170e-07,-1.558614823120750212e-04
1.223696983895130188e+03,9.999997847685155872e-01,7.063199329938142073e-08,6.364219241158121365e-08,7.388496337835377497e-05,6.807974987902491668e-07,-2.234156636173403647e-07,-2.412107501387535737e-07,-1.538842337016958729e-04
1.223703114224277670e+03,9.999997889018253927e-01,6.927557508736088501e-08,6.218048122135696247e-08,7.294759878890225569e-05,6.677234512509107709e-07,-2.191251850627814810e-07,-2.356889088350872920e-07,-1.519320648067246787e-04
1.223709244553425378e+03,9.999997929557580267e-01,6.794520583357030463e-08,6.075223374447315093e-08,7.202212563246307387e-05,6.549004805787842985e-07,-2.149171017985701297e-07,-2.302930078853232389e-07,-1.500046578619201811e-04
1.223715374882572860e+03,9.999997969318392688e-01,6.664038491237736665e-08,5.935668603572642620e-08,7.110839299914774856e-05,6.423237614170513705e-07,-2.107898302998287677e-07,-2.250201845979569187e-07,-1.481016987062390899e-04
1.223721505211720569e+03,9.999998008315639231e-01,6.536062169937060714e-08,5.799309220253236531e-08,7.020625196905287983e-05,6.299885648127795940e-07,-2.067418186764254380e-07,-2.198676435867678558e-07,-1.462228773191364978e-04
1.223727635540868050e+03,9.999998046563974841e-01,6.410543534200864411e-08,5.666072391790240193e-08,6.931555558212209309e-05,6.178902559947154259e-07,-2.027715459475191671e-07,-2.148326549730620970e-07,-1.443678877579324148e-04
1.223733765870015759e+03,9.999998084077800220e-01,6.287435327150490459e-08,5.535886770281967221e-08,6.843615854881748720e-05,6.060242800312153718e-07,-1.988775173345199236e-07,-2.099125442514960682e-07,-1.425364275558374332e-04
1.223739896199163240e+03,9.999998120871199658e-01,6.166691317644750546e-08,5.408682839526415086e-08,6.756791766293774313e-05,5.943861808777154756e-07,-1.950582705038250425e-07,-2.051047052401524996e-07,-1.407281985809785772e-04
1.223746026528310949e+03,9.999998156958022077e-01,6.048266069012613931e-08,5.284392496718852359e-08,6.671069134350057132e-05,5.829715790538257629e-07,-1.913123682516301664e-07,-2.004065844870481026e-07,-1.389429060832181111e-04
1.223752156857458431e+03,9.999998192351834403e-01,5.932115052291690216e-08,5.162949249293815243e-08,6.586433987655379942e-05,5.717761825579655593e-07,-1.876384020857637054e-07,-1.958156886148389200e-07,-1.371802591973464588e-04
1.223758287186606140e+03,9.999998227065937106e-01,5.818194625412533636e-08,5.044288171455545466e-08,6.502872538689833607e-05,5.607957848888362980e-07,-1.840349915672695456e-07,-1.913295827148560490e-07,-1.354399708843084436e-04
1.223764417515753621e+03,9.999998261113398623e-01,5.706461898137439674e-08,4.928345661761663288e-08,6.420371156663441301e-05,5.500262520058333758e-07,-1.805007800383013530e-07,-1.869458813011892231e-07,-1.337217573663798730e-04
1.223770547844901330e+03,9.999998294507004282e-01,5.596874911185765479e-08,4.815059752513536646e-08,6.338916406247051727e-05,5.394635396062130772e-07,-1.770344402880175960e-07,-1.826622598679053590e-07,-1.320253389331605873e-04
1.223776678174048811e+03,9.999998327259322917e-01,5.489392426336381574e-08,4.704369736640278266e-08,6.258495004591256832e-05,5.291036728782214670e-07,-1.736346679133354462e-07,-1.784764409706379216e-07,-1.303504390472292609e-04
1.223782808503196520e+03,9.999998359382665791e-01,5.383974029202528998e-08,4.596216343246791177e-08,6.179093844013120330e-05,5.189427564204157029e-07,-1.703001845697921703e-07,-1.743862007810349672e-07,-1.286967848162671524e-04
1.223788938832344002e+03,9.999998390889105471e-01,5.280580110339577920e-08,4.490541698818078152e-08,6.100699989343075355e-05,5.089769724245289127e-07,-1.670297373739678054e-07,-1.703893676522754682e-07,-1.270641069379059606e-04
1.223795069161491710e+03,9.999998421790503578e-01,5.179171742663733734e-08,4.387289110996856718e-08,6.023300652456780295e-05,4.992025688370744021e-07,-1.638220950261294808e-07,-1.664838140452813596e-07,-1.254521391697691242e-04
1.223801199490639192e+03,9.999998452098464163e-01,5.079710844025910176e-08,4.286403344497873984e-08,5.946883228612684504e-05,4.896158750568320245e-07,-1.606760529525898282e-07,-1.626674668420041984e-07,-1.238606190857019973e-04
1.223807329819786901e+03,9.999998481824392549e-01,4.982159986709009413e-08,4.187830288322191691e-08,5.871435256126645029e-05,4.802132835536836077e-07,-1.575904272799357177e-07,-1.589382949232521991e-07,-1.222892872366334932e-04
1.223813460148934382e+03,9.999998510979465349e-01,4.886482490706170698e-08,4.091517112303502730e-08,5.796944437656659748e-05,4.709912588699015347e-07,-1.545640577855036288e-07,-1.552943150174148306e-07,-1.207378875935476441e-04
1.223819590478082091e+03,9.999998539574639356e-01,4.792642406574348590e-08,3.997412232486911439e-08,5.723398637713674033e-05,4.619463359703449801e-07,-1.515958073550236601e-07,-1.517335904192870750e-07,-1.192061674957324498e-04
1.223825720807229573e+03,9.999998567620677070e-01,4.700604404179678616e-08,3.905465118284610975e-08,5.650785858767075402e-05,4.530751095060450350e-07,-1.486845584635359174e-07,-1.482542237845717983e-07,-1.176938771535364906e-04
1.223831851136377281e+03,9.999998595128113399e-01,4.610333920249197248e-08,3.815626538518351067e-08,5.579094275336643423e-05,4.443742480412131347e-07,-1.458292178425852515e-07,-1.448543663323403505e-07,-1.162007703579025149e-04
1.223837981465524763e+03,9.999998622107296731e-01,4.521796985470966148e-08,3.727848264626974683e-08,5.508312196159003880e-05,4.358404773882756681e-07,-1.430287110112424436e-07,-1.415322067592250708e-07,-1.147266036930356779e-04
1.223844111794672472e+03,9.999998648568375614e-01,4.434960309153302652e-08,3.642083210257905661e-08,5.438428084157023425e-05,4.274705887788669296e-07,-1.402819849539527052e-07,-1.382859764579727852e-07,-1.132711369520220227e-04
1.223850242123819953e+03,9.999998674521288766e-01,4.349791263662589529e-08,3.558285400373593957e-08,5.369430554104208386e-05,4.192614373495072693e-07,-1.375880076282906060e-07,-1.351139483732993293e-07,-1.118341330882651537e-04
1.223856372452967662e+03,9.999998699975809480e-01,4.266257783448824745e-08,3.476409799270468815e-08,5.301308350206776384e-05,4.112099324107588926e-07,-1.349457647710466410e-07,-1.320144305718628642e-07,-1.104153577489436206e-04
1.223862502782115143e+03,9.999998724941494554e-01,4.184328498963352877e-08,3.396412529968111939e-08,5.234050378088738506e-05,4.033130503630442793e-07,-1.323542641341675042e-07,-1.289857744528664979e-07,-1.090145799407287645e-04
1.223868633111262852e+03,9.999998749427740918e-01,4.103972579735217253e-08,3.318250609536457560e-08,5.167645669296282304e-05,3.955678195569649435e-07,-1.298125305211187979e-07,-1.260263648556963373e-07,-1.076315712910653035e-04
1.223874763440410334e+03,9.999998773443754541e-01,4.025159811207717574e-08,3.241882073559924107e-08,5.102083400032994727e-05,3.879713277240126303e-07,-1.273196082172959119e-07,-1.231346247158169655e-07,-1.062661064381221392e-04
1.223880893769558043e+03,9.999998796998559314e-01,3.947860580614171257e-08,3.167265948572577838e-08,5.037352888968474720e-05,3.805207205957637336e-07,-1.248745605432618690e-07,-1.203090140431058177e-07,-1.049179629852225543e-04
1.223887024098705524e+03,9.999998820101022590e-01,3.872045785333818976e-08,3.094362098694449983e-08,4.973443576205872918e-05,3.732131930726282910e-07,-1.224764669559615305e-07,-1.175480241843284736e-07,-1.035869210631116524e-04
1.223893154427853233e+03,9.999998842759821871e-01,3.797686954435143221e-08,3.023131421240846234e-08,4.910345053290035512e-05,3.660460009354044448e-07,-1.201244268932481048e-07,-1.148501851481844524e-07,-1.022727639545563665e-04
1.223899284757000714e+03,9.999998864983483671e-01,3.724756106252314749e-08,2.953535610710207228e-08,4.848047029905540632e-05,3.590164471283685549e-07,-1.178175552688965817e-07,-1.122140567786550143e-07,-1.009752774012433619e-04
1.223905415086148423e+03,9.999998886780362417e-01,3.653225818121988865e-08,2.885537269752652217e-08,4.786539351454029942e-05,3.521218884720561455e-07,-1.155549846784425001e-07,-1.096382329085746686e-07,-9.969424996964643387e-05
1.223911545415295905e+03,9.999998908158649336e-01,3.583069213564093734e-08,2.819099884577135799e-08,4.725811996998099186e-05,3.453597344421407741e-07,-1.133358649936992030e-07,-1.071213404474203383e-07,-9.842947300826546564e-05
1.223917675744443613e+03,9.999998929126392433e-01,3.514259879105865098e-08,2.754187688199480083e-08,4.665855059528695316e-05,3.387274391394500953e-07,-1.111593607318260823e-07,-1.046620342621314503e-07,-9.718074023692618662e-05
1.223923806073591095e+03,9.999998949691466521e-01,3.446771974594278217e-08,2.690765834837452517e-08,4.606658774118501472e-05,3.322225119134283091e-07,-1.090246545446123808e-07,-1.022590037115922470e-07,-9.594784833280020154e-05
1.223929936402738804e+03,9.999998969861609854e-01,3.380580103932820745e-08,2.628800189470661565e-08,4.548213486678214635e-05,3.258425049308216471e-07,-1.069309431297630634e-07,-9.991096477153175449e-08,-9.473059628010876737e-05
1.223936066731886285e+03,9.999998989644408587e-01,3.315659378374340943e-08,2.568257426769915696e-08,4.490509670447331148e-05,3.195850192460997604e-07,-1.048774392329098251e-07,-9.761666373966669210e-08,-9.352878571338847885e-05
1.223942197061033994e+03,9.999999009047292331e-01,3.251985404886446630e-08,2.509105009157878577e-08,4.433537924065115911e-05,3.134477036981269606e-07,-1.028633712795986228e-07,-9.537487642130339382e-08,-9.234222087736928283e-05
1.223948327390181475e+03,9.999999028077567464e-01,3.189534210661095344e-08,2.451311064877934502e-08,4.377288953057485049e-05,3.074282476295794605e-07,-1.008879809874586784e-07,-9.318440356223054819e-08,-9.117070824163781831e-05
1.223954457719329184e+03,9.999999046742381603e-01,3.128282343234024358e-08,2.394844543465421574e-08,4.321753596250308739e-05,3.015243905410442067e-07,-9.895052653307249412e-08,-9.104407667750917833e-08,-9.001405705045959415e-05
1.223960588048476666e+03,9.999999065048759128e-01,3.068206753165652934e-08,2.339675028121698399e-08,4.266922796456690888e-05,2.957339107808729615e-07,-9.705027884106509864e-08,-8.895275102590602546e-08,-8.887207871264605975e-05
1.223966718377624375e+03,9.999999083003578981e-01,3.009284851485547878e-08,2.285772823904722425e-08,4.212787615948437907e-05,2.900546310641254205e-07,-9.518652340112564151e-08,-8.690930891476930495e-08,-8.774458712361545086e-05
1.223972848706771856e+03,9.999999100613593539e-01,2.951494499132873737e-08,2.233108938158338478e-08,4.159339234646161404e-05,2.844844174965626350e-07,-9.335855993399937913e-08,-8.491265897302001000e-08,-8.663139862774546832e-05
1.223978979035919565e+03,9.999999117885427502e-01,2.894813938441526906e-08,2.181654971803369190e-08,4.106568932750482025e-05,2.790211729307153384e-07,-9.156570022429943093e-08,-8.296173207691050486e-08,-8.553233165683874536e-05
1.223985109365067046e+03,9.999999134825570124e-01,2.839221884008220521e-08,2.131383257929097854e-08,4.054468115522569900e-05,2.736628457333586644e-07,-8.980727099474853647e-08,-8.105548654892816810e-08,-8.444720724597703902e-05
1.223991239694214755e+03,9.999999151440395195e-01,2.784697416213940026e-08,2.082266694519666421e-08,4.003028285783204746e-05,2.684074195379973312e-07,-8.808261053816447093e-08,-7.919290189061730352e-08,-8.337584846107546645e-05
1.223997370023362237e+03,9.999999167736151051e-01,2.731220033360487675e-08,2.034278823066472440e-08,3.952241058427972232e-05,2.632529182615741786e-07,-8.639107036658733460e-08,-7.737298173020672007e-08,-8.231808070104836288e-05
1.224003500352509946e+03,9.999999183718958351e-01,2.678769642086592598e-08,1.987393811111677963e-08,3.902098158729105898e-05,2.581974051762711885e-07,-8.473201490813264168e-08,-7.559475317367103005e-08,-8.127373166248316944e-05
1.224009630681657427e+03,9.999999199394836724e-01,2.627326495183991173e-08,1.941586355334214250e-08,3.852591406040274094e-05,2.532389769043022222e-07,-8.310481954005626325e-08,-7.385726317045023859e-08,-8.024263100043896085e-05
1.224015761010805136e+03,9.999999214769671463e-01,2.576871274069077795e-08,1.896831805086207554e-08,3.803712737045292501e-05,2.483757714038493909e-07,-8.150887319740962579e-08,-7.215958315018851207e-08,-7.922461081242998548e-05
1.224021891339952617e+03,9.999999229849249049e-01,2.527384992143276781e-08,1.853106013274055635e-08,3.755454179957118383e-05,2.436059586164287543e-07,-7.994357531623870321e-08,-7.050080343251538196e-08,-7.821950510134322899e-05
1.224028021669100326e+03,9.999999244639237173e-01,2.478849042111978468e-08,1.810385406428281363e-08,3.707807868135683976e-05,2.389277450537714599e-07,-7.840833733032612180e-08,-6.888003585584193103e-08,-7.722715005893393146e-05
1.224034151998247808e+03,9.999999259145196939e-01,2.431245187286225522e-08,1.768646969134099677e-08,3.660766038494668855e-05,2.343393729447957605e-07,-7.690258239605552278e-08,-6.729641319816250950e-08,-7.624738403267934499e-05
1.224040282327395516e+03,9.999999273372588426e-01,2.384555505144791864e-08,1.727868157638372533e-08,3.614321016213587260e-05,2.298391147992436536e-07,-7.542574360722796463e-08,-6.574908593547707626e-08,-7.528004720753314106e-05
1.224046412656542998e+03,9.999999287326752917e-01,2.338762462185216972e-08,1.688027009959323693e-08,3.568465236549286284e-05,2.254252806206951345e-07,-7.397726636266975602e-08,-6.423722637684566696e-08,-7.432498206000478450e-05
1.224052542985690707e+03,9.999999301012942876e-01,2.293848826213905842e-08,1.649102012960628969e-08,3.523191220629795419e-05,2.210962094545212151e-07,-7.255660559188693230e-08,-6.276002367838535711e-08,-7.338203285425738340e-05
1.224058673314838188e+03,9.999999314436304187e-01,2.249797709292676039e-08,1.611072164803109102e-08,3.478491588230334564e-05,2.168502735371335264e-07,-7.116322711350473395e-08,-6.131668618755164147e-08,-7.245104590808636158e-05
1.224064803643985897e+03,9.999999327601878374e-01,2.206592559844239240e-08,1.573916961059448692e-08,3.434359056278550235e-05,2.126858775123006208e-07,-6.979660738555666897e-08,-5.990644092623279283e-08,-7.153186956181997313e-05
1.224070933973133378e+03,9.999999340514625912e-01,2.164217111429207902e-08,1.537616317704860063e-08,3.390786424511575215e-05,2.086014535247503096e-07,-6.845623188525371274e-08,-5.852853069965572923e-08,-7.062435387973383229e-05
1.224077064302281087e+03,9.999999353179394035e-01,2.122655450680724052e-08,1.502150669253276304e-08,3.347766595939143802e-05,2.045954677360714326e-07,-6.714159725782003460e-08,-5.718221778377128090e-08,-6.972835107607289705e-05
1.224083194631428569e+03,9.999999365600947820e-01,2.081891937699213351e-08,1.467500850273725987e-08,3.305292554133847029e-05,2.006664126622322129e-07,-6.585220879850502660e-08,-5.586677947849534963e-08,-6.884371504228313315e-05
1.224089324960576278e+03,9.999999377783960197e-01,2.041911245030526209e-08,1.433648151048653234e-08,3.263357375217246529e-05,1.968128109496937929e-07,-6.458758168549825634e-08,-5.458151019811682542e-08,-6.797030159655391196e-05
1.224095455289723759e+03,9.999999389733006394e-01,2.002698350500900639e-08,1.400574305191479222e-08,3.221954226457509853e-05,1.930332146710216324e-07,-6.334724075329297744e-08,-5.332572101002408329e-08,-6.710796845463838959e-05
1.224101585618871468e+03,9.999999401452586145e-01,1.964238490727078861e-08,1.368261421006199729e-08,3.181076352813073726e-05,1.893262008241969605e-07,-6.213071902216763512e-08,-5.209873705639202685e-08,-6.625657494971583163e-05
1.224107715948018949e+03,9.999999412947100375e-01,1.926517222773665908e-08,1.336692068946712484e-08,3.140717096130765738e-05,1.856903773015195704e-07,-6.093755964846588656e-08,-5.089990084213102239e-08,-6.541598243208926282e-05
1.224113846277166658e+03,9.999999424220873401e-01,1.889520351903532689e-08,1.305849176012948069e-08,3.100869873839860139e-05,1.821243759243935853e-07,-5.976731363927448500e-08,-4.972856826933993634e-08,-6.458605382562696061e-05
1.224119976606314140e+03,9.999999435278146276e-01,1.853233966954290300e-08,1.275716075351800458e-08,3.061528190197201189e-05,1.786268558403255899e-07,-5.861954097141427990e-08,-4.858411050120387598e-08,-6.376665386188425913e-05
1.224126106935461848e+03,9.999999446123073454e-01,1.817644433835371252e-08,1.246276495215704469e-08,3.022685634971534661e-05,1.751965029140343623e-07,-5.749381038574690146e-08,-4.746591355040148475e-08,-6.295764905272637369e-05
1.224132237264609330e+03,9.999999456759738337e-01,1.782738353333873993e-08,1.217514497785500327e-08,2.984335870818987274e-05,1.718320256409195872e-07,-5.638969805253422785e-08,-4.637337597990032025e-08,-6.215890742749928142e-05
1.224138367593757039e+03,9.999999467192132174e-01,1.748502617074648878e-08,1.189414557109754567e-08,2.946472651294318703e-05,1.685321605488844053e-07,-5.530678934150849310e-08,-4.530591183453242535e-08,-6.137029890802760557e-05
1.224144497922904520e+03,9.999999477424185157e-01,1.714924341946724414e-08,1.161961464986459673e-08,2.909089800862098017e-05,1.652956658770635763e-07,-5.424467674771864153e-08,-4.426294710484083172e-08,-6.059169489246361514e-05
1.224150628252052229e+03,9.999999487459740877e-01,1.681990902210945765e-08,1.135140375163189238e-08,2.872181225446650149e-05,1.621213246690682913e-07,-5.320296090712526675e-08,-4.324392138889692477e-08,-5.982296847494165189e-05
1.224156758581199711e+03,9.999999497302570761e-01,1.649689923597898808e-08,1.108936793492075376e-08,2.835740911197637517e-05,1.590079442137355547e-07,-5.218125040991235305e-08,-4.224828752506531247e-08,-5.906399441989005375e-05
1.224162888910347419e+03,9.999999506956382955e-01,1.618009245012584112e-08,1.083336523407867896e-08,2.799762912645999672e-05,1.559543523550599602e-07,-5.117916058917039207e-08,-4.127550954184105785e-08,-5.831464891544288931e-05
1.224169019239494901e+03,9.999999516424800117e-01,1.586936969323718811e-08,1.058325735379400088e-08,2.764241369601717481e-05,1.529594023660590417e-07,-5.019631512740964320e-08,-4.032506527150011544e-08,-5.757480992526421335e-05
1.224175149568642610e+03,9.999999525711387172e-01,1.556461403849262824e-08,1.033890883032793512e-08,2.729170488400692733e-05,1.500219672193672175e-07,-4.923234417406162200e-08,-3.939644319706644683e-08,-5.684435679811186183e-05
1.224181279897790091e+03,9.999999534819634661e-01,1.526571089497256300e-08,1.010018742536558741e-08,2.694544551802453825e-05,1.471409424237016117e-07,-4.828688526723115305e-08,-3.848914393385679955e-08,-5.612317047391718664e-05
1.224187410226937800e+03,9.999999543752965403e-01,1.497254795409093269e-08,9.866964038239724315e-09,2.660357917832007615e-05,1.443152454677180882e-07,-4.735958316425814253e-08,-3.760267990185026885e-08,-5.541113345968284149e-05
1.224193540556085281e+03,9.999999552514743373e-01,1.468501484202810085e-08,9.639112220053224301e-09,2.626605008668050242e-05,1.415438124981083056e-07,-4.645008874233026889e-08,-3.673657349772140333e-08,-5.470812959813361494e-05
1.224199670885232990e+03,9.999999561108255941e-01,1.440300358069292736e-08,9.416508792521828812e-09,2.593280326495961221e-05,1.388256027549266779e-07,-4.555806045654934507e-08,-3.589035942488415826e-08,-5.401404439779579835e-05
1.224205801214380472e+03,9.999999569536741628e-01,1.412640804757080424e-08,9.199033100522231362e-09,2.560378435914066177e-05,1.361595933572894314e-07,-4.468316263137998265e-08,-3.506358188226758321e-08,-5.332876466668910748e-05
1.224211931543528181e+03,9.999999577803365680e-01,1.385512424020562706e-08,8.986567363017872247e-09,2.527893973219443223e-05,1.335447818619810625e-07,-4.382506629723092685e-08,-3.425579588505631250e-08,-5.265217870567078889e-05
1.224218061872675662e+03,9.999999585911235611e-01,1.358905022758192848e-08,8.778996594804557291e-09,2.495821645321317240e-05,1.309801857883247049e-07,-4.298344903667228088e-08,-3.346656697241656608e-08,-5.198417628582091776e-05
1.224224192201823371e+03,9.999999593863405645e-01,1.332808583467384578e-08,8.576208173541683825e-09,2.464156219316251351e-05,1.284648395796585842e-07,-4.215799398663424770e-08,-3.269546957775482378e-08,-5.132464843139072008e-05
1.224230322530970852e+03,9.999999601662858950e-01,1.307213306081317604e-08,8.378092391136518516e-09,2.432892537360987022e-05,1.259977986525052626e-07,-4.134839116174471617e-08,-3.194208910579294703e-08,-5.067348772948086750e-05
1.224236452860118561e+03,9.999999609312532067e-01,1.282109558944896403e-08,8.184541787706510912e-09,2.402025500166472599e-05,1.235781346422835702e-07,-4.055433590365275671e-08,-3.120601942627004977e-08,-5.003058798637239409e-05
1.224242583189266043e+03,9.999999616815301584e-01,1.257487902819030824e-08,7.995451464239767606e-09,2.371550075709492474e-05,1.212049377236793428e-07,-3.977552964030659936e-08,-3.048686405125268311e-08,-4.939584440891955415e-05
1.224248713518413751e+03,9.999999624173986357e-01,1.233339086468124820e-08,7.810719012834770319e-09,2.341461298213262261e-05,1.188773162122243377e-07,-3.901167974638185428e-08,-2.978423587442388447e-08,-4.876915358333276494e-05
1.224254843847561233e+03,9.999999631391356392e-01,1.209654018029778012e-08,7.630244130901336426e-09,2.311754258367096799e-05,1.165943937713429843e-07,-3.826249863767824123e-08,-2.909775571816895278e-08,-4.815041327154022426e-05
1.224260974176708942e+03,9.999999638470122854e-01,1.186423802985816549e-08,7.453929112412446294e-09,2.282424117279736018e-05,1.143553130878141203e-07,-3.752770497217904953e-08,-2.842705418502691367e-08,-4.753952270172668942e-05
1.224267104505856423e+03,9.999999645412949167e-01,1.163639699668157134e-08,7.281678254447081260e-09,2.253466090993841846e-05,1.121592315840211136e-07,-3.680702224265981228e-08,-2.777176942339244413e-08,-4.693638224590365027e-05
1.224273234835004132e+03,9.999999652222445468e-01,1.141293141045043177e-08,7.113398135742638957e-09,2.224875458659001490e-05,1.100053235087257697e-07,-3.610017946580749839e-08,-2.713154817690561288e-08,-4.634089359009060824e-05
1.224279365164151613e+03,9.999999658901170818e-01,1.119375730716254823e-08,6.948997554510538887e-09,2.196647561575320863e-05,1.078927795615814323e-07,-3.540691105554522653e-08,-2.650604555191229239e-08,-4.575295971440814186e-05
1.224285495493299322e+03,9.999999665451639874e-01,1.097879216928339424e-08,6.788387184688299876e-09,2.168777794017816843e-05,1.058208043882629182e-07,-3.472695600110959636e-08,-2.589492372227886085e-08,-4.517248470202630514e-05
1.224291625822446804e+03,9.999999671876310670e-01,1.076795527037001312e-08,6.631480013591909986e-09,2.141261616326964199e-05,1.037886198973458554e-07,-3.406005895712852343e-08,-2.529785357962108106e-08,-4.459937401174396355e-05
1.224297756151594513e+03,9.999999678177604601e-01,1.056116727124325937e-08,6.478190813160300224e-09,2.114094540380632450e-05,1.017954613608875034e-07,-3.340596896627611265e-08,-2.471451274161880021e-08,-4.403353417548736188e-05
1.224303886480741994e+03,9.999999684357887553e-01,1.035835041771948261e-08,6.328436388107039317e-09,2.087272137261784202e-05,9.984057933839552079e-08,-3.276444008471655880e-08,-2.414458648732580732e-08,-4.347487295797286002e-05
1.224310016809889703e+03,9.999999690419483223e-01,1.015942850426290452e-08,6.182135520492539127e-09,2.060790036361154193e-05,9.792323930446399726e-08,-3.213523126713322129e-08,-2.358776754977268121e-08,-4.292329933802909754e-05
1.224316147139037184e+03,9.999999696364673119e-01,9.964326638148495149e-09,6.039208663461051586e-09,2.034643916768959834e-05,9.604271939597580109e-08,-3.151810562075363596e-08,-2.304375496146214734e-08,-4.237872332935394617e-05
1.224322277468184893e+03,9.999999702195692119e-01,9.772971552241791074e-09,5.899578331120536718e-09,2.008829519556041060e-05,9.419831342127726727e-08,-3.091283139470152052e-08,-2.251225552515325588e-08,-4.184105623624474084e-05
1.224328407797332375e+03,9.999999707914729585e-01,9.585291238485952426e-09,5.763168627461340060e-09,1.983342634144080385e-05,9.238932731527389771e-08,-3.031918082068190399e-08,-2.199298203856004468e-08,-4.131021036979483569e-05
1.224334538126480084e+03,9.999999713523940459e-01,9.401215127362322390e-09,5.629905467412679892e-09,1.958179105499161324e-05,9.061508087604571180e-08,-2.973693068063170784e-08,-2.148565412792981811e-08,-4.078609919768610200e-05
1.224340668455627565e+03,9.999999719025430833e-01,9.220674054901400625e-09,5.499716527440605328e-09,1.933334833289909459e-05,8.887490746543020517e-08,-2.916586220237244696e-08,-2.098999806308432793e-08,-4.026863732666488723e-05
1.224346798784775274e+03,9.999999724421272385e-01,9.043600048637882194e-09,5.372530972697676103e-09,1.908805763811488319e-05,8.716815191586424272e-08,-2.860576038256582979e-08,-2.050574572838183914e-08,-3.975774033437885633e-05
1.224352929113922755e+03,9.999999729713491270e-01,8.869926611488687485e-09,5.248279804326159499e-09,1.884587901507338954e-05,8.549417328201372034e-08,-2.805641488464671204e-08,-2.003263593348792025e-08,-3.925332500929853199e-05
1.224359059443070464e+03,9.999999734904078119e-01,8.699588389106710912e-09,5.126895439783213437e-09,1.860677296182147283e-05,8.385234164297594215e-08,-2.751761898663172199e-08,-1.957041283104958263e-08,-3.875530908445635011e-05
1.224365189772217946e+03,9.999999739994984704e-01,8.532521332758756685e-09,5.008311909750289140e-09,1.837070049750587914e-05,8.224203965007941570e-08,-2.698917009631748518e-08,-1.911882665956216735e-08,-3.826361137797938011e-05
1.224371320101365654e+03,9.999999744988125050e-01,8.368662669384973877e-09,4.892464814104634810e-09,1.813762315447538424e-05,8.066266225311206996e-08,-2.647086965657585913e-08,-1.867763357843376616e-08,-3.777815177664844249e-05
1.224377450430513136e+03,9.999999749885377653e-01,8.207950707331896293e-09,4.779291078849402313e-09,1.790750290251385234e-05,7.911361483558507754e-08,-2.596252253086917668e-08,-1.824659475083523427e-08,-3.729885107812891187e-05
1.224383580759660845e+03,9.999999754688583264e-01,8.050325093999488261e-09,4.668729265473507754e-09,1.768030225693338676e-05,7.759431567190493249e-08,-2.546393781821221978e-08,-1.782547751179587758e-08,-3.682563121606087286e-05
1.224389711088808326e+03,9.999999759399548216e-01,7.895726513932420306e-09,4.560719197094089794e-09,1.745598415861071727e-05,7.610419304166150383e-08,-2.497492789820639994e-08,-1.741405395796519620e-08,-3.635841501025758433e-05
1.224395841417956035e+03,9.999999764020042203e-01,7.744096836647496692e-09,4.455202133847232184e-09,1.723451203730140508e-05,7.464268664758293421e-08,-2.449530889863194204e-08,-1.701210160959960276e-08,-3.589712629855002684e-05
1.224401971747103516e+03,9.999999768551804946e-01,7.595379089459735013e-09,4.352120733650837534e-09,1.701584980423023587e-05,7.320924735188252665e-08,-2.402490060949415389e-08,-1.661940326349250540e-08,-3.544168992136199225e-05
1.224408102076251225e+03,9.999999772996540637e-01,7.449517281166069910e-09,4.251418835676589971e-09,1.679996178100906181e-05,7.180333546536654056e-08,-2.356352592531837184e-08,-1.623574617559771443e-08,-3.499203157369328525e-05
1.224414232405398707e+03,9.999999777355919051e-01,7.306456635885386436e-09,4.153041735897571549e-09,1.658681280104632710e-05,7.042442303295914552e-08,-2.311101158480809816e-08,-1.586092310191831044e-08,-3.454807801629535734e-05
1.224420362734546416e+03,9.999999781631578877e-01,7.166143319046636431e-09,4.056935854063530315e-09,1.637636809700082101e-05,6.907199115473708241e-08,-2.266718730411952048e-08,-1.549473104171648620e-08,-3.410975684131099871e-05
1.224426493063693897e+03,9.999999785825129939e-01,7.028524571556693458e-09,3.963048889916591757e-09,1.616859336018085946e-05,6.774553130964437778e-08,-2.223188620124710740e-08,-1.513697182739152955e-08,-3.367699659596813162e-05
1.224432623392841606e+03,9.999999789938147643e-01,6.893548685137554218e-09,3.871329788226289646e-09,1.596345473359301765e-05,6.644454509445690653e-08,-2.180494471801291294e-08,-1.478745199335004573e-08,-3.324972676810863199e-05
1.224438753721989087e+03,9.999999793972180751e-01,6.761164842301912846e-09,3.781728545915340654e-09,1.576091874525499236e-05,6.516854269298479793e-08,-2.138620211389412988e-08,-1.444598204759271501e-08,-3.282787764732096397e-05
1.224444884051136796e+03,9.999999797928742495e-01,6.631323328585876794e-09,3.694196457477940241e-09,1.556095240333448822e-05,6.391704492894502026e-08,-2.097550113733530663e-08,-1.411237739919462761e-08,-3.241138052306087456e-05
1.224451014380284278e+03,9.999999801809320576e-01,6.503975283856381132e-09,3.608685818343808499e-09,1.536352309056204454e-05,6.268958085946425357e-08,-2.057268723911014280e-08,-1.378645723833454926e-08,-3.200016746477855412e-05
1.224457144709431986e+03,9.999999805615378268e-01,6.379072824081763395e-09,3.525150064008275536e-09,1.516859861995748021e-05,6.148568894336841833e-08,-2.017760895749338352e-08,-1.346804506188863237e-08,-3.159417143796608711e-05
1.224463275038579468e+03,9.999999809348343316e-01,6.256569018947678830e-09,3.443543738875909105e-09,1.497614722830808396e-05,6.030491683750870634e-08,-1.979011784745783827e-08,-1.315696855652017080e-08,-3.119332629057962916e-05
1.224469405367727177e+03,9.999999813009620153e-01,6.136417746619310663e-09,3.363822324465214074e-09,1.478613751360495835e-05,5.914681999161634817e-08,-1.941006802127348552e-08,-1.285305894958616562e-08,-3.079756662275688319e-05
1.224475535696874658e+03,9.999999816600586566e-01,6.018573886363469998e-09,3.285942457981117367e-09,1.459853852429924028e-05,5.801096349687787203e-08,-1.903731675778946509e-08,-1.255615183551809374e-08,-3.040682797268991449e-05
1.224481666026022367e+03,9.999999820122593697e-01,5.902993092835626027e-09,3.209861668105299083e-09,1.441331966024361037e-05,5.689691992568487369e-08,-1.867172378848257009e-08,-1.226608617783479863e-08,-3.002104661034440497e-05
1.224487796355169849e+03,9.999999823576961600e-01,5.789631906598644924e-09,3.135538498903087006e-09,1.423045072497286047e-05,5.580427038927310340e-08,-1.831315164703847781e-08,-1.198270477743054808e-08,-2.964015964633263315e-05
1.224493926684317557e+03,9.999999826964992566e-01,5.678447733807010665e-09,3.062932482062532851e-09,1.404990191958523774e-05,5.473260433382660725e-08,-1.796146560509105581e-08,-1.170585416834979063e-08,-2.926410501917473908e-05
1.224500057013465039e+03,9.999999830287960023e-01,5.569398714389466658e-09,2.992003983882302675e-09,1.387164378404761839e-05,5.368151829124187207e-08,-1.761653325527156162e-08,-1.143538403941033320e-08,-2.889282137307072818e-05
1.224506187342612748e+03,9.999999833547112971e-01,5.462443896872227043e-09,2.922714399925085445e-09,1.369564728093213116e-05,5.265061754597268171e-08,-1.727822506419101534e-08,-1.117114797046235849e-08,-2.852624823228118718e-05
1.224512317671760229e+03,9.999999836743678205e-01,5.357543033522418919e-09,2.855025919701665148e-09,1.352188370248301931e-05,5.163951415828638534e-08,-1.694641372445953503e-08,-1.091300254315106513e-08,-2.816432580759933423e-05
1.224518448000907938e+03,9.999999839878853658e-01,5.254656680654775313e-09,2.788901637014966167e-09,1.335032471966456626e-05,5.064782794731263433e-08,-1.662097447196590991e-08,-1.066080775812398836e-08,-2.780699509849332270e-05
1.224524578330055419e+03,9.999999842953822826e-01,5.153746180192970334e-09,2.724305525225878928e-09,1.318094237642050597e-05,4.967518630312751492e-08,-1.630178502755433278e-08,-1.041442694212032324e-08,-2.745419788115430136e-05
1.224530708659203128e+03,9.999999845969741452e-01,5.054773540032504435e-09,2.661202300977537834e-09,1.301370903460870071e-05,4.872122302060821062e-08,-1.598872521860093635e-08,-1.017372623263596543e-08,-2.710587659382506014e-05
1.224536838988350610e+03,9.999999848927739743e-01,4.957701592709831902e-09,2.599557597538788738e-09,1.284859745255965560e-05,4.778557986696151163e-08,-1.568167748089921431e-08,-9.938575233852795815e-09,-2.676197450039931081e-05
1.224542969317498319e+03,9.999999851828933473e-01,4.862493809475127475e-09,2.539337755232809228e-09,1.268558069789018748e-05,4.686790474858729308e-08,-1.538052627055462353e-08,-9.708846224346436808e-09,-2.642243550885872128e-05
1.224549099646645800e+03,9.999999854674413990e-01,4.769114391330269171e-09,2.480509919697942389e-09,1.252463219351810857e-05,4.596785261695616469e-08,-1.508515835194633855e-08,-9.484414528763452711e-09,-2.608720426709960620e-05
1.224555229975793509e+03,9.999999857465248221e-01,4.677528252293952927e-09,2.423042019851593709e-09,1.236572571227655046e-05,4.508508528465017359e-08,-1.479546274479320964e-08,-9.265158435002658602e-09,-2.575622615171964055e-05
1.224561360304940990e+03,9.999999860202487545e-01,4.587700910819455478e-09,2.366902646526387141e-09,1.220883532525392103e-05,4.421927039704504014e-08,-1.451133038069789705e-08,-9.050958735076902764e-09,-2.542944716043642184e-05
1.224567490634088699e+03,9.999999862887163360e-01,4.499598633802263433e-09,2.312061206829152624e-09,1.205393547549431398e-05,4.337008281706513027e-08,-1.423265455865662943e-08,-8.841699309444830089e-09,-2.510681406557148339e-05
1.224573620963236181e+03,9.999999865520279307e-01,4.413188267832969276e-09,2.258487737506694814e-09,1.190100089620258480e-05,4.253720299160140448e-08,-1.395933041129611632e-08,-8.637266421134319465e-09,-2.478827424371254801e-05
1.224579751292383889e+03,9.999999868102830147e-01,4.328437321823106122e-09,2.206152992442492873e-09,1.175000665391347637e-05,4.172031774346675570e-08,-1.369125516622695039e-08,-8.437549046840597084e-09,-2.447377576561534515e-05
1.224585881621531371e+03,9.999999870635785104e-01,4.245313951816711253e-09,2.155028423025492649e-09,1.160092814343912505e-05,4.091912014055467117e-08,-1.342832809800107163e-08,-8.242438803108259731e-09,-2.416326738568369209e-05
1.224592011950679080e+03,9.999999873120097860e-01,4.163786862441183512e-09,2.105086070071554726e-09,1.145374103940326352e-05,4.013330853588725091e-08,-1.317045021639156096e-08,-8.051829537283827881e-09,-2.385669844103885379e-05
1.224598142279826561e+03,9.999999875556702111e-01,4.083825437608401134e-09,2.056298701270755411e-09,1.130842136538429494e-05,3.936258783715472051e-08,-1.291752467981262006e-08,-7.865617848037615444e-09,-2.355401899551425287e-05
1.224604272608974270e+03,9.999999877946512683e-01,4.005399587360113745e-09,2.008639644987875780e-09,1.116494541717817712e-05,3.860666801404063279e-08,-1.266945631087706344e-08,-7.683702456512000676e-09,-2.325517967984868064e-05
1.224610402938121752e+03,9.999999880290429966e-01,3.928479822859113483e-09,1.962082868170585515e-09,1.102328980329825592e-05,3.786526483277286969e-08,-1.242615183360048873e-08,-7.505984501255409899e-09,-2.296013177603007036e-05
1.224616533267269460e+03,9.999999882589334366e-01,3.853037242604134422e-09,1.916602958861512995e-09,1.088343144023498258e-05,3.713809972417698560e-08,-1.218751982979769973e-08,-7.332367472430580980e-09,-2.266882720742541534e-05
1.224622663596416942e+03,9.999999884844090747e-01,3.779043442986913862e-09,1.872175029955431952e-09,1.074534750698719024e-05,3.642489892215544983e-08,-1.195347045616622596e-08,-7.162756847413493508e-09,-2.238121844409049160e-05
1.224628793925564651e+03,9.999999887055547321e-01,3.706470636916198174e-09,1.828774841581943150e-09,1.060901550992936944e-05,3.572539458382503965e-08,-1.172391581950529034e-08,-6.997060554448602976e-09,-2.209725863786127914e-05
1.224634924254712132e+03,9.999999889224534533e-01,3.635291514815060606e-09,1.786378653110469148e-09,1.047441321081999681e-05,3.503932348577500397e-08,-1.149876953703715775e-08,-6.835188412448014552e-09,-2.181690147242804610e-05
1.224641054583859841e+03,9.999999891351867287e-01,3.565479312682606701e-09,1.744963292517361772e-09,1.034151866479668017e-05,3.436642766337650278e-08,-1.127794695169275624e-08,-6.677052393697017896e-09,-2.154010124246363183e-05
1.224647184913007322e+03,9.999999893438348275e-01,3.497007799582654527e-09,1.704506140808133859e-09,1.021031021592895267e-05,3.370645428419086632e-08,-1.106136509253719587e-08,-6.522566565219720314e-09,-2.126681284436347607e-05
1.224653315242155031e+03,9.999999895484760204e-01,3.429851196465626473e-09,1.664985046318367294e-09,1.008076645456149706e-05,3.305915487529655194e-08,-1.084894241799572441e-08,-6.371646764169058588e-09,-2.099699168741031113e-05
1.224659445571302513e+03,9.999999897491872458e-01,3.363984283831346988e-09,1.626378433677862302e-09,9.952866278169839314e-06,3.242428634670417577e-08,-1.064059915640134684e-08,-6.224211010806334117e-09,-2.073059382051236791e-05
1.224665575900450222e+03,9.999999899460438879e-01,3.299382275570545073e-09,1.588665172032301129e-09,9.826588823820641810e-06,3.180160979809446093e-08,-1.043625690694355501e-08,-6.080179009483423559e-09,-2.046757579154735468e-05
1.224671706229597703e+03,9.999999901391203316e-01,3.236020880737484817e-09,1.551824636802871156e-09,9.701913503817146853e-06,3.119089109338110707e-08,-1.023583883506101115e-08,-5.939472382629630141e-09,-2.020789472159803735e-05
1.224677836558745412e+03,9.999999903284888525e-01,3.173876292194791427e-09,1.515836695810790515e-09,9.578820001527129472e-06,3.059190076713919970e-08,-1.003926963652406036e-08,-5.802014618499399874e-09,-1.995150829626492049e-05
1.224683966887892893e+03,9.999999905142207268e-01,3.112925112936298292e-09,1.480681632970298792e-09,9.457288231363768721e-06,3.000441330024419986e-08,-9.846475304386906315e-09,-5.667730782023329677e-09,-1.969837468232325022e-05
1.224690097217040602e+03,9.999999906963856766e-01,3.053144453801553182e-09,1.446340245301195638e-09,9.337298395878017995e-06,2.942820807154460216e-08,-9.657383438067867411e-09,-5.536547882631973256e-09,-1.944845264662471197e-05
1.224696227546188084e+03,9.999999908750524247e-01,2.994511818974745689e-09,1.412793725595698654e-09,9.218830922395692163e-06,2.886306826287662252e-08,-9.471922881171624524e-09,-5.408394429762505548e-09,-1.920170142413860803e-05
1.224702357875335792e+03,9.999999910502882505e-01,2.937005162049334924e-09,1.380023717402404292e-09,9.101866496458441822e-06,2.830878136798642818e-08,-9.290023898826953813e-09,-5.283200641255659004e-09,-1.895808078759691904e-05
1.224708488204483274e+03,9.999999912221585463e-01,2.880602875722135133e-09,1.348012302667696239e-09,8.986386057909681813e-06,2.776513912282894461e-08,-9.111618145088152559e-09,-5.160898396793529213e-09,-1.871755103934407845e-05
1.224714618533630983e+03,9.999999913907283711e-01,2.825283724924086675e-09,1.316741933794672303e-09,8.872370763350228529e-06,2.723193684413938150e-08,-8.936638451421325202e-09,-5.041420980351386294e-09,-1.848007293314709009e-05
1.224720748862778464e+03,9.999999915560608965e-01,2.771026935505780609e-09,1.286195520011160386e-09,8.759802039700147119e-06,2.670897430469754999e-08,-8.765019107225098929e-09,-4.924703407786718474e-09,-1.824560778574540342e-05
1.224726879191926173e+03,9.999999917182184062e-01,2.717812090316468705e-09,1.256356322903008700e-09,8.648661524754033459e-06,2.619605470950613928e-08,-8.596695531118693165e-09,-4.810682030933010848e-09,-1.801411735305096998e-05
1.224733009521073654e+03,9.999999918772619623e-01,2.665619180088189252e-09,1.227208005363621617e-09,8.538931098553976108e-06,2.569298519382856337e-08,-8.431604431893222661e-09,-4.699294723196270294e-09,-1.778556389548690802e-05
1.224739139850221363e+03,9.999999920332509618e-01,2.614428594082226240e-09,1.198734620587017779e-09,8.430592879717653233e-06,2.519957673828470773e-08,-8.269683778925571184e-09,-4.590480838065843766e-09,-1.755991017034140049e-05
1.224745270179368845e+03,9.999999921862446906e-01,2.564221059398682945e-09,1.170920551578209629e-09,8.323629190215604218e-06,2.471564357935766478e-08,-8.110872610208816345e-09,-4.484180979725114586e-09,-1.733711935841222268e-05
1.224751400508516554e+03,9.999999923363002141e-01,2.514977721467278729e-09,1.143750588041250834e-09,8.218022605620751137e-06,2.424100398341465791e-08,-7.955111286952251381e-09,-4.380337294792310911e-09,-1.711715516865903503e-05
1.224757530837664035e+03,9.999999924834740428e-01,2.466680049728879582e-09,1.117209833372277404e-09,8.113755899339776615e-06,2.377547933361716114e-08,-7.802341195243129695e-09,-4.278893119708540573e-09,-1.689998172205829318e-05
1.224763661166811744e+03,9.999999926278215767e-01,2.419309883817877632e-09,1.091283748235026049e-09,8.010812072046029659e-06,2.331889459885975606e-08,-7.652504892125899111e-09,-4.179793146020408708e-09,-1.668556361290195170e-05
1.224769791495959225e+03,9.999999927693969948e-01,2.372849425072860501e-09,1.065958140758126639e-09,7.909174348234520690e-06,2.287107821719742100e-08,-7.505546078749649409e-09,-4.082983383412995246e-09,-1.647386590162370489e-05
1.224775921825106934e+03,9.999999929082535877e-01,2.327281181454123686e-09,1.041219112682132117e-09,7.808826143177414607e-06,2.243186158536812210e-08,-7.361409426136997741e-09,-3.988410955411155187e-09,-1.626485404597932845e-05
1.224782052154254416e+03,9.999999930444435359e-01,2.282588040597002748e-09,1.017053127805216662e-09,7.709751110066150908e-06,2.200107976981815333e-08,-7.220040806258681020e-09,-3.896024359182395594e-09,-1.605849399922810132e-05
1.224788182483402124e+03,9.999999931780182427e-01,2.238753184208592850e-09,9.934469291824999759e-10,7.611933087691522969e-06,2.157857066507801743e-08,-7.081387021262274769e-09,-3.805773151500413764e-09,-1.585475210116912199e-05
1.224794312812549606e+03,9.999999933090276683e-01,2.195760129982778342e-09,9.703875779158710596e-10,7.515356128056399015e-06,2.116417540216792437e-08,-6.945395936053411419e-09,-3.717608095930006442e-09,-1.565359513564962109e-05
1.224800443141697315e+03,9.999999934375211064e-01,2.153592723895329496e-09,9.478624444242178833e-10,7.420004493143724758e-06,2.075773827971034214e-08,-6.812016453924433017e-09,-3.631481129891273958e-09,-1.545499032383466795e-05
1.224806573470844796e+03,9.999999935635471848e-01,2.112235090211211867e-09,9.258591605010990118e-10,7.325862623915635066e-06,2.035910627451804577e-08,-6.681198358422772313e-09,-3.547345182716270251e-09,-1.525890525964310410e-05
1.224812703799992505e+03,9.999999936871529771e-01,2.071671697787555180e-09,9.043656802424071798e-10,7.232915184540069741e-06,1.996812968693147659e-08,-6.552892523073541104e-09,-3.465154406998935976e-09,-1.506530800185754643e-05
1.224818834129139987e+03,9.999999938083847795e-01,2.031887282380323037e-09,8.833702063352196460e-10,7.141147013306387363e-06,1.958466138498387694e-08,-6.427050665628135744e-09,-3.384863898927936947e-09,-1.487416697189843384e-05
1.224824964458287695e+03,9.999999939272887772e-01,1.992866884686349702e-09,8.628612245860814415e-10,7.050543148530595745e-06,1.920855719258957803e-08,-6.303625468394836127e-09,-3.306429829349309945e-09,-1.468545100777652263e-05
1.224831094787435177e+03,9.999999940439091572e-01,1.954595843350341143e-09,8.428274961470969350e-10,6.961088825523085783e-06,1.883967579080044912e-08,-6.182570556119269847e-09,-3.229809414423874510e-09,-1.449912935777840326e-05
1.224837225116582886e+03,9.999999941582899954e-01,1.917059749591639459e-09,8.232580148373519482e-10,6.872769447504935290e-06,1.847787829882858421e-08,-6.063840352464563261e-09,-3.154960753600870093e-09,-1.431517161989487107e-05
1.224843355445730367e+03,9.999999942704742573e-01,1.880244507380632236e-09,8.041420613760674248e-10,6.785570627099386774e-06,1.812302884481566502e-08,-5.947390270355044362e-09,-3.081843035621369137e-09,-1.413354782823503951e-05
1.224849485774878076e+03,9.999999943805042424e-01,1.844136262924503353e-09,7.854691377660055808e-10,6.699478140283066430e-06,1.777499389585253797e-08,-5.833176488932976084e-09,-3.010416289471119998e-09,-1.395422835712181054e-05
1.224855616104025557e+03,9.999999944884211400e-01,1.808721439194050363e-09,7.672289980270634365e-10,6.614477950689008577e-06,1.743364259787027233e-08,-5.721156062770159573e-09,-2.940641501081226342e-09,-1.377718397170783280e-05
1.224861746433173266e+03,9.999999945942654733e-01,1.773986729576855452e-09,7.494116412739189057e-10,6.530556206761911591e-06,1.709884668539675715e-08,-5.611286901792302082e-09,-2.872480587188276543e-09,-1.360238582205139543e-05
1.224867876762320748e+03,9.999999946980774324e-01,1.739919056696687182e-09,7.320072737249195920e-10,6.447699214473160247e-06,1.677048010771068630e-08,-5.503527641020894888e-09,-2.805896251051737859e-09,-1.342980538629057338e-05
1.224874007091468457e+03,9.999999947998955419e-01,1.706505627029435298e-09,7.150063569742850019e-10,6.365893476246248524e-06,1.644841955665038325e-08,-5.397837813328585548e-09,-2.740852165879181041e-09,-1.325941455171347576e-05
1.224880137420615938e+03,9.999999948997584376e-01,1.673733866904549571e-09,6.983995495836265916e-10,6.285125647755783509e-06,1.613254383719106250e-08,-5.294177647005657145e-09,-2.677312753057187351e-09,-1.309118552478417688e-05
1.224886267749763647e+03,9.999999949977034230e-01,1.641591453841488557e-09,6.821777344367929428e-10,6.205382560727520164e-06,1.582273417748564600e-08,-5.192508164880197659e-09,-2.615243286059139231e-09,-1.292509087862860462e-05
1.224892398078911128e+03,9.999999950937676907e-01,1.610066310789390976e-09,6.663320125760965157e-10,6.126651220269614621e-06,1.551887417072783949e-08,-5.092791166097621387e-09,-2.554609867159816400e-09,-1.276110354747692184e-05
1.224898528408058837e+03,9.999999951879869897e-01,1.579146568751603400e-09,6.508536693852077216e-10,6.048918779274881939e-06,1.522084942235869799e-08,-4.994989107898521081e-09,-2.495379298959298743e-09,-1.259919677335127605e-05
1.224904658737206319e+03,9.999999952803969583e-01,1.548820616355022949e-09,6.357342175538870492e-10,5.972172574939048685e-06,1.492854800668964028e-08,-4.899065262411187333e-09,-2.437519247697271702e-09,-1.243934418212306291e-05
1.224910789066354027e+03,9.999999953710323464e-01,1.519077041765105756e-09,6.209653450879344917e-10,5.896400088231334326e-06,1.464185993200560614e-08,-4.804983532923275201e-09,-2.380998045783436640e-09,-1.228151969910234578e-05
1.224916919395501509e+03,9.999999954599272378e-01,1.489904661126809285e-09,6.065389396557831495e-10,5.821588965284564931e-06,1.436067739946051785e-08,-4.712708543843206509e-09,-2.325784784310696252e-09,-1.212569759358757051e-05
1.224923049724648990e+03,9.999999955471147173e-01,1.461292513336494874e-09,5.924470831003972985e-10,5.747727014891370879e-06,1.408489475611998883e-08,-4.622205624163197371e-09,-2.271849292313480770e-09,-1.197185247365136618e-05
1.224929180053796699e+03,9.999999956326279804e-01,1.433229826120044910e-09,5.786820213388602852e-10,5.674802184489517864e-06,1.381440817689611417e-08,-4.533440700161127987e-09,-2.219162022371978787e-09,-1.181995923612502487e-05
1.224935310382944408e+03,9.999999957164991127e-01,1.405706061021876723e-09,5.652362026016249218e-10,5.602802594421703661e-06,1.354911608033174777e-08,-4.446380437705057287e-09,-2.167694196013838633e-09,-1.166999313795244711e-05
1.224941440712091890e+03,9.999999957987595334e-01,1.378710860687166846e-09,5.521022311575195263e-10,5.531716499912695514e-06,1.328891863790067247e-08,-4.360992075501903926e-09,-2.117417627889855954e-09,-1.152192971699947132e-05
1.224947571041239371e+03,9.999999958794402177e-01,1.352234074674749118e-09,5.392728889820050442e-10,5.461532311136488489e-06,1.303371800612136704e-08,-4.277243506746086257e-09,-2.068304808138235753e-09,-1.137574483384847512e-05
1.224953701370387080e+03,9.999999959585714748e-01,1.326265754712102707e-09,5.267411308709175302e-10,5.392238590867341650e-06,1.278341830143979261e-08,-4.195103264110602259e-09,-2.020328883909797964e-09,-1.123141466690653807e-05
1.224959831699534561e+03,9.999999960361830587e-01,1.300796123907969908e-09,5.145000576493711681e-10,5.323824031950357620e-06,1.253792529668579716e-08,-4.114540422363620986e-09,-1.973463557514142828e-09,-1.108891566548303346e-05
1.224965962028682270e+03,9.999999961123043901e-01,1.275815617584249394e-09,5.025429502039027229e-10,5.256277489442423041e-06,1.229714679441759926e-08,-4.035524727523625473e-09,-1.927683215867643039e-09,-1.094822461673087253e-05
1.224972092357829752e+03,9.999999961869636689e-01,1.251314835429473440e-09,4.908632282959590460e-10,5.189587944940852577e-06,1.206099218726761623e-08,-3.958026445516339388e-09,-1.882962773948901942e-09,-1.080931857135293801e-05
1.224978222686977460e+03,9.999999962601894277e-01,1.227284564926526191e-09,4.794544698457158147e-10,5.123744525409476277e-06,1.182937268016670131e-08,-3.882016436278803176e-09,-1.839277748124275718e-09,-1.067217488281205580e-05
1.224984353016124942e+03,9.999999963320087559e-01,1.203715777046110813e-09,4.683104065818712044e-10,5.058736500975016452e-06,1.160220124616896334e-08,-3.807466140137415022e-09,-1.796604239693113767e-09,-1.053677120274178571e-05
1.224990483345272651e+03,9.999999964024488541e-01,1.180599598304156405e-09,4.574249001969572035e-10,4.994553263790870405e-06,1.137939235403432265e-08,-3.734347489422857702e-09,-1.754918844204774511e-09,-1.040308543692543482e-05
1.224996613674420132e+03,9.999999964715363676e-01,1.157927347820752077e-09,4.467919726340776672e-10,4.931184358190327153e-06,1.116086233622433735e-08,-3.662633025691012549e-09,-1.714198766698391547e-09,-1.027109580809765173e-05
1.225002744003567841e+03,9.999999965392969425e-01,1.135690493894786268e-09,4.364057694308144060e-10,4.868619447221342615e-06,1.094652895731536853e-08,-3.592295762364437698e-09,-1.674421682330317228e-09,-1.014078078624530406e-05
1.225008874332715322e+03,9.999999966057563361e-01,1.113880675266861382e-09,4.262605768803264561e-10,4.806848330308280245e-06,1.073631162670370898e-08,-3.523309251988977780e-09,-1.635565801649958426e-09,-1.001211912539254054e-05
1.225015004661863031e+03,9.999999966709394172e-01,1.092489697210704712e-09,4.163508181585477849e-10,4.745860941184560260e-06,1.053013135570697416e-08,-3.455647573870522310e-09,-1.597609855944884384e-09,-9.885089859295359728e-06
1.225021134991010513e+03,9.999999967348708330e-01,1.071509506172524922e-09,4.066710321027231958e-10,4.685647328063594626e-06,1.032791051103903414e-08,-3.389285253856893515e-09,-1.560533016507178163e-09,-9.759672260142831441e-06
1.225027265320158222e+03,9.999999967975744530e-01,1.050932223405643382e-09,3.972159001639143018e-10,4.626197681927234492e-06,1.012957316451583437e-08,-3.324197370727364963e-09,-1.524314997220091865e-09,-9.635845897475141519e-06
1.225033395649305703e+03,9.999999968590738142e-01,1.030750105557702679e-09,3.879802137842458813e-10,4.567502305130113678e-06,9.935044675003126632e-09,-3.260359431526277522e-09,-1.488935930479195960e-09,-9.513590572794469426e-06
1.225039525978453412e+03,9.999999969193922311e-01,1.010955563968844077e-09,3.789588896683776781e-10,4.509551627969081035e-06,9.744251903665826575e-09,-3.197747432604990244e-09,-1.454376425299789687e-09,-9.392886354075211171e-06
1.225045656307600893e+03,9.999999969785522413e-01,9.915411611243056134e-10,3.701469663358749583e-10,4.452336206743797384e-06,9.557123155922343058e-09,-3.136337848401122415e-09,-1.420617554265695193e-09,-9.273713571724960286e-06
1.225051786636748602e+03,9.999999970365762714e-01,9.724995876371409361e-10,3.615395852351122200e-10,4.395846705153907399e-06,9.373587986764075680e-09,-3.076107558632707595e-09,-1.387640781656461786e-09,-9.156052779839492882e-06
1.225057916965896084e+03,9.999999970934857485e-01,9.538236927749353750e-10,3.531320147276881417e-10,4.340073920838013327e-06,9.193577466741250125e-09,-3.017033944857088387e-09,-1.355428054766308927e-09,-9.039884811477291745e-06
1.225064047295043792e+03,9.999999971493025441e-01,9.355064486888458485e-10,3.449196210563559094e-10,4.285008755919645849e-06,9.017023856628106367e-09,-2.959094777323983201e-09,-1.323961693445608979e-09,-8.925190717314062668e-06
1.225070177624191274e+03,9.999999972040474194e-01,9.175409679286002594e-10,3.368978819344330633e-10,4.230642232552031363e-06,8.843860772885591876e-09,-2.902268270377082374e-09,-1.293224441824951857e-09,-8.811951798018942549e-06
1.225076307953338983e+03,9.999999972577409135e-01,8.999205002228582610e-10,3.290623834767738622e-10,4.176965491098531381e-06,8.674023156423110776e-09,-2.846533072270032912e-09,-1.263199456692615530e-09,-8.700149600465056948e-06
1.225082438282486464e+03,9.999999973104033435e-01,8.826384115887803961e-10,3.214088033926991801e-10,4.123969772680312156e-06,8.507447057106274638e-09,-2.791868199088018942e-09,-1.233870243512907057e-09,-8.589765881380514003e-06
1.225088568611634173e+03,9.999999973620542493e-01,8.656882120380317096e-10,3.139329323283839125e-10,4.071646444074084498e-06,8.344069923291785688e-09,-2.738253122384478781e-09,-1.205220737711642771e-09,-8.480782659204821951e-06
1.225094698940781655e+03,9.999999974127133928e-01,8.490635231111188531e-10,3.066306480312389067e-10,4.019986970079585105e-06,8.183830271197693028e-09,-2.685667666489137411e-09,-1.177235206347020203e-09,-8.373182156536945837e-06
1.225100829269929363e+03,9.999999974623997590e-01,8.327580937739683224e-10,2.994979274420711673e-10,3.968982928102997872e-06,8.026667855042445545e-09,-2.634092058790389001e-09,-1.149898294149655108e-09,-8.266946830509326247e-06
1.225106959599076845e+03,9.999999975111318884e-01,8.167657974957860396e-10,2.925308439632068701e-10,3.918626006449896205e-06,7.872523625527179928e-09,-2.583506920492288099e-09,-1.123195013172864766e-09,-8.162059369232727867e-06
1.225113089928224554e+03,9.999999975589280998e-01,8.010806132889679468e-10,2.857255525021590899e-10,3.868907987952312145e-06,7.721339540351775257e-09,-2.533893206641993978e-09,-1.097110685838204655e-09,-8.058502657695218186e-06
1.225119220257372035e+03,9.999999976058064899e-01,7.856966508549814841e-10,2.790783084622996765e-10,3.819820773326587224e-06,7.573058826409631924e-09,-2.485232285668571474e-09,-1.071631017286847327e-09,-7.956259826411526847e-06
1.225125350586519744e+03,9.999999976517846001e-01,7.706081211186057409e-10,2.725854447526393537e-10,3.771356355249798251e-06,7.427625681369928255e-09,-2.437505846180006015e-09,-1.046742007851644141e-09,-7.855314197430185726e-06
1.225131480915667225e+03,9.999999976968797499e-01,7.558093506556521998e-10,2.662433825473138787e-10,3.723506832041320614e-06,7.284985429649456777e-09,-2.390695942599445819e-09,-1.022429994036121001e-09,-7.755649312829297838e-06
1.225137611244814934e+03,9.999999977411089258e-01,7.412947790408176209e-10,2.600486288539131311e-10,3.676264406061288882e-06,7.145084476958467230e-09,-2.344784986776210740e-09,-9.986816392986111981e-10,-7.657248931381107943e-06
1.225143741573962416e+03,9.999999977844887811e-01,7.270589416395558326e-10,2.539977632045864093e-10,3.629621368350259087e-06,7.007870145907117528e-09,-2.299755693554855375e-09,-9.754838833552701184e-10,-7.560096996559861199e-06
1.225149871903110125e+03,9.999999978270355250e-01,7.130964924304173467e-10,2.480874545535213584e-10,3.583570120542471993e-06,6.873290911918874221e-09,-2.255591152964388687e-09,-9.528240065767427101e-10,-7.464177682182532822e-06
1.225156002232257606e+03,9.999999978687651447e-01,6.994021772620106412e-10,2.423144408195163629e-10,3.538103150545580958e-06,6.741296129341328695e-09,-2.212274745627507687e-09,-9.306895520781832179e-10,-7.369475341755109264e-06
1.225162132561405315e+03,9.999999979096934055e-01,6.859708469475462948e-10,2.366755384593008755e-10,3.493213045375999684e-06,6.611836164367969045e-09,-2.169790184179883207e-09,-9.090683621920374941e-10,-7.275974535205959386e-06
1.225168262890552796e+03,9.999999979498355174e-01,6.727974548577568105e-10,2.311676403031761406e-10,3.448892489656406373e-06,6.484862374184518422e-09,-2.128121505656336251e-09,-8.879485702622200371e-10,-7.183660025756633016e-06
1.225174393219700505e+03,9.999999979892070234e-01,6.598770413028567667e-10,2.257877037125389132e-10,3.405134251205445790e-06,6.360326958688509481e-09,-2.087253022089497948e-09,-8.673185555189881440e-10,-7.092516749908345372e-06
1.225180523548847987e+03,9.999999980278224676e-01,6.472047542460318866e-10,2.205327656143344781e-10,3.361931201595682641e-06,6.238183151480354510e-09,-2.047169386028538422e-09,-8.471670003931977779e-10,-7.002529860260027871e-06
1.225186653877995695e+03,9.999999980656961718e-01,6.347758250315205101e-10,2.153999242980547674e-10,3.319276293337452851e-06,6.118384988342888625e-09,-2.007855513764788675e-09,-8.274828211702257196e-10,-6.913684677987170080e-06
1.225192784207143177e+03,9.999999981028423468e-01,6.225855802691899813e-10,2.103863479333604640e-10,3.277162571920380078e-06,6.000887421457635786e-09,-1.969296622923779529e-09,-8.082552004508125847e-10,-6.825966717921901156e-06
1.225198914536290886e+03,9.999999981392754256e-01,6.106294396498887509e-10,2.054892726437296329e-10,3.235583174403849790e-06,5.885646303224418991e-09,-1.931478225554997955e-09,-7.894735798449453954e-10,-6.739361685617385416e-06
1.225205044865438367e+03,9.999999981750088418e-01,5.989029017705299160e-10,2.007059919691966315e-10,3.194531315897846306e-06,5.772618248653793877e-09,-1.894386083295277893e-09,-7.711276198077757883e-10,-6.653855449190258431e-06
1.225211175194586076e+03,9.999999982100560292e-01,5.874015629336220771e-10,1.960338702427186429e-10,3.154000308849548269e-06,5.661760811166802142e-09,-1.858006266833501338e-09,-7.532072506484666692e-10,-6.569434079490803716e-06
1.225217305523733557e+03,9.999999982444300883e-01,5.761210951181160039e-10,1.914703263937434837e-10,3.113983541638191544e-06,5.553032272258180100e-09,-1.822325086230296928e-09,-7.357026108091056797e-10,-6.486083805520499259e-06
1.225223435852881266e+03,9.999999982781441199e-01,5.650572567658385825e-10,1.870128415262892324e-10,3.074474489871944245e-06,5.446391749678370244e-09,-1.787329125036553111e-09,-7.186040757538425068e-10,-6.403791037961211282e-06
1.225229566182028748e+03,9.999999983112106694e-01,5.542058907986981836e-10,1.826589572044842736e-10,3.035466715065495609e-06,5.341799173323699510e-09,-1.753005234021651199e-09,-7.019022514640916098e-10,-6.322542366421018337e-06
1.225235696511176457e+03,9.999999983436422824e-01,5.435629117535661021e-10,1.784062660770170911e-10,2.996953851957014510e-06,5.239215165881998179e-09,-1.719340490479876105e-09,-6.855879386915275867e-10,-6.242324533018019237e-06
1.225241826840323938e+03,9.999999983754509492e-01,5.331243228446847014e-10,1.742524237778486228e-10,2.958929626601926871e-06,5.138601205216472246e-09,-1.686322252200428764e-09,-6.696521783534569248e-10,-6.163124470066210398e-06
1.225247957169471647e+03,9.999999984066486602e-01,5.228861959700707359e-10,1.701951345156912125e-10,2.921387836291646594e-06,5.039919424174034026e-09,-1.653938094225787971e-09,-6.540861966005130798e-10,-6.084929258250248269e-06
1.225254087498619128e+03,9.999999984372475170e-01,5.128446815012424651e-10,1.662321578159302860e-10,2.884322360151719979e-06,4.943132725405341362e-09,-1.622175839817542314e-09,-6.388814305260686004e-10,-6.007726148699385443e-06
1.225260217827766837e+03,9.999999984672586217e-01,5.029960064836409782e-10,1.623613069948126281e-10,2.847727157901206217e-06,4.848204738500775557e-09,-1.591023554764151543e-09,-6.240295223751527592e-10,-5.931502560403611045e-06
1.225266348156914319e+03,9.999999984966934097e-01,4.933364629602909423e-10,1.585804408178349502e-10,2.811596257954077350e-06,4.755099732195985117e-09,-1.560469510447585546e-09,-6.095222877300105825e-10,-5.856246055431236996e-06
1.225272478486062028e+03,9.999999985255629831e-01,4.838624234575936069e-10,1.548874740872156200e-10,2.775923774393920742e-06,4.663782731161686000e-09,-1.530502232826344472e-09,-5.953517559082378789e-10,-5.781944374284034601e-06
1.225278608815209509e+03,9.999999985538780001e-01,4.745703228391858087e-10,1.512803648208155839e-10,2.740703888134630374e-06,4.574219371973831028e-09,-1.501110445037504593e-09,-5.815101210744233548e-10,-5.708585396658645019e-06
1.225284739144357218e+03,9.999999985816495629e-01,4.654566671910714670e-10,1.477571202499562553e-10,2.705930856863083711e-06,4.486375989978907405e-09,-1.472283095501226206e-09,-5.679897651189953156e-10,-5.636157162155332886e-06
1.225290869473504699e+03,9.999999986088874415e-01,4.565180321883385747e-10,1.443157954615530895e-10,2.671599013875282013e-06,4.400219572288308184e-09,-1.444009352754526391e-09,-5.547832525027894432e-10,-5.564647867854019428e-06
1.225296999802652408e+03,9.999999986356024051e-01,4.477510524977281113e-10,1.409544859766742887e-10,2.637702756913590262e-06,4.315717677738111080e-09,-1.416278571930600293e-09,-5.418833019435859723e-10,-5.494045845064368159e-06
1.225303130131799890e+03,9.999999986618044456e-01,4.391524358325032293e-10,1.376713371693604135e-10,2.604236564091608368e-06,4.232838577816506968e-09,-1.389080339215702694e-09,-5.292828223658297190e-10,-5.424339592494437207e-06
1.225309260460947598e+03,9.999999986875030000e-01,4.307189464830670532e-10,1.344645328600849775e-10,2.571194976220055383e-06,4.151551086118553302e-09,-1.362404419754932867e-09,-5.169748693928871765e-10,-5.355517739438826474e-06
1.225315390790095080e+03,9.999999987127082823e-01,4.224474133810767817e-10,1.313323006514048456e-10,2.538572606134484775e-06,4.071824634234871764e-09,-1.336240783159792603e-09,-5.049526657062260036e-10,-5.287569065206659848e-06
1.225321521119242789e+03,9.999999987374293964e-01,4.143347286170829355e-10,1.282729107195950203e-10,2.506364137603413649e-06,3.993629267859343270e-09,-1.310579598819335658e-09,-4.932095964560596152e-10,-5.220482496847501634e-06
1.225327651448390270e+03,9.999999987616758901e-01,4.063778378223224339e-10,1.252846692121101050e-10,2.474564314855927564e-06,3.916935544846527212e-09,-1.285411205476871382e-09,-4.817391840645557367e-10,-5.154247087339313724e-06
1.225333781777537979e+03,9.999999987854565342e-01,3.985737529248949874e-10,1.223659266264576634e-10,2.443167957521690008e-06,3.841714663799773712e-09,-1.260726151578955090e-09,-4.705351202158548343e-10,-5.088852046705871096e-06
1.225339912106685460e+03,9.999999988087806546e-01,3.909195372021778989e-10,1.195150676624827684e-10,2.412169944049861642e-06,3.767938317922086815e-09,-1.236515147994765397e-09,-4.595912271381540292e-10,-5.024286707481417600e-06
1.225346042435833169e+03,9.999999988316568000e-01,3.834123125997983953e-10,1.167305159687921890e-10,2.381565220459925585e-06,3.695578768644090785e-09,-1.212769091166702086e-09,-4.489014757200953878e-10,-4.960540542937114989e-06
1.225352172764980651e+03,9.999999988540937412e-01,3.760492583862565182e-10,1.140107330674721328e-10,2.351348799317388678e-06,3.624608830960857877e-09,-1.189479058854833026e-09,-4.384599814255227090e-10,-4.897603164947704889e-06
1.225358303094128360e+03,9.999999988760996938e-01,3.688276024234546997e-10,1.113542124802965519e-10,2.321515749909031931e-06,3.555001784009572623e-09,-1.166636282524752914e-09,-4.282609818710972796e-10,-4.835464303528321886e-06
1.225364433423275841e+03,9.999999988976830956e-01,3.617446327441755402e-10,1.087594871822121876e-10,2.292061212258937073e-06,3.486731485321772340e-09,-1.144232183968240252e-09,-4.182988652917698180e-10,-4.774113836027479824e-06
1.225370563752423550e+03,9.999999989188521621e-01,3.547976839856864016e-10,1.062251205738439016e-10,2.262980381572878939e-06,3.419772246500024669e-09,-1.122258332391465193e-09,-4.085681360866275503e-10,-4.713541754727533866e-06
1.225376694081571031e+03,9.999999989396145539e-01,3.479841440324296008e-10,1.037497107036162864e-10,2.234268516447974204e-06,3.354098884838739200e-09,-1.100706465426447471e-09,-3.990634309390251949e-10,-4.653738183943979395e-06
1.225382824410718740e+03,9.999999989599781536e-01,3.413014527949513664e-10,1.013318893109231420e-10,2.205920937911689043e-06,3.289686727750740148e-09,-1.079568485268691836e-09,-3.897795151802144101e-10,-4.594693378023952122e-06
1.225388954739866222e+03,9.999999989799507327e-01,3.347470942870543653e-10,9.897031660083466760e-11,2.177933020204716287e-06,3.226511524130166158e-09,-1.058836433616474020e-09,-3.807112628365986207e-10,-4.536397702148582938e-06
1.225395085069013930e+03,9.999999989995397298e-01,3.283186071335002693e-10,9.666368787416548709e-11,2.150300203930194615e-06,3.164549551632531161e-09,-1.038502524907695184e-09,-3.718536819581510264e-10,-4.478841659720621570e-06
1.225401215398161412e+03,9.999999990187525833e-01,3.220135722571719794e-10,9.441072549681789653e-11,2.123017981460134287e-06,3.103777490707786184e-09,-1.018559107373213531e-09,-3.632018839595487213e-10,-4.422015861968572026e-06
1.225407345727309121e+03,9.999999990375963987e-01,3.158296189079665437e-10,9.221018265538142815e-11,2.096081904637326368e-06,3.044172497152713032e-09,-9.989986821068001481e-10,-3.547510979635425736e-10,-4.365911043988500501e-06
1.225413476056456602e+03,9.999999990560785035e-01,3.097644235545516011e-10,9.006084250573706826e-11,2.069487583873782464e-06,2.985712172865404897e-09,-9.798138995596629668e-10,-3.464966675642926497e-10,-4.310518062866287005e-06
1.225419606385604311e+03,9.999999990742055589e-01,3.038157026936145227e-10,8.796151352483109329e-11,2.043230679503686647e-06,2.928374504834260302e-09,-9.609975367954190637e-10,-3.384340330728740268e-10,-4.255827879667325585e-06
1.225425736714751793e+03,9.999999990919845594e-01,2.979812223866201688e-10,8.591103540807551916e-11,2.017306914119336810e-06,2.872137961474909334e-09,-9.425425276557625279e-10,-3.305587540536187633e-10,-4.201831585130268438e-06
1.225431867043899501e+03,9.999999991094221663e-01,2.922587870847081399e-10,8.390827192571033587e-11,1.991712058880137787e-06,2.816981383716851577e-09,-9.244419274125565856e-10,-3.228664820434067329e-10,-4.148520371150991732e-06
1.225437997373046983e+03,9.999999991265248189e-01,2.866462451005100545e-10,8.195211426331130332e-11,1.966441940738209987e-06,2.762884030003425602e-09,-9.066889300757095553e-10,-3.153529733137212551e-10,-4.095885545832370394e-06
1.225444127702194692e+03,9.999999991432988455e-01,2.811414876023039214e-10,8.004148026423354448e-11,1.941492441592550756e-06,2.709825572709567256e-09,-8.892768652115902649e-10,-3.080140859898752556e-10,-4.043918531722587642e-06
1.225450258031342173e+03,9.999999991597511295e-01,2.757424420877067068e-10,7.817531029486670352e-11,1.916859490176791899e-06,2.657786033194564160e-09,-8.721991772996995107e-10,-3.008457642531037330e-10,-3.992610848918703867e-06
1.225456388360489882e+03,9.999999991758872220e-01,2.704470810392121307e-10,7.635257249014475884e-11,1.892539073632187967e-06,2.606745877044121541e-09,-8.554494531109552584e-10,-2.938440583920130350e-10,-3.941954139171334744e-06
1.225462518689637363e+03,9.999999991917134512e-01,2.652534117816993529e-10,7.457225639917926022e-11,1.868527224663386945e-06,2.556685892233292819e-09,-8.390213896260328366e-10,-2.870051005286089575e-10,-3.891940139132259936e-06
1.225468649018785072e+03,9.999999992072359234e-01,2.601594814486338782e-10,7.283337595643983460e-11,1.844820028317119521e-06,2.507587256391986458e-09,-8.229088097439287442e-10,-2.803251159730188171e-10,-3.842560694473358640e-06
1.225474779347932554e+03,9.999999992224600787e-01,2.551633760691649247e-10,7.113496880771740435e-11,1.821413621188670033e-06,2.459431524316427170e-09,-8.071056593943619502e-10,-2.738004206596003707e-10,-3.793807758233870855e-06
1.225480909677080263e+03,9.999999992373920232e-01,2.502632146448708111e-10,6.947609263226986843e-11,1.798304183811388354e-06,2.412200562092974589e-09,-7.916059888019601386e-10,-2.674274070904589564e-10,-3.745673374968991464e-06
1.225487040006227744e+03,9.999999992520370862e-01,2.454571570054994376e-10,6.785582980832592380e-11,1.775487951513894258e-06,2.365876635031784110e-09,-7.764039773347100954e-10,-2.612025621754774805e-10,-3.698149703363734787e-06
1.225493170335375453e+03,9.999999992664010406e-01,2.407433946036676433e-10,6.627328176098739192e-11,1.752961202370230333e-06,2.320442306364782387e-09,-7.614939043867202782e-10,-2.551224456343665465e-10,-3.651228991135057396e-06
1.225499300664522934e+03,9.999999992804889937e-01,2.361201550221730677e-10,6.472757160481744772e-11,1.730720263559301708e-06,2.275880494080861342e-09,-7.468701636352746576e-10,-2.491837000989790388e-10,-3.604903588277587823e-06
1.225505430993670643e+03,9.999999992943066074e-01,2.315857011454502676e-10,6.321784354413480476e-11,1.708761510620450556e-06,2.232174458432098765e-09,-7.325272604200707988e-10,-2.433830488315522547e-10,-3.559165945513147993e-06
1.225511561322818125e+03,9.999999993078586558e-01,2.271383257836324350e-10,6.174325960167698526e-11,1.687081360313622260e-06,2.189307743136858746e-09,-7.184597947386172702e-10,-2.377172832180592297e-10,-3.514008599419622350e-06
1.225517691651965833e+03,9.999999993211505789e-01,2.227763588024033315e-10,6.030300376807351346e-11,1.665676280805078905e-06,2.147264246175863788e-09,-7.046624837986302071e-10,-2.321832786402965355e-10,-3.469424193646243963e-06
1.225523821981113315e+03,9.999999993341873727e-01,2.184981587682940687e-10,5.889627697458949083e-11,1.644542780362835093e-06,2.106028154002558079e-09,-6.911301355913171461e-10,-2.267779752595255569e-10,-3.425405455367975937e-06
1.225529952310261024e+03,9.999999993469734783e-01,2.143021170395034835e-10,5.752229944336838302e-11,1.623677413322756959e-06,2.065583957650092869e-09,-6.778576618310283848e-10,-2.214983870042856651e-10,-3.381945207711997211e-06
1.225536082639408505e+03,9.999999993595142245e-01,2.101866570139154551e-10,5.618031015387334414e-11,1.603076779390181592e-06,2.025916459848657710e-09,-6.648400755766644918e-10,-2.163415995398153778e-10,-3.339036368303117861e-06
1.225542212968556214e+03,9.999999993718141633e-01,2.061502292499080684e-10,5.486956393324418580e-11,1.582737516941658213e-06,1.987010723787316382e-09,-6.520724757983345150e-10,-2.113047591406843686e-10,-3.296671935312352370e-06
1.225548343297703695e+03,9.999999993838778467e-01,2.021913179373957660e-10,5.358933514667000831e-11,1.562656312580722619e-06,1.948852146012037992e-09,-6.395500678458734445e-10,-2.063850868116920348e-10,-3.254845007360175825e-06
1.225554473626851404e+03,9.999999993957098265e-01,1.983084333151126496e-10,5.233891322606085815e-11,1.542829890532456217e-06,1.911426358701863488e-09,-6.272681394639936143e-10,-2.015798611909439241e-10,-3.213548761427025286e-06
1.225560603955998886e+03,9.999999994073146548e-01,1.945001153834376817e-10,5.111760476020439299e-11,1.523255018240625096e-06,1.874719298148562683e-09,-6.152220725363006663e-10,-1.968864265459529009e-10,-3.172776464511315353e-06
1.225566734285146595e+03,9.999999994186965502e-01,1.907649332218913996e-10,4.992473302006803414e-11,1.503928505712463841e-06,1.838717170336011976e-09,-6.034073409264708524e-10,-1.923021909666673378e-10,-3.132521472264753317e-06
1.225572864614294076e+03,9.999999994298598427e-01,1.871014805607996657e-10,4.875963537095976088e-11,1.484847199234717874e-06,1.803406416468086701e-09,-5.918194964710065650e-10,-1.878246164655471551e-10,-3.092777215903818770e-06
1.225578994943441785e+03,9.999999994408088622e-01,1.835083816543928293e-10,4.762166655445437427e-11,1.466007990338396860e-06,1.768773775679169512e-09,-5.804541875564016073e-10,-1.834512315402127268e-10,-3.053537220882031064e-06
1.225585125272589266e+03,9.999999994515474944e-01,1.799842843987501946e-10,4.651019471167415068e-11,1.447407805849258044e-06,1.734806220268104998e-09,-5.693071373505513029e-10,-1.791796159625955712e-10,-3.014795086166611049e-06
1.225591255601736975e+03,9.999999994620800692e-01,1.765278637015507968e-10,4.542460324205802850e-11,1.429043613138767840e-06,1.701490974510496625e-09,-5.583741544615912486e-10,-1.750074078926126226e-10,-2.976544495175475525e-06
1.225597385930884457e+03,9.999999994724103614e-01,1.731378208626388900e-10,4.436429038104341548e-11,1.410912419509432468e-06,1.668815524555719487e-09,-5.476511309785675215e-10,-1.709323022702680260e-10,-2.938779214496998186e-06
1.225603516260032166e+03,9.999999994825421457e-01,1.698128795548712499e-10,4.332866689852692383e-11,1.393011266299459013e-06,1.636767566194513877e-09,-5.371340297584773724e-10,-1.669520420079787567e-10,-2.901493081610905019e-06
1.225609646589179647e+03,9.999999994924794189e-01,1.665517911545284432e-10,4.231715901742086680e-11,1.375337237293060974e-06,1.605335059911421651e-09,-5.268189012868630846e-10,-1.630644291667422095e-10,-2.864680022405729232e-06
1.225615776918327356e+03,9.999999995022259558e-01,1.633533284951819982e-10,4.132920487697495351e-11,1.357887449386318654e-06,1.574506182457076644e-09,-5.167018639207041659e-10,-1.592673114236103990e-10,-2.828334031737185883e-06
1.225621907247474837e+03,9.999999995117851981e-01,1.602162889260685230e-10,4.036425618569478830e-11,1.340659057513363544e-06,1.544269342598241347e-09,-5.067791135623432091e-10,-1.555585884002245050e-10,-2.792449183688709303e-06
1.225628037576622546e+03,9.999999995211608095e-01,1.571394937498933000e-10,3.942177784562968982e-11,1.323649254069725282e-06,1.514613175035145233e-09,-4.970469218812052567e-10,-1.519362102321303161e-10,-2.757019630370398067e-06
1.225634167905770028e+03,9.999999995303564537e-01,1.541217845750557057e-10,3.850124590554527162e-11,1.306855263381602914e-06,1.485526523456966807e-09,-4.875016247755428066e-10,-1.483981697330198733e-10,-2.722039590399318631e-06
1.225640298234917736e+03,9.999999995393754615e-01,1.511620281535216770e-10,3.760215015621641110e-11,1.290274349596029952e-06,1.456998456193163860e-09,-4.781396376750832750e-10,-1.449425123373184846e-10,-2.687503365333603425e-06
1.225646428564065218e+03,9.999999995482213855e-01,1.482591107118436180e-10,3.672399098523027686e-11,1.273903807924006363e-06,1.429018237694799121e-09,-4.689574376095084889e-10,-1.415673240610257813e-10,-2.653405321433169693e-06
1.225652558893212927e+03,9.999999995568972233e-01,1.454119407269336123e-10,3.586628084677675969e-11,1.257740969262007308e-06,1.401575349787433400e-09,-4.599515719884888528e-10,-1.382707371317201471e-10,-2.619739899285678891e-06
1.225658689222360408e+03,9.999999995654066387e-01,1.426194484158196992e-10,3.502854392740452957e-11,1.241783199651020051e-06,1.374659480587969127e-09,-4.511186569877331528e-10,-1.350509287156313851e-10,-2.586501612679807525e-06
1.225664819551508117e+03,9.999999995737526293e-01,1.398805824249306674e-10,3.421031432579629416e-11,1.226027895087857078e-06,1.348260501126201037e-09,-4.424553670768838633e-10,-1.319061139466704307e-10,-2.553685037797960135e-06
1.225670949880655598e+03,9.999999995819381926e-01,1.371943142209385611e-10,3.341113836047873410e-11,1.210472488927338061e-06,1.322368490776880741e-09,-4.339584489081672320e-10,-1.288345547715329558e-10,-2.521284828633988834e-06
1.225677080209803307e+03,9.999999995899666594e-01,1.345596329456047450e-10,3.263057177290355535e-11,1.195114443667007300e-06,1.296973714019798858e-09,-4.256247050417848167e-10,-1.258345492392782020e-10,-2.489295699881933032e-06
1.225683210538950789e+03,9.999999995978410272e-01,1.319755479350686822e-10,3.186818103432467922e-11,1.179951255282832799e-06,1.272066611532407638e-09,-4.174510019146613662e-10,-1.229044365098960614e-10,-2.457712435966682381e-06
1.225689340868098498e+03,9.999999996055641827e-01,1.294410882567473518e-10,3.112354304844602472e-11,1.164980452721674286e-06,1.247637827599318889e-09,-4.094342683756152296e-10,-1.200425957218016139e-10,-2.426529889986883042e-06
1.225695471197245979e+03,9.999999996131387903e-01,1.269552997045384988e-10,3.039624353279063435e-11,1.150199593033508116e-06,1.223678169510399005e-09,-4.015714861809008141e-10,-1.172474397902982936e-10,-2.395742973576047754e-06
1.225701601526393688e+03,9.999999996205679587e-01,1.245172487839425261e-10,2.968587907057235077e-11,1.135606268315819679e-06,1.200178637798027452e-09,-3.938597025995267755e-10,-1.145174232763494374e-10,-2.365346671366778431e-06
1.225707731855541169e+03,9.999999996278545744e-01,1.221260180423298413e-10,2.899205462361350078e-11,1.121198098006401071e-06,1.177130392650160256e-09,-3.862960156424498625e-10,-1.118510328583411733e-10,-2.335336024937745228e-06
1.225713862184688878e+03,9.999999996350014131e-01,1.197807083554419072e-10,2.831438469429085904e-11,1.106972732950900709e-06,1.154524761570112846e-09,-3.788775812949940168e-10,-1.092467917878299246e-10,-2.305706141285842645e-06
1.225719992513836360e+03,9.999999996420108062e-01,1.174804385070822385e-10,2.765249306100449985e-11,1.092927854926676045e-06,1.132353254326594173e-09,-3.716016121873726566e-10,-1.067032588820382977e-10,-2.276452191834457088e-06
1.225726122842984068e+03,9.999999996488856402e-01,1.152243424619716638e-10,2.700601133889004543e-11,1.079061172076096109e-06,1.110607527588275631e-09,-3.644653689684730884e-10,-1.042190230068704730e-10,-2.247569402921673970e-06
1.225732253172131550e+03,9.999999996556284687e-01,1.130115729826330484e-10,2.637458080408869858e-11,1.065370425421417708e-06,1.089279410221197447e-09,-3.574661717464037898e-10,-1.017927100771817983e-10,-2.219053069369884012e-06
1.225738383501279259e+03,9.999999996622418452e-01,1.108412973911523804e-10,2.575785018230268715e-11,1.051853381634255751e-06,1.068360872422826870e-09,-3.506013866825448465e-10,-9.942297458027724409e-11,-2.190898539425595468e-06
1.225744513830426740e+03,9.999999996687279902e-01,1.087126996444053296e-10,2.515547668180701533e-11,1.038507836851584199e-06,1.047844054519656573e-09,-3.438684325556853535e-10,-9.710850353992372369e-11,-2.163101222707648672e-06
1.225750644159574449e+03,9.999999996750897902e-01,1.066249799525829780e-10,2.456712575811457610e-11,1.025331616229020844e-06,1.027721244749110234e-09,-3.372647795553841396e-10,-9.484801562011423336e-11,-2.135656589276789312e-06
1.225756774488721931e+03,9.999999996813293546e-01,1.045773523040422659e-10,2.399246983423459847e-11,1.012322569656574469e-06,1.007984870393209247e-09,-3.307879414528380840e-10,-9.264025621707534917e-11,-2.108560160712152613e-06
1.225762904817869639e+03,9.999999996874491259e-01,1.025690477479816621e-10,2.343118992246085400e-11,9.994785778705843014e-07,9.886275177738942679e-10,-3.244354859842952634e-10,-9.048400368702809050e-11,-2.081807522841625160e-06
1.225769035147017121e+03,9.999999996934514357e-01,1.005993105478276021e-10,2.288297365814042524e-11,9.867975456703998005e-07,9.696419031697382809e-10,-3.182050226838529222e-10,-8.837806180530471753e-11,-2.055394311613112998e-06
1.225775165476164830e+03,9.999999996993383933e-01,9.866740006470234399e-11,2.234751621797766869e-11,9.742774054983491045e-07,9.510208837770583416e-10,-3.120942088410441638e-10,-8.632126329298996213e-11,-2.029316220551141219e-06
1.225781295805312311e+03,9.999999997051122191e-01,9.677259041119898017e-11,2.182452011067031693e-11,9.619161170206542333e-07,9.327574649260591225e-10,-3.061007484056954880e-10,-8.431246901973509592e-11,-2.003568999883972539e-06
1.225787426134460020e+03,9.999999997107752447e-01,9.491416820494406562e-11,2.131369403910405723e-11,9.497116631081654153e-07,9.148447775728180013e-10,-3.002223848822335193e-10,-8.235056363750309680e-11,-1.978148448172021536e-06
1.225793556463607501e+03,9.999999997163294685e-01,9.309143554794439970e-11,2.081475434200004875e-11,9.376620555702778854e-07,8.972760881612803601e-10,-2.944569107536396776e-10,-8.043446112126444225e-11,-1.953050424250847257e-06
1.225799686792755210e+03,9.999999997217771108e-01,9.130370653540980682e-11,2.032742324583162979e-11,9.257653287911478347e-07,8.800447850907307614e-10,-2.888021564385276864e-10,-7.856309806036835479e-11,-1.928270833976247610e-06
1.225805817121902692e+03,9.999999997271201702e-01,8.955030896518387205e-11,1.985142968107567409e-11,9.140195430882431626e-07,8.631443926308110178e-10,-2.832559956982336574e-10,-7.673543679621527449e-11,-1.903805637219687419e-06
1.225811947451050401e+03,9.999999997323605339e-01,8.783058402351282523e-11,1.938650909594839650e-11,9.024227843191921810e-07,8.465685630654834767e-10,-2.778163446428736951e-10,-7.495046471324461925e-11,-1.879650847049422760e-06
1.225818077780197882e+03,9.999999997375003113e-01,8.614388424618166069e-11,1.893240244486935913e-11,8.909731601110846305e-07,8.303110524763167690e-10,-2.724811552822252363e-10,-7.320719035454528011e-11,-1.855802521876639311e-06
1.225824208109345591e+03,9.999999997425412790e-01,8.448957622256254490e-11,1.848885746983845699e-11,8.796688052397555819e-07,8.143657508248455240e-10,-2.672484240788867184e-10,-7.150464835155042255e-11,-1.832256776659806401e-06
1.225830338438493072e+03,9.999999997474856572e-01,8.286703742703274991e-11,1.805562714642719150e-11,8.685078756596062683e-07,7.987266627829562183e-10,-2.621161819257540275e-10,-6.984189345565809044e-11,-1.809009770469582397e-06
1.225836468767640781e+03,9.999999997523348894e-01,8.127565777044807777e-11,1.763247040923035913e-11,8.574885516544219122e-07,7.833879036853557466e-10,-2.570824990534771044e-10,-6.821800333001906198e-11,-1.786057713051563510e-06
1.225842599096788263e+03,9.999999997570910848e-01,7.971483931494800714e-11,1.721915198614476809e-11,8.466090374685381105e-07,7.683437116315711995e-10,-2.521454841283616358e-10,-6.663207791901588158e-11,-1.763396864058062607e-06
1.225848729425935971e+03,9.999999997617560199e-01,7.818399442348705726e-11,1.681544149916984847e-11,8.358675577693488676e-07,7.535884243224685556e-10,-2.473032783991620085e-10,-6.508323599245111436e-11,-1.741023525679979029e-06
1.225854859755083453e+03,9.999999997663311380e-01,7.668254821402455447e-11,1.642111460318326920e-11,8.252623626939059187e-07,7.391165002023864340e-10,-2.425540634599155531e-10,-6.357061953195426384e-11,-1.718934053158218699e-06
1.225860990084231162e+03,9.999999997708184374e-01,7.520993568372430668e-11,1.603595160459388270e-11,8.147917222479629184e-07,7.249224955271042647e-10,-2.378960521535141713e-10,-6.209338842094593868e-11,-1.697124843117635126e-06
1.225867120413378643e+03,9.999999997752196945e-01,7.376560311707051904e-11,1.565973810600106750e-11,8.044539292619372549e-07,7.110010723630311908e-10,-2.333274930257081829e-10,-6.065072292890238121e-11,-1.675592339723923854e-06
1.225873250742526352e+03,9.999999997795363527e-01,7.234900782702332181e-11,1.529226485873995166e-11,7.942472990448725275e-07,6.973469993019014919e-10,-2.288466695063569057e-10,-5.924182315070915985e-11,-1.654333033962879376e-06
1.225879381071673834e+03,9.999999997837700771e-01,7.095961647554034816e-11,1.493332696362741608e-11,7.841701660657525538e-07,6.839551381709118067e-10,-2.244518945970794702e-10,-5.786590593199355745e-11,-1.633343456728001290e-06
1.225885511400821542e+03,9.999999997879226443e-01,6.959690730099207936e-11,1.458272488284495818e-11,7.742208886879641820e-07,6.708204582086162521e-10,-2.201415179167799040e-10,-5.652220877252216941e-11,-1.612620188681784857e-06
1.225891641729969024e+03,9.999999997919953865e-01,6.826036750809230879e-11,1.424026321221274415e-11,7.643978439147539193e-07,6.579380139254079629e-10,-2.159139174457513599e-10,-5.520998510160486317e-11,-1.592159849311183936e-06
1.225897772059116733e+03,9.999999997959899689e-01,6.694949454590065395e-11,1.390575125395155176e-11,7.546994301623658383e-07,6.453029617448878583e-10,-2.117675035681179027e-10,-5.392850648898426331e-11,-1.571959102703708647e-06
1.225903902388264214e+03,9.999999997999077239e-01,6.566379587289752398e-11,1.357900288546958648e-11,7.451240669354170470e-07,6.329105523709430426e-10,-2.077007183287448706e-10,-5.267706214640375932e-11,-1.552014656871282376e-06
1.225910032717411923e+03,9.999999998037503168e-01,6.440278743269122974e-11,1.325983584903288874e-11,7.356701917134512727e-07,6.207561254221003819e-10,-2.037120306117565268e-10,-5.145495619185111312e-11,-1.532323257265331914e-06
1.225916163046559404e+03,9.999999998075191909e-01,6.316599567561520545e-11,1.294807265072110449e-11,7.263362643925847143e-07,6.088351178528098538e-10,-1.997999425350388796e-10,-5.026151112362273318e-11,-1.512881696028181252e-06
1.225922293375707113e+03,9.999999998112155675e-01,6.195295518983675801e-11,1.264353946939141794e-11,7.171207623559595774e-07,5.971430412001328432e-10,-1.959629819572129619e-10,-4.909606361626374044e-11,-1.493686801725434240e-06
1.225928423704854595e+03,9.999999998148410008e-01,6.076320986126766877e-11,1.234606666544986522e-11,7.080221830753579149e-07,5.856754995309561265e-10,-1.921997061465416800e-10,-4.795796648849070657e-11,-1.474735444764811750e-06
1.225934554034002304e+03,9.999999998183967120e-01,5.959631266034710742e-11,1.205548866407556540e-11,6.990390438066559065e-07,5.744281826730892701e-10,-1.885087011065039468e-10,-4.684658826015576653e-11,-1.456024536761832842e-06
1.225940684363149785e+03,9.999999998218842556e-01,5.845182425859666239e-11,1.177164332401780987e-11,6.901698786689372552e-07,5.633968501669298734e-10,-1.848885771998277527e-10,-4.576131071780859377e-11,-1.437551024455971825e-06
1.225946814692297494e+03,9.999999998253048528e-01,5.732931486341865413e-11,1.149437273603707291e-11,6.814132428114400069e-07,5.525773672769751258e-10,-1.813379749521301450e-10,-4.470153200722536813e-11,-1.419311898389898237e-06
1.225952945021444975e+03,9.999999998286596137e-01,5.622836206809410950e-11,1.122352225350460785e-11,6.727677077888817023e-07,5.419656624673746563e-10,-1.778555582512582582e-10,-4.366666289209535111e-11,-1.401304183276859986e-06
1.225959075350592684e+03,9.999999998319500927e-01,5.514855190451508702e-11,1.095894094421010840e-11,6.642318640021669201e-07,5.315577481793197188e-10,-1.744400176771808669e-10,-4.265612850606139440e-11,-1.383524943084377109e-06
1.225965205679740166e+03,9.999999998351772890e-01,5.408947864967095528e-11,1.070048148641745132e-11,6.558043204126910055e-07,5.213497089816531031e-10,-1.710900698898860293e-10,-4.166936795901811874e-11,-1.365971280439178887e-06
1.225971336008887874e+03,9.999999998383425348e-01,5.305074357003553402e-11,1.044799960807767282e-11,6.474837018020935118e-07,5.113377040630626807e-10,-1.678044536577594538e-10,-4.070583217051941110e-11,-1.348640330919613365e-06
1.225977466338035356e+03,9.999999998414470515e-01,5.203195658682622990e-11,1.020135479578360787e-11,6.392686526814902707e-07,5.015179709404279407e-10,-1.645819351249558947e-10,-3.976498662334207706e-11,-1.331529271198097993e-06
1.225983596667183065e+03,9.999999998444918381e-01,5.103273432466679935e-11,9.960409433624690782e-12,6.311578329528229341e-07,4.918868145376238450e-10,-1.614213016391358779e-10,-3.884630803346661117e-11,-1.314635310004254916e-06
1.225989726996330546e+03,9.999999998474781160e-01,5.005270106704599318e-11,9.725029204273621925e-12,6.231499201986234482e-07,4.824406158931981975e-10,-1.583213647736708816e-10,-3.794928591036159414e-11,-1.297955692894206859e-06
1.225995857325478255e+03,9.999999998504072174e-01,4.909148858068344092e-11,9.495082996442279709e-12,6.152436094139744997e-07,4.731758262718598058e-10,-1.552809597720966104e-10,-3.707342220722244252e-11,-1.281487701692295163e-06
1.226001987654625736e+03,9.999999998532799195e-01,4.814873497593836593e-11,9.270442406768745443e-12,6.074376104357434514e-07,4.640889475631922174e-10,-1.522989419434778990e-10,-3.621822939241983734e-11,-1.265228649136487108e-06
1.226008117983773445e+03,9.999999998560976655e-01,4.722408621819631225e-11,9.050982369082433534e-12,5.997306516100462212e-07,4.551765804957219372e-10,-1.493741914430677593e-10,-3.538323290202528724e-11,-1.249175886517261446e-06
1.226014248312920927e+03,9.999999998588612327e-01,4.631719435683890853e-11,8.836580389622207105e-12,5.921214757219251102e-07,4.464353713206288621e-10,-1.465056076703713865e-10,-3.456796817526266613e-11,-1.233326795199630221e-06
1.226020378642068636e+03,9.999999998615716201e-01,4.542771839241611058e-11,8.627116902945551312e-12,5.846088421434981544e-07,4.378620188024474881e-10,-1.436921120120941056e-10,-3.377198204453239635e-11,-1.217678791097472148e-06
1.226026508971216117e+03,9.999999998642299381e-01,4.455532411724077482e-11,8.422475189510615477e-12,5.771915265824935718e-07,4.294533062155068994e-10,-1.409326473379265782e-10,-3.299483242480057926e-11,-1.202229324149768735e-06
