r,m,c,b,f,dm,dc,db,df
1.691551351125189626e+02,2.923812378499107888e-06,3.030506973473539589e-01,6.592891131713038977e-01,8.154650379312092801e-01,7.393316880855040204e-06,-5.785621220872907508e-07,-5.407275461397291396e-07,-4.372744587341096603e-07
1.691612612769873749e+02,2.969457683277426612e-06,3.030506937715579108e-01,6.592891098289226370e-01,8.154650352282845072e-01,7.508738386056433475e-06,-5.888531260444464584e-07,-5.504840098210110106e-07,-4.451690755020516098e-07
1.691673874414557588e+02,3.015815589311339350e-06,3.030506901321585178e-01,6.592891064262331735e-01,8.154650324765601033e-01,7.625961827762748126e-06,-5.993269690727352723e-07,-5.604166502168545255e-07,-4.532063382626778578e-07
1.691735136059241711e+02,3.062897214795525498e-06,3.030506864280266277e-01,6.592891029621470445e-01,8.154650296751547733e-01,7.745015320204301013e-06,-6.099868930173371534e-07,-5.705286488696736416e-07,-4.613888250330501174e-07
1.691796397703925550e+02,3.110713858117499357e-06,3.030506826580119939e-01,6.592890994355558032e-01,8.154650268231707910e-01,7.865927433257893824e-06,-6.208361993471072944e-07,-5.808232470688984623e-07,-4.697191622711939871e-07
1.691857659348609673e+02,3.159277001228353178e-06,3.030506788209434976e-01,6.592890958453297978e-01,8.154650239196935546e-01,7.988727200970099048e-06,-6.318782503995117937e-07,-5.913037471305078661e-07,-4.782000259190314015e-07
1.691918920993293511e+02,3.208598286228269028e-06,3.030506749156312574e-01,6.592890921903213908e-01,8.154650209637938074e-01,8.113444062349898367e-06,-6.431164617055587824e-07,-6.019735047152667434e-07,-4.868341351916277481e-07
1.691980182637977634e+02,3.258689561116433110e-06,3.030506709408615218e-01,6.592890884693591858e-01,8.154650179545229749e-01,8.240107977054422422e-06,-6.545543173567735971e-07,-6.128359442934100205e-07,-4.956242650828882090e-07
1.692041444282661757e+02,3.309562839478124290e-06,3.030506668954013882e-01,6.592890846812530237e-01,8.154650148909177165e-01,8.368749323451256278e-06,-6.661953566886108516e-07,-6.238945458057508706e-07,-5.045732355005742438e-07
1.692102705927345596e+02,3.361230329603015790e-06,3.030506627779949169e-01,6.592890808247903189e-01,8.154650117719958180e-01,8.499398972248492756e-06,-6.780431841102469078e-07,-6.351528544955581573e-07,-5.136839194410163396e-07
1.692163967572029719e+02,3.413704438127365201e-06,3.030506585873632419e-01,6.592890768987359484e-01,8.154650085967570794e-01,8.632088295704398007e-06,-6.901014704795990586e-07,-6.466144824059563131e-07,-5.229592439552852130e-07
1.692225229216713558e+02,3.466997744733875994e-06,3.030506543222072913e-01,6.592890729018344720e-01,8.154650053641847585e-01,8.766849103651953211e-06,-7.023739447270011478e-07,-6.582830999407961139e-07,-5.324021835001669803e-07
1.692286490861397681e+02,3.521123051586012039e-06,3.030506499812017362e-01,6.592890688328048032e-01,8.154650020732420179e-01,8.903713768500959798e-06,-7.148644106099473596e-07,-6.701624527317706239e-07,-5.420157735083850438e-07
1.692347752506081520e+02,3.576093339768503707e-06,3.030506455630000984e-01,6.592890646903452057e-01,8.154649987228744790e-01,9.042715115090993076e-06,-7.275767321935125232e-07,-6.822563470892679085e-07,-5.518030986052519116e-07
1.692409014150765643e+02,3.631921800750720429e-06,3.030506410662314742e-01,6.592890604731297399e-01,8.154649953120080008e-01,9.183886500251202880e-06,-7.405148445778526534e-07,-6.945686608340328061e-07,-5.617673013501514928e-07
1.692470275795449481e+02,3.688621840322091646e-06,3.030506364894992033e-01,6.592890561798072646e-01,8.154649918395486807e-01,9.327261822751382005e-06,-7.536827553952535230e-07,-7.071033447532385862e-07,-5.719115836069264920e-07
1.692531537440133604e+02,3.746207051254502142e-06,3.030506318313848646e-01,6.592890518090048779e-01,8.154649883043847414e-01,9.472875454174570605e-06,-7.670845356716402141e-07,-7.198644135151983230e-07,-5.822391990019645975e-07
1.692592799084817443e+02,3.804691266717695725e-06,3.030506270904413380e-01,6.592890473593211453e-01,8.154649847053816458e-01,9.620762373985697379e-06,-7.807243381027960032e-07,-7.328559641084350764e-07,-5.927534678616151892e-07
1.692654060729501566e+02,3.864088513211791409e-06,3.030506222651985215e-01,6.592890428293329830e-01,8.154649810413860944e-01,9.770958050514207656e-06,-7.946063812211268917e-07,-7.460821599062073219e-07,-6.034577643466155373e-07
1.692715322374185405e+02,3.924413044564494471e-06,3.030506173541594461e-01,6.592890382175896624e-01,8.154649773112238043e-01,9.923498526920882250e-06,-8.087349610875137098e-07,-7.595472423767378578e-07,-6.143555260809344482e-07
1.692776584018869528e+02,3.985679346183443675e-06,3.030506123557991649e-01,6.592890335226134768e-01,8.154649735136977329e-01,1.007842043195025835e-05,-8.231144529438420564e-07,-7.732555329791001229e-07,-6.254502554695014200e-07
1.692837845663553367e+02,4.047902105517016354e-06,3.030506072685689722e-01,6.592890287429029605e-01,8.154649696475919640e-01,1.023576090523627588e-05,-8.377493012305747028e-07,-7.872114229835248847e-07,-6.367455115214020388e-07
1.692899107308237490e+02,4.111096269771436347e-06,3.030506020908886877e-01,6.592890238769256728e-01,8.154649657116656014e-01,1.039555774324811095e-05,-8.526440395306102149e-07,-8.014193936658636186e-07,-6.482449263090823374e-07
1.692960368952921613e+02,4.175276995052788100e-06,3.030505968211533729e-01,6.592890189231245257e-01,8.154649617046573207e-01,1.055784927068817208e-05,-8.678032732911831295e-07,-8.158839989251168595e-07,-6.599521907649057247e-07
1.693021630597605451e+02,4.240459683102129161e-06,3.030505914577282245e-01,6.592890138799133437e-01,8.154649576252823717e-01,1.072267443338188540e-05,-8.832316925873628725e-07,-8.306098781938021758e-07,-6.718710652278699076e-07
1.693082892242289574e+02,4.306659985890271224e-06,3.030505859989484074e-01,6.592890087456757531e-01,8.154649534722318016e-01,1.089007280989595257e-05,-8.989340739210471309e-07,-8.456017582846231074e-07,-6.840053808976578481e-07
1.693144153886973413e+02,4.373893773699710969e-06,3.030505804431228856e-01,6.592890035187695119e-01,8.154649492441755632e-01,1.106008453082878425e-05,-9.149152693163865326e-07,-8.608644424121203472e-07,-6.963590309440392351e-07
1.693205415531657536e+02,4.442177197489850781e-06,3.030505747885264278e-01,6.592889981975186275e-01,8.154649449397560756e-01,1.123275043650939846e-05,-9.311802281130839120e-07,-8.764028322974169737e-07,-7.089359884330472873e-07
1.693266677176341375e+02,4.511526633943266341e-06,3.030505690334063806e-01,6.592889927802201289e-01,8.154649405575941090e-01,1.140811193803897197e-05,-9.477339780843827534e-07,-8.922219090349822170e-07,-7.217402908641367090e-07
1.693327938821025498e+02,4.581958725159191812e-06,3.030505631759781160e-01,6.592889872651390704e-01,8.154649360962842319e-01,1.158621111766105470e-05,-9.645816393780458808e-07,-9.083267473452001118e-07,-7.347760515818965877e-07
1.693389200465709337e+02,4.653490383618328070e-06,3.030505572144238102e-01,6.592889816505077549e-01,8.154649315543948118e-01,1.176709074131539414e-05,-9.817284264760101211e-07,-9.247225175010392149e-07,-7.480474615171489576e-07
1.693450462110393460e+02,4.726138757694318238e-06,3.030505511468968849e-01,6.592889759345299527e-01,8.154649269304707904e-01,1.195079417142877838e-05,-9.991796362989127729e-07,-9.414144733919143993e-07,-7.615587793938512781e-07
1.693511723755077298e+02,4.799921299041352000e-06,3.030505449715137356e-01,6.592889701153725746e-01,8.154649222230276884e-01,1.213736553731329278e-05,-1.016940671984137510e-06,-9.584079765819481967e-07,-7.753143513323596145e-07
1.693572985399761421e+02,4.874855703214958798e-06,3.030505386863610040e-01,6.592889641911728882e-01,8.154649174305563797e-01,1.232684958501772084e-05,-1.035017022275218114e-06,-9.757084755678245969e-07,-7.893185939036306379e-07
1.693634247044445260e+02,4.950959952561989528e-06,3.030505322894898601e-01,6.592889581600333004e-01,8.154649125515198715e-01,1.251929178578028579e-05,-1.053414276744221842e-06,-9.933215211627843952e-07,-8.035760067807129315e-07
1.693695508689129383e+02,5.028252321585311564e-06,3.030505257789156137e-01,6.592889520200208020e-01,8.154649075843521944e-01,1.271473834959348516e-05,-1.072138127936280149e-06,-1.011252768775408835e-06,-8.180911743881307317e-07
1.693756770333813506e+02,5.106751339677798886e-06,3.030505191526220998e-01,6.592889457691704092e-01,8.154649025274618435e-01,1.291323613097192443e-05,-1.091194358368086954e-06,-1.029507965237276416e-06,-8.328687553516867591e-07
1.693818031978497345e+02,5.186475863936832442e-06,3.030505124085529078e-01,6.592889394054775032e-01,8.154648973792250066e-01,1.311483281307264293e-05,-1.110588866496116154e-06,-1.048092975235505231e-06,-8.479135039477133235e-07
1.693879293623181468e+02,5.267445015003112936e-06,3.030505055446187090e-01,6.592889329269044918e-01,8.154648921379908932e-01,1.331957674545503303e-05,-1.130327644213086081e-06,-1.067013758490056256e-06,-8.632302515367821348e-07
1.693940555267865307e+02,5.349678223404679404e-06,3.030504985586917610e-01,6.592889263313762571e-01,8.154648868020787367e-01,1.352751706126718937e-05,-1.150416793465806990e-06,-1.086276386700710735e-06,-8.788239202440657769e-07
1.694001816912549430e+02,5.433195235353616456e-06,3.030504914486051860e-01,6.592889196167778243e-01,8.154648813697752407e-01,1.373870369190300934e-05,-1.170862528582990016e-06,-1.105887045984356244e-06,-8.946995250816750017e-07
1.694063078557233268e+02,5.518016072478916035e-06,3.030504842121578557e-01,6.592889127809608008e-01,8.154648758393397978e-01,1.395318726518153817e-05,-1.191671162103490442e-06,-1.125852022433670826e-06,-9.108621622208934864e-07
1.694124340201917391e+02,5.604161110504879302e-06,3.030504768471043442e-01,6.592889058217322740e-01,8.154648702089959400e-01,1.417101930429430506e-05,-1.212849133108775431e-06,-1.146177731082768604e-06,-9.273170324037405323e-07
1.694185601846601230e+02,5.691651009922871747e-06,3.030504693511634207e-01,6.592888987368640263e-01,8.154648644769385557e-01,1.439225205250007254e-05,-1.234402982668366812e-06,-1.166870690928276517e-06,-9.440694207166038722e-07
1.694246863491285353e+02,5.780506766067527319e-06,3.030504617220121655e-01,6.592888915240856518e-01,8.154648586413286715e-01,1.461693859974804584e-05,-1.256339371960519196e-06,-1.187937543474229411e-06,-9.611247116187446069e-07
1.694308125135969192e+02,5.870749715380256379e-06,3.030504539572848044e-01,6.592888841810846667e-01,8.154648527002924530e-01,1.484513289851526632e-05,-1.278665084829233088e-06,-1.209385055355313712e-06,-9.784883911489945337e-07
1.694369386780653315e+02,5.962401491899237582e-06,3.030504460545779821e-01,6.592888767055107291e-01,8.154648466519259786e-01,1.507688965378616777e-05,-1.301387012311230658e-06,-1.231220102607691753e-06,-9.961660340495784453e-07
1.694430648425337154e+02,6.055484112274075137e-06,3.030504380114399932e-01,6.592888690949656461e-01,8.154648404942861362e-01,1.531226453802118326e-05,-1.324512183554850438e-06,-1.253449702325876890e-06,-1.014163329608158462e-06
1.694491910070021277e+02,6.150019900854260008e-06,3.030504298253804962e-01,6.592888613470121451e-01,8.154648342253983939e-01,1.555131400173395060e-05,-1.348047739020199097e-06,-1.276080985312850245e-06,-1.032486059324301599e-06
1.694553171714705400e+02,6.246031543798152124e-06,3.030504214938632979e-01,6.592888534591671013e-01,8.154648278432510278e-01,1.579409541031142456e-05,-1.372000950266586265e-06,-1.299121216396199098e-06,-1.051140113412198539e-06
1.694614433359389238e+02,6.343542095840880352e-06,3.030504130143052421e-01,6.592888454289009825e-01,8.154648213457947881e-01,1.604066706112645466e-05,-1.396379222726058747e-06,-1.322577797322012364e-06,-1.070131493194613156e-06
1.694675695004073361e+02,6.442574933280368295e-06,3.030504043840824280e-01,6.592888372536434005e-01,8.154648147309467854e-01,1.629108806465751576e-05,-1.421190078827206713e-06,-1.346458249469642714e-06,-1.089466297129655057e-06
1.694736956648757200e+02,6.543153845838365743e-06,3.030503956005183297e-01,6.592888289307708982e-01,8.154648079965818308e-01,1.654541857676826953e-05,-1.446441191739178607e-06,-1.370770248558049802e-06,-1.109150748876284134e-06
1.694798218293441323e+02,6.645302955716121841e-06,3.030503866608937336e-01,6.592888204576177191e-01,8.154648011405397634e-01,1.680371959403076368e-05,-1.472140356113852577e-06,-1.395521594705498404e-06,-1.129191173040546390e-06
1.694859479938125162e+02,6.749046776060843593e-06,3.030503775624397433e-01,6.592888118314682577e-01,8.154647941606204542e-01,1.706605310156334720e-05,-1.498295509697219319e-06,-1.420720234644933991e-06,-1.149594013145662097e-06
1.694920741582809285e+02,6.854410218278607323e-06,3.030503683023362815e-01,6.592888030495557272e-01,8.154647870545819188e-01,1.733248209152112517e-05,-1.524914736340309981e-06,-1.446374264852157559e-06,-1.170365834307431660e-06
1.694982003227493124e+02,6.961418541234251392e-06,3.030503588777184176e-01,6.592887941090683768e-01,8.154647798201460906e-01,1.760307043464245350e-05,-1.552006247579101421e-06,-1.472491912768721971e-06,-1.191513307869318846e-06
1.695043264872177247e+02,7.070097450510094399e-06,3.030503492856641001e-01,6.592887850071370570e-01,8.154647724549882737e-01,1.787788313123330874e-05,-1.579578419475411266e-06,-1.499081574588650463e-06,-1.213043242160680055e-06
1.695104526516861085e+02,7.180473010943021515e-06,3.030503395232046482e-01,6.592887757408461002e-01,8.154647649567458023e-01,1.815698609000821549e-05,-1.607639760675327395e-06,-1.526151782638221429e-06,-1.234962555968883976e-06
1.695165788161545208e+02,7.292571709799311149e-06,3.030503295873169245e-01,6.592887663072248827e-01,8.154647573230117130e-01,1.844044628783307084e-05,-1.636198935993647311e-06,-1.553711229603102935e-06,-1.257278298227397072e-06
1.695227049806229047e+02,7.406420464676433364e-06,3.030503194749220031e-01,6.592887567032473806e-01,8.154647495513339672e-01,1.872833178970447637e-05,-1.665264769708903644e-06,-1.581768772031499727e-06,-1.279997650802861210e-06
1.695288311450913170e+02,7.522046568611925068e-06,3.030503091828922746e-01,6.592887469258381650e-01,8.154647416392204473e-01,1.902071160995206326e-05,-1.694846225457191463e-06,-1.610333409697633937e-06,-1.303127911836059201e-06
1.695349573095597293e+02,7.639477797335509019e-06,3.030502987080374577e-01,6.592887369718589685e-01,8.154647335841281874e-01,1.931765598343377301e-05,-1.724952446424760848e-06,-1.639414327043021346e-06,-1.326676529329516384e-06
1.695410834740281132e+02,7.758742314762666673e-06,3.030502880471164784e-01,6.592887268381206756e-01,8.154647253834730325e-01,1.961923612656737834e-05,-1.755592720506896312e-06,-1.669020857416256539e-06,-1.350651072125753488e-06
1.695472096384965255e+02,7.879868741256983592e-06,3.030502771968287545e-01,6.592887165213743295e-01,8.154647170346219776e-01,1.992552440993681419e-05,-1.786776506030321550e-06,-1.699162509554306433e-06,-1.375059251456089617e-06
1.695533358029649094e+02,8.002886162168182260e-06,3.030502661538129194e-01,6.592887060183096892e-01,8.154647085348928348e-01,2.023659437987993041e-05,-1.818513435361315631e-06,-1.729848971495466438e-06,-1.399908924025912334e-06
1.695594619674333217e+02,8.127824068520705865e-06,3.030502549146544822e-01,6.592886953255631122e-01,8.154646998815596737e-01,2.055252060851428829e-05,-1.850813292956729291e-06,-1.761090087978512260e-06,-1.425208073700847435e-06
1.695655881319017055e+02,8.254712472902741733e-06,3.030502434758702845e-01,6.592886844397020107e-01,8.154646910718406083e-01,2.087337898677017034e-05,-1.883686059224733299e-06,-1.792895905744626335e-06,-1.450964848324294532e-06
1.695717142963701178e+02,8.383581807349162489e-06,3.030502318339220458e-01,6.592886733572381752e-01,8.154646821029090109e-01,2.119924646617891203e-05,-1.917141872502340606e-06,-1.825276634407779517e-06,-1.477187527968635522e-06
1.695778404608385017e+02,8.514462997101060232e-06,3.030502199852064260e-01,6.592886620746177817e-01,8.154646729718850739e-01,2.153020124537838263e-05,-1.951191057125997117e-06,-1.858242675565288783e-06,-1.503884548452078396e-06
1.695839666253069140e+02,8.647387469831290590e-06,3.030502079260536941e-01,6.592886505882202819e-01,8.154646636758343670e-01,2.186632279343883270e-05,-1.985844127377323732e-06,-1.891804626867644526e-06,-1.531064504756201190e-06
1.695900927897752979e+02,8.782387091556663963e-06,3.030501956527359986e-01,6.592886388943665077e-01,8.154646542117751640e-01,2.220769168781182689e-05,-2.021111763506608302e-06,-1.925973257401384922e-06,-1.558736131053583398e-06
1.695962189542437102e+02,8.919494291859530541e-06,3.030501831614509367e-01,6.592886269893016848e-01,8.154646445766647878e-01,2.255438993095966048e-05,-2.057004859628941769e-06,-1.960759557284041988e-06,-1.586908340846100338e-06
1.696023451187120941e+02,9.058741953547158100e-06,3.030501704483353764e-01,6.592886148692105319e-01,8.154646347674108231e-01,2.290650067135091599e-05,-2.093534482211509513e-06,-1.996174694820011691e-06,-1.615590192292662838e-06
1.696084712831805064e+02,9.200163492351033897e-06,3.030501575094556865e-01,6.592886025302061581e-01,8.154646247808633452e-01,2.326410840498396360e-05,-2.130711900701297285e-06,-2.032230048277839031e-06,-1.644790914023529708e-06
1.696145974476489187e+02,9.343792866895492093e-06,3.030501443408055162e-01,6.592885899683279538e-01,8.154646146138123664e-01,2.362729900059134811e-05,-2.168548591837874665e-06,-2.068937210477091612e-06,-1.674519908792243494e-06
1.696207236121173025e+02,9.489664509448660507e-06,3.030501309383150099e-01,6.592885771795518046e-01,8.154646042629963842e-01,2.399615952453889171e-05,-2.207056213503412742e-06,-2.106307961806257662e-06,-1.704786731553253342e-06
1.696268497765857148e+02,9.637813461228220206e-06,3.030501172978330438e-01,6.592885641597709956e-01,8.154645937250868393e-01,2.437077858295161198e-05,-2.246246656954679433e-06,-2.144354324407271728e-06,-1.735601133582917418e-06
1.696329759410540987e+02,9.788275253174975689e-06,3.030501034151424355e-01,6.592885509048119763e-01,8.154645829967014370e-01,2.475124602024230557e-05,-2.286132001538367739e-06,-2.183088515390061487e-06,-1.766973024361960853e-06
1.696391021055225110e+02,9.941085992070305006e-06,3.030500892859484541e-01,6.592885374104231477e-01,8.154645720743938231e-01,2.513765313686234661e-05,-2.326724548126061584e-06,-2.222522981566259882e-06,-1.798912499870822680e-06
1.696452282699908949e+02,1.009628237130750166e-05,3.030500749058775423e-01,6.592885236722728637e-01,8.154645609546531393e-01,2.553009271653538156e-05,-2.368036823806696270e-06,-2.262670404457136225e-06,-1.831429846598643718e-06
1.696513544344593072e+02,1.025390159606607329e-05,3.030500602704867541e-01,6.592885096859588678e-01,8.154645496339115729e-01,2.592865883705638963e-05,-2.410081553344147277e-06,-2.303543670774569561e-06,-1.864535517621989299e-06
1.696574805989276911e+02,1.041398152951357722e-05,3.030500453752441037e-01,6.592884954469895309e-01,8.154645381085280365e-01,2.633344723996657819e-05,-2.452871716180807810e-06,-2.345155931761579102e-06,-1.898240180734484874e-06
1.696636067633961034e+02,1.057656056397788077e-05,3.030500302155457182e-01,6.592884809507999488e-01,8.154645263748026007e-01,2.674455500480610385e-05,-2.496420497034278642e-06,-2.387520551908734765e-06,-1.932554676896857806e-06
1.696697329278644872e+02,1.074167771399957166e-05,3.030500147867032923e-01,6.592884661927392864e-01,8.154645144289653924e-01,2.716208078439872055e-05,-2.540741322361617268e-06,-2.430651147086042244e-06,-1.967490051009911368e-06
1.696758590923328995e+02,1.090937262797062270e-05,3.030499990839421454e-01,6.592884511680694448e-01,8.154645022671759280e-01,2.758612483427799210e-05,-2.585847865480646485e-06,-2.474561589890683405e-06,-2.003057556518266975e-06
1.696819852568012834e+02,1.107968550728300814e-05,3.030499831024119350e-01,6.592884358719754978e-01,8.154644898855311075e-01,2.801678880825113685e-05,-2.631754015429876524e-06,-2.519265977403893576e-06,-2.039268629056898722e-06
1.696881114212696957e+02,1.125265726430397540e-05,3.030499668371652300e-01,6.592884202995440424e-01,8.154644772800484498e-01,2.845417615784080900e-05,-2.678473939183679806e-06,-2.564778696103844759e-06,-2.076134939232227760e-06
1.696942375857381080e+02,1.142832938317387457e-05,3.030499502831761616e-01,6.592884044457819614e-01,8.154644644466800818e-01,2.889839178030746914e-05,-2.726022027708943067e-06,-2.611114365820867879e-06,-2.113668347069563255e-06
1.697003637502064919e+02,1.160674402035190852e-05,3.030499334353265461e-01,6.592883883056021022e-01,8.154644513813025242e-01,2.934954227287945227e-05,-2.774412935789718548e-06,-2.658287881312583539e-06,-2.151880935794344189e-06
1.697064899146749042e+02,1.178794401719201405e-05,3.030499162884039421e-01,6.592883718738217214e-01,8.154644380797143599e-01,2.980773596454818923e-05,-2.823661587591474061e-06,-2.706314418267840954e-06,-2.190785016731566387e-06
1.697126160791432881e+02,1.197197281258051229e-05,3.030498988371135294e-01,6.592883551451743651e-01,8.154644245376463374e-01,3.027308269517020313e-05,-2.873783142681504456e-06,-2.755209397971957174e-06,-2.230393100639422020e-06
1.697187422436117004e+02,1.215887461363288341e-05,3.030498810760543504e-01,6.592883381142852217e-01,8.154644107507413864e-01,3.074569424707219539e-05,-2.924793063931955061e-06,-2.804988558313613561e-06,-2.270717955232332389e-06
1.697248684080800842e+02,1.234869424528173694e-05,3.030498629997397386e-01,6.592883207756926600e-01,8.154643967145719374e-01,3.122568396473127377e-05,-2.976707058645601948e-06,-2.855667892471821099e-06,-2.311772555523698565e-06
1.697309945725484965e+02,1.254147725891933440e-05,3.030498446025825521e-01,6.592883031238324643e-01,8.154643824246272654e-01,3.171316702947562469e-05,-3.029541122003082196e-06,-2.907263694424175367e-06,-2.353570120826577349e-06
1.697371207370168804e+02,1.273726994598605618e-05,3.030498258788925092e-01,6.592882851530353916e-01,8.154643678763113801e-01,3.220826049383935646e-05,-3.083311543152710966e-06,-2.959792565520512383e-06,-2.396124119894128989e-06
1.697432469014852927e+02,1.293611924357287563e-05,3.030498068228895669e-01,6.592882668575406058e-01,8.154643530649539063e-01,3.271108304287739674e-05,-3.138034868120669716e-06,-3.013271375765534872e-06,-2.439448239719021772e-06
1.697493730659536766e+02,1.313807291886393195e-05,3.030497874286776638e-01,6.592882482314693648e-01,8.154643379857886565e-01,3.322175546052307665e-05,-3.193727973903281603e-06,-3.067717341551796635e-06,-2.483556448470537197e-06
1.697554992304220889e+02,1.334317940661203090e-05,3.030497676902675352e-01,6.592882292688470036e-01,8.154643226339723938e-01,3.374040021864444498e-05,-3.250408004225408238e-06,-3.123147958608802722e-06,-2.528462941121175844e-06
1.697616253948904728e+02,1.355148792652984220e-05,3.030497476015597824e-01,6.592882099635871684e-01,8.154643070045702880e-01,3.426714177386352544e-05,-3.308092416949081942e-06,-3.179581051719767936e-06,-2.574182179892317978e-06
1.697677515593588851e+02,1.376304849797252113e-05,3.030497271563428741e-01,6.592881903094889307e-01,8.154642910925550270e-01,3.480210660467674278e-05,-3.366798990718123467e-06,-3.237034781954387121e-06,-2.620728899992985266e-06
1.697738777238272974e+02,1.397791183793848549e-05,3.030497063483069686e-01,6.592881703002504423e-01,8.154642748928174756e-01,3.534542295355067661e-05,-3.426545784490655899e-06,-3.295527604320968961e-06,-2.668118075345409392e-06
1.697800038882956812e+02,1.419612956036461972e-05,3.030496851710159922e-01,6.592881499294412917e-01,8.154642584001440264e-01,3.589722133082984924e-05,-3.487351218358288294e-06,-3.355078352825928805e-06,-2.716364987570487798e-06
1.697861300527640935e+02,1.441775400051385280e-05,3.030496636179316194e-01,6.592881291905263730e-01,8.154642416092360291e-01,3.645763407070343361e-05,-3.549234003478497846e-06,-3.415706167019406157e-06,-2.765485166455912742e-06
1.697922562172324774e+02,1.464283834181976682e-05,3.030496416823958428e-01,6.592881080768479007e-01,8.154642245146956903e-01,3.702679565192425664e-05,-3.612213193801365814e-06,-3.477430546541862646e-06,-2.815494434127567302e-06
1.697983823817008897e+02,1.487143663175112090e-05,3.030496193576278641e-01,6.592880865816226343e-01,8.154642071110228541e-01,3.760484273791664958e-05,-3.676308193299339569e-06,-3.540271358884756704e-06,-2.866408911453213895e-06
1.698045085461692736e+02,1.510360367159905811e-05,3.030495966367399152e-01,6.592880646979576431e-01,8.154641893926289908e-01,3.819191389810628782e-05,-3.741538711803062634e-06,-3.604248793194599057e-06,-2.918244980462330882e-06
1.698106347106376859e+02,1.533939523182058879e-05,3.030495735127061163e-01,6.592880424188187760e-01,8.154641713538102188e-01,3.878815015240034199e-05,-3.807924853234388677e-06,-3.669383453209951917e-06,-2.971019359863311268e-06
1.698167608751060698e+02,1.557886786228488739e-05,3.030495499783892321e-01,6.592880197370576401e-01,8.154641529887707296e-01,3.939369449140188738e-05,-3.875487039104213523e-06,-3.735696276991303957e-06,-3.024749039883744769e-06
1.698228870395744821e+02,1.582207902933185114e-05,3.030495260265214097e-01,6.592879966453911722e-01,8.154641342916052471e-01,4.000869222295103193e-05,-3.944246064965700239e-06,-3.803208596543607656e-06,-3.079451330618356674e-06
1.698290132040428659e+02,1.606908713291411916e-05,3.030495016497007921e-01,6.592879731363999740e-01,8.154641152562970285e-01,4.063329101546163586e-05,-4.014223108300122415e-06,-3.871942146364128807e-06,-3.135143869033349441e-06
1.698351393685112782e+02,1.631995138750915613e-05,3.030494768404084494e-01,6.592879492025436328e-01,8.154640958767324088e-01,4.126764059681302513e-05,-4.085439680338662233e-06,-3.941919012844780097e-06,-3.191844577829761422e-06
1.698412655329796621e+02,1.657473205480333316e-05,3.030494515909751274e-01,6.592879248361277478e-01,8.154640761466721566e-01,4.191189334266880699e-05,-4.157917722316089138e-06,-4.013161735978815781e-06,-3.249571748127465954e-06
1.698473916974480744e+02,1.683349023865800083e-05,3.030494258936100582e-01,6.592879000293329073e-01,8.154640560597754551e-01,4.256620375806021415e-05,-4.231679521996830096e-06,-4.085693221560277974e-06,-3.308343968062616472e-06
1.698535178619164867e+02,1.709628803320467895e-05,3.030493997403793660e-01,6.592878747741925949e-01,8.154640356095822495e-01,4.323072885182849804e-05,-4.306747775287062824e-06,-4.159536806371342258e-06,-3.368180175811219946e-06
1.698596440263848706e+02,1.736318854136726151e-05,3.030493731232034027e-01,6.592878490625906363e-01,8.154640147895109159e-01,4.390562818344997405e-05,-4.383145594830699210e-06,-4.234716267568809850e-06,-3.429099667183571181e-06
1.698657701908532829e+02,1.763425574618437288e-05,3.030493460338749001e-01,6.592878228862789625e-01,8.154639935928731376e-01,4.459106353768349041e-05,-4.460896457426481189e-06,-4.311255767326751295e-06,-3.491122050617173684e-06
1.698718963553216668e+02,1.790955476223023078e-05,3.030493184640220550e-01,6.592877962368404177e-01,8.154639720128432634e-01,4.528719956025643070e-05,-4.540024309068568726e-06,-4.389179964069377081e-06,-3.554267337651508941e-06
1.698780225197900791e+02,1.818915161407020070e-05,3.030492904051406700e-01,6.592877691057219547e-01,8.154639500424847309e-01,4.599420319770730435e-05,-4.620553473862376484e-06,-4.468513916459275399e-06,-3.618555864851565794e-06
1.698841486842584629e+02,1.847311339628113881e-05,3.030492618485705059e-01,6.592877414842089889e-01,8.154639276747310817e-01,4.671224410197526226e-05,-4.702508721229221574e-06,-4.549283154714122774e-06,-3.684008351742867078e-06
1.698902748487268752e+02,1.876150829346495097e-05,3.030492327854921175e-01,6.592877133634229558e-01,8.154639049023816311e-01,4.744149468099395070e-05,-4.785915275300383959e-06,-4.631513690859189502e-06,-3.750645909165252443e-06
1.698964010131952591e+02,1.905440544120905598e-05,3.030492032069465602e-01,6.592876847343418500e-01,8.154638817181198984e-01,4.818212974714323950e-05,-4.870798757543741429e-06,-4.715231958137789674e-06,-3.818489990076001996e-06
1.699025271776636714e+02,1.935187519775259627e-05,3.030491731037955883e-01,6.592876555877582589e-01,8.154638581144789677e-01,4.893432720411480520e-05,-4.957185301356768255e-06,-4.800464932827763249e-06,-3.887562488427097872e-06
1.699086533421320553e+02,1.965398890460202504e-05,3.030491424667565159e-01,6.592876259143157780e-01,8.154638340838703536e-01,4.969826744165425567e-05,-5.045101452693065186e-06,-4.887240029044621510e-06,-3.957885653823817667e-06
1.699147795066004676e+02,1.996081905943689045e-05,3.030491112863761272e-01,6.592875957044815882e-01,8.154638096185633511e-01,5.047413377272392116e-05,-5.134574243390832640e-06,-4.975585176852448735e-06,-4.029482154909222509e-06
1.699209056710688515e+02,2.027243933773460705e-05,3.030490795530276227e-01,6.592875649485437917e-01,8.154637847106810389e-01,5.126211248816887000e-05,-5.225631201404628053e-06,-5.065528833479402774e-06,-4.102375088478705059e-06
1.699270318355372638e+02,2.058892444253485458e-05,3.030490472569318805e-01,6.592875336366330608e-01,8.154637593522190420e-01,5.206239247686420403e-05,-5.318300288223469059e-06,-5.157099916992638171e-06,-4.176587925685818109e-06
1.699331580000056761e+02,2.091035039798099724e-05,3.030490143881143239e-01,6.592875017586772302e-01,8.154637335350088945e-01,5.287516596787941140e-05,-5.412610023888534282e-06,-5.250327939609658071e-06,-4.252144620185034335e-06
1.699392841644740599e+02,2.123679429065949471e-05,3.030489809364422249e-01,6.592874693044414869e-01,8.154637072507491258e-01,5.370062787648968960e-05,-5.508589378555418438e-06,-5.345242892634343220e-06,-4.329069514757649725e-06
1.699454103289424722e+02,2.156833445642832622e-05,3.030489468915975593e-01,6.592874362634979502e-01,8.154636804909822789e-01,5.453897627653386354e-05,-5.606267852518739776e-06,-5.441875331826870095e-06,-4.407387410750351127e-06
1.699515364934108561e+02,2.190505050378281456e-05,3.030489122430718996e-01,6.592874026252225628e-01,8.154636532470913579e-01,5.539041245947969375e-05,-5.705675487360753850e-06,-5.540256389745490013e-06,-4.487123577952541985e-06
1.699576626578792684e+02,2.224702315152242240e-05,3.030488769801915061e-01,6.592873683788191830e-01,8.154636255103198117e-01,5.625514052398883732e-05,-5.806842797672302078e-06,-5.640417703211781720e-06,-4.568303695740321527e-06
1.699637888223476523e+02,2.259433454592861247e-05,3.030488410920685882e-01,6.592873335132699575e-01,8.154635972717311221e-01,5.713336817783015254e-05,-5.909800907441478390e-06,-5.742391559077881128e-06,-4.650953971467779052e-06
1.699699149868160646e+02,2.294706798127600300e-05,3.030488045676434372e-01,6.592872980173786202e-01,8.154635685222437758e-01,5.802530603123824779e-05,-6.014581431754354902e-06,-5.846210768342694413e-06,-4.735101038299540863e-06
1.699760411512844485e+02,2.330530810170440524e-05,3.030487673956534511e-01,6.592872618797381845e-01,8.154635392526053961e-01,5.893116810729859143e-05,-6.121216564096318968e-06,-5.951908759676835059e-06,-4.820772031082242184e-06
1.699821673157528608e+02,2.366914092646580259e-05,3.030487295646288604e-01,6.592872250887268359e-01,8.154635094533893014e-01,5.985117190576634175e-05,-6.229739088509615002e-06,-6.059519592813172052e-06,-4.907994597291260799e-06
1.699882934802212446e+02,2.403865367451934492e-05,3.030486910629189845e-01,6.592871876325343550e-01,8.154634791150157103e-01,6.078553795958672312e-05,-6.340182305098626355e-06,-6.169077879203251331e-06,-4.996796832495076046e-06
1.699944196446896569e+02,2.441393510724895963e-05,3.030486518786399963e-01,6.592871494991082715e-01,8.154634482277081098e-01,6.173449070136681688e-05,-6.452580178832833019e-06,-6.280618941520520854e-06,-5.087207410071812047e-06
1.700005458091580408e+02,2.479507522646895695e-05,3.030486119997201078e-01,6.592871106762009381e-01,8.154634167815314472e-01,6.269825769984239700e-05,-6.566967210476817118e-06,-6.394178675965899150e-06,-5.179255469259634913e-06
1.700066719736264531e+02,2.518216549255098205e-05,3.030485714138663189e-01,6.592870711513335591e-01,8.154633847663640411e-01,6.367707021135134778e-05,-6.683378531819316739e-06,-6.509793654518797490e-06,-5.272970698208766905e-06
1.700127981380948654e+02,2.557529885170321259e-05,3.030485301085594219e-01,6.592870309117928596e-01,8.154633521718923639e-01,6.467116324878682137e-05,-6.801849918952430802e-06,-6.627501139674127764e-06,-5.368383346006730174e-06
1.700189243025632493e+02,2.597456954644192562e-05,3.030484880710829776e-01,6.592869899446595072e-01,8.154633189876365762e-01,6.568077510241609671e-05,-6.922417710991206500e-06,-6.747338997546634911e-06,-5.465524152085570618e-06
1.700250504670316616e+02,2.638007348590385310e-05,3.030484452884658619e-01,6.592869482367488265e-01,8.154632852029012335e-01,6.670614827610268081e-05,-7.045118972403860545e-06,-6.869345872446377033e-06,-5.564424488062214075e-06
1.700311766315000455e+02,2.679190791953511445e-05,3.030484017475321146e-01,6.592869057746623129e-01,8.154632508068173635e-01,6.774752866230532549e-05,-7.169991352200927158e-06,-6.993561036224628006e-06,-5.665116235288104601e-06
1.700373027959684578e+02,2.721017167278133253e-05,3.030483574348641351e-01,6.592868625447499964e-01,8.154632157883114907e-01,6.880516613794455027e-05,-7.297073187818886274e-06,-7.120024500147236301e-06,-5.767631875794991411e-06
1.700434289604368416e+02,2.763496517656281485e-05,3.030483123367976872e-01,6.592868185331037800e-01,8.154631801361007515e-01,6.987931463890412317e-05,-7.426403519626010196e-06,-7.248777030973814148e-06,-5.872004505367933743e-06
1.700495551249052539e+02,2.806639026248522277e-05,3.030482664394530956e-01,6.592867737255907468e-01,8.154631438387202058e-01,7.097023164227368784e-05,-7.558022002208763420e-06,-7.379860055956501689e-06,-5.978267756320548961e-06
1.700556812893736378e+02,2.850455056296848289e-05,3.030482197286729629e-01,6.592867281077878783e-01,8.154631068844686581e-01,7.207817917793488279e-05,-7.691969081493875448e-06,-7.513315853804663869e-06,-6.086455952697707359e-06
1.700618074538420501e+02,2.894955115866128608e-05,3.030481721900762926e-01,6.592866816650378992e-01,8.154630692614556198e-01,7.320342293714541268e-05,-7.828285841111339797e-06,-7.649187389845068106e-06,-6.196603976316133994e-06
1.700679336183104340e+02,2.940149883310812963e-05,3.030481238090181884e-01,6.592866343824083097e-01,8.154630309575661151e-01,7.434623291637067536e-05,-7.967014115732828951e-06,-7.787518438471091508e-06,-6.308747366248476615e-06
1.700740597827788463e+02,2.986050210459722411e-05,3.030480745705851353e-01,6.592865862446846137e-01,8.154629919604573507e-01,7.550688349777943053e-05,-8.108196506874761804e-06,-7.928353600686724771e-06,-6.422922333151641308e-06
1.700801859472472302e+02,3.032667100488167401e-05,3.030480244596280293e-01,6.592865372364062893e-01,8.154629522575855827e-01,7.668565288980606334e-05,-8.251876286119576791e-06,-8.071738200175201800e-06,-6.539165674738503251e-06
1.700863121117156425e+02,3.080011751152513818e-05,3.030479734606949527e-01,6.592864873417950689e-01,8.154629118361500506e-01,7.788282422016427117e-05,-8.398097588356827285e-06,-8.217718492312330546e-06,-6.657514945649577392e-06
1.700924382761840548e+02,3.128095516692667798e-05,3.030479215580897945e-01,6.592864365448167785e-01,8.154628706831419382e-01,7.909868457267170980e-05,-8.546905244156985943e-06,-8.366341483731183905e-06,-6.778008310835418452e-06
1.700985644406524386e+02,3.176929935349232577e-05,3.030478687358288958e-01,6.592863848291360407e-01,8.154628287853075141e-01,8.033352568290591511e-05,-8.698344903401326062e-06,-8.517655066268620454e-06,-6.900684654446005493e-06
1.701046906051208509e+02,3.226526732804663183e-05,3.030478149776348884e-01,6.592863321781088359e-01,8.154627861291430246e-01,8.158764402517574871e-05,-8.852463052537768261e-06,-8.671708036259095787e-06,-7.025583595465771573e-06
1.701108167695892348e+02,3.276897798273686950e-05,3.030477602669738868e-01,6.592862785748218046e-01,8.154627427009257801e-01,8.286134020804973859e-05,-9.009306908999807560e-06,-8.828549980854590896e-06,-7.152745395246449914e-06
1.701169429340576471e+02,3.328055231218875464e-05,3.030477045869813257e-01,6.592862240020145315e-01,8.154626984866510941e-01,8.415492015534756806e-05,-9.168924631974749938e-06,-8.988231506512720393e-06,-7.282211143378961484e-06
1.701230690985260310e+02,3.380011300185623957e-05,3.030476479205261309e-01,6.592861684421461588e-01,8.154626534720870179e-01,8.546869406543215069e-05,-9.331365139579028329e-06,-9.150804041757224861e-06,-7.414022597275171566e-06
1.701291952629944433e+02,3.432778472534810913e-05,3.030475902501635899e-01,6.592861118773462037e-01,8.154626076427333725e-01,8.680297716285840061e-05,-9.496678243698692087e-06,-9.316319983704623227e-06,-7.548222301315935141e-06
1.701353214274628272e+02,3.486369418160934576e-05,3.030475315581284135e-01,6.592860542894070086e-01,8.154625609838167533e-01,8.815808979234102127e-05,-9.664914668800412940e-06,-9.484832719173651085e-06,-7.684853603937216799e-06
1.701414475919312395e+02,3.540796983657422387e-05,3.030474718263754252e-01,6.592859956598259297e-01,8.154625134803240583e-01,8.953435676562531624e-05,-9.836125936769405555e-06,-9.656396500220823184e-06,-7.823960556466994285e-06
1.701475737563996233e+02,3.596074242793378196e-05,3.030474110364986262e-01,6.592859359697202937e-01,8.154624651169336547e-01,9.093210863753389459e-05,-1.001036459681904848e-05,-9.831066694274666822e-06,-7.965588116534577000e-06
1.701536999208680356e+02,3.652214452034156967e-05,3.030473491698013055e-01,6.592858751999012279e-01,8.154624158780749976e-01,9.235168058148808176e-05,-1.018768402602740338e-05,-1.000889956827493856e-05,-8.109781972524316871e-06
1.701598260853364195e+02,3.709231082667826911e-05,3.030472862072444706e-01,6.592858133308189261e-01,8.154623657478847765e-01,9.379341320165361260e-05,-1.036813857646658901e-05,-1.018995244894052774e-05,-8.256588673905811696e-06
1.701659522498048318e+02,3.767137824822579668e-05,3.030472221294391866e-01,6.592857503425543220e-01,8.154623147101999203e-01,9.525765263446655607e-05,-1.055178359567410548e-05,-1.037428374594723074e-05,-8.406055649933431392e-06
1.701720784142732441e+02,3.825948559551964681e-05,3.030471569166913182e-01,6.592856862148663843e-01,8.154622627485954567e-01,9.674474984293251795e-05,-1.073867530105212415e-05,-1.056195281566103075e-05,-8.558231099095338549e-06
1.701782045787416280e+02,3.885677413375545984e-05,3.030470905489130451e-01,6.592856209270978596e-01,8.154622098463085722e-01,9.825506199537384138e-05,-1.092887103063716003e-05,-1.075302023497097475e-05,-8.713164211502163217e-06
1.701843307432100403e+02,3.946338710218234483e-05,3.030470230056991343e-01,6.592855544582563176e-01,8.154621559863050040e-01,9.978895125044053287e-05,-1.112242902552842082e-05,-1.094754756494648813e-05,-8.870904976877969452e-06
1.701904569076784242e+02,4.007947006123312238e-05,3.030469542662709848e-01,6.592854867869548663e-01,8.154621011512289686e-01,1.013467856346205256e-04,-1.131940859034670120e-05,-1.114559752633422415e-05,-9.031504327185812744e-06
1.701965830721468365e+02,4.070517093593091425e-05,3.030468843094684117e-01,6.592854178914022700e-01,8.154620453233973887e-01,1.029289391519287386e-04,-1.151987011559621350e-05,-1.134723402479294072e-05,-9.195014157097717591e-06
1.702027092366152203e+02,4.134063971426699249e-05,3.030468131137978305e-01,6.592853477494550196e-01,8.154619884848403055e-01,1.045357910214067299e-04,-1.172387494062737935e-05,-1.155252200189909711e-05,-9.361487202974270869e-06
1.702088354010836326e+02,4.198602903651686447e-05,3.030467406573361666e-01,6.592852763385143033e-01,8.154619306172186111e-01,1.061677271668293296e-04,-1.193148562716737846e-05,-1.176152773470138053e-05,-9.530977286265863180e-06
1.702149615655520165e+02,4.264149367593927394e-05,3.030466669178142891e-01,6.592852036356149359e-01,8.154618717018956575e-01,1.078251389039261269e-04,-1.214276572200711421e-05,-1.197431857721112445e-05,-9.703539103367373863e-06
1.702210877300204288e+02,4.330719091385234440e-05,3.030465918725554486e-01,6.592851296173594111e-01,8.154618117198830785e-01,1.095084238885093042e-04,-1.235777993201269631e-05,-1.219096315228821736e-05,-9.879228381735757103e-06
1.702272138944888127e+02,4.398328058653447104e-05,3.030465154984665621e-01,6.592850542599085761e-01,8.154617506518345715e-01,1.112179862349858519e-04,-1.257659414850451437e-05,-1.241153137939993602e-05,-1.005810190222455586e-05
1.702333400589572250e+02,4.466992475931728116e-05,3.030464377720909486e-01,6.592849775390372535e-01,8.154616884780901964e-01,1.129542356924857137e-04,-1.279927529775950233e-05,-1.263609431152183268e-05,-1.024021736670184590e-05
1.702394662234256089e+02,4.536728836334562710e-05,3.030463586695031908e-01,6.592848994300229970e-01,8.154616251785856695e-01,1.147175892544517576e-04,-1.302589163939829092e-05,-1.286472446295204709e-05,-1.042563366436795017e-05
1.702455923878940212e+02,4.607553863446768475e-05,3.030462781664002847e-01,6.592848199077412374e-01,8.154615607329309679e-01,1.165084697402061543e-04,-1.325651250749999232e-05,-1.309749552636065862e-05,-1.061441064186056464e-05
1.702517185523624335e+02,4.679484551850646618e-05,3.030461962380345264e-01,6.592847389465953389e-01,8.154614951203519313e-01,1.183273068193752659e-04,-1.349120850148930459e-05,-1.333448258288245809e-05,-1.080660927400163009e-05
1.702578447168308173e+02,4.752538172193494813e-05,3.030461128592040199e-01,6.592846565205051634e-01,8.154614283196822688e-01,1.201745371399310226e-04,-1.373005151272192144e-05,-1.357576213241454381e-05,-1.100229168831534615e-05
1.702639708812992296e+02,4.826732235973073005e-05,3.030460280043100196e-01,6.592845726029683551e-01,8.154613603094124086e-01,1.220506034380138981e-04,-1.397311456142906357e-05,-1.382141191516142463e-05,-1.120152102013911991e-05
1.702700970457676135e+02,4.902084564339715983e-05,3.030459416472424117e-01,6.592844871669378826e-01,8.154612910675910209e-01,1.239559562770440704e-04,-1.422047212215231424e-05,-1.407151127033584633e-05,-1.140436170400469047e-05
1.702762232102360258e+02,4.978613227468008790e-05,3.030458537614793002e-01,6.592844001849278435e-01,8.154612205719093954e-01,1.258910525151361924e-04,-1.447219984135651263e-05,-1.432614082657886106e-05,-1.161087922213842921e-05
1.702823493747044097e+02,5.056336588346422260e-05,3.030457643200133444e-01,6.592843116289349714e-01,8.154611487996394903e-01,1.278563564119553726e-04,-1.472837474564841946e-05,-1.458538273182337646e-05,-1.182114029123463737e-05
1.702884755391728220e+02,5.135273308252621412e-05,3.030456732953417665e-01,6.592842214704273118e-01,8.154610757276234967e-01,1.298523397670521833e-04,-1.498907527075204716e-05,-1.484932068645809589e-05,-1.203521288938026024e-05
1.702946017036412059e+02,5.215442308703929590e-05,3.030455806595288570e-01,6.592841296804107243e-01,8.154610013323283502e-01,1.318794809580489972e-04,-1.525438108365532578e-05,-1.511803974807968517e-05,-1.225316609741626502e-05
1.703007278681096182e+02,5.296862845798035668e-05,3.030454863840811308e-01,6.592840362292954337e-01,8.154609255897371511e-01,1.339382668196841626e-04,-1.552437343754003863e-05,-1.539162672396228682e-05,-1.247507041783393437e-05
1.703068540325780020e+02,5.379554444703784391e-05,3.030453904400554066e-01,6.592839410870112715e-01,8.154608484754432007e-01,1.360291909878966351e-04,-1.579913486379595517e-05,-1.567016983229854794e-05,-1.270099749955237598e-05
1.703129801970464143e+02,5.463536946975837790e-05,3.030452927979793154e-01,6.592838442229219664e-01,8.154607699645792795e-01,1.381527550957388397e-04,-1.607874939909359295e-05,-1.595375895385800976e-05,-1.293102034227790626e-05
1.703191063615147982e+02,5.548830516470535566e-05,3.030451934278395876e-01,6.592837456058130430e-01,8.154606900318090990e-01,1.403094689228315825e-04,-1.636330261699019492e-05,-1.624248566806307602e-05,-1.316521332601157473e-05
1.703252325259832105e+02,5.635455598233223825e-05,3.030450922991509977e-01,6.592836452039640971e-01,8.154606086513854768e-01,1.424998493561536387e-04,-1.665288143392983818e-05,-1.653644303947025208e-05,-1.340365203742800285e-05
1.703313586904516228e+02,5.723432998823189065e-05,3.030449893808196404e-01,6.592835429850031348e-01,8.154605257970317655e-01,1.447244224202664012e-04,-1.694757449635720647e-05,-1.683572604724785683e-05,-1.364641361886237226e-05
1.703374848549200067e+02,5.812783815530814615e-05,3.030448846412608366e-01,6.592834389160325825e-01,8.154604414420447700e-01,1.469837214881527761e-04,-1.724747184478678304e-05,-1.714043121445792145e-05,-1.389357646712005223e-05
1.703436110193884190e+02,5.903529487500853865e-05,3.030447780483127573e-01,6.592833329635353623e-01,8.154603555592174757e-01,1.492782885733447747e-04,-1.755266516144319880e-05,-1.745065688337449448e-05,-1.414522045707699920e-05
1.703497371838568029e+02,5.995691802124273700e-05,3.030446695692236569e-01,6.592832250933616800e-01,8.154602681208299453e-01,1.516086744913899213e-04,-1.786324780473347431e-05,-1.776650325509455822e-05,-1.440142697400565786e-05
1.703558633483252152e+02,6.089292850615955142e-05,3.030445591707263686e-01,6.592831152708084064e-01,8.154601790987118237e-01,1.539754377370219657e-04,-1.817931459765180971e-05,-1.808807215581018318e-05,-1.466227872355248423e-05
1.703619895127935990e+02,6.184355114805309677e-05,3.030444468188900342e-01,6.592830034604592049e-01,8.154600884641143299e-01,1.563791466777156292e-04,-1.850096224995292492e-05,-1.841546750679272775e-05,-1.492786011364132029e-05
1.703681156772620113e+02,6.280901390655456581e-05,3.030443324792483906e-01,6.592828896263230876e-01,8.154599961878209458e-01,1.588203776205685501e-04,-1.882828899176654553e-05,-1.874879491869076506e-05,-1.519825692491766178e-05
1.703742418417303952e+02,6.378954843501518409e-05,3.030442161167055115e-01,6.592827737317307202e-01,8.154599022400652597e-01,1.612997162083748895e-04,-1.916139484370464594e-05,-1.908816199287328232e-05,-1.547355655541488904e-05
1.703803680061988075e+02,6.478539014956706944e-05,3.030440976955216525e-01,6.592826557393209885e-01,8.154598065905180881e-01,1.638177575940668468e-04,-1.950038165438134296e-05,-1.943367836474175505e-05,-1.575384805587738403e-05
1.703864941706671914e+02,6.579677774914028266e-05,3.030439771793951853e-01,6.592825356111270407e-01,8.154597092083588628e-01,1.663751052275434675e-04,-1.984535286967380264e-05,-1.978545544797040201e-05,-1.603922192191399164e-05
1.703926203351356037e+02,6.682395415322864307e-05,3.030438545313000054e-01,6.592824133084015381e-01,8.154596100621329668e-01,1.689723732256821114e-04,-2.019641399311513012e-05,-2.014360694880161243e-05,-1.632977051178791363e-05
1.703987464996039876e+02,6.786716567551579285e-05,3.030437297136265307e-01,6.592822887917688668e-01,8.154595091198749701e-01,1.716101842836896725e-04,-2.055367218633026655e-05,-2.050824842211561587e-05,-1.662558768589539156e-05
1.704048726640723999e+02,6.892666262071930438e-05,3.030436026880773959e-01,6.592821620211107847e-01,8.154594063490164801e-01,1.742891711834754600e-04,-2.091723656354427965e-05,-2.087949760117717286e-05,-1.692676907441617156e-05
1.704109988285408122e+02,7.000269935920681549e-05,3.030434734156537413e-01,6.592820329555520997e-01,8.154593017163744850e-01,1.770099769821066235e-04,-2.128721823252857328e-05,-2.125747444498944313e-05,-1.723341211603325742e-05
1.704171249930091960e+02,7.109553380837709523e-05,3.030433418567431425e-01,6.592819015535551497e-01,8.154591951882278478e-01,1.797732537010367020e-04,-2.166373004294836448e-05,-2.164230085847688867e-05,-1.754561583049820807e-05
1.704232511574776083e+02,7.220542844590247173e-05,3.030432079709433069e-01,6.592817677727283998e-01,8.154590867301616530e-01,1.825796648867436046e-04,-2.204688708840947897e-05,-2.203410125525782971e-05,-1.786348127572674505e-05
1.704293773219459922e+02,7.333264941683931011e-05,3.030430717172149513e-01,6.592816315699917551e-01,8.154589763072019881e-01,1.854298833540596076e-04,-2.243680627068967809e-05,-2.243300207190552712e-05,-1.818711115329468532e-05
1.704355034864144045e+02,7.447746717850710070e-05,3.030429330537690036e-01,6.592814929014541026e-01,8.154588638837155790e-01,1.883245928158574600e-04,-2.283360662095501280e-05,-2.283913212864931944e-05,-1.851661010144994813e-05
1.704416296508827884e+02,7.564015658110711702e-05,3.030427919380506152e-01,6.592813517223952147e-01,8.154587494233962452e-01,1.912644880866450656e-04,-2.323740934433880182e-05,-2.325262268138824300e-05,-1.885208473736714590e-05
1.704477558153512007e+02,7.682099630735896034e-05,3.030426483268361393e-01,6.592812079873703324e-01,8.154586328893489444e-01,1.942502736663508436e-04,-2.364833754550446440e-05,-2.367360711536399916e-05,-1.919364340821048964e-05
1.704538819798195846e+02,7.802026996729083375e-05,3.030425021760397852e-01,6.592810616500001109e-01,8.154585142439197964e-01,1.972826665069000313e-04,-2.406651677613326853e-05,-2.410222156099378870e-05,-1.954139669149451453e-05
1.704600081442879969e+02,7.923826513348245935e-05,3.030423534408812070e-01,6.592809126631520300e-01,8.154583934488429664e-01,2.003623935740196107e-04,-2.449207455969803078e-05,-2.453860436239869961e-05,-1.989545696325780653e-05
1.704661343087563807e+02,8.047527403784350151e-05,3.030422020757622126e-01,6.592807609788060574e-01,8.154582704651315295e-01,2.034901936079847246e-04,-2.492514074169269327e-05,-2.498289647211147889e-05,-2.025593871876629838e-05
1.704722604732247930e+02,8.173159365871635008e-05,3.030420480342490008e-01,6.592806065480349975e-01,8.154581452530618169e-01,2.066668173435620974e-04,-2.536584753827323139e-05,-2.543524150793349375e-05,-2.062295861863203838e-05
1.704783866376931769e+02,8.300752511541022052e-05,3.030418912691784095e-01,6.592804493211188444e-01,8.154580177722662304e-01,2.098930259798819601e-04,-2.581432923696123170e-05,-2.589578541780327293e-05,-2.099663521657511389e-05
1.704845128021615892e+02,8.430337485109759966e-05,3.030417317324466397e-01,6.592802892473151877e-01,8.154578879815465031e-01,2.131695941694884092e-04,-2.627072279361772068e-05,-2.636467715366387117e-05,-2.137708950683156836e-05
1.704906389666299731e+02,8.561945359040840575e-05,3.030415693751924988e-01,6.592801262750572766e-01,8.154577558390350145e-01,2.164973073840386437e-04,-2.673516731422436555e-05,-2.684206808987913784e-05,-2.176444445166572802e-05
1.704967651310983854e+02,8.695607709228188439e-05,3.030414041476623965e-01,6.592799603518072482e-01,8.154576213020751085e-01,2.198769638166307066e-04,-2.720780443680899036e-05,-2.732811245516484966e-05,-2.215882533227974313e-05
1.705028912955667977e+02,8.831356624407367666e-05,3.030412359991915827e-01,6.592797914240348112e-01,8.154574843272039963e-01,2.233093746194050899e-04,-2.768877838438391203e-05,-2.782296739481825620e-05,-2.256035979927616534e-05
1.705090174600351816e+02,8.969224640736008663e-05,3.030410648783193328e-01,6.592796194373420349e-01,8.154573448702538974e-01,2.267953622503534792e-04,-2.817823563861970428e-05,-2.832679260395582919e-05,-2.296917757481679599e-05
1.705151436245035939e+02,9.109244869602510617e-05,3.030408907325590762e-01,6.592794443362121060e-01,8.154572028861486466e-01,2.303357637027022024e-04,-2.867632559077880621e-05,-2.883975106499540002e-05,-2.338541105150727546e-05
1.705212697889719777e+02,9.251450884996108444e-05,3.030407135085981252e-01,6.592792660642268210e-01,8.154570583290794428e-01,2.339314276587563832e-04,-2.918319997660093036e-05,-2.936200841116028189e-05,-2.380919477548882699e-05
1.705273959534403900e+02,9.395876804850233118e-05,3.030405331521502377e-01,6.592790845639048269e-01,8.154569111523738423e-01,2.375832165451737790e-04,-2.969901329271552187e-05,-2.989373339920752085e-05,-2.424066583031565168e-05
1.705335221179087739e+02,9.542557301209903496e-05,3.030403496079353554e-01,6.592788997766789727e-01,8.154567613084778843e-01,2.412920067896361478e-04,-3.022392285439785869e-05,-3.043509797747432486e-05,-2.467996389231069329e-05
1.705396482823771862e+02,9.691527529547256487e-05,3.030401628198052810e-01,6.592787116430327554e-01,8.154566087490658921e-01,2.450586870347131753e-04,-3.075808843968622417e-05,-3.098627688455798349e-05,-2.512723090450665449e-05
1.705457744468455701e+02,9.842823266854622711e-05,3.030399727304928792e-01,6.592785201022257624e-01,8.154564534248183172e-01,2.488841616268662937e-04,-3.130167299910868245e-05,-3.154744845634726078e-05,-2.558261173204033176e-05
1.705519006113139824e+02,9.996480789950632113e-05,3.030397792818295133e-01,6.592783250925307037e-01,8.154562952856136970e-01,2.527693475414280553e-04,-3.185484203951000114e-05,-3.211879392950848676e-05,-2.604625359651390991e-05
1.705580267757823663e+02,1.015253696336873747e-04,3.030395824145851735e-01,6.592781265510574418e-01,8.154561342803859914e-01,2.567151766030942067e-04,-3.241776407804919505e-05,-3.270049795879282722e-05,-2.651830649610844025e-05
1.705641529402507786e+02,1.031102925034205669e-04,3.030393820684456618e-01,6.592779244137272343e-01,8.154559703571042650e-01,2.607225957631896106e-04,-3.299061070513042179e-05,-3.329274869149135055e-05,-2.699892326600172485e-05
1.705702791047191624e+02,1.047199563643060651e-04,3.030391781821496489e-01,6.592777186154229474e-01,8.154558034628932583e-01,2.647925651699147421e-04,-3.357355619637420033e-05,-3.389573732833810806e-05,-2.748825922167396387e-05
1.705764052691875747e+02,1.063547477872551778e-04,3.030389706932155036e-01,6.592775090896881851e-01,8.154556335437899151e-01,2.689260619377979418e-04,-3.416677828640668062e-05,-3.450965900653080068e-05,-2.798647287615166031e-05
1.705825314336559870e+02,1.080150587436237366e-04,3.030387595381785482e-01,6.592772957689867486e-01,8.154554605449545468e-01,2.731240768254404551e-04,-3.477045749700196649e-05,-3.513471203760807352e-05,-2.849372532089632093e-05
1.705886575981243709e+02,1.097012875548090103e-04,3.030385446524160309e-01,6.592770785845095682e-01,8.154552844105128484e-01,2.773876166344769654e-04,-3.538477763207184594e-05,-3.577109847354836012e-05,-2.901018068555621669e-05
1.705947837625927832e+02,1.114138390109306354e-04,3.030383259701229237e-01,6.592768574661478365e-01,8.154551050835355808e-01,2.817177045090869868e-04,-3.600992584622739586e-05,-3.641902418827742347e-05,-2.953600620410845140e-05
1.706009099270611671e+02,1.131531235456444102e-04,3.030381034244610250e-01,6.592766323426557662e-01,8.154549225061692441e-01,2.861153778510913790e-04,-3.664609222170554049e-05,-3.707869839709866368e-05,-3.007137182456734865e-05
1.706070360915295794e+02,1.149195588482272587e-04,3.030378769472614198e-01,6.592764031413226311e-01,8.154547366193699576e-01,2.905816923923486305e-04,-3.729347061197125102e-05,-3.775033462301408783e-05,-3.061645099368183893e-05
1.706131622559979633e+02,1.167135684429096106e-04,3.030376464692826621e-01,6.592761697882555394e-01,8.154545473631347186e-01,2.951177186054252874e-04,-3.795225790917520250e-05,-3.843414986276218567e-05,-3.117141997966184358e-05
1.706192884204663756e+02,1.185355827148684666e-04,3.030374119200202054e-01,6.592759322081694906e-01,8.154543546763288742e-01,2.997245442953383660e-04,-3.862265458380529504e-05,-3.913036520629460143e-05,-3.173645837506699059e-05
1.706254145849347594e+02,1.203860390384454184e-04,3.030371732276803676e-01,6.592756903243568445e-01,8.154541584966623624e-01,3.044032749230799265e-04,-3.930486475939284555e-05,-3.983920592589288356e-05,-3.231174916935447832e-05
1.706315407494031717e+02,1.222653808855661789e-04,3.030369303193424235e-01,6.592754440588661780e-01,8.154539587608348183e-01,3.091550313531278072e-04,-3.999909575122414352e-05,-4.056090095041427380e-05,-3.289747832159778434e-05
1.706376669138715556e+02,1.241740595675113856e-04,3.030366831206341982e-01,6.592751933321423508e-01,8.154537554042434744e-01,3.139809542530633399e-04,-4.070555898603540814e-05,-4.129568392266685543e-05,-3.349383561936944778e-05
1.706437930783399679e+02,1.261125326999447849e-04,3.030364315560140076e-01,6.592749380633377010e-01,8.154535483612349589e-01,3.188822002157467466e-04,-4.142446920334036723e-05,-4.204379228682881908e-05,-3.410101393737526541e-05
1.706499192428083518e+02,1.280812653114405373e-04,3.030361755485624364e-01,6.592746781700806746e-01,8.154533375649185567e-01,3.238599445592933203e-04,-4.215604504372350600e-05,-4.280546796632377370e-05,-3.471920978794351806e-05
1.706560454072767641e+02,1.300807299820043157e-04,3.030359150199539719e-01,6.592744135684431850e-01,8.154531229471391196e-01,3.289153816765291857e-04,-4.290050913023932342e-05,-4.358095746140382777e-05,-3.534862340023874641e-05
1.706621715717451764e+02,1.321114058797594583e-04,3.030356498906340845e-01,6.592741441731359009e-01,8.154529044386357173e-01,3.340497226014686781e-04,-4.365808756550914574e-05,-4.437051127369979271e-05,-3.598945825289212526e-05
1.706682977362135603e+02,1.341737806428254650e-04,3.030353800794653440e-01,6.592738698971152278e-01,8.154526819687224481e-01,3.392641997623835380e-04,-4.442901093428304476e-05,-4.517438506344540844e-05,-3.664192201353889245e-05
1.706744239006819726e+02,1.362683487208544834e-04,3.030351055040345076e-01,6.592735906519225919e-01,8.154524554655639967e-01,3.445600627923447231e-04,-4.521351343272813202e-05,-4.599283865078498327e-05,-3.730622572779999571e-05
1.706805500651503564e+02,1.383956125727234005e-04,3.030348260804263116e-01,6.592733063474320865e-01,8.154522248559710196e-01,3.499385815541173586e-04,-4.601183350972953590e-05,-4.682613675753067618e-05,-3.798258442163253759e-05
1.706866762296187687e+02,1.405560828161839108e-04,3.030345417231913863e-01,6.592730168918147227e-01,8.154519900653706133e-01,3.554010465176152614e-04,-4.682421395555516109e-05,-4.767454911404028734e-05,-3.867121718787184994e-05
1.706928023940871526e+02,1.427502771870501415e-04,3.030342523455405446e-01,6.592727221917521474e-01,8.154517510179799533e-01,3.609487661308293915e-04,-4.765090135360254781e-05,-4.853834982952465746e-05,-3.937234667482241611e-05
1.706989285585555649e+02,1.449787225724401480e-04,3.030339578589579808e-01,6.592724221520059880e-01,8.154515076364570181e-01,3.665830719546620876e-04,-4.849214717325735506e-05,-4.941781865824955991e-05,-4.008620011445791808e-05
1.707050547230239488e+02,1.472419532188960095e-04,3.030336581735367241e-01,6.592721166757899987e-01,8.154512598422020142e-01,3.723053141368520228e-04,-4.934820682069680846e-05,-5.031323990677700472e-05,-4.081300843491903358e-05
1.707111808874923611e+02,1.495405120264053055e-04,3.030333531977315031e-01,6.592718056644932823e-01,8.154510075551338888e-01,3.781168646798077995e-04,-5.021934033789458000e-05,-5.122490324571998859e-05,-4.155300691939612035e-05
1.707173070519607450e+02,1.518749507100677486e-04,3.030330428383244956e-01,6.592714890176412101e-01,8.154507506936566896e-01,3.840191178482813559e-04,-5.110581249924405904e-05,-5.215310382659380032e-05,-4.230643530107564638e-05
1.707234332164291573e+02,1.542458286755605558e-04,3.030327270006362705e-01,6.592711666331294573e-01,8.154504891748517448e-01,3.900134873290819629e-04,-5.200789221387951090e-05,-5.309814159274231087e-05,-4.307353720350102903e-05
1.707295593808975411e+02,1.566537152158972007e-04,3.030324055881047363e-01,6.592708384067530458e-01,8.154502229140936365e-01,3.961014117782394304e-04,-5.292585371688833968e-05,-5.406032266512029067e-05,-4.385456126545291423e-05
1.707356855453659534e+02,1.590991875754143778e-04,3.030320785026505148e-01,6.592705042326124643e-01,8.154499518253810475e-01,4.022843499313426231e-04,-5.385997553459487096e-05,-5.503995814631391665e-05,-4.464976016993360444e-05
1.707418117098343657e+02,1.615828323478539291e-04,3.030317456444078239e-01,6.592701640028124643e-01,8.154496758210910690e-01,4.085637841337500355e-04,-5.481054124645736700e-05,-5.603736500887987069e-05,-4.545939136521014336e-05
1.707479378743027496e+02,1.641052456510145598e-04,3.030314069116867848e-01,6.592698176074180960e-01,8.154493948119445612e-01,4.149412207808988225e-04,-5.577783959033196204e-05,-5.705286622327451459e-05,-4.628371716849840603e-05
1.707540640387711619e+02,1.666670319117637676e-04,3.030310622012036825e-01,6.592694649347109470e-01,8.154491087072138766e-01,4.214181872498731687e-04,-5.676216381093512935e-05,-5.808679000375394861e-05,-4.712300415370551941e-05
1.707601902032395458e+02,1.692688062394455731e-04,3.030307114076218333e-01,6.592691058706738882e-01,8.154488174143043056e-01,4.279962378918973566e-04,-5.776381295821529519e-05,-5.913947132485342458e-05,-4.797752438218013922e-05
1.707663163677079581e+02,1.719111923341560221e-04,3.030303544239499325e-01,6.592687402994358292e-01,8.154485208391154538e-01,4.346769487499669324e-04,-5.878309075946832338e-05,-6.021125061266713736e-05,-4.884755434026242230e-05
1.707724425321763420e+02,1.745948239972411017e-04,3.030299911412487335e-01,6.592683681029417597e-01,8.154482188857730129e-01,4.414619213724291788e-04,-5.982030644971944827e-05,-6.130247471686856096e-05,-4.973337572824541148e-05
1.707785686966447543e+02,1.773203453199703348e-04,3.030296214485896367e-01,6.592679891609044551e-01,8.154479114565897913e-01,4.483527832885172244e-04,-6.087577488638488472e-05,-6.241349705083160571e-05,-5.063527557369941771e-05
1.707846948611131381e+02,1.800884093708328198e-04,3.030292452333062658e-01,6.592676033510855849e-01,8.154475984522938647e-01,4.553511846935078813e-04,-6.194981583910142092e-05,-6.354467676628869398e-05,-5.155354556164147572e-05
1.707908210255815504e+02,1.828996807597718622e-04,3.030288623804935355e-01,6.592672105487308309e-01,8.154472797715706101e-01,4.624588049221615396e-04,-6.304275540477453726e-05,-6.469638041293778233e-05,-5.248848338115322276e-05
1.707969471900499343e+02,1.857548333782458314e-04,3.030284727734420258e-01,6.592668106270579420e-01,8.154469553114578328e-01,4.696773467422068289e-04,-6.415492477820161708e-05,-6.586898050616734755e-05,-5.344039156282617272e-05
1.708030733545183466e+02,1.886545520311636059e-04,3.030280762933181826e-01,6.592664034568939124e-01,8.154466249670517808e-01,4.770085404739509241e-04,-6.528666115708732824e-05,-6.706285659092609572e-05,-5.440957834190989216e-05
1.708091995189867305e+02,1.915995326407017336e-04,3.030276728191193536e-01,6.592659889066239121e-01,8.154462886314659542e-01,4.844541445038333177e-04,-6.643830786689288457e-05,-6.827839539486421508e-05,-5.539635778250942587e-05
1.708153256834551428e+02,1.945904808280386994e-04,3.030272622279481798e-01,6.592655668424977078e-01,8.154459461960794631e-01,4.920159417034524656e-04,-6.761021358679667110e-05,-6.951598992532976565e-05,-5.640104904440229204e-05
1.708214518479235551e+02,1.976281146837290516e-04,3.030268443944655887e-01,6.592651371280119355e-01,8.154455975500356502e-01,4.996957464223940326e-04,-6.880273389182642936e-05,-7.077604128535962670e-05,-5.742397785660512583e-05
1.708275780123919390e+02,2.007131623260451710e-04,3.030264191913657479e-01,6.592646996244443391e-01,8.154452425806760774e-01,5.074953983236350948e-04,-7.001622991294048084e-05,-7.205895710640436501e-05,-5.846547524528063243e-05
1.708337041768603513e+02,2.038463636640938605e-04,3.030259864890263444e-01,6.592642541904564224e-01,8.154448811732177838e-01,5.154167668336378074e-04,-7.125106932327028163e-05,-7.336515271245238397e-05,-5.952587847808045760e-05
1.708398303413287351e+02,2.070284706179869336e-04,3.030255461554601237e-01,6.592638006820372709e-01,8.154445132107074334e-01,5.234617516969351878e-04,-7.250762647413366629e-05,-7.469505128773904553e-05,-6.060553119999879625e-05
1.708459565057971474e+02,2.102602455865398292e-04,3.030250980566133734e-01,6.592633389528397281e-01,8.154441385742945414e-01,5.316322791077388553e-04,-7.378628155136977135e-05,-7.604908288840167129e-05,-6.170478263131430618e-05
1.708520826702655313e+02,2.135424644403226767e-04,3.030246420557708986e-01,6.592628688535041581e-01,8.154437571426829123e-01,5.399303092636473407e-04,-7.508742225587489985e-05,-7.742768642989568786e-05,-6.282398917951617515e-05
1.708582088347339436e+02,2.168759138836970975e-04,3.030241780140724983e-01,6.592623902322422014e-01,8.154433687926034846e-01,5.483578297063347465e-04,-7.641144234328835195e-05,-7.883130797184278895e-05,-6.396351304766123677e-05
1.708643349992023275e+02,2.202613933596353892e-04,3.030237057901323805e-01,6.592619029344031212e-01,8.154429733984634998e-01,5.569168601285192635e-04,-7.775874269873501478e-05,-8.026040199192427979e-05,-6.512372326762243561e-05
1.708704611636707398e+02,2.236997152875519544e-04,3.030232252399860937e-01,6.592614068024117424e-01,8.154425708322954325e-01,5.656094529728310227e-04,-7.912973148487754656e-05,-8.171543156939962841e-05,-6.630499584848553686e-05
1.708765873281391237e+02,2.271917034078139975e-04,3.030227362174163774e-01,6.592609016761363794e-01,8.154421609640558621e-01,5.744376892530220777e-04,-8.052482322250577860e-05,-8.319686730363836649e-05,-6.750771289907720309e-05
1.708827134926075360e+02,2.307381960153268529e-04,3.030222385733037371e-01,6.592603873921486501e-01,8.154417436610245096e-01,5.834036867133252265e-04,-8.194444062176266849e-05,-8.470518948880849722e-05,-6.873226439159072518e-05
1.708888396570759198e+02,2.343400431095147196e-04,3.030217321561904376e-01,6.592598637843627429e-01,8.154413187883239322e-01,5.925095926348929436e-04,-8.338901299070631342e-05,-8.624088623703135331e-05,-6.997904663890737844e-05
1.708949658215443321e+02,2.379981084522039846e-04,3.030212168118646132e-01,6.592593306835604627e-01,8.154408862085329446e-01,6.017575890281157440e-04,-8.485897740637811609e-05,-8.780445487246074437e-05,-7.124846342500921613e-05
1.709010919860127444e+02,2.417132698245256866e-04,3.030206923833034249e-01,6.592587879173238408e-01,8.154404457816324392e-01,6.111498932792732092e-04,-8.635477887600653097e-05,-8.939640213204816973e-05,-7.254092616728489366e-05
1.709072181504811283e+02,2.454864172383535684e-04,3.030201587110276651e-01,6.592582353104367021e-01,8.154399973653317923e-01,6.206887536365445455e-04,-8.787686933507675468e-05,-9.101724298203134550e-05,-7.385685295650785227e-05
1.709133443149495406e+02,2.493184564297090786e-04,3.030196156323939349e-01,6.592576726840759793e-01,8.154395408144120561e-01,6.303764580233324607e-04,-8.942570964262987491e-05,-9.266750299782859537e-05,-7.519667048626256945e-05
1.709194704794179245e+02,2.532103057796731443e-04,3.030190629822094306e-01,6.592570998565103757e-01,8.154390759812926159e-01,6.402153262677775201e-04,-9.100176784702294864e-05,-9.434771631008005450e-05,-7.656081238707624216e-05
1.709255966438863368e+02,2.571628985376032787e-04,3.030185005922791941e-01,6.592565166425807810e-01,8.154386027156111938e-01,6.502077157111550319e-04,-9.260552046189176310e-05,-9.605842713020577817e-05,-7.794972046301644377e-05
1.709317228083547207e+02,2.611771830986275378e-04,3.030179282913432193e-01,6.592559228536267746e-01,8.154381208641617862e-01,6.603560219060775017e-04,-9.423745264165394827e-05,-9.780018997010132787e-05,-7.936384486921768309e-05
1.709378489728231330e+02,2.652541210713391844e-04,3.030173459054638085e-01,6.592553182979258297e-01,8.154376302712535995e-01,6.706626737405486319e-04,-9.589805708969279137e-05,-9.957356834701958375e-05,-8.080364306162096688e-05
1.709439751372915168e+02,2.693946910518362544e-04,3.030167532572533573e-01,6.592547027798090209e-01,8.154371307779915146e-01,6.811301429573589014e-04,-9.758783623230287134e-05,-1.013791373878308817e-04,-8.226958190767526540e-05
1.709501013017599291e+02,2.735998852972038931e-04,3.030161501665453727e-01,6.592540761004239691e-01,8.154366222228970340e-01,6.917609357606485784e-04,-9.930730032896113919e-05,-1.032174815813805658e-04,-8.376213586380366221e-05
1.709562274662283130e+02,2.778707121273047104e-04,3.030155364498999804e-01,6.592534380571684061e-01,8.154361044414467630e-01,7.025575988735160201e-04,-1.010569688624598540e-04,-1.050891964479637274e-04,-8.528178832821779395e-05
1.709623536306967253e+02,2.822081962245081514e-04,3.030149119205363117e-01,6.592527884436076846e-01,8.154355772660073498e-01,7.135227202918375308e-04,-1.028373707299553251e-04,-1.069948887795964411e-04,-8.682903183512046875e-05
1.709684797951651092e+02,2.866133765461166766e-04,3.030142763887540003e-01,6.592521270499570596e-01,8.154350405262258406e-01,7.246589240174862098e-04,-1.046490430533196785e-04,-1.089351752228300468e-04,-8.840436690557629056e-05
1.709746059596335215e+02,2.910873104015194155e-04,3.030136296610921320e-01,6.592514536621129073e-01,8.154344940482436410e-01,7.359688803400231405e-04,-1.064925335474918827e-04,-1.109106851285603372e-04,-9.000830435656117655e-05
1.709807321241019054e+02,2.956310698584092888e-04,3.030129715410602165e-01,6.592507680624881683e-01,8.154339376553754182e-01,7.474552967706235432e-04,-1.083683984614998690e-04,-1.129220580924317717e-04,-9.164136330708696891e-05
1.709868582885703177e+02,3.002457443374496773e-04,3.030123018285995062e-01,6.592500700293921767e-01,8.154333711676046148e-01,7.591209245846566216e-04,-1.102772040928606145e-04,-1.149699457816241770e-04,-9.330407265809044081e-05
1.709929844530387300e+02,3.049324409360084091e-04,3.030116203200090008e-01,6.592493593369410654e-01,8.154327944015112850e-01,7.709685596354887973e-04,-1.122195269955190863e-04,-1.170550121978414069e-04,-9.499697130476189133e-05
1.709991106175071138e+02,3.096922821728715779e-04,3.030109268084052454e-01,6.592486357555841225e-01,8.154322071707008623e-01,7.830010366657168697e-04,-1.141959526836995072e-04,-1.191779321265131700e-04,-9.672060687946514761e-05
1.710052367819755261e+02,3.145264103927795235e-04,3.030102210828057863e-01,6.592478990510451942e-01,8.154316092849422937e-01,7.952212404117851331e-04,-1.162070782118357917e-04,-1.213393942551501585e-04,-9.847553827752041110e-05
1.710113629464439100e+02,3.194359838839636880e-04,3.030095029289249786e-01,6.592471489852368416e-01,8.154310005509124437e-01,8.076320958116870027e-04,-1.182535099313666307e-04,-1.235400984818446136e-04,-1.002623334760965326e-04
1.710174891109123223e+02,3.244221796811284204e-04,3.030087721285882330e-01,6.592463853155795528e-01,8.154303807716427599e-01,8.202365750710722625e-04,-1.203358651403444335e-04,-1.257807579144278921e-04,-1.020815711528207044e-04
1.710236152753807062e+02,3.294861939150971783e-04,3.030080284596503581e-01,6.592456077949065962e-01,8.154297497464418898e-01,8.330376985417338020e-04,-1.224547723097648907e-04,-1.280620991580468939e-04,-1.039338409181661375e-04
1.710297414398491185e+02,3.346292393763816968e-04,3.030072716964972712e-01,6.592448161720385613e-01,8.154291072713628630e-01,8.460385285772529509e-04,-1.246108696714509710e-04,-1.303848606181285373e-04,-1.058197419400970312e-04
1.710358676043175024e+02,3.398525502732946749e-04,3.030065016090467411e-01,6.592440101906242855e-01,8.154284531382621770e-01,8.592421815259295662e-04,-1.268048080282862362e-04,-1.327497959127919575e-04,-1.077398857070647310e-04
1.710419937687859147e+02,3.451573780376883545e-04,3.030057179636162501e-01,6.592431895901420535e-01,8.154277871356122587e-01,8.726518171544479525e-04,-1.290372483104162873e-04,-1.351576709275421006e-04,-1.096948936418115482e-04
1.710481199332542985e+02,3.505449943529140777e-04,3.030049205222838382e-01,6.592423541051559699e-01,8.154271090478981687e-01,8.862706462790855694e-04,-1.313088633720611918e-04,-1.376092660027587093e-04,-1.116853988721374936e-04
1.710542460977227108e+02,3.560166915314422046e-04,3.030041090428002293e-01,6.592415034652087114e-01,8.154264186555313376e-01,9.001019317139499635e-04,-1.336203382377701063e-04,-1.401053762484202924e-04,-1.137120464847147979e-04
1.710603722621910947e+02,3.615737798827801160e-04,3.030032832791346720e-01,6.592406373954527998e-01,8.154257157353611563e-01,9.141489816347856540e-04,-1.359723685641094266e-04,-1.426468096871057363e-04,-1.157754920206844712e-04
1.710664984266595070e+02,3.672175928534381398e-04,3.030024429803864217e-01,6.592397556153815064e-01,8.154250000596457992e-01,9.284151625307093033e-04,-1.383656637004773021e-04,-1.452343909879143258e-04,-1.178764044977970545e-04
1.710726245911279193e+02,3.729494824959135807e-04,3.030015878917305949e-01,6.592388578399239751e-01,8.154242713969410694e-01,9.429038877815052464e-04,-1.408009440270219530e-04,-1.478689582435581526e-04,-1.200154638002831137e-04
1.710787507555963032e+02,3.787708227396128819e-04,3.030007177537216712e-01,6.592379437786319851e-01,8.154235295114404813e-01,9.576186258987507208e-04,-1.432789429115588833e-04,-1.505513653639738462e-04,-1.221933626155356485e-04
1.710848769200647155e+02,3.846830097986657609e-04,3.029998323021972917e-01,6.592370131355624885e-01,8.154227741628801152e-01,9.725629015492453632e-04,-1.458004069775135859e-04,-1.532824824206623917e-04,-1.244108067116431074e-04
1.710910030845330994e+02,3.906874593285343230e-04,3.029989312688740610e-01,6.592360656099683913e-01,8.154220051070995012e-01,9.877402883878920979e-04,-1.483660944282652377e-04,-1.560631936145703532e-04,-1.266685132917839691e-04
1.710971292490015117e+02,3.967856119783513260e-04,3.029980143801604964e-01,6.592351008949098867e-01,8.154212220949149659e-01,1.003154423044229880e-03,-1.509767783805621936e-04,-1.588944013619438976e-04,-1.289672142996804184e-04
1.711032554134698955e+02,4.029789284962081585e-04,3.029970813581882583e-01,6.592341186784528295e-01,8.154204248730919646e-01,1.018808992786134071e-03,-1.536332439649208811e-04,-1.617770227675497741e-04,-1.313076535645364424e-04
1.711093815779383078e+02,4.092688932624496435e-04,3.029961319200532022e-01,6.592331186427785594e-01,8.154196131836236594e-01,1.034707744419160590e-03,-1.563362904567189814e-04,-1.647119922438423500e-04,-1.336905889192240178e-04
1.711155077424066917e+02,4.156570147300802688e-04,3.029951657777103513e-01,6.592321004640554483e-01,8.154187867636266684e-01,1.050854485391032860e-03,-1.590867315676760272e-04,-1.677002618876467517e-04,-1.361167925036273750e-04
1.711216339068751040e+02,4.221448223531577945e-04,3.029941826386234327e-01,6.592310638131952949e-01,8.154179453459544646e-01,1.067253076051438796e-03,-1.618853936207669886e-04,-1.707427992565851364e-04,-1.385870489647265805e-04
1.711277600713434879e+02,4.287338725844427878e-04,3.029931822044714673e-01,6.592300083543330969e-01,8.154170886579648059e-01,1.083907444755261105e-03,-1.647331191801484939e-04,-1.738405918397084018e-04,-1.411021590716204780e-04
1.711338862358119002e+02,4.354257435879099682e-04,3.029921641722719827e-01,6.592289337461384457e-01,8.154162164225843279e-01,1.100821574540211721e-03,-1.676307638931284056e-04,-1.769946431984392048e-04,-1.436629365927980493e-04
1.711400124002802841e+02,4.422220390553647184e-04,3.029911282335549516e-01,6.592278396408425278e-01,8.154153283575177324e-01,1.117999512736455670e-03,-1.705791988107024600e-04,-1.802059758324161339e-04,-1.462702106125997824e-04
1.711461385647486964e+02,4.491243886820159531e-04,3.029900740742474952e-01,6.592267256840959044e-01,8.154144241751352107e-01,1.135445372158423770e-03,-1.735793107046263741e-04,-1.834756315915794388e-04,-1.489248258628666588e-04
1.711522647292171087e+02,4.561344448484207616e-04,3.029890013753825939e-01,6.592255915157976265e-01,8.154135035831431288e-01,1.153163322746119128e-03,-1.766320000797049589e-04,-1.868046692430116985e-04,-1.516276407542649037e-04
1.711583908936854925e+02,4.632538890989777139e-04,3.029879098116888270e-01,6.592244367684306772e-01,8.154125662832355514e-01,1.171157607873269660e-03,-1.797381851262283450e-04,-1.901941693626501542e-04,-1.543795313296817296e-04
1.711645170581539048e+02,4.704844264302788007e-04,3.029867990528153365e-01,6.592232610684974903e-01,8.154116119722581990e-01,1.189432529960778202e-03,-1.828987982807925392e-04,-1.936452301126488727e-04,-1.571813878487649842e-04
1.711706432226222887e+02,4.778277894136535907e-04,3.029856687624308820e-01,6.592220640354552463e-01,8.154106403413451387e-01,1.207992460852717930e-03,-1.861147887528888498e-04,-1.971589703770410755e-04,-1.600341173212732268e-04
1.711767693870907010e+02,4.852857387086878201e-04,3.029845185980991062e-01,6.592208452815604414e-01,8.154096510757937732e-01,1.226841843102224102e-03,-1.893871228696890406e-04,-2.007365302124885489e-04,-1.629386438695476350e-04
1.711828955515590849e+02,4.928600594790240493e-04,3.029833482120500854e-01,6.592196044127753840e-01,8.154086438557994754e-01,1.245985180945324497e-03,-1.927167819114746438e-04,-2.043790681859659637e-04,-1.658959065751825694e-04
1.711890217160274972e+02,5.005525683900544521e-04,3.029821572496441684e-01,6.592183410269478738e-01,8.154076183549803236e-01,1.265427057909089591e-03,-1.961047664147691646e-04,-2.080877667269679960e-04,-1.689068638024593286e-04
1.711951478804958811e+02,5.083651074392417368e-04,3.029809453507069095e-01,6.592170547153811677e-01,8.154065742416508611e-01,1.285172121276707000e-03,-1.995520924273633191e-04,-2.118638275070945187e-04,-1.719724894628774277e-04
1.712012740449642934e+02,5.162995484089733010e-04,3.029797121485470757e-01,6.592157450616690229e-01,8.154055111778767406e-01,1.305225093290250443e-03,-2.030597942588726831e-04,-2.157084748709746033e-04,-1.750937757854067794e-04
1.712074002094326772e+02,5.243577934210203254e-04,3.029784572698210332e-01,6.592144116415261657e-01,8.154044288193388335e-01,1.325590772537891919e-03,-2.066289248556974119e-04,-2.196229563291881681e-04,-1.782717337125403238e-04
1.712135263739010895e+02,5.325417710649562241e-04,3.029771803353736304e-01,6.592130540237797209e-01,8.154033268161369197e-01,1.346274024207515501e-03,-2.102605534440353204e-04,-2.236085396452796117e-04,-1.815073905454006207e-04
1.712196525383694734e+02,5.408534439564088468e-04,3.029758809585643697e-01,6.592116717683773608e-01,8.154022048111752019e-01,1.367279799097201277e-03,-2.139557702143156056e-04,-2.276665186916294816e-04,-1.848017946711495577e-04
1.712257787028378857e+02,5.492948020728079944e-04,3.029745587467220225e-01,6.592102644281057078e-01,8.154010624415566344e-01,1.388613116841243625e-03,-2.177156822436047891e-04,-2.317982083940116475e-04,-1.881560114780600175e-04
1.712319048673062980e+02,5.578678675628546491e-04,3.029732133000745953e-01,6.592088315473151328e-01,8.153998993375476401e-01,1.410279078004723734e-03,-2.215414164897522580e-04,-2.360049484852541765e-04,-1.915711263844910609e-04
1.712380310317746819e+02,5.665746953451478076e-04,3.029718442116022259e-01,6.592073726617344587e-01,8.153987151224313390e-01,1.432282865579825046e-03,-2.254341201989581241e-04,-2.402881040444593145e-04,-1.950482452716009556e-04
1.712441571962430942e+02,5.754173689262928864e-04,3.029704510679527840e-01,6.592058872995556484e-01,8.153975094133845136e-01,1.454629734462380706e-03,-2.293949583396223733e-04,-2.446490623097099582e-04,-1.985884919081143157e-04
1.712502833607114781e+02,5.843980085643374692e-04,3.029690334476186075e-01,6.592043749792546592e-01,8.153962818197134643e-01,1.477325031974895423e-03,-2.334251187012172807e-04,-2.490892390848436925e-04,-2.021930131192403745e-04
1.712564095251798904e+02,5.935187640705203056e-04,3.029675909225218455e-01,6.592028352114718270e-01,8.153950319443779016e-01,1.500374179755824440e-03,-2.375258074550629767e-04,-2.536100732080442065e-04,-2.058629743197049554e-04
1.712625356896482742e+02,6.027818200037216500e-04,3.029661230568478358e-01,6.592012674976153175e-01,8.153937593828602948e-01,1.523782686815947649e-03,-2.416982524131526511e-04,-2.582130306587300333e-04,-2.095995628253262313e-04
1.712686618541166865e+02,6.121893963167332996e-04,3.029646294068857326e-01,6.591996713296603971e-01,8.153924637230027805e-01,1.547556151152124082e-03,-2.459437034711633606e-04,-2.628996051470450820e-04,-2.134039883258699317e-04
1.712747880185850704e+02,6.217437438393244586e-04,3.029631095220259862e-01,6.591980461913347078e-01,8.153911445459691709e-01,1.571700248385559176e-03,-2.502634298148259553e-04,-2.676713146267149053e-04,-2.172774800690095969e-04
1.712809141830534827e+02,6.314471530949890927e-04,3.029615629427738766e-01,6.591963915557340625e-01,8.153898014243134984e-01,1.596220753915969341e-03,-2.546587254692328646e-04,-2.725297083042619011e-04,-2.212212925113994763e-04
1.712870403475218666e+02,6.413019465261566524e-04,3.029599892024768537e-01,6.591947068873811322e-01,8.153884339236481260e-01,1.621123523368913234e-03,-2.591309044664509478e-04,-2.774763605870796969e-04,-2.252367004343054147e-04
1.712931665119902789e+02,6.513104841042240438e-04,3.029583878260539431e-01,6.591929916406965573e-01,8.153870416014055156e-01,1.646414506689314544e-03,-2.636813043919853435e-04,-2.825128755763175125e-04,-2.293250025641117417e-04
1.712992926764586628e+02,6.614751640272053569e-04,3.029567583298219402e-01,6.591912452597782357e-01,8.153856240066621464e-01,1.672099749881572226e-03,-2.683112868661799801e-04,-2.876408877116734607e-04,-2.334875220885857113e-04
1.713054188409270751e+02,6.717984178410755765e-04,3.029551002225823741e-01,6.591894671797007277e-01,8.153841806811886750e-01,1.698185382743641961e-03,-2.730222345033290706e-04,-2.928620579560730079e-04,-2.377256035779158833e-04
1.713115450053954874e+02,6.822827199617267219e-04,3.029534130034576833e-01,6.591876568239044554e-01,8.153827111573387354e-01,1.724677642779935596e-03,-2.778155569503787696e-04,-2.981780814636858035e-04,-2.420406191623855944e-04
1.713176711698638712e+02,6.929305792777589205e-04,3.029516961637728767e-01,6.591858136064492335e-01,8.153812149598729242e-01,1.751582854093470653e-03,-2.826926856272137726e-04,-3.035906809586611074e-04,-2.464339631920206661e-04
1.713237973343322835e+02,7.037445452090833548e-04,3.029499491856718074e-01,6.591839369303408303e-01,8.153796916046052168e-01,1.778907442597557923e-03,-2.876550775856120306e-04,-3.091016116503686397e-04,-2.509070561943025496e-04
1.713299234988006674e+02,7.147272084599785164e-04,3.029481715419278243e-01,6.591820261872908260e-01,8.153781405982095665e-01,1.806657937891837686e-03,-2.927042160322343867e-04,-3.147126619382424779e-04,-2.554613454379606923e-04
1.713360496632690797e+02,7.258811957499304232e-04,3.029463626971278800e-01,6.591800807591361444e-01,8.153765614393688743e-01,1.834840960021224534e-03,-2.978416070190210638e-04,-3.204256492377576806e-04,-2.600983015666440547e-04
1.713421758277374636e+02,7.372091800967499678e-04,3.029445221053159720e-01,6.591781000149852243e-01,8.153749536164666134e-01,1.863463245284757664e-03,-3.030687860135025278e-04,-3.262424283686886362e-04,-2.648194253517037423e-04
1.713483019922058759e+02,7.487138717474674243e-04,3.029426492120425030e-01,6.591760833136810493e-01,8.153733166095809004e-01,1.892531623450712094e-03,-3.083873121747082030e-04,-3.321648843113615235e-04,-2.696262418537807870e-04
1.713544281566742598e+02,7.603980247210705883e-04,3.029407434528579857e-01,6.591740300019722776e-01,8.153716498890050124e-01,1.922053034173583407e-03,-3.137987725515391322e-04,-3.381949375834572102e-04,-2.745203047486189122e-04
1.713605543211426721e+02,7.722644376212858255e-04,3.029388042531059866e-01,6.591719394142492305e-01,8.153699529150351122e-01,1.952034529016239729e-03,-3.193047826507915783e-04,-3.443345450106389551e-04,-2.795031969426987591e-04
1.713666804856110559e+02,7.843159479458912181e-04,3.029368310292137600e-01,6.591698108740982054e-01,8.153682251392279090e-01,1.982483257157419219e-03,-3.249069828355724446e-04,-3.505856951601566437e-04,-2.845765268931092014e-04
1.713728066500794682e+02,7.965554431913060346e-04,3.029348231861255236e-01,6.591676436911774184e-01,8.153664660018754562e-01,2.013406493244036897e-03,-3.306070454729436218e-04,-3.569504175166571822e-04,-2.897419359880251937e-04
1.713789328145478521e+02,8.089858510582317213e-04,3.029327801195346725e-01,6.591654371639139587e-01,8.153646749341859623e-01,2.044811612798157815e-03,-3.364066687052981973e-04,-3.634307745576199010e-04,-2.950010921644726988e-04
1.713850589790162644e+02,8.216101465168588287e-04,3.029307012142432587e-01,6.591631905775012790e-01,8.153628513566664182e-01,2.076706109932916714e-03,-3.423075810172857437e-04,-3.700288676348155578e-04,-3.003556946360025608e-04
1.713911851434846767e+02,8.344313526840213720e-04,3.029285858439370593e-01,6.591609032036107596e-01,8.153609946788903384e-01,2.109097599531685897e-03,-3.483115418526134708e-04,-3.767468378167746304e-04,-3.058074745647359864e-04
1.713973113079530606e+02,8.474525346775300646e-04,3.029264333725912861e-01,6.591585743020929034e-01,8.153591043008734385e-01,2.141993801822057990e-03,-3.544203376952449074e-04,-3.835868608933716692e-04,-3.113581910385440567e-04
1.714034374724214729e+02,8.606768116072209887e-04,3.029242431516750989e-01,6.591562031175587366e-01,8.153571796103112890e-01,2.175402572430050734e-03,-3.606357898438696083e-04,-3.905511574124065637e-04,-3.170096391367122372e-04
1.714095636368898568e+02,8.741073459978317833e-04,3.029220145225833272e-01,6.591537888823303382e-01,8.153552199849659621e-01,2.209331875838014235e-03,-3.669597476352604308e-04,-3.976419840108603803e-04,-3.227636429538665794e-04
1.714156898013582691e+02,8.877473514179842675e-04,3.029197468148497330e-01,6.591513308142513683e-01,8.153532247908961139e-01,2.243789804500068066e-03,-3.733940934113000537e-04,-4.048616398478894736e-04,-3.286220607662948675e-04
1.714218159658266529e+02,9.016000934266998760e-04,3.029174393459024839e-01,6.591488281163697671e-01,8.153511933822034097e-01,2.278784581189889462e-03,-3.799407431885171269e-04,-4.122124675256533537e-04,-3.345867857652977699e-04
1.714279421302950652e+02,9.156688829366928500e-04,3.029150914225950952e-01,6.591462799788003757e-01,8.153491251025370978e-01,2.314324542352964170e-03,-3.866016423948125092e-04,-4.196968476249008794e-04,-3.406597416603119330e-04
1.714340682947634491e+02,9.299570891619011971e-04,3.029127023381626427e-01,6.591436855749838175e-01,8.153470192820739815e-01,2.350418170532840838e-03,-3.933787743242331508e-04,-4.273172096824847830e-04,-3.468428914922718062e-04
1.714401944592318614e+02,9.444681281956132613e-04,3.029102713748697551e-01,6.591410440649161373e-01,8.153448752401275534e-01,2.387074065728514091e-03,-4.002741527652705364e-04,-4.350760227088432759e-04,-3.531382300092437130e-04
1.714463206237002453e+02,9.592054712477091245e-04,3.029077978020653927e-01,6.591383545927509413e-01,8.153426922832128776e-01,2.424300966017318981e-03,-4.072898274020523321e-04,-4.429758022239742277e-04,-3.595477893112840762e-04
1.714524467881686576e+02,9.741726456659070615e-04,3.029052808759172266e-01,6.591356162864550061e-01,8.153404697047698102e-01,2.462107750083744519e-03,-4.144278845409441608e-04,-4.510191112636300226e-04,-3.660736396506605265e-04
1.714585729526370415e+02,9.893732277691561720e-04,3.029027198410780830e-01,6.591328282598446497e-01,8.153382067868087946e-01,2.500503419255150836e-03,-4.216904424732104248e-04,-4.592085544023367136e-04,-3.727178846265505091e-04
1.714646991171054538e+02,1.004810856827063371e-03,3.029001139273724830e-01,6.591299896084935606e-01,8.153359027966076145e-01,2.539497132482681011e-03,-4.290796606680100079e-04,-4.675467897590467872e-04,-3.794826708141871806e-04
1.714708252815738661e+02,1.020489222726478828e-03,3.028974623526804466e-01,6.591270994132650829e-01,8.153335569895650004e-01,2.579098175435402471e-03,-4.365977317546443403e-04,-4.760365186251894459e-04,-3.863701794329051954e-04
1.714769514460422499e+02,1.036412074864909421e-03,3.028947643208191876e-01,6.591241567376904253e-01,8.153311686070854325e-01,2.619315982746494090e-03,-4.442468873947852327e-04,-4.846804931594883722e-04,-3.933826325130170150e-04
1.714830776105106622e+02,1.052583223252261026e-03,3.028920190212547325e-01,6.591211606275915180e-01,8.153287368762761611e-01,2.660160140736280657e-03,-4.520293990707393498e-04,-4.934815174874134219e-04,-4.005222937687419695e-04
1.714892037749790461e+02,1.069006530772441572e-03,3.028892256309159148e-01,6.591181101133077869e-01,8.153262610117462117e-01,2.701640368029570305e-03,-4.599475730420939123e-04,-5.024424411637926427e-04,-4.077914633472018739e-04
1.714953299394474584e+02,1.085685928275913897e-03,3.028863833105883696e-01,6.591150042052212887e-01,8.153237402119966060e-01,2.743766553287112220e-03,-4.680037603394290977e-04,-5.115661723019249802e-04,-4.151924883472807369e-04
1.715014561039158423e+02,1.102625401262770062e-03,3.028834912080533570e-01,6.591118418976199544e-01,8.153211736625394224e-01,2.786548721861782391e-03,-4.762003480454108251e-04,-5.208556662295951191e-04,-4.227277537156611388e-04
1.715075822683842546e+02,1.119828999483912313e-03,3.028805484557822725e-01,6.591086221658295496e-01,8.153185605335850905e-01,2.829997059792262182e-03,-4.845397656779047908e-04,-5.303139339036793548e-04,-4.303996889829443022e-04
1.715137084328526385e+02,1.137300838129462694e-03,3.028775541706232866e-01,6.591053439658013380e-01,8.153158999797120998e-01,2.874121916734300765e-03,-4.930244860447993531e-04,-5.399440431112061123e-04,-4.382107692155591625e-04
1.715198345973210508e+02,1.155045089473468508e-03,3.028745074557766537e-01,6.591020062365486876e-01,8.153131911418347588e-01,2.918933785050378295e-03,-5.016570197600611798e-04,-5.497491113196696123e-04,-4.461635092786345809e-04
1.715259607617894346e+02,1.173065999167008508e-03,3.028714073968685749e-01,6.590986078952509875e-01,8.153104331432541318e-01,2.964443340501625793e-03,-5.104399261056820607e-04,-5.597323200334590031e-04,-4.542604753247651210e-04
1.715320869262578469e+02,1.191367871860260453e-03,3.028682530653696303e-01,6.590951478414807108e-01,8.153076250930715307e-01,3.010661406278620968e-03,-5.193758035520946352e-04,-5.698969023875847606e-04,-4.625042748480003452e-04
1.715382130907262308e+02,1.209955081566960406e-03,3.028650435160849530e-01,6.590916249540653693e-01,8.153047660836585386e-01,3.057598978875604185e-03,-5.284672966950477828e-04,-5.802461523484780991e-04,-4.708975640405333157e-04
1.715443392551946431e+02,1.228832072946114875e-03,3.028617777868132799e-01,6.590880380906378733e-01,8.153018551902965205e-01,3.105267231244820698e-03,-5.377170971823336341e-04,-5.907834260260960181e-04,-4.794430488303900052e-04
1.715504654196630554e+02,1.248003352281216267e-03,3.028584549004981197e-01,6.590843860903008444e-01,8.152988914733279024e-01,3.153677490241273921e-03,-5.471279377519010960e-04,-6.015121338549212979e-04,-4.881434786140490738e-04
1.715565915841314393e+02,1.267473505068002692e-03,3.028550738609541715e-01,6.590806677682707893e-01,8.152958739738402905e-01,3.202841280499941958e-03,-5.567026040348272125e-04,-6.124357562910091347e-04,-4.970016588025076175e-04
1.715627177485998516e+02,1.287247180492053639e-03,3.028516336565887923e-01,6.590768819205035101e-01,8.152928017173971531e-01,3.252770285640148567e-03,-5.664439242507246985e-04,-6.235578302450320732e-04,-5.060204399569567541e-04
1.715688439130682355e+02,1.307329102616274505e-03,3.028481332576706819e-01,6.590730273202610734e-01,8.152896737112730330e-01,3.303476376162774609e-03,-5.763547767447544041e-04,-6.348819591419702828e-04,-5.152027258215565895e-04
1.715749700775366478e+02,1.327724071763010426e-03,3.028445716159591239e-01,6.590691027176190930e-01,8.152864889440595286e-01,3.354971612843417501e-03,-5.864380909918576017e-04,-6.464118143537851994e-04,-5.245514744546118284e-04
1.715810962420050316e+02,1.348436954775460031e-03,3.028409476670458900e-01,6.590651068423826198e-01,8.152832463880179681e-01,3.407268222406525677e-03,-5.966968411165896480e-04,-6.581511266494698229e-04,-5.340696913827866054e-04
1.715872224064734439e+02,1.369472704001305436e-03,3.028372603257045714e-01,6.590610383982274945e-01,8.152799449943606280e-01,3.460378644828507495e-03,-6.071340587156292060e-04,-6.701037033560997263e-04,-5.437604432992410768e-04
1.715933485709418278e+02,1.390836340536009876e-03,3.028335084899411167e-01,6.590568960677595234e-01,8.152765836973302482e-01,3.514315491500267195e-03,-6.177528216587559575e-04,-6.822734135238687440e-04,-5.536268461980915117e-04
1.715994747354102401e+02,1.412532966297586632e-03,3.028296910380220419e-01,6.590526785087602590e-01,8.152731614111777825e-01,3.569091575299804687e-03,-6.285562622759013592e-04,-6.946641989234753501e-04,-5.636720741440231488e-04
1.716056008998786240e+02,1.434567765516696130e-03,3.028258068280715865e-01,6.590483843536474318e-01,8.152696770297328532e-01,3.624719914240744079e-03,-6.395475684448947463e-04,-7.072800756104008794e-04,-5.738993605045004942e-04
1.716117270643470363e+02,1.456945994223962561e-03,3.028218547006203965e-01,6.590440122126656197e-01,8.152661294289740290e-01,3.681213705241249533e-03,-6.507299765495026768e-04,-7.201251245764130494e-04,-5.843119904737310378e-04
1.716178532288154202e+02,1.479673000738334666e-03,3.028178334735456279e-01,6.590395606674770423e-01,8.152625174618729487e-01,3.738586375110235747e-03,-6.621067854060460603e-04,-7.332035105088585821e-04,-5.949133160256297927e-04
1.716239793932838325e+02,1.502754207579406380e-03,3.028137419464790869e-01,6.590350282766971324e-01,8.152588399628536431e-01,3.796851535437411815e-03,-6.736813440950087557e-04,-7.465194655709526256e-04,-6.057067429570578724e-04
1.716301055577522447e+02,1.526195124498555501e-03,3.028095788975740943e-01,6.590304135717864886e-01,8.152550957444889557e-01,3.856023015004092676e-03,-6.854570608519145380e-04,-7.600773014227538973e-04,-6.166957404598166206e-04
1.716362317222206286e+02,1.550001350085139116e-03,3.028053430830677240e-01,6.590257150564623467e-01,8.152512835970313620e-01,3.916114863704566254e-03,-6.974374042449472738e-04,-7.738814109286879135e-04,-6.278838424625265849e-04
1.716423578866890409e+02,1.574178560419159942e-03,3.028010332400548621e-01,6.590209312101886763e-01,8.152474022912239437e-01,3.977141324265728861e-03,-7.096258955243026859e-04,-7.879362579370214996e-04,-6.392746394676534225e-04
1.716484840511574248e+02,1.598732531181320344e-03,3.027966480809831662e-01,6.590160604811658995e-01,8.152434505726647851e-01,4.039116887191020015e-03,-7.220261237438424995e-04,-8.022463977836099278e-04,-6.508717948708794268e-04
1.716546102156258371e+02,1.623669118130425257e-03,3.027921862984500057e-01,6.590111012923854927e-01,8.152394271666808523e-01,4.102056242131303480e-03,-7.346417325426855436e-04,-8.168164595600379673e-04,-6.626790308153963525e-04
1.716607363800942210e+02,1.648994271165104024e-03,3.027876465616856638e-01,6.590060520371379127e-01,8.152353307747191025e-01,4.165974312807652416e-03,-7.474764297976457805e-04,-8.316511592518552841e-04,-6.747001386371834133e-04
1.716668625445626333e+02,1.674714036054778627e-03,3.027830275160776075e-01,6.590009110783686674e-01,8.152311600738338937e-01,4.230886261223900692e-03,-7.605339888975750241e-04,-8.467553016018009677e-04,-6.869389803260131854e-04
1.716729887090310172e+02,1.700834542192546962e-03,3.027783277861892386e-01,6.589956767524962622e-01,8.152269137197589721e-01,4.296807457182935316e-03,-7.738182404334077854e-04,-8.621337689372432587e-04,-6.993994796140168670e-04
1.716791148734994295e+02,1.727362026452608848e-03,3.027735459697719067e-01,6.589903473617446661e-01,8.152225903407496199e-01,4.363753537481352557e-03,-7.873330886127253170e-04,-8.777915435774230352e-04,-7.120856397820981730e-04
1.716852410379678133e+02,1.754302812120967382e-03,3.027686806429841226e-01,6.589849211807665696e-01,8.152181885429100605e-01,4.431740353497478670e-03,-8.010824969043335965e-04,-8.937336884508978148e-04,-7.250015282194457967e-04
1.716913672024362256e+02,1.781663324067469644e-03,3.027637303565665627e-01,6.589793964517302038e-01,8.152137069062497243e-01,4.500784008811453164e-03,-8.150704985144391346e-04,-9.099653614526428741e-04,-7.381512878190911930e-04
1.716974933669046095e+02,1.809450090610783190e-03,3.027586936353255376e-01,6.589737713836154587e-01,8.152091439841238074e-01,4.570900863728093524e-03,-8.293011977648213993e-04,-9.264918174766337928e-04,-7.515391385676822465e-04
1.717036195313730218e+02,1.837669730301487361e-03,3.027535689814173647e-01,6.589680441563902091e-01,8.152044983065903638e-01,4.642107502425329990e-03,-8.437787610692398538e-04,-9.433183962040009871e-04,-7.651693678192634422e-04
1.717097456958414341e+02,1.866328977661814784e-03,3.027483548678362446e-01,6.589622129126248007e-01,8.151997683736839084e-01,4.714420796711672745e-03,-8.585074347458198545e-04,-9.604505465869720348e-04,-7.790463497191192589e-04
1.717158718603098180e+02,1.895434660449537385e-03,3.027430497440918300e-01,6.589562757647364766e-01,8.151949526612354280e-01,4.787857849549942944e-03,-8.734915294311995128e-04,-9.778938056643835929e-04,-7.931745283538583916e-04
1.717219980247782303e+02,1.924993716025881875e-03,3.027376520320500530e-01,6.589502307896161204e-01,8.151900496165648269e-01,4.862436035571842709e-03,-8.887354314470430035e-04,-9.956538142483835514e-04,-8.075584301805486219e-04
1.717281241892466142e+02,1.955013193364380734e-03,3.027321601253725181e-01,6.589440760278593157e-01,8.151850576578705265e-01,4.938173005931156302e-03,-9.042436042896454451e-04,-1.013736319141064594e-03,-8.222026657555604485e-04
1.717342503537150264e+02,1.985500238788954173e-03,3.027265723930888108e-01,6.589378094883340253e-01,8.151799751778981973e-01,5.015086652908778454e-03,-9.200205788341646448e-04,-1.032147159788523528e-03,-8.371119191215497862e-04
1.717403765181834103e+02,2.016462123740758207e-03,3.027208871725164951e-01,6.589314291390111489e-01,8.151748005365918592e-01,5.093195178565002208e-03,-9.360709726574540377e-04,-1.050892295029161360e-03,-8.522909689901381420e-04
1.717465026826518226e+02,2.047906220246243063e-03,3.027151027754356183e-01,6.589249329148866297e-01,8.151695320674546830e-01,5.172517033898827062e-03,-9.523994731213067128e-04,-1.069977779943478242e-03,-8.677446703580646769e-04
1.717526288471202065e+02,2.079840018572733963e-03,3.027092174835667171e-01,6.589183187121064877e-01,8.151641680728423101e-01,5.253070962466695193e-03,-9.690108497007213174e-04,-1.089409782990253747e-03,-8.834779680596733555e-04
1.717587550115886188e+02,2.112271129391656444e-03,3.027032295479635260e-01,6.589115843871273803e-01,8.151587068232978295e-01,5.334876005586827556e-03,-9.859099555929022075e-04,-1.109194588423019706e-03,-8.994958986464466916e-04
1.717648811760570027e+02,2.145207268390807512e-03,3.026971371928973698e-01,6.589047277617111620e-01,8.151531465615604599e-01,5.417951464213668217e-03,-1.003101717086463292e-03,-1.129338581706979374e-03,-9.158035788088983529e-04
1.717710073405254150e+02,2.178656286223606183e-03,3.026909386081608755e-01,6.588977466128981275e-01,8.151474854945386372e-01,5.502316972837704642e-03,-1.020591154515337971e-03,-1.149848278735676656e-03,-9.324062284705932372e-04
1.717771335049937989e+02,2.212626142042843289e-03,3.026846319557819354e-01,6.588906386816723026e-01,8.151417218002586784e-01,5.587992433960776127e-03,-1.038383363903249909e-03,-1.170730300536542952e-03,-9.493091507359707575e-04
1.717832596694622111e+02,2.247124922542294376e-03,3.026782153651093599e-01,6.588834016665370275e-01,8.151358536227254481e-01,5.674998065041457138e-03,-1.056483530330144804e-03,-1.191991391987005022e-03,-9.665177466633051483e-04
1.717893858339306234e+02,2.282160844285491437e-03,3.026716869321532388e-01,6.588760332225971350e-01,8.151298790711967168e-01,5.763354404071962568e-03,-1.074896929668945440e-03,-1.213638424447719116e-03,-9.840375173067043065e-04
1.717955119983990073e+02,2.317742237105461806e-03,3.026650447238093955e-01,6.588685309670218038e-01,8.151237962245624358e-01,5.853082268522906938e-03,-1.093628917052365170e-03,-1.235678379830288135e-03,-1.001874051088686487e-03
1.718016381628674196e+02,2.353877576402823354e-03,3.026582867694943557e-01,6.588608924680826595e-01,8.151176031225791929e-01,5.944202834864601923e-03,-1.112684949586729413e-03,-1.258118382503640000e-03,-1.020033048969969623e-03
1.718077643273358035e+02,2.390575454596596296e-03,3.026514110684449532e-01,6.588531152546274194e-01,8.151112977734601417e-01,6.036737568018470286e-03,-1.132070566442160532e-03,-1.280965671661478617e-03,-1.038520302583707247e-03
1.718138904918042158e+02,2.427844601657273664e-03,3.026444155843779349e-01,6.588451968090576205e-01,8.151048781482636008e-01,6.130708271864808781e-03,-1.151791403338808415e-03,-1.304227621759606291e-03,-1.057341710333433403e-03
1.718200166562725997e+02,2.465693887612986721e-03,3.026372982447749771e-01,6.588371345663259770e-01,8.150983421801022422e-01,6.226137095214303967e-03,-1.171853194420041742e-03,-1.327911745384194667e-03,-1.076503279610340228e-03
1.718261428207410120e+02,2.504132304643664521e-03,3.026300569454746792e-01,6.588289259199104908e-01,8.150916877689258211e-01,6.323046487611465663e-03,-1.192261759744687967e-03,-1.352025675848610338e-03,-1.096011113025395717e-03
1.718322689852093959e+02,2.543169001906214408e-03,3.026226895415835560e-01,6.588205682098288163e-01,8.150849127719508314e-01,6.421459284873119906e-03,-1.213023029898371678e-03,-1.376577202029283633e-03,-1.115871435832069703e-03
1.718383951496778081e+02,2.582813254743055419e-03,3.026151938554110798e-01,6.588120587329991951e-01,8.150780150119506517e-01,6.521398633155113707e-03,-1.234143024405693874e-03,-1.401574238184770133e-03,-1.136090572090068000e-03
1.718445213141461920e+02,2.623074486819495718e-03,3.026075676706668216e-01,6.588033947355621534e-01,8.150709922711284472e-01,6.622888043271686100e-03,-1.255627867423327005e-03,-1.427024846267406022e-03,-1.156674962201066983e-03
1.718506474786146043e+02,2.663962272819770868e-03,3.025998087316858487e-01,6.587945734117878205e-01,8.150638422902556357e-01,6.725951397083909135e-03,-1.277483789758664112e-03,-1.452937239045916373e-03,-1.177631165314520049e-03
1.718567736430829882e+02,2.705486319135969389e-03,3.025919147484202321e-01,6.587855919106048175e-01,8.150565627738952657e-01,6.830612899937461152e-03,-1.299717115310287073e-03,-1.479319761099574630e-03,-1.198965844321030812e-03
1.718628998075514005e+02,2.747656501410947714e-03,3.025838833865650557e-01,6.587764473225021788e-01,8.150491513799559273e-01,6.936897172635995805e-03,-1.322334287723389915e-03,-1.506180926843073836e-03,-1.220685795718780796e-03
1.718690259720198128e+02,2.790482831333902704e-03,3.025757122761817408e-01,6.587671366908547377e-01,8.150416057287419580e-01,7.044829169740901738e-03,-1.345341846991774575e-03,-1.533529387569073027e-03,-1.242797923637577358e-03
1.718751521364881967e+02,2.833975480502691751e-03,3.025673990053951434e-01,6.587576570035315049e-01,8.150339233962673458e-01,7.154434237965002184e-03,-1.368746446450451806e-03,-1.561373955799883482e-03,-1.265309258933304320e-03
1.718812783009566090e+02,2.878144783322988086e-03,3.025589411195548917e-01,6.587480051917025126e-01,8.150261019133173690e-01,7.265738123000545397e-03,-1.392554854949062991e-03,-1.589723608685256195e-03,-1.288226961796704517e-03
1.718874044654249928e+02,2.923001216185165414e-03,3.025503361266592695e-01,6.587381781369771039e-01,8.150181387711515901e-01,7.378766918353706593e-03,-1.416773942158122213e-03,-1.618587467250723897e-03,-1.311558305401850071e-03
1.718935306298934051e+02,2.968555437928795549e-03,3.025415814866311282e-01,6.587281726570886065e-01,8.150100314101023091e-01,7.493547164192856068e-03,-1.441410707424362969e-03,-1.647974837892267688e-03,-1.335310708421083873e-03
1.718996567943617890e+02,3.014818254042489140e-03,3.025326746206880579e-01,6.587179855182733190e-01,8.150017772294567697e-01,7.610105759477005412e-03,-1.466472254421534102e-03,-1.677895176395241940e-03,-1.359491706727310569e-03
1.719057829588302013e+02,3.061800642380070082e-03,3.025236129044973632e-01,6.587076134261021787e-01,8.149933735801597745e-01,7.728470024700275116e-03,-1.491965809540862341e-03,-1.708358114505077394e-03,-1.384108974177216105e-03
1.719119091232985852e+02,3.109513756276780297e-03,3.025143936672683997e-01,6.586970530241762489e-01,8.149848177637925017e-01,7.848667709181932073e-03,-1.517898724228810984e-03,-1.739373463622361426e-03,-1.409170325437753522e-03
1.719180352877669975e+02,3.157968902099853297e-03,3.025050141976451945e-01,6.586863009019314763e-01,8.149761070387981921e-01,7.970726936046753155e-03,-1.544278459071254592e-03,-1.770951192150564766e-03,-1.434683698175705365e-03
1.719241614522353814e+02,3.207177582852209496e-03,3.024954717320626485e-01,6.586753535789939829e-01,8.149672386080414332e-01,8.094676308410035659e-03,-1.571112615013923628e-03,-1.803101470763625661e-03,-1.460657188440901309e-03
1.719302876167037937e+02,3.257151459581116883e-03,3.024857634649246174e-01,6.586642075187116863e-01,8.149582096295950873e-01,8.220544814908317677e-03,-1.598408905911918344e-03,-1.835834633133853668e-03,-1.487099019850781365e-03
1.719364137811721776e+02,3.307902379085788953e-03,3.024758865411737996e-01,6.586528591181355363e-01,8.149490172087787698e-01,8.348361897084407082e-03,-1.626175178422259709e-03,-1.869161204914758815e-03,-1.514017566201592002e-03
1.719425399456405898e+02,3.359442377265256172e-03,3.024658380553084114e-01,6.586413047065967641e-01,8.149396583970472951e-01,8.478157457161588154e-03,-1.654419414515636297e-03,-1.903091907757176269e-03,-1.541421354528331672e-03
1.719486661101089737e+02,3.411783654920453636e-03,3.024556150577835112e-01,6.586295405542366144e-01,8.149301301987865731e-01,8.609961798905468866e-03,-1.683149714245047108e-03,-1.937637634588624787e-03,-1.569319045712729184e-03
1.719547922745773860e+02,3.464938624729224821e-03,3.024452145423717764e-01,6.586175628549132410e-01,8.149204295577407997e-01,8.743805741629195882e-03,-1.712374329506127692e-03,-1.972809498980804873e-03,-1.597719472969942123e-03
1.719609184390457983e+02,3.518919869654974029e-03,3.024346334572167727e-01,6.586053677409907658e-01,8.149105533687860392e-01,8.879720518677773275e-03,-1.742101634325941839e-03,-2.008618792297452681e-03,-1.626631608304986588e-03
1.719670446035141822e+02,3.573740172792260264e-03,3.024238686967688494e-01,6.585929512723922574e-01,8.149004984692455045e-01,9.017737849756301410e-03,-1.772340146367658298e-03,-2.045077015297686474e-03,-1.656064587101001555e-03
1.719731707679825945e+02,3.629412520961687681e-03,3.024129171007228223e-01,6.585803094350499709e-01,8.148902616376800800e-01,9.157889949209860672e-03,-1.803098529625969757e-03,-2.082195882497702311e-03,-1.686027711428740236e-03
1.719792969324509784e+02,3.685950078633013632e-03,3.024017754609678033e-01,6.585674381502246710e-01,8.148798396013045009e-01,9.300209462489049048e-03,-1.834385575781107914e-03,-2.119987295200935571e-03,-1.716530428941620253e-03
1.719854230969193907e+02,3.743366238518686280e-03,3.023904405078728375e-01,6.585543332558350116e-01,8.148692290211855260e-01,9.444729588479423843e-03,-1.866210240683288061e-03,-2.158463395317732764e-03,-1.747582374716894361e-03
1.719915492613877745e+02,3.801674576759580312e-03,3.023789089222869708e-01,6.585409905226157212e-01,8.148584265050862196e-01,9.591483970468729289e-03,-1.898581612211820832e-03,-2.197636518620778474e-03,-1.779193334758748376e-03
1.719976754258561868e+02,3.860888885064623407e-03,3.023671773267909146e-01,6.585274056421623889e-01,8.148474285979973031e-01,9.740506773733394533e-03,-1.931508933507783193e-03,-2.237519229193274915e-03,-1.811373272722403274e-03
1.720038015903245707e+02,3.921023174568731909e-03,3.023552422845478538e-01,6.585135742252389290e-01,8.148362317808215405e-01,9.891832694344316126e-03,-1.965001605862726815e-03,-2.278124324162215594e-03,-1.844132333490109939e-03
1.720099277547929830e+02,3.982091647737663956e-03,3.023431003068487999e-01,6.584994918119637664e-01,8.148248324784638230e-01,1.004549689094505309e-02,-1.999069168553150189e-03,-2.319464804284094867e-03,-1.877480820212227945e-03
1.720160539192613669e+02,4.044108752843092805e-03,3.023307478382358804e-01,6.584851538514144842e-01,8.148132270436945213e-01,1.020153511592882152e-02,-2.033721338242657894e-03,-2.361553932595352682e-03,-1.911429239770866869e-03
1.720221800837297792e+02,4.107089135687810345e-03,3.023181812695261983e-01,6.584705557192839231e-01,8.148014117711585014e-01,1.035998359839660800e-02,-2.068967974232911039e-03,-2.404405183438904341e-03,-1.945988263088301419e-03
1.720283062481981631e+02,4.171047674205169767e-03,3.023053969283242548e-01,6.584556927048219599e-01,8.147893828870533817e-01,1.052087912732808939e-02,-2.104819103545753096e-03,-2.448032279997661934e-03,-1.981168754156377269e-03
1.720344324126665754e+02,4.235999482596738454e-03,3.022923910777811640e-01,6.584405600089919819e-01,8.147771365477003425e-01,1.068425906093182012e-02,-2.141284924014632846e-03,-2.492449199427003870e-03,-2.016981773896033350e-03
1.720405585771349877e+02,4.301959881070491036e-03,3.022791599247819372e-01,6.584251527555988748e-01,8.147646688483684008e-01,1.085016125343238325e-02,-2.178375782488758440e-03,-2.537670140785580359e-03,-2.053438555193855611e-03
1.720466847416033715e+02,4.368944454476757916e-03,3.022656996038152744e-01,6.584094659690178375e-01,8.147519758056841477e-01,1.101862419563548294e-02,-2.216102217355723006e-03,-2.583709588922561765e-03,-2.090550552273146966e-03
1.720528109060717838e+02,4.436969000319809960e-03,3.022520061911033173e-01,6.583934945934802885e-01,8.147390533729110818e-01,1.118968688936440581e-02,-2.254474920996150673e-03,-2.630582258913141593e-03,-2.128329397549998982e-03
1.720589370705401677e+02,4.506049565993126317e-03,3.022380756943167657e-01,6.583772334788163816e-01,8.147258974286992750e-01,1.136338893655161088e-02,-2.293504766842250752e-03,-2.678303136935620329e-03,-2.166786933147663279e-03
1.720650632350085800e+02,4.576202453213948709e-03,3.022239040512354480e-01,6.583606773784480559e-01,8.147125037755346133e-01,1.153977054914912675e-02,-2.333202812680865244e-03,-2.726887485831289582e-03,-2.205935215057360822e-03
1.720711893994769639e+02,4.647444185436901652e-03,3.022094871386299952e-01,6.583438209615413150e-01,8.146988681493593232e-01,1.171887247060914190e-02,-2.373580277110880817e-03,-2.776350810154116448e-03,-2.245786486009641435e-03
1.720773155639453762e+02,4.719791570946934786e-03,3.021948207547784926e-01,6.583266587886945631e-01,8.146849862004069687e-01,1.190073612639211929e-02,-2.414648585397439866e-03,-2.826708925729754397e-03,-2.286353229054716250e-03
1.720834417284137601e+02,4.793261646888285175e-03,3.021799006347921090e-01,6.583091853329994247e-01,8.146708535098583503e-01,1.208540348935046096e-02,-2.456419328932932158e-03,-2.877977899110773993e-03,-2.327648120692083801e-03
1.720895678928821724e+02,4.867871719321875679e-03,3.021647224394685138e-01,6.582913949644789708e-01,8.146564655775871966e-01,1.227291717508465982e-02,-2.498904294403941038e-03,-2.930174092073318821e-03,-2.369684065060010270e-03
1.720956940573505562e+02,4.943639367974522920e-03,3.021492817538488640e-01,6.582732819479010233e-01,8.146418178204747340e-01,1.246332045242661002e-02,-2.542115467314090375e-03,-2.983314167633609616e-03,-2.412474198415443753e-03
1.721018202218189685e+02,5.020582411160158867e-03,3.021335740968482675e-01,6.582548404560503164e-01,8.146269055828988526e-01,1.265665715928720146e-02,-2.586065006572716568e-03,-3.037415051973967571e-03,-2.456031859669206494e-03
1.721079463862873524e+02,5.098718973643068426e-03,3.021175949023147678e-01,6.582360645431913904e-01,8.146117241158578048e-01,1.285297186367322618e-02,-2.630765293899569798e-03,-3.092494010137752936e-03,-2.500370648494859831e-03
1.721140725507557647e+02,5.178067426398724228e-03,3.021013395356437758e-01,6.582169481680677503e-01,8.145962685951233517e-01,1.305230971947054890e-02,-2.676228890085822435e-03,-3.148568580087034424e-03,-2.545504374440444445e-03
1.721201987152241770e+02,5.258646429690242222e-03,3.020848032817063378e-01,6.581974851769165635e-01,8.145805341078948825e-01,1.325471656841424768e-02,-2.722468566405742644e-03,-3.205656621113269628e-03,-2.591447093993839382e-03
1.721263248796925609e+02,5.340474938150279252e-03,3.020679813432921579e-01,6.581776693010896739e-01,8.145645156509729867e-01,1.346023895115286938e-02,-2.769497308366583241e-03,-3.263776320340454600e-03,-2.638213115399486771e-03
1.721324510441609732e+02,5.423572163031906319e-03,3.020508688515508577e-01,6.581574941715447880e-01,8.145482081421878684e-01,1.366892401712761253e-02,-2.817328288301266560e-03,-3.322946151267405952e-03,-2.685816966675939541e-03
1.721385772086293571e+02,5.507957645172923723e-03,3.020334608454790515e-01,6.581369532898894148e-01,8.145316063976699716e-01,1.388081969666991183e-02,-2.865974918549028371e-03,-3.383184956093064546e-03,-2.734273458589684628e-03
1.721447033730977694e+02,5.593651190186026481e-03,3.020157522899267755e-01,6.581160400534858956e-01,8.145147051516277159e-01,1.409597454662284144e-02,-2.915450804301782280e-03,-3.444511873930301751e-03,-2.783597629440138100e-03
1.721508295375661532e+02,5.680672914761950541e-03,3.019977380625274987e-01,6.580947477369221144e-01,8.144974990418192284e-01,1.431443785927675148e-02,-2.965769777400558468e-03,-3.506946393443607923e-03,-2.833804785212001420e-03
1.721569557020345655e+02,5.769043252102362164e-03,3.019794129520225190e-01,6.580730694894242339e-01,8.144799826075727056e-01,1.453625967401705327e-02,-3.016945900318231035e-03,-3.570508359869356985e-03,-2.884910504746103933e-03
1.721630818665029494e+02,5.858782911311995363e-03,3.019607716695739130e-01,6.580509983506731553e-01,8.144621503022357878e-01,1.476149068089252156e-02,-3.068993436624234059e-03,-3.635217929896421198e-03,-2.936930605047530663e-03
1.721692080309713617e+02,5.949912955812292070e-03,3.019418088265622968e-01,6.580285272192184509e-01,8.144439964684389022e-01,1.499018240436525949e-02,-3.121926908171614428e-03,-3.701095661146821918e-03,-2.989881209476963776e-03
1.721753341954397456e+02,6.042454733641120131e-03,3.019225189540922227e-01,6.580056488798777803e-01,8.144255153596330343e-01,1.522238703819985862e-02,-3.175761044306723256e-03,-3.768162434069280767e-03,-3.043778687883036578e-03
1.721814603599081579e+02,6.136429927200931153e-03,3.019028964888492150e-01,6.579823559835276114e-01,8.144067011242830390e-01,1.545815756171406430e-02,-3.230510818193045239e-03,-3.836439509135730619e-03,-3.098639700062849091e-03
1.721875865243765418e+02,6.231860559060949968e-03,3.018829357712977113e-01,6.579586410442900268e-01,8.143875478037233551e-01,1.569754775200551955e-02,-3.286191451030748278e-03,-3.905948534409014669e-03,-3.154481201303285885e-03
1.721937126888449541e+02,6.328768948291564438e-03,3.018626310579340388e-01,6.579344964567934717e-01,8.143680493457140512e-01,1.594061208086239648e-02,-3.342818380257244534e-03,-3.976711496465875316e-03,-3.211320404777470803e-03
1.721998388533133664e+02,6.427177794693023256e-03,3.018419764972673502e-01,6.579099144617284178e-01,8.143481995775309068e-01,1.618740591073017029e-02,-3.400407320974291239e-03,-4.048750817588051346e-03,-3.269174855322069806e-03
1.722059650177817502e+02,6.527110103867402556e-03,3.018209661509394515e-01,6.578848871757413397e-01,8.143279922294122120e-01,1.643798531829370260e-02,-3.458974211292817520e-03,-4.122089270828781064e-03,-3.328062364574247648e-03
1.722120911822501625e+02,6.628589240640544653e-03,3.017995939784295922e-01,6.578594065694015613e-01,8.143074209173687406e-01,1.669240721838517391e-02,-3.518535251327884437e-03,-4.196750042118414618e-03,-3.388001057970111644e-03
1.722182173467185464e+02,6.731638935251779525e-03,3.017778538351179041e-01,6.578334644641448126e-01,8.142864791408612746e-01,1.695072937677685396e-02,-3.579106907656849287e-03,-4.272756738409377864e-03,-3.449009380672292142e-03
1.722243435111869587e+02,6.836283236420813772e-03,3.017557394855503450e-01,6.578070525511038324e-01,8.142651602975582437e-01,1.721301030008619976e-02,-3.640705879116227454e-03,-4.350133334327133637e-03,-3.511106056842239198e-03
1.722304696756553426e+02,6.942546601774278806e-03,3.017332445774695837e-01,6.577801623535608488e-01,8.142434576540739100e-01,1.747930944450731480e-02,-3.703349162703116048e-03,-4.428904277656272974e-03,-3.574310169386119094e-03
1.722365958401237549e+02,7.050453817335078886e-03,3.017103626646705505e-01,6.577527852595537183e-01,8.142213643714841798e-01,1.774968702751313077e-02,-3.767053994822353209e-03,-4.509094397042577584e-03,-3.638641089737109854e-03
1.722427220045921388e+02,7.160030054857143521e-03,3.016870871904693274e-01,6.577249124978624684e-01,8.141988734866388855e-01,1.802420415974979526e-02,-3.831837893095994124e-03,-4.590728969375958493e-03,-3.704118528630255622e-03
1.722488481690605511e+02,7.271300878420402028e-03,3.016634114856250326e-01,6.576965351346917288e-01,8.141759779096521266e-01,1.830292285837150507e-02,-3.897718661058805021e-03,-4.673833728541251266e-03,-3.770762542430031432e-03
1.722549743335289349e+02,7.384292194009762882e-03,3.016393287826918401e-01,6.576676440942075264e-01,8.141526704399578707e-01,1.858590592959605270e-02,-3.964714351409831181e-03,-4.758434807464279222e-03,-3.838593489056657971e-03
1.722611004979973472e+02,7.499030346538697323e-03,3.016148321879599248e-01,6.576382301176221246e-01,8.141289437345097246e-01,1.887321719072065918e-02,-4.032843336619760209e-03,-4.844558852505739290e-03,-3.907632114095201462e-03
1.722672266624657311e+02,7.615542033383735331e-03,3.015899147061750774e-01,6.576082837987472507e-01,8.141047903355324022e-01,1.916492126938170240e-02,-4.102124245845324528e-03,-4.932232923231106951e-03,-3.977899474849051591e-03
1.722733528269341434e+02,7.733854365880748517e-03,3.015645692226844865e-01,6.575777955578328005e-01,8.140802026502205191e-01,1.946108374374375810e-02,-4.172576009693949525e-03,-5.021484565455776490e-03,-4.049416995136510648e-03
1.722794789914025557e+02,7.853994876342128631e-03,3.015387885012084657e-01,6.575467556379693823e-01,8.140551729480262066e-01,1.976177115633988290e-02,-4.244217865151728684e-03,-5.112341820628283490e-03,-4.122206472029729327e-03
1.722856051558709396e+02,7.975991463916854568e-03,3.015125651993609823e-01,6.575151541274762979e-01,8.140296933781211441e-01,2.006705088894185363e-02,-4.317069316147234895e-03,-5.204833162920600477e-03,-4.196290028203958355e-03
1.722917313203393519e+02,8.099872498625699038e-03,3.014858918383518382e-01,6.574829809153386329e-01,8.140037559348545226e-01,2.037699139833891795e-02,-4.391150209090120132e-03,-5.298987623168322295e-03,-4.271690204815201120e-03
1.722978574848077358e+02,8.225666728551777468e-03,3.014587608297080723e-01,6.574502257299573715e-01,8.139773524879243549e-01,2.069166200261245842e-02,-4.466480665217912975e-03,-5.394834680111298270e-03,-4.348429879436358815e-03
1.723039836492761481e+02,8.353403345755882822e-03,3.014311644560022652e-01,6.574168781106619619e-01,8.139504747603325541e-01,2.101113302989778692e-02,-4.543081128451240125e-03,-5.492404339501165238e-03,-4.426532325125662019e-03
1.723101098137445319e+02,8.483111993731655767e-03,3.014030948684687794e-01,6.573829274038127668e-01,8.139231143254601619e-01,2.133547583267745781e-02,-4.620972370544892613e-03,-5.591727144140144594e-03,-4.506021217586083510e-03
1.723162359782129442e+02,8.614822709305525184e-03,3.013745441037761763e-01,6.573483627871975488e-01,8.138952626260459455e-01,2.166476265464609488e-02,-4.700175448822550318e-03,-5.692834105647736134e-03,-4.586920583698418999e-03
1.723223621426813281e+02,8.748566034112094381e-03,3.013455040513371430e-01,6.573131732215183876e-01,8.138669109366918342e-01,2.199906688067252217e-02,-4.780711786860632195e-03,-5.795756838607940900e-03,-4.669254901579067765e-03
1.723284883071497404e+02,8.884372915035325044e-03,3.013159664821740691e-01,6.572773474926099091e-01,8.138380503966451407e-01,2.233846280957853606e-02,-4.862603102036316093e-03,-5.900527442656024711e-03,-4.753049011998858146e-03
1.723346144716181243e+02,9.022274774808403466e-03,3.012859230281345613e-01,6.572408741804337540e-01,8.138086719858775853e-01,2.268302581171074972e-02,-4.945871456600278541e-03,-6.007178588060819828e-03,-4.838328181976577283e-03
1.723407406360865366e+02,9.162303519920924136e-03,3.012553651793442588e-01,6.572037416548585087e-01,8.137787665219325950e-01,2.303283234361580903e-02,-5.030539263035894819e-03,-6.115743526438529795e-03,-4.925118112363609767e-03
1.723468668005549205e+02,9.304491478307922586e-03,3.012242843023208438e-01,6.571659381022375568e-01,8.137483246805438108e-01,2.338795980660288154e-02,-5.116629238826916719e-03,-6.226256016811474413e-03,-5.013444882315679432e-03
1.723529929650233328e+02,9.448871518705650660e-03,3.011926716047307884e-01,6.571274514726194171e-01,8.137173369549589586e-01,2.374848681123188296e-02,-5.204164492483531225e-03,-6.338750470641158624e-03,-5.103335056944499105e-03
1.723591191294917451e+02,9.595476943923235066e-03,3.011605181665492625e-01,6.570882695257246331e-01,8.136857936915413703e-01,2.411449293613234998e-02,-5.293168446068297756e-03,-6.453261824111110150e-03,-5.194815591810598120e-03
1.723652452939601289e+02,9.744341566398835933e-03,3.011278149176629948e-01,6.570483797972196394e-01,8.136536850638281804e-01,2.448605889456850065e-02,-5.383664889600917915e-03,-6.569825630606189286e-03,-5.287913901295002161e-03
1.723713714584285412e+02,9.895499716570443915e-03,3.010945526351531676e-01,6.570077695941511919e-01,8.136210010691388161e-01,2.486326654940244907e-02,-5.475677986603916594e-03,-6.688478072114231558e-03,-5.382657866609097744e-03
1.723774976228969251e+02,1.004898617609450984e-02,3.010607219628442244e-01,6.569664260238867737e-01,8.135877315509595364e-01,2.524619876309073738e-02,-5.569232225771495598e-03,-6.809255879179124636e-03,-5.479075775955121255e-03
1.723836237873653374e+02,1.020483630553149085e-02,3.010263133733407370e-01,6.569243359367052948e-01,8.135538661548492589e-01,2.563493967694039852e-02,-5.664352512510593962e-03,-6.932196487509468402e-03,-5.577196440183045806e-03
1.723897499518337213e+02,1.036308593001447100e-02,3.009913172016392413e-01,6.568814859758430602e-01,8.135193943670760985e-01,2.602957445556769792e-02,-5.761064086234489803e-03,-7.057337899786431459e-03,-5.677049089942817067e-03
1.723958761163021336e+02,1.052377142003781824e-02,3.009557236210145259e-01,6.568378625408273219e-01,8.134843054865071865e-01,2.643018946257005841e-02,-5.859392578196951848e-03,-7.184718785466809310e-03,-5.778663449083943499e-03
1.724020022807705175e+02,1.068692970030016981e-02,3.009195226401272238e-01,6.567934517825469998e-01,8.134485886209628092e-01,2.683687227565685618e-02,-5.959364017194697903e-03,-7.314378492878124451e-03,-5.882069743084522920e-03
1.724081284452389298e+02,1.085259817818563788e-02,3.008827041241046163e-01,6.567482396347469331e-01,8.134122327115057560e-01,2.724971152786102857e-02,-6.061004778015251226e-03,-7.446356962656630087e-03,-5.987298634648475539e-03
1.724142546097073136e+02,1.102081488023385139e-02,3.008452577536862571e-01,6.567022117516344570e-01,8.133752264846745295e-01,2.766879720167546297e-02,-6.164341678633159481e-03,-7.580694896624383047e-03,-6.094381347769504444e-03
1.724203807741757259e+02,1.119161832976134537e-02,3.008071730614504946e-01,6.566553535623239624e-01,8.133375584943891567e-01,2.809422035883697710e-02,-6.269401892080331447e-03,-7.717433608435111426e-03,-6.203349557127638657e-03
1.724265069386441098e+02,1.136504763316072662e-02,3.007684394058789956e-01,6.566076502310038698e-01,8.132992170915127605e-01,2.852607332513045282e-02,-6.376213007784092314e-03,-7.856615131127033663e-03,-6.314235466758404136e-03
1.724326331031125221e+02,1.154114248922065260e-02,3.007290459682837591e-01,6.565590866516169966e-01,8.132601904199401321e-01,2.896444970553555334e-02,-6.484803037387173140e-03,-7.998282229906908403e-03,-6.427071818887321146e-03
1.724387592675809344e+02,1.171994311259639925e-02,3.006889817755209471e-01,6.565096474821179307e-01,8.132204664429337759e-01,2.940944421649266394e-02,-6.595200359866044797e-03,-8.142478308655868094e-03,-6.541891824713237137e-03
1.724448854320493183e+02,1.190149037952040710e-02,3.006482356560700731e-01,6.564593170767077934e-01,8.131800328914233766e-01,2.986115299487103469e-02,-6.707433824479853805e-03,-8.289247591760374664e-03,-6.658729297263450350e-03
1.724510115965177306e+02,1.208582569692413788e-02,3.006067962790441861e-01,6.564080795450317751e-01,8.131388773094221367e-01,3.031967331287284753e-02,-6.821532657053265038e-03,-8.438634962899772482e-03,-6.777618532624775892e-03
1.724571377609861145e+02,1.227299109452491960e-02,3.005646521263243276e-01,6.563559187089329505e-01,8.130969870210974504e-01,3.078510377188581684e-02,-6.937526524863656292e-03,-8.590686080766881186e-03,-6.898594394110299163e-03
1.724632639254545268e+02,1.246302923462258745e-02,3.005217914893033027e-01,6.563028180967230840e-01,8.130543491265801448e-01,3.125754431745719764e-02,-7.055445542527791387e-03,-8.745447392523916091e-03,-7.021692321476999052e-03
1.724693900899229106e+02,1.265598333028226073e-02,3.004782024933354556e-01,6.562487609804222854e-01,8.130109505304998763e-01,3.173709606252791277e-02,-7.175320213700876228e-03,-8.902966032956172518e-03,-7.146948256648808298e-03
1.724755162543913229e+02,1.285189730073704045e-02,3.004338730505735078e-01,6.561937303022139512e-01,8.129667778860747429e-01,3.222386161098463736e-02,-7.297181539821248272e-03,-9.063290019921347446e-03,-7.274398785720894225e-03
1.724816424188597068e+02,1.305081563155395877e-02,3.003887909019339331e-01,6.561377087387688656e-01,8.129218176442952748e-01,3.271794475761806431e-02,-7.421060920677301914e-03,-9.226468080582422501e-03,-7.404081011626550274e-03
1.724877685833281191e+02,1.325278347278065379e-02,3.003429435871943221e-01,6.560806786543315061e-01,8.128760560183319051e-01,3.321945069080529944e-02,-7.546990222851504559e-03,-9.392549775696800232e-03,-7.536032644010173115e-03
1.724938947477965030e+02,1.345784664921242414e-02,3.002963184415509690e-01,6.560226220945586384e-01,8.128294789790544428e-01,3.372848600707997746e-02,-7.675001785609752471e-03,-9.561585513711326131e-03,-7.670292008794816867e-03
1.725000209122649153e+02,1.366605157300860782e-02,3.002489026219122836e-01,6.559635208269740669e-01,8.127820722859243618e-01,3.424515852534228827e-02,-7.805128359115803653e-03,-9.733626442147074592e-03,-7.806897968608107925e-03
1.725061470767332992e+02,1.387744540922775278e-02,3.002006830563138662e-01,6.559033562612179846e-01,8.127338214265907856e-01,3.476957762450348655e-02,-7.937403218946337616e-03,-9.908724657293992502e-03,-7.945890074255142557e-03
1.725122732412017115e+02,1.409207592658210002e-02,3.001516464890172653e-01,6.558421095188898819e-01,8.126847116701082507e-01,3.530185392860583915e-02,-8.071860060859832944e-03,-1.008693301720404653e-02,-8.087308428443020294e-03
1.725183994056701238e+02,1.430999160190675294e-02,3.001017794484614476e-01,6.557797613827018868e-01,8.126347280285063368e-01,3.584209951795277321e-02,-8.208533072758724888e-03,-1.026830527492135318e-02,-8.231193781541501150e-03
1.725245255701385076e+02,1.453124163088361301e-02,3.000510682436340892e-01,6.557162922898649438e-01,8.125838552520056046e-01,3.639042794299438693e-02,-8.347456940501591163e-03,-1.045289609316422431e-02,-8.377587541454128636e-03
1.725306517346069199e+02,1.475587583481404765e-02,2.999994989923173150e-01,6.556516823760033530e-01,8.125320778624357532e-01,3.694695402963669301e-02,-8.488666782599131946e-03,-1.064076092753493338e-02,-8.526531688525107108e-03
1.725367778990753038e+02,1.498394483670785655e-02,2.999470575669057060e-01,6.555859113887527734e-01,8.124793800880413253e-01,3.751179423019273401e-02,-8.632198270389463204e-03,-1.083195625102892183e-02,-8.678068936748674009e-03
1.725429040635437161e+02,1.521549990217724649e-02,2.998937296428153543e-01,6.555189587635379400e-01,8.124257459210151300e-01,3.808506629398552418e-02,-8.778087516985905864e-03,-1.102653935312889431e-02,-8.832242588203616587e-03
1.725490302280121000e+02,1.545059305047615308e-02,2.998395006641839111e-01,6.554508035685145950e-01,8.123711590760438472e-01,3.866688948634642436e-02,-8.926371152661149999e-03,-1.122456848230608123e-02,-8.989096634846359749e-03
1.725551563924805123e+02,1.568927706565838992e-02,2.997843558400598019e-01,6.553814244974851544e-01,8.123156029852156568e-01,3.925738460147808195e-02,-9.077086330484179788e-03,-1.142610286121351071e-02,-9.148675768624664126e-03
1.725612825569488962e+02,1.593160539723505881e-02,2.997282801747065406e-01,6.553107999175301623e-01,8.122590608341340168e-01,3.985667375912845672e-02,-9.230270657503713422e-03,-1.163120256133535341e-02,-9.311025290664859053e-03
1.725674087214173085e+02,1.617763234720936277e-02,2.996712584096551946e-01,6.552389077754940949e-01,8.122015154916328861e-01,4.046488076770992509e-02,-9.385962320370005996e-03,-1.183992874279717403e-02,-9.476191282418090778e-03
1.725735348858856923e+02,1.642741290067466220e-02,2.996132750755997054e-01,6.551657256801313167e-01,8.121429495719134639e-01,4.108213078096528692e-02,-9.544199968511966545e-03,-1.205234343894475736e-02,-9.644220450499450467e-03
1.725796610503541046e+02,1.668100284365023334e-02,2.995543144557448190e-01,6.550912308425504982e-01,8.120833453898822496e-01,4.170855052402060864e-02,-9.705022792777732998e-03,-1.226850970838829630e-02,-9.815160234611935638e-03
1.725857872148224885e+02,1.693845877464006736e-02,2.994943605818181642e-01,6.550154000686434497e-01,8.120226849557410365e-01,4.234426830482124898e-02,-9.868470530776952618e-03,-1.248849165060209043e-02,-9.989058817823441225e-03
1.725919133792909008e+02,1.719983799891367654e-02,2.994333972665425558e-01,6.549382098107036088e-01,8.119609500139763902e-01,4.298941380260897643e-02,-1.003458339460687118e-02,-1.271235427166069083e-02,-1.016596502986340592e-02
1.725980395437592847e+02,1.746519872683779256e-02,2.993714080417587131e-01,6.548596360663225813e-01,8.118981219676766337e-01,4.364411844164935855e-02,-1.020340220158151567e-02,-1.294016373972338256e-02,-1.034592852832052871e-02
1.726041657082276970e+02,1.773459989376595727e-02,2.993083762139828186e-01,6.547796544673586405e-01,8.118341819455707764e-01,4.430851503485552095e-02,-1.037496825177944802e-02,-1.317198715454760694e-02,-1.052899963363766039e-02
1.726102918726961093e+02,1.800810128486709030e-02,2.992442848253064058e-01,6.546982402155897551e-01,8.117691107539701800e-01,4.498273801580142395e-02,-1.054932340969105820e-02,-1.340789270926825288e-02,-1.071522944320609134e-02
1.726164180371644932e+02,1.828576354703869908e-02,2.991791166492415166e-01,6.546153680746414905e-01,8.117028888710366985e-01,4.566692344825264149e-02,-1.072651010912250950e-02,-1.364794970626484645e-02,-1.090466984170612198e-02
1.726225442016329055e+02,1.856764807656570079e-02,2.991128542254660738e-01,6.545310124258733042e-01,8.116354964888305989e-01,4.636120880709116571e-02,-1.090657127758017271e-02,-1.389222841367837753e-02,-1.109737339838107358e-02
1.726286703661012893e+02,1.885381722904506258e-02,2.990454797938674192e-01,6.544451471592013236e-01,8.115669134319232203e-01,4.706573336059528823e-02,-1.108955047161748128e-02,-1.414080033679499492e-02,-1.129339355829311713e-02
1.726347965305697016e+02,1.914433412818739716e-02,2.989769753539301966e-01,6.543577457693570132e-01,8.114971192296386304e-01,4.778063780229045709e-02,-1.127549174900543787e-02,-1.439373797203497354e-02,-1.149278446729898318e-02
1.726409226950380855e+02,1.943926281384644739e-02,2.989073226180551379e-01,6.542687812780789702e-01,8.114260930581763676e-01,4.850606451676566649e-02,-1.146443976340533015e-02,-1.465111499942206574e-02,-1.169560110692878692e-02
1.726470488595064978e+02,1.973866817414203154e-02,2.988365030324291460e-01,6.541782262672701798e-01,8.113538137656567395e-01,4.924215744104761677e-02,-1.165643971704244733e-02,-1.491300619474559414e-02,-1.190189923166903863e-02
1.726531750239748817e+02,2.004261600251519213e-02,2.987644977587330941e-01,6.540860528475731517e-01,8.112802598489624595e-01,4.998906215861546182e-02,-1.185153739528276191e-02,-1.517948750459681417e-02,-1.211173542063103889e-02
1.726593011884432940e+02,2.035117298462824770e-02,2.986912876778435311e-01,6.539922326632031657e-01,8.112054094576440777e-01,5.074692586278531370e-02,-1.204977915520731406e-02,-1.545063602998608156e-02,-1.232516706496924672e-02
1.726654273529116779e+02,2.066440671275231178e-02,2.986168533849049567e-01,6.538967368824972759e-01,8.111292403871767087e-01,5.151589737026270044e-02,-1.225121193192409315e-02,-1.572653004550934874e-02,-1.254225238033186522e-02
1.726715535173800902e+02,2.098238569511766405e-02,2.985411751859719520e-01,6.537995361910090564e-01,8.110517300741234559e-01,5.229612712496150423e-02,-1.245588324148557031e-02,-1.600724901197790248e-02,-1.276305041466753963e-02
1.726776796818484740e+02,2.130517936587036920e-02,2.984642330944493605e-01,6.537006007842194322e-01,8.109728555910257208e-01,5.308776720235806879e-02,-1.266384118404421423e-02,-1.629287358977929770e-02,-1.298762105652159944e-02
1.726838058463168863e+02,2.163285809566080006e-02,2.983860068273219146e-01,6.535999003598421675e-01,8.108925936410005253e-01,5.389097131435946486e-02,-1.287513444724491113e-02,-1.658348565299484767e-02,-1.321602504383864035e-02
1.726899320107852986e+02,2.196549320353905974e-02,2.983064758009550954e-01,6.534974041093488673e-01,8.108109205517717299e-01,5.470589481575056229e-02,-1.308981231024969501e-02,-1.687916830515380842e-02,-1.344832397387640301e-02
1.726960581752536825e+02,2.230315696521595337e-02,2.982256191280366342e-01,6.533930807113587091e-01,8.107278122710958046e-01,5.553269470371957617e-02,-1.330792464532548798e-02,-1.718000589020632699e-02,-1.368458030975441830e-02
1.727021843397220948e+02,2.264592262248899673e-02,2.981434156141404279e-01,6.532868983243499406e-01,8.106432443616915506e-01,5.637152961885136260e-02,-1.352952192000457174e-02,-1.748608400492388665e-02,-1.392485738798781084e-02
1.727083105041904787e+02,2.299386439328879664e-02,2.980598437540816215e-01,6.531788245789648117e-01,8.105571919958775018e-01,5.722255984654447958e-02,-1.375465519945401165e-02,-1.779748951202760401e-02,-1.416921942650713195e-02
1.727144366686588910e+02,2.334705748237184825e-02,2.979748817280541973e-01,6.530688265698849637e-01,8.104696299499063450e-01,5.808594731881924073e-02,-1.398337614904945556e-02,-1.811431055406657539e-02,-1.441773153317948974e-02
1.727205628331272749e+02,2.370557809336592062e-02,2.978885073973210340e-01,6.529568708468761473e-01,8.103805325976940477e-01,5.896185561756030896e-02,-1.421573703754925103e-02,-1.843663656896523187e-02,-1.467045971545791194e-02
1.727266889975956872e+02,2.406950343696647593e-02,2.978006983011208808e-01,6.528429234078501064e-01,8.102898739060526712e-01,5.985044997067262562e-02,-1.445179073774228648e-02,-1.876455830048159509e-02,-1.492747088647655533e-02
1.727328151620640710e+02,2.443891174034173996e-02,2.977114316531800364e-01,6.527269496912021518e-01,8.101976274293947178e-01,6.075189724959425414e-02,-1.469159072764500938e-02,-1.909816781012385958e-02,-1.518883287215019341e-02
1.727389413265324833e+02,2.481388225716877477e-02,2.976206843380094225e-01,6.526089145677209657e-01,8.101037663041322778e-01,6.166636596709387103e-02,-1.493519109186958183e-02,-1.943755848978008863e-02,-1.545461441874967229e-02
1.727450674910008672e+02,2.519449527832633845e-02,2.975284329069795564e-01,6.524887823320456581e-01,8.100082632427554330e-01,6.259402627530505359e-02,-1.518264652315414603e-02,-1.978282507507869020e-02,-1.572488520096638337e-02
1.727511936554692795e+02,2.558083214398038790e-02,2.974346535739280650e-01,6.523665166932420822e-01,8.099110905272739469e-01,6.353504996500196345e-02,-1.543401232444636777e-02,-2.013406366043320531e-02,-1.599971583111185064e-02
1.727573198199376634e+02,2.597297525160219625e-02,2.973393222120652712e-01,6.522420807675550769e-01,8.098122200042709995e-01,6.448961045767406808e-02,-1.568934440838419889e-02,-2.049137170868808519e-02,-1.627917786457669033e-02
1.727634459844060757e+02,2.637100806523459337e-02,2.972424143504662775e-01,6.521154370703929892e-01,8.097116230794003666e-01,6.545788279880694616e-02,-1.594869929729008512e-02,-2.085484806223996540e-02,-1.656334380630491293e-02
1.727695721488744880e+02,2.677501512539528020e-02,2.971439051703453349e-01,6.519865475078616690e-01,8.096092707115620790e-01,6.644004365127680056e-02,-1.621213412328828193e-02,-2.122459295484311129e-02,-1.685228711772663798e-02
1.727756983133428719e+02,2.718508205964156182e-02,2.970437695011018397e-01,6.518553733678255080e-01,8.095051334067439042e-01,6.743627128879131627e-02,-1.647970662853043625e-02,-2.160070802411082069e-02,-1.714608222415847649e-02
1.727818244778112842e+02,2.760129559456177967e-02,2.969419818158858804e-01,6.517218753100331163e-01,8.093991812111900330e-01,6.844674559032457029e-02,-1.675147516591064464e-02,-2.198329632569555672e-02,-1.744480452333428341e-02
1.727879506422796680e+02,2.802374356347760859e-02,2.968385162285396284e-01,6.515860133585937852e-01,8.092913837063012705e-01,6.947164802729884070e-02,-1.702749869711741443e-02,-2.237246234176235027e-02,-1.774853039001409588e-02
1.727940768067480803e+02,2.845251491542914388e-02,2.967333464901124596e-01,6.514477468936360482e-01,8.091817100029452536e-01,7.051116165177677420e-02,-1.730783679114947932e-02,-2.276831199093777569e-02,-1.805733718160971307e-02
1.728002029712164642e+02,2.888769972479721115e-02,2.966264459851536972e-01,6.513070346424992829e-01,8.090701287354329363e-01,7.156547108455972583e-02,-1.759254962289487703e-02,-2.317095263889703757e-02,-1.837130324424228814e-02
1.728063291356848765e+02,2.932938920158530485e-02,2.965177877277754837e-01,6.511638346704281544e-01,8.089566080551466865e-01,7.263476250310212101e-02,-1.788169797175162556e-02,-2.358049310959356090e-02,-1.869050791923621349e-02
1.728124553001532604e+02,2.977767570315354231e-02,2.964073443572224353e-01,6.510181043702849557e-01,8.088411156234607269e-01,7.371922363010853518e-02,-1.817534322065385635e-02,-2.399704369813593710e-02,-1.901503155072372178e-02
1.728185814646216727e+02,3.023265274144181988e-02,2.962950881348971333e-01,6.508698004547880389e-01,8.087236186065170918e-01,7.481904371490555317e-02,-1.847354735239650075e-02,-2.442071617765866065e-02,-1.934495548915649010e-02
1.728247076290900566e+02,3.069441499150299402e-02,2.961809909409478525e-01,6.507188789478903779e-01,8.086040836693785261e-01,7.593441351557526919e-02,-1.877637294635753004e-02,-2.485162380764651194e-02,-1.968036209582321380e-02
1.728308337935584689e+02,3.116305830066693275e-02,2.960650242706325819e-01,6.505652951756707436e-01,8.084824769698379932e-01,7.706552528074681052e-02,-1.908388317521050870e-02,-2.528988134283179784e-02,-2.002133474776217684e-02
1.728369599580268527e+02,3.163867969835462701e-02,2.959471592304531162e-01,6.504090037567106242e-01,8.083587641518632516e-01,7.821257273092931117e-02,-1.939614180159749887e-02,-2.573560504265782686e-02,-2.036795784306764945e-02
1.728430861224952650e+02,3.212137740735891006e-02,2.958273665337843306e-01,6.502499585914374158e-01,8.082329103383040225e-01,7.937575104014443772e-02,-1.971321317510058707e-02,-2.618891268232738379e-02,-2.072031680727008662e-02
1.728492122869636773e+02,3.261125085039476290e-02,2.957056164980438884e-01,6.500881128541848852e-01,8.081048801255792391e-01,8.055525681045747066e-02,-2.003516222650060172e-02,-2.664992355756013939e-02,-2.107849809546577871e-02
1.728553384514320612e+02,3.310840065797887588e-02,2.955818790414119768e-01,6.499234189843473564e-01,8.079746375777140388e-01,8.175128804696356333e-02,-2.036205446234874011e-02,-2.711875849075657402e-02,-2.144258919542829309e-02
1.728614646159004735e+02,3.361292867692534242e-02,2.954561236793291634e-01,6.497558286770317437e-01,8.078421462200188197e-01,8.296404413213936957e-02,-2.069395595944067967e-02,-2.759553983764565649e-02,-2.181267863106650315e-02
1.728675907803688574e+02,3.412493797947225432e-02,2.953283195207671019e-01,6.495852928731782328e-01,8.077073690323937072e-01,8.419372579941006296e-02,-2.103093335915321577e-02,-2.808039149439629789e-02,-2.218885596621988573e-02
1.728737169448372697e+02,3.464453287387704583e-02,2.951984352639874243e-01,6.494117617486018235e-01,8.075702684418639699e-01,8.544053510655361117e-02,-2.137305386194695775e-02,-2.857343890621424909e-02,-2.257121180947134834e-02
1.728798431093056536e+02,3.517181891006708472e-02,2.950664391939238906e-01,6.492351847059463221e-01,8.074308063172271899e-01,8.670467540224480185e-02,-2.172038521917876025e-02,-2.907480906938644111e-02,-2.295983781457125103e-02
1.728859692737740659e+02,3.570690288662851930e-02,2.949322991791060167e-01,6.490555103656913127e-01,8.072889439630202002e-01,8.798635129268272959e-02,-2.207299572512131172e-02,-2.958463053465452963e-02,-2.335482668180332427e-02
1.728920954382424497e+02,3.624989285838652736e-02,2.947959826683660967e-01,6.488726865566426527e-01,8.071446421131194260e-01,8.928576860723989872e-02,-2.243095420878074911e-02,-3.010303341095499699e-02,-2.375627215963455399e-02
1.728982216027108620e+02,3.680089814458690350e-02,2.946574566873246259e-01,6.486866603058802916e-01,8.069978609239567557e-01,9.060313436294878398e-02,-2.279433002546125617e-02,-3.063014936949088815e-02,-2.416426904663171796e-02
1.729043477671792459e+02,3.736002933853298236e-02,2.945166878343607464e-01,6.484973778275827661e-01,8.068485599669366071e-01,9.193865672827244984e-02,-2.316319304833385981e-02,-3.116611164914499105e-02,-2.457891319431622021e-02
1.729104739316476582e+02,3.792739831207236206e-02,2.943736422782887163e-01,6.483047845149702004e-01,8.066966982230999728e-01,9.329254498039774024e-02,-2.353761365737900429e-02,-3.171105505511305489e-02,-2.500030150551699887e-02
1.729166000961160421e+02,3.850311822141918444e-02,2.942282857555705289e-01,6.481088249312587646e-01,8.065422340770828091e-01,9.466500946216782619e-02,-2.391766272840715676e-02,-3.226511595875312943e-02,-2.542853193360753231e-02
1.729227262605844544e+02,3.908730351353129767e-02,2.940805835673199753e-01,6.479094428000905515e-01,8.063851253106967265e-01,9.605626153763921482e-02,-2.430341162175481476e-02,-3.282843229765237958e-02,-2.586370348194901372e-02
1.729288524250528667e+02,3.968006993304704078e-02,2.939305005760947664e-01,6.477065809954141162e-01,8.062253290961215457e-01,9.746651354604034256e-02,-2.469493217059263307e-02,-3.340114357585914628e-02,-2.630591620351362472e-02
1.729349785895212506e+02,4.028153453064504952e-02,2.937780012021771192e-01,6.475001815302026120e-01,8.060628019882689621e-01,9.889597875436087482e-02,-2.509229666904283507e-02,-3.398339086526001168e-02,-2.675527120133966083e-02
1.729411047539896629e+02,4.089181566606298057e-02,2.936230494216389708e-01,6.472901855484995970e-01,8.058974999195365196e-01,1.003448713040170637e-01,-2.549557785778558058e-02,-3.457531679999741037e-02,-2.721187062440568599e-02
1.729472309184580467e+02,4.151103301243449367e-02,2.934656087639423983e-01,6.470765333164453237e-01,8.057293781938242860e-01,1.018134061566329102e-01,-2.590484890958811084e-02,-3.517706557194796857e-02,-2.767581766430995613e-02
1.729533570829264590e+02,4.213930756113098974e-02,2.933056423093449716e-01,6.468591642127696772e-01,8.055583914801739409e-01,1.033017990379894863e-01,-2.632018341436670808e-02,-3.578878292623297042e-02,-2.814721655206125356e-02
1.729594832473948429e+02,4.277676162710764007e-02,2.931431126861057668e-01,6.466380167187367745e-01,8.053844938060134018e-01,1.048102663798812645e-01,-2.674165536370557567e-02,-3.641061615668923085e-02,-2.862617255494554619e-02
1.729656094118632552e+02,4.342351885561782088e-02,2.929779820671905566e-01,6.464130284068946297e-01,8.052076385495495758e-01,1.063390252598394731e-01,-2.716933913495367739e-02,-3.704271410222804983e-02,-2.911279197408861430e-02
1.729717355763316391e+02,4.407970422341606770e-02,2.928102121688355153e-01,6.461841359333698742e-01,8.050277784346919763e-01,1.078882933356880292e-01,-2.760330947298730853e-02,-3.768522713611831970e-02,-2.960718213740046872e-02
1.729778617408000514e+02,4.474544404124418395e-02,2.926397642486510131e-01,6.459512750291094285e-01,8.048448655252169459e-01,1.094582887786024888e-01,-2.804364147171065774e-02,-3.833830715612582957e-02,-3.010945139322207184e-02
1.729839879052684353e+02,4.542086595675757371e-02,2.924665991035469981e-01,6.457143804905948192e-01,8.046588512185515185e-01,1.110492302038242757e-01,-2.849041055492692806e-02,-3.900210757446023052e-02,-3.061970910397162834e-02
1.729901140697368476e+02,4.610609895788400636e-02,2.922906770674789101e-01,6.454733861700109321e-01,8.044696862391624848e-01,1.126613365987216148e-01,-2.894369245648855185e-02,-3.967678330743304449e-02,-3.113806563974247377e-02
1.729962402342052314e+02,4.680127337747135713e-02,2.921119580087092049e-01,6.452282249641985157e-01,8.042773206310751544e-01,1.142948272478384042e-01,-2.940356319975514360e-02,-4.036249076567857003e-02,-3.166463237242820444e-02
1.730023663986736437e+02,4.750652089227982988e-02,2.919304013289956146e-01,6.449788288073692311e-01,8.040817037530648692e-01,1.159499216537682037e-01,-2.987009907496666547e-02,-4.105938783726379576e-02,-3.219952166524379933e-02
1.730084925631420560e+02,4.822197452320218375e-02,2.917459659623306001e-01,6.447251286627440070e-01,8.038827842730678075e-01,1.176268394558257352e-01,-3.034337661613880840e-02,-4.176763387139468403e-02,-3.274284686282025181e-02
1.730146187276104399e+02,4.894776863584297810e-02,2.915586103735245405e-01,6.444670545136768069e-01,8.036805101622150893e-01,1.193258003457998567e-01,-3.082347257714507585e-02,-4.248738966166101111e-02,-3.329472228116738680e-02
1.730207448920788522e+02,4.968403894144091115e-02,2.913682925566338233e-01,6.442045353542411590e-01,8.034748286884746404e-01,1.210470239804301296e-01,-3.131046390687808323e-02,-4.321881742869593257e-02,-3.385526319744384949e-02
1.730268710565472361e+02,5.043092249897051377e-02,2.911749700329316903e-01,6.439374991785942193e-01,8.032656864094110949e-01,1.227907298898666538e-01,-3.180442772340566493e-02,-4.396208080299444931e-02,-3.442458584004853134e-02
1.730329972210156484e+02,5.118855771147992617e-02,2.909785998508641613e-01,6.436658729743182095e-01,8.030530291677557830e-01,1.245571373832247558e-01,-3.230544128637811985e-02,-4.471734480068947221e-02,-3.500280737418566546e-02
1.730391233854840323e+02,5.195708429952391322e-02,2.907791385941249085e-01,6.433895827333115935e-01,8.028368020994046672e-01,1.263464654604333215e-01,-3.281358196768043023e-02,-4.548477577556408330e-02,-3.559004587162698657e-02
1.730452495499524446e+02,5.273664341923104543e-02,2.905765423383111501e-01,6.431085533504872220e-01,8.026169495618140637e-01,1.281589326635270143e-01,-3.332892722681450592e-02,-4.626454151307805851e-02,-3.618642037702853725e-02
1.730513757144208284e+02,5.352737739563002278e-02,2.903707667442202989e-01,6.428227088197752126e-01,8.023934152732685732e-01,1.299947570818297815e-01,-3.385155457165775483e-02,-4.705681094646271823e-02,-3.679205071712187552e-02
1.730575018788892407e+02,5.432943008212479802e-02,2.901617669284824452e-01,6.425319719441016098e-01,8.021661421073876808e-01,1.318541560787444555e-01,-3.438154153475406205e-02,-4.786175447902844826e-02,-3.740705772426595327e-02
1.730636280433576246e+02,5.514294649385999281e-02,2.899494975926871221e-01,6.422362646109274209e-01,8.019350722887119698e-01,1.337373463597976431e-01,-3.491896563679255938e-02,-4.867954360676750303e-02,-3.803156298167251204e-02
1.730697542078260369e+02,5.596807306554354294e-02,2.897339129298044380e-01,6.419355075784540787e-01,8.017001472412592644e-01,1.356445437162021039e-01,-3.546390435210659831e-02,-4.951035113517693320e-02,-3.866568897607047806e-02
1.730758803722944208e+02,5.680495752600352166e-02,2.895149666673305644e-01,6.416296205623521764e-01,8.014613076501491129e-01,1.375759629717863697e-01,-3.601643507415789452e-02,-5.035435103302540738e-02,-3.930955900117390212e-02
1.730820065367628331e+02,5.765374891664178797e-02,2.892926120590374461e-01,6.413185222091449811e-01,8.012184934428234762e-01,1.395318178451518953e-01,-3.657663507847164208e-02,-5.121171841904970795e-02,-3.996329715331901206e-02
1.730881327012312454e+02,5.851459758676751804e-02,2.890668018849028020e-01,6.410021300871795447e-01,8.009716437827080204e-01,1.415123208189698334e-01,-3.714458148407213944e-02,-5.208262952559960385e-02,-4.062702831151942390e-02
1.730942588656996293e+02,5.938765518309063740e-02,2.888374884531027531e-01,6.406803606819969632e-01,8.007206970659510592e-01,1.435176830099114675e-01,-3.772035121415861364e-02,-5.296726165578996559e-02,-4.130087811338761100e-02
1.731003850301680416e+02,6.027307464012559429e-02,2.886046236016374111e-01,6.403531293906157273e-01,8.004655909173530315e-01,1.455481140336608303e-01,-3.830402095544975516e-02,-5.386579314006974956e-02,-4.198497293106076556e-02
1.731065111946364254e+02,6.117101017059459883e-02,2.883681586999035096e-01,6.400203505153909678e-01,8.002062621859541425e-01,1.476038218649523559e-01,-3.889566711604115073e-02,-5.477840329122533186e-02,-4.267943984648021188e-02
1.731126373591048377e+02,6.208161725577510809e-02,2.881280446502290093e-01,6.396819372574442664e-01,7.999426469402708406e-01,1.496850126920916679e-01,-3.949536578160586092e-02,-5.570527235758234580e-02,-4.338440662590890146e-02
1.731187635235732216e+02,6.300505263648849275e-02,2.878842318890962870e-01,6.393378017089283993e-01,7.996746804626591043e-01,1.517918907636842396e-01,-4.010319266938471017e-02,-5.664658147460731319e-02,-4.410000169391126851e-02
1.731248896880416339e+02,6.394147429830282503e-02,2.876366703904422728e-01,6.389878548498830746e-01,7.994022972468757260e-01,1.539246582383617945e-01,-4.071922308210213642e-02,-5.760251261055900074e-02,-4.482635410354265937e-02
1.731310158525100178e+02,6.489104145748050834e-02,2.873853096686362907e-01,6.386320065440284077e-01,7.991254309948380152e-01,1.560835150284879125e-01,-4.134353186019679854e-02,-5.857324851101164409e-02,-4.556359350628701871e-02
1.731371420169784301e+02,6.585391454676019218e-02,2.871300987814546235e-01,6.382701655341900260e-01,7.988440146130590946e-01,1.582686586381109040e-01,-4.197619333230352690e-02,-5.955897264133747093e-02,-4.631185012113538807e-02
1.731432681814468140e+02,6.683025520090223048e-02,2.868709863330722865e-01,6.379022394373561333e-01,7.985579802087635626e-01,1.604802839945563830e-01,-4.261728126379502740e-02,-6.055986912686812246e-02,-4.707125470266876333e-02
1.731493943459152263e+02,6.782022624261188626e-02,2.866079204768189892e-01,6.375281347386351216e-01,7.982672590851487282e-01,1.627185832707211954e-01,-4.326686880262198970e-02,-6.157612269066170541e-02,-4.784193850822793942e-02
1.731555205103836101e+02,6.882399166281055747e-02,2.863408489200019447e-01,6.371477567899688221e-01,7.979717817399565316e-01,1.649837457131944074e-01,-4.392502842591564788e-02,-6.260791858608952265e-02,-4.862403326175614160e-02
1.731616466748520224e+02,6.984171660145144234e-02,2.860697189284623909e-01,6.367610098078335668e-01,7.976714778632524316e-01,1.672759574631665358e-01,-4.459183188451827651e-02,-6.365544252766612565e-02,-4.941767111709901433e-02
1.731677728393204347e+02,7.087356732797908676e-02,2.857944773311888453e-01,6.363677968706389354e-01,7.973662763349126381e-01,1.695954013707776098e-01,-4.526735014549008312e-02,-6.471888061930998470e-02,-5.022298462021202586e-02
1.731738990037888186e+02,7.191971122134738215e-02,2.855150705250089627e-01,6.359680199158395109e-01,7.970561052218231302e-01,1.719422568022413722e-01,-4.595165333238102751e-02,-6.579841927970929427e-02,-5.104010667012043312e-02
1.731800251682572309e+02,7.298031675010233088e-02,2.852314444791382853e-01,6.355615797360338881e-01,7.967408917742617724e-01,1.743166994360549060e-01,-4.664481066226769390e-02,-6.689424516438592649e-02,-5.186917047854321811e-02
1.731861513327256148e+02,7.405555344704133069e-02,2.849435447417572598e-01,6.351483759799662066e-01,7.964205624256822658e-01,1.767189010683818118e-01,-4.734689038456078858e-02,-6.800654508361754502e-02,-5.271030952679076065e-02
1.731922774971940271e+02,7.514559188417942182e-02,2.846513164463916890e-01,6.347283071525747777e-01,7.960950427917266037e-01,1.791490294099550018e-01,-4.805795971732283040e-02,-6.913550591788940325e-02,-5.356365752179220036e-02
1.731984036616624110e+02,7.625060364714474070e-02,2.843547043184149747e-01,6.343012706148287716e-01,7.957642576689840652e-01,1.816072478756067254e-01,-4.877808478128212860e-02,-7.028131453020040886e-02,-5.442934835078219735e-02
1.732045298261308233e+02,7.737076130889861125e-02,2.840536526817032947e-01,6.338671625833747214e-01,7.954281310335028499e-01,1.840937153657018766e-01,-4.950733053130868672e-02,-7.144415767484682545e-02,-5.530751603446815157e-02
1.732106559905992071e+02,7.850623840315856805e-02,2.837481054652550294e-01,6.334258781292881890e-01,7.950865860385341044e-01,1.866085860349588343e-01,-5.024576068408823093e-02,-7.262422190188606852e-02,-5.619829467839546067e-02
1.732167821550676194e+02,7.965720939273658596e-02,2.834380062117676791e-01,6.329773111818354225e-01,7.947395450157502816e-01,1.891520090743597227e-01,-5.099343764876391322e-02,-7.382169345881008093e-02,-5.710181842234063332e-02
1.732229083195360033e+02,8.082384963790717469e-02,2.831232980860983739e-01,6.325213545313665975e-01,7.943869294757229804e-01,1.917241284832496839e-01,-5.175042245464575585e-02,-7.503675818895028105e-02,-5.801822138847256144e-02
1.732290344840044156e+02,8.200633536396517709e-02,2.828039238839232250e-01,6.320578998321074726e-01,7.940286601081932849e-01,1.943250828332733493e-01,-5.251677467633721064e-02,-7.626960142611924343e-02,-5.894763762791107448e-02
1.732351606484727995e+02,8.320484362784855148e-02,2.824798260406315431e-01,6.315868376048725530e-01,7.936646567821443732e-01,1.969550050233642990e-01,-5.329255235602331497e-02,-7.752040788505870639e-02,-5.989020106548040290e-02
1.732412868129412118e+02,8.441955228404826594e-02,2.821509466403090971e-01,6.311080572390389554e-01,7.932948385451712436e-01,1.996140220203694027e-01,-5.407781192136343340e-02,-7.878936154644101963e-02,-6.084604544215186511e-02
1.732474129774096241e+02,8.565063994590250973e-02,2.818172274265681732e-01,6.306214469995889971e-01,7.929191236263700704e-01,2.023022546172955904e-01,-5.487260810775681369e-02,-8.007664554079345354e-02,-6.181530425644127247e-02
1.732535391418780080e+02,8.689828594660069239e-02,2.814786098133576497e-01,6.301268940333961677e-01,7.925374294385320040e-01,2.050198171803789549e-01,-5.567699387721512794e-02,-8.138244202827550622e-02,-6.279811070417912200e-02
1.732596653063464203e+02,8.816267029911700748e-02,2.811350348960541812e-01,6.296242843755336382e-01,7.921496725801809857e-01,2.077668173872573576e-01,-5.649102033438631321e-02,-8.270693207404741787e-02,-6.379459761640977888e-02
1.732657914708148041e+02,8.944397365492062768e-02,2.807864434628800088e-01,6.291135029556462754e-01,7.917557688374743385e-01,2.105433559553977763e-01,-5.731473663945018532e-02,-8.405029551873888227e-02,-6.480489739518793813e-02
1.732719176352832164e+02,9.074237726150582994e-02,2.804327760065551400e-01,6.285944336037669888e-01,7.913556331854796344e-01,2.133495263543961906e-01,-5.814818991601282405e-02,-8.541271084224723309e-02,-6.582914194651939832e-02
1.732780437997516003e+02,9.205806291592245894e-02,2.800739727376368449e-01,6.280669590612057984e-01,7.909491797929887325e-01,2.161854145410879446e-01,-5.899142516500242850e-02,-8.679435502858377782e-02,-6.686746261337225827e-02
1.732841699642200126e+02,9.339121291765632715e-02,2.797099735979503010e-01,6.275309609908199526e-01,7.905363220266881097e-01,2.190510986821157247e-01,-5.984448517470512124e-02,-8.819540342562343094e-02,-6.791999010663755942e-02
1.732902961286883965e+02,9.474201002015490702e-02,2.793407182743914974e-01,6.269863199874542437e-01,7.901169724552379314e-01,2.219466488669527837e-01,-6.070741042770791407e-02,-8.961602959978429150e-02,-6.898685443394558803e-02
1.732964222931568088e+02,9.611063738082151198e-02,2.789661462131562408e-01,6.264329155886041445e-01,7.896910428532818438e-01,2.248721268104897364e-01,-6.158023900445267623e-02,-9.105640518508993642e-02,-7.006818482608212495e-02
1.733025484576251927e+02,9.749727850930603457e-02,2.785861966343665119e-01,6.258706262847495427e-01,7.892584442049297433e-01,2.278275855377628611e-01,-6.246300648118288668e-02,-9.251669972425044519e-02,-7.116410965997009563e-02
1.733086746220936050e+02,9.890211721258301836e-02,2.782008085481736948e-01,6.252993295346903624e-01,7.888190867107552906e-01,2.308130690973720922e-01,-6.335574583575943886e-02,-9.399708051338087622e-02,-7.227475638304479977e-02
1.733148007865619888e+02,1.003253375389776825e-01,2.778099207710754692e-01,6.247189017804336553e-01,7.883728797942202160e-01,2.338286122610317430e-01,-6.425848734915477756e-02,-9.549771244061792952e-02,-7.340025143513030648e-02
1.733209269510304011e+02,1.017671237205352436e-01,2.774134719427051587e-01,6.241292184624165351e-01,7.879197321080763095e-01,2.368742402130634139e-01,-6.517125850364845208e-02,-9.701875781901017626e-02,-7.454072016790369570e-02
1.733270531154988134e+02,1.032276601135322380e-01,2.770114005431527082e-01,6.235301540351327887e-01,7.874595515407754043e-01,2.399499682289132352e-01,-6.609408387741581847e-02,-9.856037621308294527e-02,-7.569628676166655079e-02
1.733331792799671973e+02,1.047071311367086949e-01,2.766036449108655870e-01,6.229215819826999789e-01,7.869922452224690224e-01,2.430558013341779788e-01,-6.702698503292446597e-02,-1.001227242560498998e-01,-7.686707413808029077e-02
1.733393054444356096e+02,1.062057212072642087e-01,2.761901432617533958e-01,6.223033748392694520e-01,7.865177195344551508e-01,2.461917339989012354e-01,-6.796998041531464307e-02,-1.017059554737638483e-01,-7.805320387583783437e-02
1.733454316089039935e+02,1.077236146753646484e-01,2.757708337086445805e-01,6.216754042091880983e-01,7.860358801181369648e-01,2.493577498167744433e-01,-6.892308524601897801e-02,-1.033102201015267119e-01,-7.925479612337364699e-02
1.733515577733724058e+02,1.092609957566723772e-01,2.753456542813187968e-01,6.210375407876825848e-01,7.855466318840348405e-01,2.525538211739459804e-01,-6.988631141293147331e-02,-1.049356648945456438e-01,-8.047196950890300737e-02
1.733576839378407897e+02,1.108180484626814649e-01,2.749145429471852586e-01,6.203896543821514342e-01,7.850498790208942923e-01,2.557799089065285747e-01,-7.085966735681427375e-02,-1.065824329313969643e-01,-8.170484104749427268e-02
1.733638101023092020e+02,1.123949565281495283e-01,2.744774376327378529e-01,6.197316139337049057e-01,7.845455250045173523e-01,2.590359619371532252e-01,-7.184315795097183377e-02,-1.082506634067326445e-01,-8.295352604348880943e-02
1.733699362667775858e+02,1.139919033374835605e-01,2.740342762458743975e-01,6.190632875432903193e-01,7.840334726099250640e-01,2.623219169540744189e-01,-7.283678439327463672e-02,-1.099404914343893730e-01,-8.421813799763477881e-02
1.733760624312459981e+02,1.156090718491601527e-01,2.735849966987179416e-01,6.183845424977983951e-01,7.835136239231269562e-01,2.656376980740922100e-01,-7.384054409302191757e-02,-1.116520478423039670e-01,-8.549878851078365760e-02
1.733821885957143820e+02,1.172466445178474564e-01,2.731295369311221299e-01,6.176952452968996754e-01,7.829858803530319600e-01,2.689832164950027305e-01,-7.485443055427791481e-02,-1.133854589605173269e-01,-8.679558718468492751e-02
1.733883147601827943e+02,1.189048032139858602e-01,2.726678349349376251e-01,6.169952616807077295e-01,7.824501426435480633e-01,2.723583701366817933e-01,-7.587843325537058092e-02,-1.151408464015891003e-01,-8.810864151956235291e-02
1.733944409246511782e+02,1.205837291398009631e-01,2.721998287792714022e-01,6.162844566580477634e-01,7.819063108855591748e-01,2.757630432600166048e-01,-7.691253752119119047e-02,-1.169183268288636751e-01,-8.943805680642406830e-02
1.734005670891195905e+02,1.222836027456939145e-01,2.717254566361906876e-01,6.155626945389228721e-01,7.813542845320587960e-01,2.791971061363271445e-01,-7.795672441045309320e-02,-1.187180117393980966e-01,-9.078393602610301816e-02
1.734066932535880028e+02,1.240046036441597166e-01,2.712446568070930875e-01,6.148298389672322006e-01,7.807939624130002532e-01,2.826604146997327427e-01,-7.901097059745017248e-02,-1.205400072376673626e-01,-9.214637974438591450e-02
1.734128194180563867e+02,1.257469105210874960e-01,2.707573677498683051e-01,6.140857529544332394e-01,7.802252427503834076e-01,2.861528101892686360e-01,-8.007524825030762350e-02,-1.223844138019038602e-01,-9.352548600404303469e-02
1.734189455825247990e+02,1.275107010441762223e-01,2.702635281069381001e-01,6.133302989142739303e-01,7.796480231736300226e-01,2.896741187799060646e-01,-8.114952490542463870e-02,-1.242513260423658006e-01,-9.492135021342629209e-02
1.734250717469931828e+02,1.292961517670866423e-01,2.697630767345163827e-01,6.125633386985235296e-01,7.790622007350078704e-01,2.932241511905742670e-01,-8.223376333435483687e-02,-1.261408324461260055e-01,-9.633406502920427439e-02
1.734311979114615951e+02,1.311034380356465856e-01,2.692559527318134638e-01,6.117847336363798627e-01,7.784676719279720603e-01,2.968027023512014861e-01,-8.332792142848233219e-02,-1.280530151414062123e-01,-9.776372024808480110e-02
1.734373240759299790e+02,1.329327338910551992e-01,2.687420954710766918e-01,6.109943445744231427e-01,7.778643327053499368e-01,3.004095510521081480e-01,-8.443195207794242096e-02,-1.299879496517208910e-01,-9.921040269416378510e-02
1.734434502403983913e+02,1.347842119701615771e-01,2.682214446285308695e-01,6.101920319177442931e-01,7.772520784978570463e-01,3.040444595837389352e-01,-8.554580304716941086e-02,-1.319457046423497260e-01,-1.006741961030239024e-01
1.734495764048667752e+02,1.366580434025298219e-01,2.676939402163089898e-01,6.093776556723982107e-01,7.766308042330123396e-01,3.077071733659650365e-01,-8.666941684679140001e-02,-1.339263416584175470e-01,-1.021551810022392759e-01
1.734557025693351875e+02,1.385543977025240070e-01,2.671595226158413605e-01,6.085510754892863305e-01,7.760004043542892971e-01,3.113974205539963847e-01,-8.780273059773800737e-02,-1.359299148482848718e-01,-1.036534345854531886e-01
1.734618287338035714e+02,1.404734426653947710e-01,2.666181326105960814e-01,6.077121507110357923e-01,7.753607728428739687e-01,3.151149117123195342e-01,-8.894567591617674740e-02,-1.379564707120004008e-01,-1.051690305979390561e-01
1.734679548982719837e+02,1.424153442598177777e-01,2.660697114198357638e-01,6.068607404197480237e-01,7.747118032394022524e-01,3.188593394707374129e-01,-9.009817879254364281e-02,-1.400060478387001317e-01,-1.067020392173450294e-01
1.734740810627403675e+02,1.443802665172274069e-01,2.655142007333721188e-01,6.059967034861611923e-01,7.740533886661347118e-01,3.226303781717645980e-01,-9.126015946747448315e-02,-1.420786766362254760e-01,-1.082525269310995186e-01
1.734802072272087798e+02,1.463683714176331752e-01,2.649515427474192775e-01,6.051198986203933927e-01,7.733854218496367672e-01,3.264276835087146500e-01,-9.243153230438490298e-02,-1.441743790522403423e-01,-1.098205564101219778e-01
1.734863333916771921e+02,1.483798187697377147e-01,2.643816802021455858e-01,6.042301844245863141e-01,7.727077951439057513e-01,3.302508921405683529e-01,-9.361220565421315976e-02,-1.462931682796395072e-01,-1.114061863755990284e-01
1.734924595561455760e+02,1.504147660972821321e-01,2.638045564178913005e-01,6.033274194476845320e-01,7.720204005557078641e-01,3.340996213841633256e-01,-9.480208174416679401e-02,-1.484350484931442893e-01,-1.130094714799554506e-01
1.734985857206139883e+02,1.524733685212998902e-01,2.632201153325818832e-01,6.024114622414304954e-01,7.713231297700509081e-01,3.379734688886684157e-01,-9.600105656054920555e-02,-1.506000145741465401e-01,-1.146304621826081255e-01
1.735047118850823722e+02,1.545557786389204769e-01,2.626283015402292587e-01,6.014821714180138557e-01,7.706158741761942599e-01,3.418720123028895497e-01,-9.720901972891080045e-02,-1.527880518279017552e-01,-1.162692046223585268e-01
1.735108380495507845e+02,1.566621463983962903e-01,2.620290603306269506e-01,6.005394057095563287e-01,7.698985248942791237e-01,3.457948089348998888e-01,-9.842585439131866509e-02,-1.549991356923775820e-01,-1.179257404860676595e-01
1.735169642140191684e+02,1.587926189677274780e-01,2.614223377309832230e-01,5.995830240299950820e-01,7.691709728026266957e-01,3.497413953892811178e-01,-9.965143707594735500e-02,-1.572332314306402745e-01,-1.196001068699625719e-01
1.735230903784875807e+02,1.609473406120262851e-01,2.608080805454346396e-01,5.986128855380450364e-01,7.684331085667669425e-01,3.537112872910444517e-01,-1.008856375939230915e-01,-1.594902938611169052e-01,-1.212923361580428572e-01
1.735292165429559645e+02,1.631264525662592391e-01,2.601862363959338564e-01,5.976288497017415713e-01,7.676848226687663646e-01,3.577039789925004487e-01,-1.021283189303873185e-01,-1.617702670756203387e-01,-1.230024558949199820e-01
1.735353427074243768e+02,1.653300929043470535e-01,2.595567537643003186e-01,5.966307763648680540e-01,7.669260054371964674e-01,3.617189432749391420e-01,-1.033793371334762456e-01,-1.640730841501434611e-01,-1.247304886553536052e-01
1.735414688718927607e+02,1.675583964042841323e-01,2.589195820355417732e-01,5.956185258154674811e-01,7.661565470778363141e-01,3.657556310448007442e-01,-1.046385412010678584e-01,-1.663986668477785702e-01,-1.264764519101334583e-01
1.735475950363611730e+02,1.698114944061941689e-01,2.582746715433447138e-01,5.945919588572644576e-01,7.653763377052718031e-01,3.698134710090457689e-01,-1.059057729602517900e-01,-1.687469253047715056e-01,-1.282403578842577774e-01
1.735537212008295569e+02,1.720895146819154398e-01,2.576219736125616167e-01,5.935509368809002151e-01,7.645852673756603490e-01,3.738918694463070902e-01,-1.071808669772784800e-01,-1.711177577616054268e-01,-1.300222134352662928e-01
1.735598473652979692e+02,1.743925812976497569e-01,2.569614406037591392e-01,5.924953219375116431e-01,7.637832261199963835e-01,3.779902099519713010e-01,-1.084636504587094125e-01,-1.735110502760266182e-01,-1.318220199232547074e-01
1.735659735297663815e+02,1.767208144835869243e-01,2.562930259559376145e-01,5.914249768121582207e-01,7.629701039779627214e-01,3.821078532418948903e-01,-1.097539431712392238e-01,-1.759266764632432811e-01,-1.336397730926902894e-01
1.735720996942347654e+02,1.790743304709506434e-01,2.556166842386384808e-01,5.903397651054611561e-01,7.621457910329988428e-01,3.862441367895294020e-01,-1.110515573067318157e-01,-1.783644971390010991e-01,-1.354754629103796515e-01
1.735782258587031777e+02,1.814532413629498520e-01,2.549323711946709370e-01,5.892395513101147397e-01,7.613101774479988926e-01,3.903983746850303582e-01,-1.123562974190043945e-01,-1.808243600782362126e-01,-1.373290734551433079e-01
1.735843520231715615e+02,1.838576549903538915e-01,2.542400437873058583e-01,5.881242008916575115e-01,7.604631535017193356e-01,3.945698574222820665e-01,-1.136679603367634628e-01,-1.833060997296685757e-01,-1.392005827871778401e-01
1.735904781876399738e+02,1.862876747639186370e-01,2.535396602485437967e-01,5.869935803715254918e-01,7.596046096261150904e-01,3.987578516914818128e-01,-1.149863350778263654e-01,-1.858095369274717357e-01,-1.410899628156543073e-01
1.735966043521083577e+02,1.887433995279230170e-01,2.528311801272305481e-01,5.858475574113590767e-01,7.587344364444360556e-01,4.029616002002645581e-01,-1.163112027721809882e-01,-1.883344786132172821e-01,-1.429971791704498507e-01
1.736027305165767700e+02,1.912249234154622668e-01,2.521145643368122857e-01,5.846860008982228685e-01,7.578525248099369227e-01,4.071803215248019914e-01,-1.176423365944251204e-01,-1.908807175695517444e-01,-1.449221910785960798e-01
1.736088566810451539e+02,1.937323356956398845e-01,2.513897752055946344e-01,5.835087810334061986e-01,7.569587658457458401e-01,4.114132099418916777e-01,-1.189795016894041740e-01,-1.934480321365144861e-01,-1.468649512322366957e-01
1.736149828455135662e+02,1.962657206289061540e-01,2.506567765247836865e-01,5.823157694204391666e-01,7.560530509850026393e-01,4.156594353237582640e-01,-1.203224551180474139e-01,-1.960361859589832001e-01,-1.488254056699557515e-01
1.736211090099819501e+02,1.988251573143765827e-01,2.499155335990106419e-01,5.811068391567174585e-01,7.551352720121752293e-01,4.199181430153156036e-01,-1.216709457968803976e-01,-1.986449277174682781e-01,-1.508034936497773260e-01
1.736272351744503624e+02,2.014107195392042804e-01,2.491660132964109708e-01,5.798818649260130131e-01,7.542053211049966066e-01,4.241884537445175241e-01,-1.230247144479489768e-01,-2.012739908723782667e-01,-1.527991475274127486e-01
1.736333613389187462e+02,2.040224756306927567e-01,2.484081840980308098e-01,5.786407230914946132e-01,7.532630908768517264e-01,4.284694635669332730e-01,-1.243834935596139085e-01,-2.039230934232038606e-01,-1.548122926403286137e-01
1.736394875033871585e+02,2.066604882997747916e-01,2.476420161499333916e-01,5.773832917928495290e-01,7.523084744205861263e-01,4.327602437946506120e-01,-1.257470073415281886e-01,-2.065919376509687821e-01,-1.568428471831980198e-01
1.736456136678555424e+02,2.093248144946352196e-01,2.468674813124381584e-01,5.761094510415937231e-01,7.513413653521450186e-01,4.370598409927672900e-01,-1.271149717016504532e-01,-2.092802098967615487e-01,-1.588907220986386648e-01
1.736517398323239547e+02,2.120155052458280176e-01,2.460845532120232160e-01,5.748190828204873259e-01,7.503616578556482342e-01,4.413672769617937308e-01,-1.284870942179646702e-01,-2.119875803243934376e-01,-1.609558209595305933e-01
1.736578659967923670e+02,2.147326055145255264e-01,2.452932072924396412e-01,5.735120711833761042e-01,7.493692467289059245e-01,4.456815487574870005e-01,-1.298630741221508955e-01,-2.147137026999683951e-01,-1.630380398577471468e-01
1.736639921612607509e+02,2.174761540446245034e-01,2.444934208647964735e-01,5.721883023550270453e-01,7.483640274291888383e-01,4.500016287488562972e-01,-1.312426022955503202e-01,-2.174582141897513921e-01,-1.651372672998491498e-01
1.736701183257291632e+02,2.202461832057904523e-01,2.436851731605076676e-01,5.708476648355694794e-01,7.473458961206858042e-01,4.543264646645893134e-01,-1.326253612605560461e-01,-2.202207351424547155e-01,-1.672533840941670680e-01
1.736762444901975471e+02,2.230427188487840717e-01,2.428684453806708721e-01,5.694900495019381559e-01,7.463147497212924142e-01,4.586549797108587789e-01,-1.340110251955705101e-01,-2.230008689125014543e-01,-1.693862632550511005e-01
1.736823706546659594e+02,2.258657801519091401e-01,2.420432207482535458e-01,5.681153497138918818e-01,7.452704859510944635e-01,4.629860726791875103e-01,-1.353992599459387935e-01,-2.257982016687062332e-01,-1.715357698987377277e-01
1.736884968191343432e+02,2.287153794718014277e-01,2.412094845591018499e-01,5.667234614198852771e-01,7.442130033810783196e-01,4.673186180956188096e-01,-1.367897230482555682e-01,-2.286123022234468338e-01,-1.737017611468161249e-01
1.736946229836027555e+02,2.315915221992960460e-01,2.403672242315249841e-01,5.653142832623216929e-01,7.431422014818626076e-01,4.716514664114069832e-01,-1.381820637682265873e-01,-2.314427218835732047e-01,-1.758840860377940130e-01
1.737007491480711394e+02,2.344942066059502173e-01,2.395164293588582793e-01,5.638877166878625280e-01,7.420579806743816675e-01,4.759834441869127408e-01,-1.395759231354431473e-01,-2.342889942874435139e-01,-1.780825854302043321e-01
1.737068753125395517e+02,2.374234237050741880e-01,2.386570917577190976e-01,5.624436660534141152e-01,7.409602423793449910e-01,4.803133543491496793e-01,-1.409709340027996416e-01,-2.371506352875364931e-01,-1.802970919246493220e-01
1.737130014770079356e+02,2.403791571036498764e-01,2.377892055191707654e-01,5.609820387371092787e-01,7.398488890686472086e-01,4.846399764441315927e-01,-1.423667211033713964e-01,-2.400271428202942203e-01,-1.825274297776345311e-01
1.737191276414763479e+02,2.433613828599060780e-01,2.369127670582807654e-01,5.595027452484592212e-01,7.387238243167526530e-01,4.889620669336156578e-01,-1.437629011218653496e-01,-2.429179968000184375e-01,-1.847734148241657048e-01
1.737252538059447318e+02,2.463700693472830883e-01,2.360277751618228836e-01,5.580056993371689256e-01,7.375849528518382270e-01,4.932783595358034567e-01,-1.451590827806224782e-01,-2.458226590378470855e-01,-1.870348544095350729e-01
1.737313799704131441e+02,2.494051771089261793e-01,2.351342310390276413e-01,5.564908181074028626e-01,7.364321806091411737e-01,4.975875655645748963e-01,-1.465548669242189295e-01,-2.487405731491039718e-01,-1.893115473129435566e-01
1.737375061348815564e+02,2.524666587289531305e-01,2.342321383672609503e-01,5.549580221262652158e-01,7.352654147824800868e-01,5.018883743426781896e-01,-1.479498466291854220e-01,-2.516711645102596151e-01,-1.916032836916490012e-01
1.737436322993499402e+02,2.555544586945259766e-01,2.333215033406652872e-01,5.534072355376359331e-01,7.340845638779704974e-01,5.061794536149003543e-01,-1.493436073128355246e-01,-2.546138402054241023e-01,-1.939098450172068999e-01
1.737497584638183525e+02,2.586685132649801933e-01,2.324023347167316900e-01,5.518383861743825225e-01,7.328895377674323752e-01,5.104594500075995134e-01,-1.507357268575321152e-01,-2.575679890002581240e-01,-1.962310040215705653e-01
1.737558846282867364e+02,2.618087503487014911e-01,2.314746438605627399e-01,5.502514056684264521e-01,7.316802477412585048e-01,5.147269895333665968e-01,-1.521257757501193464e-01,-2.605329813440026010e-01,-1.985665246533669659e-01
1.737620107927551487e+02,2.649750893705798416e-01,2.305384447921966506e-01,5.486462295665690547e-01,7.304566065637297934e-01,5.189806780999103308e-01,-1.535133172217834630e-01,-2.635081693626218913e-01,-2.009161620264452996e-01
1.737681369572235326e+02,2.681674411584757389e-01,2.295937542280933330e-01,5.470227974389650916e-01,7.292185285258557803e-01,5.232191020907840384e-01,-1.548979074127478373e-01,-2.664928869047162308e-01,-2.032796623902750066e-01
1.737742631216919449e+02,2.713857078205710316e-01,2.286405916255834225e-01,5.453810529932292539e-01,7.279659295006458697e-01,5.274408289515093440e-01,-1.562790955378294266e-01,-2.694864495796984172e-01,-2.056567630928655688e-01
1.737803892861603288e+02,2.746297826312110169e-01,2.276789792247678468e-01,5.437209441860355597e-01,7.266987269977531749e-01,5.316444078225263103e-01,-1.576564240678362816e-01,-2.724881548263158870e-01,-2.080471925545097078e-01
1.737865154506287411e+02,2.778995499258727353e-01,2.267089420876403083e-01,5.420424233316665230e-01,7.254168402172566088e-01,5.358283702168575857e-01,-1.590294289262509098e-01,-2.754972820118131716e-01,-2.104506702525454076e-01
1.737926416150971249e+02,2.811948849869300160e-01,2.257305081402292135e-01,5.403454472165485356e-01,7.241201901061170565e-01,5.399912307077889828e-01,-1.603976396882342004e-01,-2.785130925253437861e-01,-2.128669066989451464e-01
1.737987677795655372e+02,2.845156539610955715e-01,2.247437082048014956e-01,5.386299771993594554e-01,7.228086994093093631e-01,5.441314876999943095e-01,-1.617605798096829750e-01,-2.815348299459217718e-01,-2.152956034507298722e-01
1.738048939440339211e+02,2.878617137090443978e-01,2.237485760537445412e-01,5.368959793472489750e-01,7.214822927356756566e-01,5.482476241184650601e-01,-1.631177668229520927e-01,-2.845617200947527792e-01,-2.177364530571596346e-01
1.738110201085023334e+02,2.912329117976000248e-01,2.227451484182002006e-01,5.351434245006179147e-01,7.201408965957601938e-01,5.523381083535702230e-01,-1.644687126296178470e-01,-2.875929713701015356e-01,-2.201891391459140090e-01
1.738171462729707457e+02,2.946290863590316778e-01,2.217334650390404283e-01,5.333722884069437287e-01,7.187844394674306470e-01,5.564013950161894595e-01,-1.658129237186614646e-01,-2.906277748429321184e-01,-2.226533363822376932e-01
1.738232724374391296e+02,2.980500660011935476e-01,2.207135687018551284e-01,5.315825518309081898e-01,7.174128518526760034e-01,5.604359258136714095e-01,-1.671499014286773332e-01,-2.936653044662566603e-01,-2.251287104804537975e-01
1.738293986019075419e+02,3.014956697495181359e-01,2.196855052618365278e-01,5.297742006490043787e-01,7.160260663285450411e-01,5.644401304935325880e-01,-1.684791422353474621e-01,-2.967047173543674310e-01,-2.276149182466981336e-01
1.738355247663759258e+02,3.049657069830061795e-01,2.186493236706369692e-01,5.279472259483147800e-01,7.146240176001436017e-01,5.684124277993506391e-01,-1.698001380423906082e-01,-2.997451540624460065e-01,-2.301116076168920888e-01
1.738416509308443381e+02,3.084599773699731595e-01,2.176050760033957643e-01,5.261016241268096083e-01,7.132066425547171074e-01,5.723512264522906401e-01,-1.711123764808646919e-01,-3.027857388790810567e-01,-2.326184176960190697e-01
1.738477770953127219e+02,3.119782708035565011e-01,2.165528174859481236e-01,5.242373969953261215e-01,7.117738803169411099e-01,5.762549261609752893e-01,-1.724153412176870070e-01,-3.058255801329641810e-01,-2.351349787988290807e-01
1.738539032597811342e+02,3.155203673305747025e-01,2.154926065243268352e-01,5.223545518852580338e-01,7.103256723072105538e-01,5.801219186610196976e-01,-1.737085122730489262e-01,-3.088637705062046157e-01,-2.376609124869622225e-01
1.738600294242495181e+02,3.190860371249082950e-01,2.144245047199814236e-01,5.204531017327937992e-01,7.088619622907340601e-01,5.839505888181214521e-01,-1.749913663633309857e-01,-3.118993874329058502e-01,-2.401958316471480559e-01
1.738661555887179304e+02,3.226750404552888307e-01,2.133485768868514099e-01,5.185330651672780400e-01,7.073826964288182362e-01,5.877393157457839745e-01,-1.762633772483536143e-01,-3.149314935002969773e-01,-2.427393405650567215e-01
1.738722817531863143e+02,3.262871276536254972e-01,2.122648910683512247e-01,5.165944666006752062e-01,7.058878233311975947e-01,5.914864739486549450e-01,-1.775240160871233985e-01,-3.179591368645570126e-01,-2.452910350009141760e-01
1.738784079176547266e+02,3.299220390839711636e-01,2.111735185542494841e-01,5.146373363182442651e-01,7.043772941095158835e-01,5.951904344943393932e-01,-1.787727518030015339e-01,-3.209813516828262658e-01,-2.478505022670918767e-01
1.738845340821231105e+02,3.335795051058237926e-01,2.100745338995418932e-01,5.126617105746577030e-01,7.028510624339018298e-01,5.988495662192511171e-01,-1.800090514593247759e-01,-3.239971585557629985e-01,-2.504173213030951861e-01
1.738906602465915228e+02,3.372592460835057704e-01,2.089680149283798527e-01,5.106676316641655111e-01,7.013090845791105643e-01,6.024622369714675019e-01,-1.812323806524152037e-01,-3.270055650475475195e-01,-2.529910627903730336e-01
1.738967864110599351e+02,3.409609723904133971e-01,2.078540427397137513e-01,5.086551479947819532e-01,6.997513194729799713e-01,6.060268148698205737e-01,-1.824422039095220383e-01,-3.300055662103376086e-01,-2.555712892631853972e-01
1.739029125755283189e+02,3.446843844145772162e-01,2.067327017125899224e-01,5.066243141631018299e-01,6.981777287458720282e-01,6.095416695871223034e-01,-1.836379850949281800e-01,-3.329961451245284643e-01,-2.581575552215901181e-01
1.739090387399967312e+02,3.484291725657089334e-01,2.056040795110589681e-01,5.045751910298145182e-01,6.965882767811989451e-01,6.130051736604326118e-01,-1.848191878251757847e-01,-3.359762734564892273e-01,-2.607494072468289903e-01
1.739151649044651151e+02,3.521950172776884824e-01,2.044682670907341793e-01,5.025078458002765203e-01,6.949829307691104407e-01,6.164157038384491250e-01,-1.859852758959045504e-01,-3.389449120304057206e-01,-2.633463841150927021e-01
1.739212910689335274e+02,3.559815890577960884e-01,2.033253586900190257e-01,5.004223520769190969e-01,6.933616607485568739e-01,6.197716424345993680e-01,-1.871357137163090212e-01,-3.419010114661510946e-01,-2.659480169488780965e-01
1.739274172334019113e+02,3.597885485313117027e-01,2.021754518228964237e-01,4.983187899155305800e-01,6.917244396517812088e-01,6.230713786970268897e-01,-1.882699667488178519e-01,-3.448435128230927238e-01,-2.685538293647948271e-01
1.739335433978703236e+02,3.636155464881278276e-01,2.010186472711319450e-01,4.961972458816698017e-01,6.900712433497286913e-01,6.263133101996813945e-01,-1.893875019560955220e-01,-3.477713482599760209e-01,-2.711633376237093107e-01
1.739396695623387075e+02,3.674622239316286954e-01,1.998550490758216058e-01,4.940578131072405066e-01,6.884020506984610543e-01,6.294958442573876933e-01,-1.904877882563181801e-01,-3.506834417126888370e-01,-2.737760507835733659e-01
1.739457957268071198e+02,3.713282121241853750e-01,1.986847645302200760e-01,4.919005913516349970e-01,6.867168435887710531e-01,6.326173993796019301e-01,-1.915702969907415454e-01,-3.535787095891171905e-01,-2.763914708515777252e-01
1.739519218912755036e+02,3.752131326790439370e-01,1.975079041571699279e-01,4.897256870329106393e-01,6.850156069830628525e-01,6.356764066945324032e-01,-1.926345023876571416e-01,-3.564560615149687806e-01,-2.790090929706824929e-01
1.739580480557439159e+02,3.791165976480752597e-01,1.963245816879407024e-01,4.875332132626533643e-01,6.832983289547692740e-01,6.386713113898282446e-01,-1.936798820315367708e-01,-3.593144010864973703e-01,-2.816284056029612626e-01
1.739641742202122998e+02,3.830382096121324187e-01,1.951349140402713900e-01,4.853232898804836215e-01,6.815650007286098155e-01,6.416005741698456166e-01,-1.947059173381472941e-01,-3.621526266386277948e-01,-2.842488907153535860e-01
1.739703003846807121e+02,3.869775617743307916e-01,1.939390212955282855e-01,4.830960434881848564e-01,6.798156167217708212e-01,6.444626727322328996e-01,-1.957120940365560668e-01,-3.649696320303618680e-01,-2.868700239682308029e-01
1.739764265491491244e+02,3.909342380511469095e-01,1.927370266767576557e-01,4.808516074878345092e-01,6.780501745882913101e-01,6.472561032831438688e-01,-1.966979026635792549e-01,-3.677643074495030584e-01,-2.894912749041751998e-01
1.739825527136175083e+02,3.949078131984537499e-01,1.915290565150429003e-01,4.785901220963706404e-01,6.762686752534903256e-01,6.499793820101149588e-01,-1.976628390492301546e-01,-3.705355402483077043e-01,-2.921121071608752118e-01
1.739886788780859206e+02,3.988978529899638859e-01,1.903152401979796571e-01,4.763117343205205967e-01,6.744711229299524824e-01,6.526310464270353995e-01,-1.986064047679539646e-01,-3.732822157947977004e-01,-2.947319787155805448e-01
1.739948050425543045e+02,4.029039142718518485e-01,1.890957101604740509e-01,4.740165980281184077e-01,6.726575251816860890e-01,6.552096570509174933e-01,-1.995281076814801047e-01,-3.760032183184840449e-01,-2.973503420535539288e-01
1.740009312070227168e+02,4.069255451593035144e-01,1.878706018272817690e-01,4.717048739131324275e-01,6.708278929379009048e-01,6.577137987503101080e-01,-2.004274623940102140e-01,-3.786974317959920788e-01,-2.999666444257540476e-01
1.740070573714911006e+02,4.109622851722449233e-01,1.866400535763502733e-01,4.693767295085010671e-01,6.689822405312667586e-01,6.601420822622146023e-01,-2.013039907544058593e-01,-3.813637408400142870e-01,-3.025803280688800223e-01
1.740131835359595129e+02,4.150136654061233332e-01,1.854042066902451269e-01,4.670323391731577289e-01,6.671205857247419768e-01,6.624931456288558618e-01,-2.021572223372897770e-01,-3.840010316022529624e-01,-3.051908304468868849e-01
1.740193097004278968e+02,4.190792086989005294e-01,1.841632053089634624e-01,4.646718840836472353e-01,6.652429497420061510e-01,6.647656556631644786e-01,-2.029866949332347903e-01,-3.866081926897919629e-01,-3.077975844906875036e-01
1.740254358648963091e+02,4.231584298118235554e-01,1.829171963780891752e-01,4.622955522162386921e-01,6.633493572944890726e-01,6.669583093874057456e-01,-2.037919550323616658e-01,-3.891841160922827059e-01,-3.104000188461242260e-01
1.740315620293646930e+02,4.272508356232020410e-01,1.816663295925056987e-01,4.599035383195410054e-01,6.614398366048601652e-01,6.690698354373508794e-01,-2.045725582988111579e-01,-3.917276981154365068e-01,-3.129975581290621589e-01
1.740376881938331053e+02,4.313559253193206544e-01,1.804107573412140897e-01,4.574960438914028593e-01,6.595144194342058563e-01,6.710989954971294802e-01,-2.053280700550303706e-01,-3.942378403301719514e-01,-3.155896231796396223e-01
1.740438143583014892e+02,4.354731906081101833e-01,1.791506346442747755e-01,4.550732771375338159e-01,6.575731411010699023e-01,6.730445856528688431e-01,-2.060580657431139995e-01,-3.967134505190545446e-01,-3.181756313281556281e-01
1.740499405227699015e+02,4.396021159298886816e-01,1.778861190908638257e-01,4.526354529342961897e-01,6.556160405041469019e-01,6.749054377735426158e-01,-2.067621313948256878e-01,-3.991534436367344951e-01,-3.207549966598844948e-01
1.740560666872383138e+02,4.437421786808109503e-01,1.766173707729546960e-01,4.501827927817950159e-01,6.536431601413423831e-01,6.766804208487144923e-01,-2.074398640896460144e-01,-4.015567427720817539e-01,-3.233271302863199304e-01
1.740621928517066976e+02,4.478928494480185485e-01,1.753445522149201796e-01,4.477155247474255972e-01,6.516545461251097571e-01,6.783684422759245214e-01,-2.080908723983873609e-01,-4.039222801071999935e-01,-3.258914406215820958e-01
1.740683190161751099e+02,4.520535922428443043e-01,1.740678283039442664e-01,4.452338834132132939e-01,6.496502482014810953e-01,6.799684491766045946e-01,-2.087147768360045619e-01,-4.062489978923604639e-01,-3.284473336587668268e-01
1.740744451806434938e+02,4.562238647538975345e-01,1.727873662133919686e-01,4.427381098052042274e-01,6.476303197606700923e-01,6.814794296063592105e-01,-2.093112102832045962e-01,-4.085358494023289544e-01,-3.309942132541665027e-01
1.740805713451119061e+02,4.604031185980288488e-01,1.715033353270347394e-01,4.402284513265949939e-01,6.455948178513435387e-01,6.829004137903126326e-01,-2.098798184160981517e-01,-4.107817999066838421e-01,-3.335314814111671744e-01
1.740866975095802900e+02,4.645907995824384851e-01,1.702159071593500883e-01,4.377051616812581702e-01,6.435438031910953871e-01,6.842304752996477557e-01,-2.104202601185770904e-01,-4.129858276318462695e-01,-3.360585385685017079e-01
1.740928236740487023e+02,4.687863479767083730e-01,1.689252552722632361e-01,4.351685007879769196e-01,6.414773401730727853e-01,6.854687321628131214e-01,-2.109322078751559859e-01,-4.151469247098987236e-01,-3.385747838915162955e-01
1.740989498385170862e+02,4.729891987837226419e-01,1.676315551924288660e-01,4.326187346979860071e-01,6.393954968762857183e-01,6.866143480025377333e-01,-2.114153481721793570e-01,-4.172640981429966422e-01,-3.410796155641520055e-01
1.741050760029854985e+02,4.771987820268872582e-01,1.663349843225460645e-01,4.300561354953857385e-01,6.372983450673072037e-01,6.876665330450423275e-01,-2.118693818601683487e-01,-4.193363707327626422e-01,-3.435724310847621532e-01
1.741112021674538823e+02,4.814145230359567762e-01,1.650357218532943759e-01,4.274809812008726895e-01,6.351859602056427745e-01,6.886245451518615557e-01,-2.122940245234422596e-01,-4.213627820231983789e-01,-3.460526275623591608e-01
1.741173283319222946e+02,4.856358427419849022e-01,1.637339486719488202e-01,4.248935556662770119e-01,6.330584214452023017e-01,6.894876907786631204e-01,-2.126890068275635870e-01,-4.233423892249604248e-01,-3.485196020150000407e-01
1.741234544963906785e+02,4.898621579799875558e-01,1.624298472681084959e-01,4.222941484603723317e-01,6.309158116318647203e-01,6.902553258556309856e-01,-2.130540748426623943e-01,-4.252742681161881810e-01,-3.509727516689268856e-01
1.741295806608590908e+02,4.940928817912413340e-01,1.611236016397222526e-01,4.196830547575246539e-01,6.287582173046930567e-01,6.909268566907328379e-01,-2.133889903742049177e-01,-4.271575139581650915e-01,-3.534114742592043834e-01
1.741357068253274747e+02,4.983274237376718041e-01,1.598153971944424045e-01,4.170605752105340791e-01,6.265857286884872757e-01,6.915017407265676708e-01,-2.136935312482722005e-01,-4.289912423598187252e-01,-3.558351683300068902e-01
1.741418329897958870e+02,5.025651902155017225e-01,1.585054206513897557e-01,4.144270158263944626e-01,6.243984396899807665e-01,6.919794873174255345e-01,-2.139674916033408592e-01,-4.307745901549797085e-01,-3.582432335361205311e-01
1.741479591542642993e+02,5.068055847756020027e-01,1.571938599403421288e-01,4.117826878335819063e-01,6.221964478901077511e-01,6.923596584215830907e-01,-2.142106821556939988e-01,-4.325067162508544061e-01,-3.606350709443068570e-01
1.741540853187326832e+02,5.110480084489836816e-01,1.558809040988359818e-01,4.091279075414905875e-01,6.199798545323765842e-01,6.926418692048178505e-01,-2.144229304369487665e-01,-4.341868024432496975e-01,-3.630100833331451615e-01
1.741602114832010955e+02,5.152918600725855391e-01,1.545667431693509009e-01,4.064629962022658360e-01,6.177487645148342921e-01,6.928257886640595276e-01,-2.146040810381381614e-01,-4.358140542456269695e-01,-3.653676754951797334e-01
1.741663376476694793e+02,5.195365366224390380e-01,1.532515680932990954e-01,4.037882798586317490e-01,6.155032863734456461e-01,6.929111400907297380e-01,-2.147539958031091101e-01,-4.373877016519514549e-01,-3.677072545345187460e-01
1.741724638121378916e+02,5.237814335466803861e-01,1.519355706052375188e-01,4.011040891942596609e-01,6.132435322690628077e-01,6.928977015522858052e-01,-2.148725540277589552e-01,-4.389069999114554865e-01,-3.700282301664822304e-01
1.741785899766062755e+02,5.280259451025280937e-01,1.506189431253641131e-01,3.984107593766931243e-01,6.109696179705100816e-01,6.927853062805015005e-01,-2.149596526297018473e-01,-4.403712302652579291e-01,-3.723300150148627363e-01
1.741847161410746878e+02,5.322694646955740128e-01,1.493018786508226170e-01,3.957086298935741930e-01,6.086816628338477253e-01,6.925738429641261629e-01,-2.150152062873751102e-01,-4.417797006409536209e-01,-3.746120249054649687e-01
1.741908423055430717e+02,5.365113852199404620e-01,1.479845706469050670e-01,3.929980443908637211e-01,6.063797897851515017e-01,6.922632560594451645e-01,-2.150391475849552370e-01,-4.431317463599964146e-01,-3.768736791627942395e-01
1.741969684700114840e+02,5.407510994007712624e-01,1.466672129366661248e-01,3.902793504992873586e-01,6.040641252949032758e-01,6.918535459322894265e-01,-2.150314271031673885e-01,-4.444267307657434607e-01,-3.791144008981242597e-01
1.742030946344798679e+02,5.449880001371014693e-01,1.453499995905902786e-01,3.875528996629708511e-01,6.017347993558985753e-01,6.913447690169223225e-01,-2.149920135154747003e-01,-4.456640458626864310e-01,-3.813336173005050789e-01
1.742092207989482802e+02,5.492214808457553943e-01,1.440331248154821664e-01,3.848190469619264809e-01,5.993919454573742867e-01,6.907370378770453234e-01,-2.149208936527201852e-01,-4.468431129095427057e-01,-3.835307599232564701e-01
1.742153469634166640e+02,5.534509358045751615e-01,1.427167828431262775e-01,3.820781509292436318e-01,5.970357005554619567e-01,6.900305211683819273e-01,-2.148180725358137255e-01,-4.479633829630850217e-01,-3.857052649646846021e-01
1.742214731278850763e+02,5.576757604970397075e-01,1.414011678186751220e-01,3.793305733698950077e-01,5.946662050470463701e-01,6.892254436176954435e-01,-2.146835734137220453e-01,-4.490243374339119020e-01,-3.878565735528529679e-01
1.742275992923534886e+02,5.618953519540068609e-01,1.400864736891334061e-01,3.765766791703673566e-01,5.922836027355586896e-01,6.883220858312709689e-01,-2.145174377459312665e-01,-4.500254885523666259e-01,-3.899841320178947801e-01
1.742337254568218725e+02,5.661091090963433770e-01,1.387728940917341003e-01,3.738168361101473214e-01,5.898880408001826448e-01,6.873207841198104573e-01,-2.143197251901064748e-01,-4.509663798452199779e-01,-3.920873921682284102e-01
1.742398516212902848e+02,5.703164330755652323e-01,1.374606222425162338e-01,3.710514146685690018e-01,5.874796697614479424e-01,6.862219302250732733e-01,-2.140905135575926488e-01,-4.518465865600613252e-01,-3.941658115603144941e-01
1.742459777857586687e+02,5.745167276108104071e-01,1.361498508256556161e-01,3.682807878279619196e-01,5.850586434433564520e-01,6.850259709496061555e-01,-2.138298987369637305e-01,-4.526657160352029474e-01,-3.962188537608045125e-01
1.742521039502270810e+02,5.787093993276899440e-01,1.348407718823645407e-01,3.655053308780579768e-01,5.826251189387747775e-01,6.837334078023381556e-01,-2.135379946226586001e-01,-4.534234080810144452e-01,-3.982459886137024174e-01
1.742582301146954649e+02,5.828938580890933308e-01,1.335335767015836950e-01,3.627254212140934575e-01,5.801792565671952673e-01,6.823447964781281794e-01,-2.132149329887808586e-01,-4.541193352640911507e-01,-4.002466924915698554e-01
1.742643562791638772e+02,5.870695173273858813e-01,1.322284557104065339e-01,3.599414381364424709e-01,5.777212198357806194e-01,6.808607463541733740e-01,-2.128608633682148310e-01,-4.547532032021955883e-01,-4.022204485516603367e-01
1.742704824436322610e+02,5.912357943716649578e-01,1.309255983656791855e-01,3.571537626472722216e-01,5.752511753970105390e-01,6.792819198921098423e-01,-2.124759529003902858e-01,-4.553247508029706903e-01,-4.041667469839003712e-01
1.742766086081006733e+02,5.953921107684452263e-01,1.296251930473169278e-01,3.543627772452276337e-01,5.727692930031308416e-01,6.776090319489808111e-01,-2.120603861485107211e-01,-4.558337504452554256e-01,-4.060850852496891150e-01
1.742827347725690572e+02,5.995378926047212342e-01,1.283274269510312204e-01,3.515688657210199741e-01,5.702757454636899759e-01,6.758428491044069508e-01,-2.116143649219543177e-01,-4.562800081717761636e-01,-4.079749683267246407e-01
1.742888609370374695e+02,6.036725708180434857e-01,1.270324859844922105e-01,3.487724129497568049e-01,5.677707085959871058e-01,6.739841888324686892e-01,-2.111381080466169236e-01,-4.566633637809244806e-01,-4.098359089347856643e-01
1.742949871015058534e+02,6.077955815085226421e-01,1.257405546630543380e-01,3.459738046844660353e-01,5.652543611786335909e-01,6.720339186917237972e-01,-2.106318511409727978e-01,-4.569836909298202743e-01,-4.116674277675224647e-01
1.743011132659742657e+02,6.119063662431125650e-01,1.244518160075893110e-01,3.431734273483935671e-01,5.627268849019900765e-01,6.699929554289545397e-01,-2.100958463629636619e-01,-4.572408971796294019e-01,-4.134690537146724632e-01
1.743072394304426780e+02,6.160043723506760660e-01,1.231664514449308384e-01,3.403716678271018758e-01,5.601884643157063470e-01,6.678622640014776346e-01,-2.095303621290909302e-01,-4.574349239830423630e-01,-4.152403240738209433e-01
1.743133655949110619e+02,6.200890532199359040e-01,1.218846407075673821e-01,3.375689132611184307e-01,5.576392867791502006e-01,6.656428566167713612e-01,-2.089356828390369070e-01,-4.575657466835655329e-01,-4.169807847692278413e-01
1.743194917593794742e+02,6.241598685799205626e-01,1.206065617382973548e-01,3.347655508384268508e-01,5.550795424053696081e-01,6.633357916332424109e-01,-2.083121085529307526e-01,-4.576333744138643689e-01,-4.186899905489828155e-01
1.743256179238478580e+02,6.282162847829244612e-01,1.193323905942629548e-01,3.319619675877913401e-01,5.525094240079706509e-01,6.609421724810262688e-01,-2.076599546749603176e-01,-4.576378500063935095e-01,-4.203675051892752368e-01
1.743317440883162703e+02,6.322577750772703231e-01,1.180623013539361249e-01,3.291585501726169705e-01,5.499291270451795999e-01,6.584631465081143276e-01,-2.069795516112131750e-01,-4.575792498472263659e-01,-4.220129016879586303e-01
1.743378702527846542e+02,6.362838198685550894e-01,1.167964660275103289e-01,3.263556846863561733e-01,5.473388495613453752e-01,6.558999037580427460e-01,-2.062712444036106652e-01,-4.574576836740422148e-01,-4.236257624466825966e-01
1.743439964172530665e+02,6.402939069843314179e-01,1.155350544663630991e-01,3.235537564480918116e-01,5.447387921310984371e-01,6.532536757665533544e-01,-2.055353923699219931e-01,-4.572732943868209055e-01,-4.252056794611363544e-01
1.743501225817214504e+02,6.442875319173483328e-01,1.142782342788383337e-01,3.207531498010086635e-01,5.421291577977400689e-01,6.505257342405308396e-01,-2.047723687027733497e-01,-4.570262577611722832e-01,-4.267522544874676749e-01
1.743562487461898627e+02,6.482641980719502373e-01,1.130261707452007297e-01,3.179542479113015019e-01,5.395101520143126272e-01,6.477173897591887997e-01,-2.039825600757592117e-01,-4.567167821753601031e-01,-4.282650992169154125e-01
1.743623749106582466e+02,6.522234169982070728e-01,1.117790267362676754e-01,3.151574325693137224e-01,5.368819825821978808e-01,6.448299904149920048e-01,-2.031663662281824601e-01,-4.563451082837969852e-01,-4.297438354388898873e-01
1.743685010751266589e+02,6.561647086126617401e-01,1.105369626361066143e-01,3.123630839938739689e-01,5.342448595875138873e-01,6.418649204016041443e-01,-2.023241995306682695e-01,-4.559115086389375904e-01,-4.311880951919296878e-01
1.743746272395950427e+02,6.600876014231271682e-01,1.093001362636079471e-01,3.095715806364004452e-01,5.315989953399048451e-01,6.388235986226749041e-01,-2.014564845575056995e-01,-4.554162873271246914e-01,-4.325975209237807317e-01
1.743807534040634550e+02,6.639916327287963549e-01,1.080687028015205747e-01,3.067832989907819385e-01,5.289446043063220637e-01,6.357074772075407276e-01,-2.005636576256061288e-01,-4.548597795139564526e-01,-4.339717656259660661e-01
1.743868795685318673e+02,6.678763488242438484e-01,1.068428147244267351e-01,3.039986134032431897e-01,5.262819030472116744e-01,6.325180400513391588e-01,-1.996461663413327536e-01,-4.542423510050103697e-01,-4.353104929776256959e-01
1.743930057330002512e+02,6.717413051895371190e-01,1.056226217309768900e-01,3.012178958860142197e-01,5.236111101505978027e-01,6.292568013111575764e-01,-1.987044691310684008e-01,-4.535643977583518893e-01,-4.366133774772135712e-01
1.743991318974686635e+02,6.755860666656169355e-01,1.044082706806908345e-01,2.984415159356798020e-01,5.209324461643439763e-01,6.259253038661760637e-01,-1.977390347580252339e-01,-4.528263453515863901e-01,-4.378801045616374510e-01
1.744052580619370474e+02,6.794102076343840890e-01,1.031999055294204048e-01,2.956698403508520867e-01,5.182461335305096339e-01,6.225251178003616825e-01,-1.967503418464083276e-01,-4.520286484642937475e-01,-4.391103707354593877e-01
1.744113842264054597e+02,6.832133121716561508e-01,1.019976672731692097e-01,2.929032330582481136e-01,5.155523965155023314e-01,6.190578388188411330e-01,-1.957388783806525423e-01,-4.511717902796770763e-01,-4.403038836733463302e-01
1.744175103908738436e+02,6.869949742047934960e-01,1.008016938905991200e-01,2.901420549382542902e-01,5.128514611423358183e-01,6.155250866904314888e-01,-1.947051412131914627e-01,-4.502562819032931984e-01,-4.414603623327547077e-01
1.744236365553422559e+02,6.907547976553469748e-01,9.961212029021267178e-02,2.873866636556697829e-01,5.101435551211634944e-01,6.119285036633886898e-01,-1.936496355614611420e-01,-4.492826617405109024e-01,-4.425795370541124041e-01
1.744297627198106397e+02,6.944923965661431442e-01,9.842907826243596503e-02,2.846374134964085867e-01,5.074289077783764590e-01,6.082697528626083150e-01,-1.925728744967744599e-01,-4.482514948361167040e-01,-4.436611496482238404e-01
1.744358888842790520e+02,6.982073952337840561e-01,9.725269643013050025e-02,2.818946552030316965e-01,5.047077499874765838e-01,6.045505167105915678e-01,-1.914753784410360149e-01,-4.471633722307251646e-01,-4.447049534945644034e-01
1.744420150487474359e+02,7.018994283124065925e-01,9.608310020809091023e-02,2.791587358209817182e-01,5.019803140965793942e-01,6.007724953095527898e-01,-1.903576746473624737e-01,-4.460189102482609025e-01,-4.457107136119861091e-01
1.744481412132158482e+02,7.055681409229324075e-01,9.492041176095968036e-02,2.764299985437553286e-01,4.992468338576939169e-01,5.969374048506774777e-01,-1.892202966896721350e-01,-4.448187498021027309e-01,-4.466782067404942436e-01
1.744542673776842321e+02,7.092131887467778562e-01,9.376474996606382062e-02,2.737087825644002326e-01,4.965075443546655976e-01,5.930469760136745094e-01,-1.880637839470690742e-01,-4.435635556680397884e-01,-4.476072214103467006e-01
1.744603935421526444e+02,7.128342381036997244e-01,9.261623038131322483e-02,2.709954229339967546e-01,4.937626819300754422e-01,5.891029523647616228e-01,-1.868886810856654479e-01,-4.422540157279294948e-01,-4.484975579983350169e-01
1.744665197066210567e+02,7.164309660357880416e-01,9.147496521128560543e-02,2.682902504184404013e-01,4.910124841135731222e-01,5.851070887788212271e-01,-1.856955375484878046e-01,-4.408908402313678754e-01,-4.493490287956305451e-01
1.744726458710894406e+02,7.200030603619488323e-01,9.034106328265271990e-02,2.655935913678310056e-01,4.882571895476836565e-01,5.810611498495155125e-01,-1.844849070380489009e-01,-4.394747610017464279e-01,-4.501614580475692962e-01
1.744787720355578529e+02,7.235502197387029266e-01,8.921463001774855572e-02,2.629057675842145225e-01,4.854970379150551074e-01,5.769669083265253073e-01,-1.832573470080100242e-01,-4.380065306621961363e-01,-4.509346820051750027e-01
1.744848982000262367e+02,7.270721537054036787e-01,8.809576741313537851e-02,2.602270961965294505e-01,4.827322698647463217e-01,5.728261435591599504e-01,-1.820134181549591390e-01,-4.364869218370548976e-01,-4.516685489639833406e-01
1.744910243644946490e+02,7.305685827137838873e-01,8.698457402322867793e-02,2.575578895432990012e-01,4.799631269378684673e-01,5.686406399540381296e-01,-1.807536839128435491e-01,-4.349167263330130928e-01,-4.523629192901389984e-01
1.744971505289630329e+02,7.340392381643842112e-01,8.588114494186156744e-02,2.548984550530595250e-01,4.771898514942972125e-01,5.644121854563248775e-01,-1.794787099554074061e-01,-4.332967543390795484e-01,-4.530176654585597040e-01
1.745032766934314452e+02,7.374838624134903986e-01,8.478557179328691240e-02,2.522490951388848823e-01,4.744126866377199603e-01,5.601425700439172095e-01,-1.781890636995842048e-01,-4.316278335849768055e-01,-4.536326720628805487e-01
1.745094028578998291e+02,7.409022087872049189e-01,8.369794272104498500e-02,2.496101070906403263e-01,4.716318761417577776e-01,5.558335842475350397e-01,-1.768853138177191031e-01,-4.299108085201215346e-01,-4.542078358376190894e-01
1.745155290223682414e+02,7.442940415803608323e-01,8.261834238175150280e-02,2.469817829751061733e-01,4.688476643755532525e-01,5.514870176913427846e-01,-1.755680297546751145e-01,-4.281465394766916788e-01,-4.547430656679901650e-01
1.745216551868366253e+02,7.476591360355633320e-01,8.154685194532883263e-02,2.443644095465789257e-01,4.660602962287910822e-01,5.471046576643578963e-01,-1.742377812527857450e-01,-4.263359018164897818e-01,-4.552382825808132805e-01
1.745277813513050376e+02,7.509972783465400648e-01,8.048354908761154447e-02,2.417582681465623440e-01,4.632700170382526017e-01,5.426882877056053989e-01,-1.728951378833138985e-01,-4.244797851162713243e-01,-4.556934197678338960e-01
1.745339075157734214e+02,7.543082656216252291e-01,7.942850799576352261e-02,2.391636346236610533e-01,4.604770725127745878e-01,5.382396862254827941e-01,-1.715406685856234736e-01,-4.225790923101999108e-01,-4.561084225676897974e-01
1.745400336802418337e+02,7.575919058364157799e-01,7.838179937731359903e-02,2.365807792604704141e-01,4.576817086586269512e-01,5.337606251651145772e-01,-1.701749412174992093e-01,-4.206347388331576620e-01,-4.564832484397280399e-01
1.745461598447102460e+02,7.608480177902131603e-01,7.734349046811499206e-02,2.340099666997580430e-01,4.548841717055043810e-01,5.292528686832909113e-01,-1.687985221146170445e-01,-4.186476517810958642e-01,-4.568178669454716623e-01
1.745522860091786299e+02,7.640764310614692745e-01,7.631364504073838428e-02,2.314514558720467963e-01,4.520847080327048961e-01,5.247181718688715968e-01,-1.674119756580047524e-01,-4.166187690800009502e-01,-4.571122597324517312e-01
1.745584121736470422e+02,7.672769859688516325e-01,7.529232341113435700e-02,2.289054999204759855e-01,4.492835640950765264e-01,5.201582794655857933e-01,-1.660158638458144598e-01,-4.145490386658701176e-01,-4.573664205277711559e-01
1.745645383381154261e+02,7.704495334833192377e-01,7.427958246118607222e-02,2.263723461531102488e-01,4.464809863488685138e-01,5.155749246717742373e-01,-1.646107458848405369e-01,-4.124394176306649396e-01,-4.575803550796883057e-01
1.745706645025838384e+02,7.735939351470920711e-01,7.327547565920804196e-02,2.238522359932935135e-01,4.436772211784081321e-01,5.109698279704081303e-01,-1.631971777924534905e-01,-4.102908713918663186e-01,-4.577540811096915685e-01
1.745767906670522223e+02,7.767100629924553745e-01,7.228005308062683543e-02,2.213454049312770233e-01,4.408725148230755453e-01,5.063446959889532639e-01,-1.617757120081306232e-01,-4.081043728750187172e-01,-4.578876282669834819e-01
1.745829168315206346e+02,7.797977994603726426e-01,7.129336142883883898e-02,2.188520824769404904e-01,4.380671133043960719e-01,5.017012203861721531e-01,-1.603468970136237015e-01,-4.058809017074476166e-01,-4.579810380853951424e-01
1.745890429959890184e+02,7.828570373364202029e-01,7.031544405051788627e-02,2.163724921026070058e-01,4.352612623520881185e-01,4.970410767294964893e-01,-1.589112769513885415e-01,-4.036214434278665997e-01,-4.580343639628718932e-01
1.745951691604574307e+02,7.858876795835321172e-01,6.934634098458879181e-02,2.139068512482515949e-01,4.324552073340247604e-01,4.923659235747709917e-01,-1.574693912999717005e-01,-4.013269886578580969e-01,-4.580476710242943894e-01
1.746012953249258146e+02,7.888896392899304999e-01,6.838608897390224817e-02,2.114553712598607749e-01,4.296491931824693022e-01,4.876774013843809819e-01,-1.560217745066255490e-01,-3.989985323445113807e-01,-4.580210361193013946e-01
1.746074214893942269e+02,7.918628395328131120e-01,6.743472150440175950e-02,2.090182573787067455e-01,4.268434643232981718e-01,4.829771316161241002e-01,-1.545689556682911248e-01,-3.966370729761329317e-01,-4.579545477239938545e-01
1.746135476538626108e+02,7.948072132581327498e-01,6.649226883920975051e-02,2.065957087227715816e-01,4.240382646052017201e-01,4.782667158183289136e-01,-1.531114582159912030e-01,-3.942436118209914353e-01,-4.578483058631570568e-01
1.746196738183310231e+02,7.977227031649385403e-01,6.555875805133438983e-02,2.041879182663378922e-01,4.212338372285678312e-01,4.735477347431523709e-01,-1.516497996055118092e-01,-3.918191521800911681e-01,-4.577024220391305853e-01
1.746257999827994354e+02,8.006092615665040269e-01,6.463421306409310174e-02,2.017950728354829526e-01,4.184304246760831014e-01,4.688217475393941513e-01,-1.501844910321078475e-01,-3.893646986494073148e-01,-4.575170191344972159e-01
1.746319261472678193e+02,8.034668502609566554e-01,6.371865468855320014e-02,1.994173530989020449e-01,4.156282686428838802e-01,4.640902909552350741e-01,-1.487160371492580735e-01,-3.868812563986132047e-01,-4.572922313268765748e-01
1.746380523117362316e+02,8.062954403916682278e-01,6.281210066444875562e-02,1.970549335665695290e-01,4.128276099676148059e-01,4.593548785937615064e-01,-1.472449358038420975e-01,-3.843698304629006302e-01,-4.570282039923077022e-01
1.746441784762046154e+02,8.090950122981823700e-01,6.191456570433959139e-02,1.947079825961543220e-01,4.100286885646874935e-01,4.546170002239364738e-01,-1.457716777887276827e-01,-3.818314250509360908e-01,-4.567250935976804871e-01
1.746503046406730277e+02,8.118655553764964061e-01,6.102606153481115320e-02,1.923766623944823950e-01,4.072317433557263722e-01,4.498781210967371935e-01,-1.442967465978445829e-01,-3.792670428664906557e-01,-4.563830676047578305e-01
1.746564308051414116e+02,8.146070679186814267e-01,6.014659694461114287e-02,1.900611290344655369e-01,4.044370122035177983e-01,4.451396813477094261e-01,-1.428206182079480580e-01,-3.766776844488738396e-01,-4.560023043491505113e-01
1.746625569696098239e+02,8.173195569622212497e-01,5.927617782970642096e-02,1.877615324668916452e-01,4.016447318451433213e-01,4.404030954036712298e-01,-1.413437608625953135e-01,-3.740643475272342200e-01,-4.555829929309149762e-01
1.746686831340782078e+02,8.200030381307532590e-01,5.841480724130126284e-02,1.854780165395849556e-01,3.988551378263657798e-01,4.356697514436692065e-01,-1.398666348732886811e-01,-3.714280263923629422e-01,-4.551253330942588993e-01
1.746748092985466201e+02,8.226575354670651041e-01,5.756248543655400479e-02,1.832107190237557970e-01,3.960684644375365160e-01,4.309410109157559843e-01,-1.383896924384182547e-01,-3.687697112885416906e-01,-4.546295350969049576e-01
1.746809354630150040e+02,8.252830812755095335e-01,5.671920992628803199e-02,1.809597716350279106e-01,3.932849446483503431e-01,4.262182080534498985e-01,-1.369133774629277545e-01,-3.660903878163363490e-01,-4.540958195904376549e-01
1.746870616274834163e+02,8.278797159464708066e-01,5.588497552879474750e-02,1.787253000692303750e-01,3.905048100458445859e-01,4.215026494818825964e-01,-1.354381254061412798e-01,-3.633910363617585126e-01,-4.535244174769947345e-01
1.746931877919518001e+02,8.304474877905845265e-01,5.505977442051877141e-02,1.765074240326724719e-01,3.877282907712390481e-01,4.167956138221879381e-01,-1.339643631298905735e-01,-3.606726315362467350e-01,-4.529155697769651767e-01
1.746993139564202124e+02,8.329864528660136935e-01,5.424359618917679038e-02,1.743062572792031251e-01,3.849556154583514411e-01,4.120983513494390627e-01,-1.324925087638247900e-01,-3.579361416373290639e-01,-4.522695274864329540e-01
1.747054401208886247e+02,8.354966747996723786e-01,5.343642788903259916e-02,1.721219076537989778e-01,3.821870111738396858e-01,4.074120837047210397e-01,-1.310229715882101353e-01,-3.551825281319971883e-01,-4.515865514249980395e-01
1.747115662853570086e+02,8.379782246177711613e-01,5.263825409317175047e-02,1.699544771305427915e-01,3.794227033559676165e-01,4.027380036014149844e-01,-1.295561519156648578e-01,-3.524127451479741047e-01,-4.508669120938622044e-01
1.747176924498254209e+02,8.404311805611717201e-01,5.184905695099700784e-02,1.678040618644656423e-01,3.766629157573136433e-01,3.980772746212623558e-01,-1.280924410014615822e-01,-3.496277389971477190e-01,-4.501108895119162456e-01
1.747238186142938048e+02,8.428556279103507354e-01,5.106881624262556152e-02,1.656707522375887309e-01,3.739078703859943231e-01,3.934310310029213720e-01,-1.266322209522399156e-01,-3.468284477065082805e-01,-4.493187730621164833e-01
1.747299447787622171e+02,8.452516588050288382e-01,5.029750943520189255e-02,1.635546329110859620e-01,3.711577874487655415e-01,3.888003774815864677e-01,-1.251758646513064788e-01,-3.440158005717872669e-01,-4.484908613283714596e-01
1.747360709432306010e+02,8.476193720593541148e-01,4.953511174084268553e-02,1.614557828832500208e-01,3.684128852962341716e-01,3.841863891794112806e-01,-1.237237357005438326e-01,-3.411907177353345477e-01,-4.476274619236537688e-01
1.747421971076990133e+02,8.499588729861532466e-01,4.878159617164103123e-02,1.593742755416582835e-01,3.656733803662888249e-01,3.795901114849594138e-01,-1.222761883595345767e-01,-3.383541097686688093e-01,-4.467288913275763718e-01
1.747483232721673971e+02,8.522702732087062971e-01,4.803693359902179438e-02,1.573101787281495634e-01,3.629394871321202642e-01,3.750125600198622178e-01,-1.208335675127502618e-01,-3.355068772913075148e-01,-4.457954747038921361e-01
1.747544494366358094e+02,8.545536904818199497e-01,4.730109281007505856e-02,1.552635547978219177e-01,3.602114180484524697e-01,3.704547205926382314e-01,-1.193962086333700268e-01,-3.326499105936773226e-01,-4.448275457274916689e-01
1.747605756011041933e+02,8.568092485090702537e-01,4.657404056531269654e-02,1.532344606834402656e-01,3.574893834999290920e-01,3.659175491997329610e-01,-1.179644377626134638e-01,-3.297840892837151094e-01,-4.438254464028152935e-01
1.747667017655726056e+02,8.590370767570935095e-01,4.585574165756723525e-02,1.512229479648927455e-01,3.547735917518644033e-01,3.614019720728124385e-01,-1.165385715043673887e-01,-3.269102819582332953e-01,-4.427895268744704849e-01
1.747728279300409895e+02,8.612373102785326751e-01,4.514615896806004058e-02,1.492290629327546192e-01,3.520642488989360608e-01,3.569088857104158463e-01,-1.151189170154518771e-01,-3.240293458757197431e-01,-4.417201452464610822e-01
1.747789540945094018e+02,8.634100895251127783e-01,4.444525352597826495e-02,1.472528466635079913e-01,3.493615588190497889e-01,3.524391569921259681e-01,-1.137057720227120233e-01,-3.211421266679968523e-01,-4.406176673835168756e-01
1.747850802589778141e+02,8.655555601695449353e-01,4.375298456515851198e-02,1.452943350887110352e-01,3.466657231251384363e-01,3.479936232752107728e-01,-1.122994248351449620e-01,-3.182494580525817574e-01,-4.394824667210826541e-01
1.747912064234461980e+02,8.676738729249816595e-01,4.306930958173815077e-02,1.433535590688440331e-01,3.439769411193589477e-01,3.435730925336787367e-01,-1.109001543701171183e-01,-3.153521615688442137e-01,-4.383149240677637337e-01
1.747973325879146103e+02,8.697651833628481377e-01,4.239418439250652870e-02,1.414305444714534232e-01,3.412954097498818173e-01,3.391783435382589862e-01,-1.095082301932672059e-01,-3.124510463386295234e-01,-4.371154274010939922e-01
1.748034587523829941e+02,8.718296517387932321e-01,4.172756319057902702e-02,1.395253122434037263e-01,3.386213235653684483e-01,3.348101260167431481e-01,-1.081239125526727435e-01,-3.095469088251875944e-01,-4.358843716710286142e-01
1.748095849168514064e+02,8.738674428112009895e-01,4.106939860378526486e-02,1.376378784935749500e-01,3.359548746751325199e-01,3.304691608905966360e-01,-1.067474524380459394e-01,-3.066405326321993141e-01,-4.346221585879508353e-01
1.748157110813197903e+02,8.758787256679355648e-01,4.041964175033746498e-02,1.357682545695366727e-01,3.332962527069849856e-01,3.261561404901293093e-01,-1.053790916336057593e-01,-3.037326883002957612e-01,-4.333291964184716183e-01
1.748218372457882026e+02,8.778636735518507983e-01,3.977824229505948911e-02,1.339164471381782962e-01,3.306456447676896504e-01,3.218717288067183824e-01,-1.040190627833993964e-01,-3.008241331267791363e-01,-4.320058997748617013e-01
1.748279634102565865e+02,8.798224636858457126e-01,3.914514850592370337e-02,1.320824582699009764e-01,3.280032354061966360e-01,3.176165617801897656e-01,-1.026675894685217527e-01,-2.979156110088423959e-01,-4.306526893990426097e-01
1.748340895747249988e+02,8.817552771053843719e-01,3.852030730810429571e-02,1.302662855170139966e-01,3.253692065743419293e-01,3.133912475633717221e-01,-1.013248862774726727e-01,-2.950078522822031646e-01,-4.292699919534044284e-01
1.748402157391933827e+02,8.836622984858053531e-01,3.790366434001089108e-02,1.284679220013450751e-01,3.227437375936649810e-01,3.091963668556163003e-01,-9.999115889935285273e-02,-2.921015735999339391e-01,-4.278582397987534258e-01
1.748463419036617950e+02,8.855437159771554212e-01,3.729516400681325700e-02,1.266873564959485332e-01,3.201270051196851152e-01,3.050324732118401272e-01,-9.866660420965096823e-02,-2.891974778058595819e-01,-4.264178707791703160e-01
1.748524680681301788e+02,8.873997210388421264e-01,3.669474953417210805e-02,1.249245735100769500e-01,3.175191831089630989e-01,3.009000933830230928e-01,-9.735141036672782799e-02,-2.862962538300151683e-01,-4.249493280017949681e-01
1.748585942325985911e+02,8.892305082748140910e-01,3.610236302194155117e-02,1.231795533770139589e-01,3.149204427890887614e-01,2.967997276859998812e-01,-9.604575691834561779e-02,-2.833985766061499212e-01,-4.234530596125066215e-01
1.748647203970670034e+02,8.910362752754730220e-01,3.551794549561213682e-02,1.214522723362937984e-01,3.123309526259370195e-01,2.927318503480833001e-01,-9.474981490047684751e-02,-2.805051069820667098e-01,-4.219295185775308599e-01
1.748708465615353873e+02,8.928172224563639681e-01,3.494143695907156455e-02,1.197427026239145792e-01,3.097508782973977803e-01,2.886969099127650873e-01,-9.346374695652266695e-02,-2.776164916693374396e-01,-4.203791624549524930e-01
1.748769727260037996e+02,8.945735529036094036e-01,3.437277644509555141e-02,1.180508125568524719e-01,3.071803826643600410e-01,2.846953296187921256e-01,-9.218770744832228969e-02,-2.747333631850140678e-01,-4.188024531722475130e-01
1.748830988904721835e+02,8.963054722200347602e-01,3.381190206574553880e-02,1.163765666201917320e-01,3.046196257446237565e-01,2.807275078051572614e-01,-9.092184257609418896e-02,-2.718563398138764131e-01,-4.171998568001298868e-01
1.748892250549405958e+02,8.980131883726364395e-01,3.325875106245765322e-02,1.147199255564630843e-01,3.020687646898355672e-01,2.767938183396674301e-01,-8.966629050658840583e-02,-2.689860255909338194e-01,-4.155718433236989529e-01
1.748953512194089797e+02,8.996969115459814148e-01,3.271325985411868004e-02,1.130808464496246557e-01,2.995279537595281760e-01,2.728946110208624876e-01,-8.842118149293698437e-02,-2.661230102745625881e-01,-4.139188864186207351e-01
1.749014773838773920e+02,9.013568539941348989e-01,3.217536408587316765e-02,1.114592828158525034e-01,2.969973443018980586e-01,2.690302120329068347e-01,-8.718663801237280797e-02,-2.632678693574748707e-01,-4.122414632200917528e-01
1.749076035483457758e+02,9.029932298984924000e-01,3.164499867592100030e-02,1.098551846889110201e-01,2.944770847316670048e-01,2.652009243726128895e-01,-8.596277489522931303e-02,-2.604211640675274109e-01,-4.105400540969344481e-01
1.749137297128141881e+02,9.046062552270888180e-01,3.112209786195076211e-02,1.082684987074920696e-01,2.919673205109699077e-01,2.614070282971316939e-01,-8.474969946117580366e-02,-2.575834413872023498e-01,-4.088151424234719999e-01
1.749198558772825720e+02,9.061961475950114364e-01,3.060659524736904918e-02,1.066991682057256557e-01,2.894681941346229359e-01,2.576487817990381624e-01,-8.354751166498042281e-02,-2.547552340979175600e-01,-4.070672143490366435e-01
1.749259820417509843e+02,9.077631261325138645e-01,3.009842384478109145e-02,1.051471332935488140e-01,2.869798451078283685e-01,2.539264210215174677e-01,-8.235630422283170271e-02,-2.519370607910824122e-01,-4.052967585754765900e-01
1.749321082062193682e+02,9.093074113510276613e-01,2.959751612048861988e-02,1.036123309463918424e-01,2.845024099337275514e-01,2.502401607414331819e-01,-8.117616276155996402e-02,-2.491294259296421565e-01,-4.035042661271041609e-01
1.749382343706877805e+02,9.108292250124798706e-01,2.910380403797884277e-02,1.020946950947727999e-01,2.820360221031522063e-01,2.465901948590956405e-01,-8.000716597055362866e-02,-2.463328199218288994e-01,-4.016902301218852056e-01
1.749443605351561928e+02,9.123287900031592512e-01,2.861721909987148538e-02,1.005941567099776085e-01,2.795808120825218901e-01,2.429766968673071070e-01,-7.884938574722989701e-02,-2.435477191882559067e-01,-3.998551455462435733e-01
1.749504866996245767e+02,9.138063302110315256e-01,2.813769238872603981e-02,9.911064388749908638e-02,2.771369073011495932e-01,2.393998203104628075e-01,-7.770288733958748140e-02,-2.407745862284641214e-01,-3.979995090316636452e-01
1.749566128640929890e+02,9.152620704062804924e-01,2.766515460672609381e-02,9.764408192696791278e-02,2.747044321359410346e-01,2.358596992235755530e-01,-7.656772948239388976e-02,-2.380138696783173913e-01,-3.961238186327224464e-01
1.749627390285613728e+02,9.166962361213947252e-01,2.719953611590885181e-02,9.619439342230930168e-02,2.722835079092331134e-01,2.323564486477748547e-01,-7.544396455930724166e-02,-2.352660044285755092e-01,-3.942285736008644959e-01
1.749688651930297851e+02,9.181090535360969529e-01,2.674076697672702133e-02,9.476149834715900944e-02,2.698742528841236998e-01,2.288901651184665487e-01,-7.433163875632783912e-02,-2.325314117324105145e-01,-3.923142741628069530e-01
1.749749913574981690e+02,9.195007493657204600e-01,2.628877698546202082e-02,9.334531413787598708e-02,2.674767822591841981e-01,2.254609271411253113e-01,-7.323079221150873008e-02,-2.298104993109975624e-01,-3.903814213013625523e-01
1.749811175219665813e+02,9.208715507527022170e-01,2.584349571059586098e-02,9.194575577435278035e-02,2.650912081625235728e-01,2.220687956557503007e-01,-7.214145916123383684e-02,-2.271036614571557977e-01,-3.884305165381259917e-01
1.749872436864349652e+02,9.222216851606952481e-01,2.540485252825415777e-02,9.056273585761320799e-02,2.627176396432158167e-01,2.187138144814786134e-01,-7.106366808014029368e-02,-2.244112791289971653e-01,-3.864620617170030359e-01
1.749933698509033775e+02,9.235513802703861908e-01,2.497277665745804495e-02,8.919616469581456708e-02,2.603561826759132058e-01,2.153960108257227946e-01,-6.999744184313738682e-02,-2.217337201009863257e-01,-3.844765587884870772e-01
1.749994960153717614e+02,9.248608638793158754e-01,2.454719719397661232e-02,8.784595038587175719e-02,2.580069401628260484e-01,2.121153957664577705e-01,-6.894279787882087729e-02,-2.190713391027462320e-01,-3.824745095978464571e-01
1.750056221798401737e+02,9.261503638047563491e-01,2.412804314314958773e-02,8.651199889275458521e-02,2.556700119350063249e-01,2.088719647211976227e-01,-6.789974831877425288e-02,-2.164244779546335429e-01,-3.804564156757543891e-01
1.750117483443085575e+02,9.274201077893412526e-01,2.371524345178056825e-02,8.519421412666255966e-02,2.533454947529265033e-01,2.056656979037969069e-01,-6.686830014310435333e-02,-2.137934657002028005e-01,-3.784227780308238032e-01
1.750178745087769698e+02,9.286703234087202441e-01,2.330872703929229295e-02,8.389249801730125355e-02,2.510334823044041985e-01,2.024965607620930474e-01,-6.584845531978276989e-02,-2.111786187281304294e-01,-3.763740969424213545e-01
1.750240006732453821e+02,9.299012379827232833e-01,2.290842282807037736e-02,8.260675059486771721e-02,2.487340652156194154e-01,1.993645044688344969e-01,-6.484021096243976212e-02,-2.085802409473662133e-01,-3.743108717589793688e-01
1.750301268377137660e+02,9.311130784897138080e-01,2.251425977266912140e-02,8.133687006704717892e-02,2.464473310593854882e-01,1.962694663868330414e-01,-6.384355947982026103e-02,-2.059986239492334059e-01,-3.722336006994627078e-01
1.750362530021821783e+02,9.323060714835851304e-01,2.212616688811613191e-02,8.008275289379804263e-02,2.441733643626510797e-01,1.932113705204016596e-01,-6.285848872093345585e-02,-2.034340471652610061e-01,-3.701427806572613610e-01
1.750423791666505622e+02,9.334804430131307118e-01,2.174407327740664198e-02,7.884429386012486995e-02,2.419122466132379301e-01,1.901901279542631273e-01,-6.188498211626538431e-02,-2.008867780209833143e-01,-3.680389070059897905e-01
1.750485053311189745e+02,9.346364185428694960e-01,2.136790815844389138e-02,7.762138614627994704e-02,2.396640562639269223e-01,1.872056372743515495e-01,-6.092301881308583023e-02,-1.983570720789214481e-01,-3.659224734050203209e-01
1.750546314955873584e+02,9.357742228788537009e-01,2.099760088965534413e-02,7.641392140311048520e-02,2.374288687493978089e-01,1.842577850315356147e-01,-5.997257382581776958e-02,-1.958451732303554405e-01,-3.637939716149163893e-01
1.750607576600557707e+02,9.368940800968920124e-01,2.063308099472182383e-02,7.522178982382576873e-02,2.352067565003382321e-01,1.813464461811088446e-01,-5.903361817849949594e-02,-1.933513138736160653e-01,-3.616538913152367862e-01
1.750668838245241545e+02,9.379962134730005507e-01,2.027427818653744496e-02,7.404488021369522166e-02,2.329977889567104443e-01,1.784714845086128321e-01,-5.810611904289995217e-02,-1.908757150873222896e-01,-3.595027199246896843e-01
1.750730099889925668e+02,9.390808454158378060e-01,1.992112239048157360e-02,7.288308005787015598e-02,2.308020325801952710e-01,1.756327530431929518e-01,-5.719003987266536165e-02,-1.884185867988934227e-01,-3.573409424231475673e-01
1.750791361534609507e+02,9.401481974000694963e-01,1.957354376731024193e-02,7.173627558696511752e-02,2.286195508640022078e-01,1.728300944541792394e-01,-5.628534053194880760e-02,-1.859801279422062248e-01,-3.551690411728659624e-01
1.750852623179293630e+02,9.411984899058788434e-01,1.923147273431044524e-02,7.060435184635963091e-02,2.264504043551681944e-01,1.700633414812025568e-01,-5.539197743600669105e-02,-1.835605266594921015e-01,-3.529874957535775737e-01
1.750913884823977469e+02,9.422319423601778210e-01,1.889483998580271384e-02,6.948719276233679409e-02,2.242946506739634804e-01,1.673323173419645760e-01,-5.450990368444281337e-02,-1.811599604896461380e-01,-3.507967827991493870e-01
1.750975146468661592e+02,9.432487730796333958e-01,1.856357651300591730e-02,6.838468120631602254e-02,2.221523445323856927e-01,1.646368361267571412e-01,-5.363906919019170716e-02,-1.787785965509270103e-01,-3.485973758364514508e-01
1.751036408113345715e+02,9.442491992152987068e-01,1.823761362333554265e-02,6.729669905736376800e-02,2.200235377517767710e-01,1.619767031809151159e-01,-5.277942080461866386e-02,-1.764165917184505050e-01,-3.463897451259835281e-01
1.751097669758029554e+02,9.452334366976886670e-01,1.791688295948138179e-02,6.622312726278990758e-02,2.179082792778351263e-01,1.593517154720188178e-01,-5.193090243756177948e-02,-1.740740927909945335e-01,-3.441743575011863565e-01
1.751158931402713677e+02,9.462017001888984868e-01,1.760131651642578982e-02,6.516384590118282083e-02,2.158066152076431321e-01,1.567616619822781721e-01,-5.109345518656460694e-02,-1.717512366974967286e-01,-3.419516762251239572e-01
1.751220193047397515e+02,9.471542030357632536e-01,1.729084665802669424e-02,6.411873424269462496e-02,2.137185888137601852e-01,1.542063240806813285e-01,-5.026701745939608085e-02,-1.694481506901253931e-01,-3.397221608478994126e-01
1.751281454692081638e+02,9.480911572244409280e-01,1.698540613309013070e-02,6.308767080759840329e-02,2.116442405673414351e-01,1.516854758825983696e-01,-4.945152509249717970e-02,-1.671649525313945728e-01,-3.374862670660820907e-01
1.751342716336765477e+02,9.490127733362387907e-01,1.668492809099344013e-02,6.207053342328889417e-02,2.095836081603270618e-01,1.491988845979786427e-01,-4.864691146572069913e-02,-1.649017506757774754e-01,-3.352444465837289278e-01
1.751403977981449600e+02,9.499192605034451065e-01,1.638934609723360220e-02,6.106719927968919798e-02,2.075367265250767090e-01,1.467463108659494975e-01,-4.785310761252179607e-02,-1.626586444409740817e-01,-3.329971469715891086e-01
1.751465239626133439e+02,9.508108263728602960e-01,1.609859414667316052e-02,6.007754498594900655e-02,2.055036278654397697e-01,1.443275091072635241e-01,-4.707004233688330541e-02,-1.604357242144033024e-01,-3.307448115466430361e-01
1.751526501270817562e+02,9.516876770697800803e-01,1.581260667654726948e-02,5.910144662480096289e-02,2.034843416848800546e-01,1.419422278587559316e-01,-4.629764232422338421e-02,-1.582330716466607556e-01,-3.284878792515450452e-01
1.751587762915501401e+02,9.525500171630328916e-01,1.553131857908063643e-02,5.813877980537347084e-02,2.014788948135696756e-01,1.395902100961698977e-01,-4.553583224849222510e-02,-1.560507598388502226e-01,-3.262267845358127194e-01
1.751649024560185524e+02,9.533980496309216734e-01,1.525466521376556833e-02,5.718941971461874441e-02,1.994873114345066256e-01,1.372711935464267230e-01,-4.478453487580687925e-02,-1.538888535242804168e-01,-3.239619572383906076e-01
1.751710286204869362e+02,9.542319758267846508e-01,1.498258241969508374e-02,5.625324116745494124e-02,1.975096131071423233e-01,1.349849109880031928e-01,-4.404367116407131855e-02,-1.517474092402962549e-01,-3.216938224679128377e-01
1.751771547849553485e+02,9.550519954527036948e-01,1.471500652542084321e-02,5.533011865718706623e-02,1.955458188017835663e-01,1.327310905628243942e-01,-4.331316036719390361e-02,-1.496264755310208194e-01,-3.194228005057139774e-01
1.751832809494237608e+02,9.558583065331437423e-01,1.445187435874693491e-02,5.441992640397912140e-02,1.935959449310631630e-01,1.305094560724534003e-01,-4.259292013400583360e-02,-1.475260931376332907e-01,-3.171493067079216299e-01
1.751894071138921447e+02,9.566511053893074212e-01,1.419312325624497162e-02,5.352253840197058327e-02,1.916600053803327319e-01,1.283197272637055519e-01,-4.188286660368464170e-02,-1.454462951825030159e-01,-3.148737514089790523e-01
1.751955332783605570e+02,9.574305866140854215e-01,1.393869107253213960e-02,5.263782846518041264e-02,1.897380115370369547e-01,1.261616201046790176e-01,-4.118291449800740717e-02,-1.433871073476877811e-01,-3.125965398262643968e-01
1.752016594428289409e+02,9.581969430462899950e-01,1.368851618971840198e-02,5.176567027241860131e-02,1.878299723176820590e-01,1.240348470506039275e-01,-4.049297721013148804e-02,-1.413485480441576680e-01,-3.103180719619550443e-01
1.752077856072973532e+02,9.589503657533042791e-01,1.344253752426601001e-02,5.090593741159149532e-02,1.859358942048477958e-01,1.219391173158149849e-01,-3.981296689613887663e-02,-1.393306286078158651e-01,-3.080387425294934811e-01
1.752139117717657371e+02,9.596910440132125908e-01,1.320069453393764823e-02,5.005850342243248208e-02,1.840557812813087002e-01,1.198741371322819688e-01,-3.914279456200078777e-02,-1.373333534837634096e-01,-3.057589408783401019e-01
1.752200379362341494e+02,9.604191652973420590e-01,1.296292722456695787e-02,4.922324183806280062e-02,1.821896352630399674e-01,1.178396099986982193e-01,-3.848237014739542411e-02,-1.353567204045254269e-01,-3.034790509197906050e-01
1.752261641007025332e+02,9.611349152531188933e-01,1.272917615668483701e-02,4.840002622551194816e-02,1.803374555311753891e-01,1.158352369210356864e-01,-3.783160260667784575e-02,-1.334007205627560089e-01,-3.011994510535769276e-01
1.752322902651709455e+02,9.618384776859270069e-01,1.249938245241189426e-02,4.758873022551768361e-02,1.784992391616510854e-01,1.138607166445736868e-01,-3.719039998690839427e-02,-1.314653387753288438e-01,-2.989205140912796765e-01
1.752384164296393294e+02,9.625300345494968157e-01,1.227348779970301694e-02,4.678922759095861111e-02,1.766749809641183777e-01,1.119157458875423006e-01,-3.655866950709764363e-02,-1.295505536703559779e-01,-2.966426072056592145e-01
1.752445425941077417e+02,9.632097659353948682e-01,1.205143445681119453e-02,4.600139222406268713e-02,1.748646735180285072e-01,1.100000195634982247e-01,-3.593631763357080927e-02,-1.276563378632555590e-01,-2.943660918775141688e-01
1.752506687585761256e+02,9.638778500626541401e-01,1.183316525666399353e-02,4.522509821262656743e-02,1.730683072075764051e-01,1.081132309954234982e-01,-3.532325015254941109e-02,-1.257826581269844979e-01,-2.920913238432092385e-01
1.752567949230445379e+02,9.645344632674732743e-01,1.161862361117840976e-02,4.446021986536211057e-02,1.712858702555767609e-01,1.062550721223658318e-01,-3.471937224022138280e-02,-1.239294755569534112e-01,-2.898186530426403729e-01
1.752629210875129218e+02,9.651797799916841392e-01,1.140775351592305392e-02,4.370663174677300034e-02,1.695173487551312475e-01,1.044252336991252639e-01,-3.412458853037876605e-02,-1.220967457280366791e-01,-2.875484235636143193e-01
1.752690472519813341e+02,9.658139727797399043e-01,1.120049955211552782e-02,4.296420871001779135e-02,1.677627267097567820e-01,1.026234054938456458e-01,-3.353880318198715349e-02,-1.202844188709061707e-01,-2.852809736129477969e-01
1.752751734164497464e+02,9.664372122744878668e-01,1.099680688894869723e-02,4.223282592887318831e-02,1.660219860707720374e-01,1.008492764763870564e-01,-3.296191994353912108e-02,-1.184924400382831866e-01,-2.830166354843879351e-01
1.752812995809181302e+02,9.670496672128486848e-01,1.079662128590869880e-02,4.151235892888188728e-02,1.642951067735286541e-01,9.910253499957626111e-02,-3.239384221499127386e-02,-1.167207492656363449e-01,-2.807557355267868426e-01
1.752874257453865425e+02,9.676515044213510608e-01,1.059988909510353045e-02,4.080268361778745939e-02,1.625820667725673130e-01,9.738286897406296660e-02,-3.183447310752719750e-02,-1.149692817268316153e-01,-2.784985941123513387e-01
1.752935519098549264e+02,9.682428888102470044e-01,1.040655726400510975e-02,4.010367631572795549e-02,1.608828420746803434e-01,9.568996603768600839e-02,-3.128371550136588991e-02,-1.132379678826150038e-01,-2.762455256009506144e-01
1.752996780743233387e+02,9.688239833760362574e-01,1.021657333554526308e-02,3.941521378287552585e-02,1.591974067796111114e-01,9.402351371975041505e-02,-3.074147210245371450e-02,-1.115267336450918162e-01,-2.739968383314657641e-01
1.753058042387917226e+02,9.693949492025194514e-01,1.002988544863060195e-02,3.873717324647437538e-02,1.575257331181190434e-01,9.238319959798056702e-02,-3.020764549656052705e-02,-1.098355005330319267e-01,-2.717528346093235347e-01
1.753119304032601349e+02,9.699559454615582776e-01,9.846442338716756421e-03,3.806943242722551218e-02,1.558677914888857707e-01,9.076871144946233039e-02,-2.968213820131544028e-02,-1.081641858219541952e-01,-2.695138106938594347e-01
1.753180565677285188e+02,9.705071294135094728e-01,9.666193338455657605e-03,3.741186956511170780e-02,1.542235504943529900e-01,8.917973739621998241e-02,-2.916485271639883761e-02,-1.065127026894876483e-01,-2.672800567853937936e-01
1.753241827321969311e+02,9.710486564060946124e-01,9.489088378808069671e-03,3.676436344518528576e-02,1.525929769745900666e-01,8.761596604663755838e-02,-2.865569157221911287e-02,-1.048809603543071761e-01,-2.650518570080556691e-01
1.753303088966653149e+02,9.715806798814868861e-01,9.315077987557766198e-03,3.612679342036000801e-02,1.509760360479719399e-01,8.607708662943176769e-02,-2.815455737663590322e-02,-1.032688642280250590e-01,-2.628294894195380427e-01
1.753364350611337272e+02,9.721033513817237681e-01,9.144113288316088606e-03,3.549903943387038713e-02,1.493726911493474530e-01,8.456278912202075393e-02,-2.766135285965480584e-02,-1.016763160588278064e-01,-2.606132260164778502e-01
1.753425612256021111e+02,9.726168205536629419e-01,8.976145999643279222e-03,3.488098204123093321e-02,1.477829040670608496e-01,8.307276437393351642e-02,-2.717598091640209199e-02,-1.001032140702676210e-01,-2.584033327392529222e-01
1.753486873900705234e+02,9.731212351534596072e-01,8.811128434294887915e-03,3.427250243177595163e-02,1.462066349789191144e-01,8.160670422581731143e-02,-2.669834464856803841e-02,-9.854945309568458045e-02,-2.562000694761311093e-01
1.753548135545389357e+02,9.736167410493746788e-01,8.649013498972823663e-03,3.367348245034554322e-02,1.446438424863236427e-01,8.016430162549265104e-02,-2.622834740473383580e-02,-9.701492470694102199e-02,-2.540036900629145111e-01
1.753609397190073196e+02,9.741034822325411735e-01,8.489754691548398804e-03,3.308380461562161062e-02,1.430944836543936172e-01,7.874525073475005521e-02,-2.576589281809260265e-02,-9.549951735335544811e-02,-2.518144423090263317e-01
1.753670658834757319e+02,9.745816008259087226e-01,8.333306098830622899e-03,3.250335213837261122e-02,1.415585140497218064e-01,7.734924703208136132e-02,-2.531088484265298783e-02,-9.400311649329330665e-02,-2.496325680187441165e-01
1.753731920479441158e+02,9.750512370925936700e-01,8.179622394498665613e-03,3.193200893933929169e-02,1.400358877770063459e-01,7.597598741142309875e-02,-2.486322778804020764e-02,-9.252560472131356184e-02,-2.474583030114631266e-01
1.753793182124125281e+02,9.755125294436296501e-01,8.028658837202126350e-03,3.136965966683021717e-02,1.385265575146547856e-01,7.462517027738756192e-02,-2.442282635305657174e-02,-9.106686189131973919e-02,-2.452918771409667298e-01
1.753854443768809119e+02,9.759656144439771142e-01,7.880371269193862244e-03,3.081618971462442291e-02,1.370304745486924380e-01,7.329649563860433925e-02,-2.398958565848089905e-02,-8.962676523474165380e-02,-2.431335143099991880e-01
1.753915705413493242e+02,9.764106268261858457e-01,7.734716112522702081e-03,3.027148523625083562e-02,1.355475888118662098e-01,7.198966519047056423e-02,-2.356341127677038377e-02,-8.820518948644079371e-02,-2.409834325104661112e-01
1.753976967058177081e+02,9.768476995021297959e-01,7.591650365811180960e-03,2.973543315938847673e-02,1.340778489205317336e-01,7.070438239518704593e-02,-2.314420926069738621e-02,-8.680200700415988124e-02,-2.388418438583943815e-01
1.754038228702861204e+02,9.772769635740410354e-01,7.451131601235928825e-03,2.920792120003816786e-02,1.326212022104567012e-01,6.944035255869308865e-02,-2.273188617087586877e-02,-8.541708788394497542e-02,-2.367089546275692180e-01
1.754099490347545043e+02,9.776985483448470404e-01,7.313117961709698911e-03,2.868883787652032683e-02,1.311775947716278534e-01,6.819728290489279754e-02,-2.232634910231203265e-02,-8.405030007195275765e-02,-2.345849652818582098e-01
1.754160751992229166e+02,9.781125813267276259e-01,7.177568158613924568e-03,2.817807252391976713e-02,1.297469714815104869e-01,6.697488264891797438e-02,-2.192750571050614342e-02,-8.270150947197900393e-02,-2.324700705027067382e-01
1.754222013636913005e+02,9.785191882569810318e-01,7.044441467191795044e-03,2.767551530470512347e-02,1.283292760427335311e-01,6.577286305886895224e-02,-2.153526423410170865e-02,-8.137058005850500431e-02,-2.303644592411771275e-01
1.754283275281597128e+02,9.789184931119021549e-01,6.913697722553349516e-03,2.718105721965576385e-02,1.269244510187234609e-01,6.459093751601549527e-02,-2.114953351686591973e-02,-8.005737398414397576e-02,-2.282683147644571364e-01
1.754344536926281251e+02,9.793106181198708571e-01,6.785297315912859270e-03,2.669459011867606271e-02,1.255324378682997066e-01,6.342882157268571464e-02,-2.077022302882148078e-02,-7.876175168347496203e-02,-2.261818147007270130e-01
1.754405798570965089e+02,9.796956837736775503e-01,6.659201191054252289e-03,2.621600671154163814e-02,1.241531769793187273e-01,6.228623300816580471e-02,-2.039724288664193294e-02,-7.748357197364656723e-02,-2.241051310824339338e-01
1.754467060215649212e+02,9.800738088410477777e-01,6.535370841356046880e-03,2.574520057921152183e-02,1.227866077009193424e-01,6.116289188442873559e-02,-2.003050387386706363e-02,-7.622269215135484000e-02,-2.220384303846651419e-01
1.754528321860333051e+02,9.804451103821181235e-01,6.413768304586541132e-03,2.528206618117637486e-02,1.214326683794613726e-01,6.005852058974824048e-02,-1.966991745742686579e-02,-7.497896809339270330e-02,-2.199818735867686004e-01
1.754589583505017174e+02,9.808097037648858540e-01,6.294356158326645280e-03,2.482649886327524882e-02,1.200912963925856031e-01,5.897284388177592707e-02,-1.931539580383771423e-02,-7.375225435241233862e-02,-2.179356162282463094e-01
1.754650845149701013e+02,9.811677026798150125e-01,6.177097515647097387e-03,2.437839486550301416e-02,1.187624281822903249e-01,5.790558892900091875e-02,-1.896685179478226763e-02,-7.254240424948400767e-02,-2.158998084627332670e-01
1.754712106794385136e+02,9.815192191536235011e-01,6.061956021033186766e-03,2.393765132984379193e-02,1.174459992871086378e-01,5.685648535085251892e-02,-1.862419904216456104e-02,-7.134926996380303033e-02,-2.138745951101455045e-01
1.754773368439068975e+02,9.818643635612782639e-01,5.948895846870449686e-03,2.350416630877003032e-02,1.161419443730376810e-01,5.582526525829815955e-02,-1.828735190321358062e-02,-7.017270261938189646e-02,-2.118601157039130545e-01
1.754834630083753098e+02,9.822032446445655429e-01,5.837881687816098841e-03,2.307783876969491180e-02,1.148501972674706717e-01,5.481166328201490107e-02,-1.795622549175329360e-02,-6.901255237361410277e-02,-2.098565045600044310e-01
1.754895891728436936e+02,9.825359695286282058e-01,5.728878755804053639e-03,2.265856860003003653e-02,1.135706909914281221e-01,5.381541660086613943e-02,-1.763073568943376510e-02,-6.786866850181290378e-02,-2.078638908401174157e-01
1.754957153373121059e+02,9.828626437376219993e-01,5.621852775319788505e-03,2.224625661232472809e-02,1.123033577908674752e-01,5.283626496936325717e-02,-1.731079915654904627e-02,-6.674089947894430719e-02,-2.058823986127322481e-01
1.755018415017804898e+02,9.831833712095188194e-01,5.516769978936083597e-03,2.184080454951402989e-02,1.110481291671527870e-01,5.187395074431732506e-02,-1.699633334251482789e-02,-6.562909305887357214e-02,-2.039121469121386310e-01
1.755079676662489021e+02,9.834982543091436158e-01,5.413597103404899254e-03,2.144211509091431545e-02,1.098049359064270508e-01,5.092821891253691141e-02,-1.668725649658531554e-02,-6.453309635116449838e-02,-2.019532497925934089e-01
1.755140938307173144e+02,9.838073938474017899e-01,5.312301383753372137e-03,2.105009185413721923e-02,1.085737081113409691e-01,4.999881710601433715e-02,-1.638348767467341302e-02,-6.345275589827774343e-02,-2.000058164026976282e-01
1.755202199951856983e+02,9.841108890984954227e-01,5.212850548011483190e-03,2.066463939772404321e-02,1.073543752312640515e-01,4.908549561811460099e-02,-1.608494674637352129e-02,-6.238791774945570690e-02,-1.980699510539238595e-01
1.755263461596541106e+02,9.844088378162352271e-01,5.115212812219027336e-03,2.028566322394015353e-02,1.061468660916393969e-01,4.818800741926169279e-02,-1.579155440174528219e-02,-6.133842753217950972e-02,-1.961457532868293163e-01
1.755324723241224945e+02,9.847013362494800859e-01,5.019356875701669156e-03,1.991306978174994108e-02,1.049511089225644567e-01,4.730610817228225046e-02,-1.550323215791589958e-02,-6.030413052148952263e-02,-1.942333179350965167e-01
1.755385984885909068e+02,9.849884791558529695e-01,4.925251916892961143e-03,1.954676647060452424e-02,1.037670313864216265e-01,4.643955624923899739e-02,-1.521990236607739105e-02,-5.928487170737900547e-02,-1.923327351847994027e-01
1.755447246530592906e+02,9.852703598212625424e-01,4.832867587279978359e-03,1.918666164015540507e-02,1.025945606072706934e-01,4.558811273585377383e-02,-1.494148821458920161e-02,-5.828049586132950932e-02,-1.904440906522535115e-01
1.755508508175277029e+02,9.855470700774546788e-01,4.742174005971639024e-03,1.883266459078162397e-02,1.014336231989026588e-01,4.475154143749397045e-02,-1.466791373248003266e-02,-5.729084760018489375e-02,-1.885674654560732799e-01
1.755569769819960868e+02,9.858187003186489328e-01,4.653141754551142449e-03,1.848468557434481199e-02,1.002841452921100079e-01,4.392960888508947587e-02,-1.439910379285893813e-02,-5.631577144795685969e-02,-1.867029362867930475e-01
1.755631031464644991e+02,9.860853395173010405e-01,4.565741872201067343e-03,1.814263579518601843e-02,9.914605256125130772e-02,4.312208434109780081e-02,-1.413498411627914404e-02,-5.535511189582374009e-02,-1.848505754742125751e-01
1.755692293109328830e+02,9.863470752381906514e-01,4.479945851360063111e-03,1.780642741198524420e-02,9.801927025000935212e-02,4.232873980730809949e-02,-1.387548127462100676e-02,-5.440871346067502334e-02,-1.830104510501111281e-01
1.755753554754012953e+02,9.866039936579408254e-01,4.395725631621770144e-03,1.747597353559008151e-02,9.690372319836726422e-02,4.154935002048057435e-02,-1.362052269113393603e-02,-5.347642074173753618e-02,-1.811826268278804164e-01
1.755814816398696792e+02,9.868561795826195082e-01,4.313053594241982730e-03,1.715118822773159871e-02,9.579933586842251381e-02,4.078369244999095755e-02,-1.337003664103451027e-02,-5.255807847513387782e-02,-1.793671624764912875e-01
1.755876078043380915e+02,9.871037164644309581e-01,4.231902556930585910e-03,1.683198650002552116e-02,9.470603236949240444e-02,4.003154729576363646e-02,-1.312395225213770604e-02,-5.165353158670894784e-02,-1.775641135919502067e-01
1.755937339688065038e+02,9.873466864175388658e-01,4.152245768916047741e-03,1.651828431326665333e-02,9.362373648258601189e-02,3.929269748657551048e-02,-1.288219950555260021e-02,-5.076262524335791587e-02,-1.757735317664231300e-01
1.755998601332748876e+02,9.875851702322765435e-01,4.074056906523608294e-03,1.620999857762184249e-02,9.255237168420599181e-02,3.856692868046238121e-02,-1.264470923699291885e-02,-4.988520490332386953e-02,-1.739954646529069948e-01
1.756059862977432999e+02,9.878192473944215068e-01,3.997310067112263242e-03,1.590704714886563217e-02,9.149186117087866610e-02,3.785402925331986246e-02,-1.241141313434095637e-02,-4.902111636369859554e-02,-1.722299560451649170e-01
1.756121124622116838e+02,9.880489961026172052e-01,3.921979763601073782e-03,1.560934882555895138e-02,9.044212788269095915e-02,3.715379028984493182e-02,-1.218224373588920433e-02,-4.817020580638995547e-02,-1.704770459521776915e-01
1.756182386266800961e+02,9.882744932848999131e-01,3.848040919277579026e-03,1.531682334656078552e-02,8.940309452619704667e-02,3.646600557505728230e-02,-1.195713442871678203e-02,-4.733231984266977194e-02,-1.687367706700582948e-01
1.756243647911484800e+02,9.884958146143710822e-01,3.775468862875417959e-03,1.502939138887528052e-02,8.837468359676334262e-02,3.579047158645103088e-02,-1.173601944722144595e-02,-4.650730555650714471e-02,-1.670091628516154614e-01
1.756304909556168923e+02,9.887130345233260398e-01,3.704239324145452896e-03,1.474697456642158622e-02,8.735681740037595788e-02,3.512698748844125807e-02,-1.151883387233809328e-02,-4.569501054725119693e-02,-1.652942515716828709e-01
1.756366171200852762e+02,9.889262262220915867e-01,3.634328427898616317e-03,1.446949542494351156e-02,8.634941807573390249e-02,3.447535511544502079e-02,-1.130551362713477608e-02,-4.489528296879837649e-02,-1.635920624060820117e-01
1.756427432845536885e+02,9.891354617160856844e-01,3.565712688616084688e-03,1.419687743790305594e-02,8.535240761551420030e-02,3.383537895754917812e-02,-1.109599547317789703e-02,-4.410797156770577404e-02,-1.619026175053392136e-01
1.756488694490220723e+02,9.893408118220035075e-01,3.498369005335992803e-03,1.392904500274528244e-02,8.436570788708402935e-02,3.320686614698838135e-02,-1.089021700711372345e-02,-4.333292572017101441e-02,-1.602259356658782552e-01
1.756549956134904846e+02,9.895423461831734935e-01,3.432274656803547663e-03,1.366592343753236620e-02,8.338924065272332320e-02,3.258962644545820853e-02,-1.068811665747823603e-02,-4.256999546805742551e-02,-1.585620323988803371e-01
1.756611217779588685e+02,9.897401332834395715e-01,3.367407297092586422e-03,1.340743897851381754e-02,8.242292758943521591e-02,3.198347223385224897e-02,-1.048963368224388459e-02,-4.181903155460416077e-02,-1.569109199951559674e-01
1.756672479424272808e+02,9.899342404654137839e-01,3.303744949807645680e-03,1.315351877395335746e-02,8.146669030864903127e-02,3.138821849113306028e-02,-1.029470816289032760e-02,-4.107988545604777247e-02,-1.552726076020737589e-01
1.756733741068956647e+02,9.901247339470319320e-01,3.241266002828911610e-03,1.290409087896658528e-02,8.052045037525211446e-02,3.080368277595808835e-02,-1.010328099930936536e-02,-4.035240941261471204e-02,-1.536471012955220872e-01
1.756795002713640770e+02,9.903116788372638979e-01,3.179949203325978940e-03,1.265908425075995547e-02,7.958412932614521151e-02,3.022968520929344982e-02,-9.915293904990116203e-03,-3.963645645864022349e-02,-1.520344041493950082e-01
1.756856264358324893e+02,9.904951391510202763e-01,3.119773653027179804e-03,1.241842874426514996e-02,7.865764868837926693e-02,2.966604845801907100e-02,-9.730689402489023712e-03,-3.893188045196812469e-02,-1.504345163027966670e-01
1.756917526003008732e+02,9.906751778226633443e-01,3.060718803937093144e-03,1.218205510871345210e-02,7.774092999699760975e-02,2.911259772103369503e-02,-9.549410819669031797e-03,-3.823853610332871023e-02,-1.488474350235243771e-01
1.756978787647692855e+02,9.908518567235622410e-01,3.002764452738587719e-03,1.194989498059919469e-02,7.683389481242468289e-02,2.856916070503262919e-02,-9.371402282624771707e-03,-3.755627900118463369e-02,-1.472731547821028997e-01
1.757040049292376693e+02,9.910252366780375466e-01,2.945890735711653545e-03,1.172188087766849740e-02,7.593646473733146884e-02,2.803556760314288715e-02,-9.196608709484412406e-03,-3.688496563632048114e-02,-1.457116673211616975e-01
1.757101310937060816e+02,9.911953774784927340e-01,2.890078123911637379e-03,1.149794619333210054e-02,7.504856143309956984e-02,2.751165107467805002e-02,-9.024975804540341651e-03,-3.622445342579296707e-02,-1.441629617224171878e-01
1.757162572581744655e+02,9.913623378997737934e-01,2.835307418593584726e-03,1.127802519149227224e-02,7.417010663593409658e-02,2.699724622599814633e-02,-8.856450052706823367e-03,-3.557460073637232212e-02,-1.426270244714484270e-01
1.757223834226428778e+02,9.915261757122122432e-01,2.781559747060930333e-03,1.106205300230605690e-02,7.330102217279324539e-02,2.649219059390188827e-02,-8.690978714764121399e-03,-3.493526690821683461e-02,-1.411038395190384320e-01
1.757285095871112617e+02,9.916869476984017107e-01,2.728816557297513053e-03,1.084996561448125542e-02,7.244122997656157747e-02,2.599632411925314676e-02,-8.528509819460286176e-03,-3.430631227368510089e-02,-1.395933883516401186e-01
1.757346357515796740e+02,9.918447096684551711e-01,2.677059613089292738e-03,1.064169986860169677e-02,7.159065210083888353e-02,2.550948912351245004e-02,-8.368992156513330519e-03,-3.368759817621585356e-02,-1.380956500575203916e-01
1.757407619160480579e+02,9.919995164744821459e-01,2.626270989394755354e-03,1.043719345089239026e-02,7.074921073439904839e-02,2.503153028648045370e-02,-8.212375269977310530e-03,-3.307898698877689142e-02,-1.366106013906130956e-01
1.757468880805164702e+02,9.921514220243320414e-01,2.576433067950976378e-03,1.023638488741186736e-02,6.991682821536414350e-02,2.456229462522553642e-02,-8.058609451965792481e-03,-3.248034213199324505e-02,-1.351382168322672606e-01
1.757530142449848540e+02,9.923004792940950392e-01,2.527528533279729209e-03,1.003921353916933414e-02,6.909342704529544688e-02,2.410163147553767704e-02,-7.907645737165786351e-03,-3.189152809272448319e-02,-1.336784686498508901e-01
1.757591404094532663e+02,9.924467403440504487e-01,2.479540367570462478e-03,9.845619593927266641e-03,6.827892990226909486e-02,2.364939246418987923e-02,-7.759435894386846125e-03,-3.131241043755117470e-02,-1.322313269631506527e-01
1.757652665739216786e+02,9.925902563331803208e-01,2.432451846025369957e-03,9.655544059027852330e-03,6.747325965369516121e-02,2.320543148410648265e-02,-7.613932419018322115e-03,-3.074285582660582841e-02,-1.307967598067959480e-01
1.757713927383900625e+02,9.927310775329452053e-01,2.386246532441543399e-03,9.468928754669106440e-03,6.667633936887480683e-02,2.276960467080258593e-02,-7.471088525874345666e-03,-3.018273202715719000e-02,-1.293747331905172604e-01
1.757775189028584748e+02,9.928692533403590259e-01,2.340908275017556089e-03,9.285716307615866222e-03,6.588809233133539889e-02,2.234177038005643462e-02,-7.330858142416299232e-03,-2.963190792703953441e-02,-1.279652111574190732e-01
1.757836450673268587e+02,9.930048322899029944e-01,2.296421202535845179e-03,9.105850145818080235e-03,6.510844205117392869e-02,2.192178916807222336e-02,-7.193195902759286914e-03,-2.909025354871226307e-02,-1.265681558394023687e-01
1.757897712317952710e+02,9.931378620686098779e-01,2.252769719510048715e-03,8.929274489872842877e-03,6.433731227616537596e-02,2.150952376302403893e-02,-7.058057138892995588e-03,-2.855764005808696451e-02,-1.251835275191507391e-01
1.757958973962636549e+02,9.932683895298053400e-01,2.209938501766786374e-03,8.755934345497084006e-03,6.357462700273193434e-02,2.110483903947186698e-02,-6.925397872805759761e-03,-2.803393977393366446e-02,-1.238112846884967394e-01
1.758020235607320672e+02,9.933964607061492869e-01,2.167912492252268165e-03,8.585775496454121219e-03,6.282031048671263274e-02,2.070760199407957469e-02,-6.795174809010373629e-03,-2.751902617720023564e-02,-1.224513841047592533e-01
1.758081497252004510e+02,9.935221208220144096e-01,2.126676897051738534e-03,8.418744497918486530e-03,6.207428725397224484e-02,2.031768172259063726e-02,-6.667345327459179433e-03,-2.701277392032251992e-02,-1.211037808452325726e-01
1.758142758896688633e+02,9.936454143047797061e-01,2.086217181760736256e-03,8.254788670725153252e-03,6.133648211109921089e-02,1.993494939923392065e-02,-6.541867477228075455e-03,-2.651505883731346616e-02,-1.197684283591136517e-01
1.758204020541372472e+02,9.937663847990405586e-01,2.046519066903942571e-03,8.093856092624213822e-03,6.060682015468541600e-02,1.955927824807638174e-02,-6.418699967593060295e-03,-2.602575794855284744e-02,-1.184452785248643197e-01
1.758265282186056595e+02,9.938850751795584859e-01,2.007568523761096065e-03,7.935895590526117691e-03,5.988522678057302956e-02,1.919054351718391116e-02,-6.297802159994609489e-03,-2.554474946635111599e-02,-1.171342817043075912e-01
1.758326543830740434e+02,9.940015275635563086e-01,1.969351770405268921e-03,7.780856733200874203e-03,5.917162769296116509e-02,1.882862245409275617e-02,-6.179134060410196132e-03,-2.507191280056553576e-02,-1.158353867948455213e-01
1.758387805475424557e+02,9.941157833223859264e-01,1.931855267942009409e-03,7.628689824414201966e-03,5.846594891340650690e-02,1.847339428254183430e-02,-6.062656312120341326e-03,-2.460712856433110857e-02,-1.145485412799707170e-01
1.758449067120108680e+02,9.942278830921847943e-01,1.895065717076986145e-03,7.479345896921564887e-03,5.776811678998660521e-02,1.812474018155720012e-02,-5.948330189222192539e-03,-2.415027858069143663e-02,-1.132736912775031690e-01
1.758510328764792519e+02,9.943378667872104781e-01,1.858970053808411006e-03,7.332776703630204500e-03,5.707805800489453713e-02,1.778254325703481839e-02,-5.836117587710251166e-03,-2.370124588392635151e-02,-1.120107815922319894e-01
1.758571590409476642e+02,9.944457736120028146e-01,1.823555445499742272e-03,7.188934709726245778e-03,5.639569958209574019e-02,1.744668851604483026e-02,-5.725981017421485908e-03,-2.325991472181270642e-02,-1.107597557656405801e-01
1.758632852054160480e+02,9.945516420729256790e-01,1.788809287152199733e-03,7.047773085251906461e-03,5.572096889489967092e-02,1.711706284243678586e-02,-5.617883594388521640e-03,-2.282617055805625031e-02,-1.095205561239105396e-01
1.758694113698844603e+02,9.946555099891247753e-01,1.754719197866125248e-03,6.909245698114811242e-03,5.505379367347568165e-02,1.679355497369203545e-02,-5.511789033584780367e-03,-2.239990007494356908e-02,-1.082931238243663719e-01
1.758755375343528442e+02,9.947574145025431802e-01,1.721273017608291288e-03,6.773307107925427388e-03,5.439410201259628486e-02,1.647605548003687123e-02,-5.407661642390735462e-03,-2.198099117698919594e-02,-1.070773988999232790e-01
1.758816636988212565e+02,9.948573920903929224e-01,1.688458803175890916e-03,6.639912557164355869e-03,5.374182237769162956e-02,1.616445673658627527e-02,-5.305466311796768093e-03,-2.156933298932834503e-02,-1.058733203070098550e-01
1.758877898632896404e+02,9.949554785765362119e-01,1.656264824514837438e-03,6.509017963284727780e-03,5.309688361105058957e-02,1.585865289810577117e-02,-5.205168508440798612e-03,-2.116481585716976921e-02,-1.046808259709132577e-01
1.758939160277580527e+02,9.950517091422865779e-01,1.624679561225409212e-03,6.380579911257561534e-03,5.245921493798668539e-02,1.555853987504982744e-02,-5.106734267048725073e-03,-2.076733134551956780e-02,-1.034998528295632964e-01
1.759000421922264366e+02,9.951461183366624441e-01,1.593691699244849901e-03,6.254555646541386585e-03,5.182874597299402808e-02,1.526401531082057644e-02,-5.010130183260540215e-03,-2.037677223921313327e-02,-1.023303368759063553e-01
1.759061683566948489e+02,9.952387400857670707e-01,1.563290127814218359e-03,6.130903068847724444e-03,5.120540672618714012e-02,1.497497856118597953e-02,-4.915323407147476412e-03,-1.999303254401417831e-02,-1.011722131985482859e-01
1.759122945211632327e+02,9.953296077044193613e-01,1.533463935708770983e-03,6.009580723396169832e-03,5.058912760795898633e-02,1.469133066723897138e-02,-4.822281634628869731e-03,-1.961600748255242638e-02,-1.000254160250394486e-01
1.759184206856316450e+02,9.954187539171515109e-01,1.504202404408124666e-03,5.890547781909707438e-03,4.997983942634813548e-02,1.441297430204557979e-02,-4.730973090349262222e-03,-1.924559347004113283e-02,-9.888987877624573486e-02
1.759245468501000573e+02,9.955062108162260337e-01,1.475495021830915392e-03,5.773764091128747583e-03,4.937747342940506518e-02,1.413981389202427844e-02,-4.641366567190530722e-03,-1.888168821973484901e-02,-9.776553403951764032e-02
1.759306730145684412e+02,9.955920099856784278e-01,1.447331441852542453e-03,5.659190042826645582e-03,4.878196122764667103e-02,1.387175527631808770e-02,-4.553431315995739269e-03,-1.852419050155242400e-02,-9.665231375176146222e-02
1.759367991790368535e+02,9.956761823588472504e-01,1.419701530854286086e-03,5.546786730297804599e-03,4.819323490916146285e-02,1.360870610797211208e-02,-4.467137175795396833e-03,-1.817300045898296787e-02,-9.555014904770055273e-02
1.759429253435052374e+02,9.957587583671183573e-01,1.392595319167655140e-03,5.436515791003302192e-03,4.761122694152993690e-02,1.335057544344432807e-02,-4.382454440842066881e-03,-1.782801931212416383e-02,-9.445897046868145797e-02
1.759490515079736497e+02,9.958397678673197584e-01,1.366003024806802845e-03,5.328339487841070136e-03,4.703587023628333363e-02,1.309727394855155630e-02,-4.299353927521812509e-03,-1.748914952524124877e-02,-9.337870789662099102e-02
1.759551776724420336e+02,9.959192401534179284e-01,1.339915049673809670e-03,5.222220700038061880e-03,4.646709815356620671e-02,1.284871387098373251e-02,-4.217806965611480691e-03,-1.715629480380976776e-02,-9.230929060056258795e-02
1.759613038369104459e+02,9.959972040413794803e-01,1.314321951848186230e-03,5.118122832332899774e-03,4.590484444256587998e-02,1.260480880414479796e-02,-4.137785321721334196e-03,-1.682935991705259912e-02,-9.125064734584774351e-02
1.759674300013788297e+02,9.960736877539394518e-01,1.289214483260191094e-03,5.016009945041599756e-03,4.534904334840867551e-02,1.236547401611540198e-02,-4.059261306233853152e-03,-1.650825097396786678e-02,-9.020270630343352192e-02
1.759735561658472420e+02,9.961487190533218072e-01,1.264583546339230046e-03,4.915846610002623691e-03,4.479962951147245520e-02,1.213062607841440543e-02,-3.982207652878295458e-03,-1.619287513862591524e-02,-8.916539520694702348e-02
1.759796823303156259e+02,9.962223251747198693e-01,1.240420215767862018e-03,4.817597986723766781e-03,4.425653803347610882e-02,1.190018305673796496e-02,-3.906597580772049744e-03,-1.588314079310553656e-02,-8.813864130852820666e-02
1.759858084947840382e+02,9.962945328371513032e-01,1.216715734955227260e-03,4.721229813474006436e-03,4.371970448085622796e-02,1.167406448458437052e-02,-3.832404785997581449e-03,-1.557895753236946540e-02,-8.712237142041633076e-02
1.759919346592524221e+02,9.963653683213555823e-01,1.193461490586028443e-03,4.626708321798639161e-03,4.318906482221768900e-02,1.145219114369656205e-02,-3.759603370329222833e-03,-1.528023598982739331e-02,-8.611651199742816065e-02
1.759980608237208344e+02,9.964348573642520801e-01,1.170649047141700434e-03,4.534000358281159784e-03,4.266455553749633200e-02,1.123448536844267286e-02,-3.688167940287669783e-03,-1.498688810485706256e-02,-8.512098908026034805e-02
1.760041869881892467e+02,9.965030252806962308e-01,1.148270107108455632e-03,4.443073249145021962e-03,4.214611351312266135e-02,1.102087070106026225e-02,-3.618073495159460171e-03,-1.469882684380520270e-02,-8.413572841118485690e-02
1.760103131526576306e+02,9.965698969025882370e-01,1.126316530899171666e-03,4.353894871437556310e-03,4.163367610911523214e-02,1.081127206796425252e-02,-3.549295484402823463e-03,-1.441596635749959818e-02,-8.316065540919488630e-02
1.760164393171260429e+02,9.966354965889259176e-01,1.104780333583588355e-03,4.266433644373989961e-03,4.112718116131495322e-02,1.060561575460104364e-02,-3.481809799589848532e-03,-1.413822197436825565e-02,-8.219569520687622366e-02
1.760225654815944267e+02,9.966998482972339035e-01,1.083653661538562171e-03,4.180658449079793608e-03,4.062656691663441011e-02,1.040382920180489383e-02,-3.415592708218197909e-03,-1.386551003020182124e-02,-8.124077270904335457e-02
1.760286916460628390e+02,9.967629754869807845e-01,1.062928824052251225e-03,4.096538742325474790e-03,4.013177214350887451e-02,1.020584128690732971e-02,-3.350620945280947602e-03,-1.359774812601053165e-02,-8.029581256589142513e-02
1.760348178105312229e+02,9.968249012311614088e-01,1.042598256838100316e-03,4.014044429580716083e-03,3.964273602410554181e-02,1.001158200429006981e-02,-3.286871609385702726e-03,-1.333485485646627305e-02,-7.936073925188413813e-02
1.760409439749996352e+02,9.968856481606060971e-01,1.022654540263432527e-03,3.933145931416848033e-03,3.915939822187152614e-02,9.820982628065536013e-03,-3.224322215771770628e-03,-1.307674996137793942e-02,-7.843547705778106116e-02
1.760470701394680191e+02,9.969452384732715444e-01,1.003090396323997159e-03,3.853814175144274629e-03,3.868169888276116325e-02,9.633975688235943413e-03,-3.162950688648150099e-03,-1.282335431741785103e-02,-7.751995012307798250e-02
1.760531963039364314e+02,9.970036939996739234e-01,9.838986672437201059e-04,3.776020519643968638e-03,3.820957856897602700e-02,9.450494782208430228e-03,-3.102735299864916012e-03,-1.257458977302265343e-02,-7.661408247350985634e-02
1.760593224684048153e+02,9.970610361145753053e-01,9.650723443845873406e-04,3.699736861382901983e-03,3.774297836984804450e-02,9.270474833975386048e-03,-3.043654753412992388e-03,-1.233037939571988116e-02,-7.571779802020106587e-02
1.760654486328732276e+02,9.971172858391500471e-01,9.466045348241052286e-04,3.624935515669105643e-03,3.728183979215461685e-02,9.093851798712972515e-03,-2.985688089262419301e-03,-1.209064720938791797e-02,-7.483102060605095751e-02
1.760715747973416114e+02,9.971724637900846178e-01,9.284884780215976654e-04,3.551589278469654415e-03,3.682610482764171744e-02,8.920562812647751111e-03,-2.928814732243549285e-03,-1.185531833924578261e-02,-7.395367401239522076e-02
1.760777009618100237e+02,9.972265901881510741e-01,9.107175430240934799e-04,3.479671418373026480e-03,3.637571595337116270e-02,8.750546170561764037e-03,-2.873014484799313231e-03,-1.162431900250646133e-02,-7.308568198731944798e-02
1.760838271262784360e+02,9.972796849180959322e-01,8.932852088708779061e-04,3.409155606345621366e-03,3.593061606456290219e-02,8.583741151669070299e-03,-2.818267470273774517e-03,-1.139757634914823764e-02,-7.222696826457698782e-02
1.760899532907468199e+02,9.973317674479427186e-01,8.761850910189945612e-04,3.340016014358382877e-03,3.549074858516752112e-02,8.420088258214731766e-03,-2.764554210762337500e-03,-1.117501869809773250e-02,-7.137745658518056258e-02
1.760960794552152322e+02,9.973828569224608698e-01,8.594109107537431600e-04,3.272227204554160884e-03,3.505605735721922106e-02,8.259528942802959323e-03,-2.711855538266180320e-03,-1.095657528436631487e-02,-7.053707071531638284e-02
1.761022056196836161e+02,9.974329721166751428e-01,8.429565104158721770e-04,3.205764186689348712e-03,3.462648670792130984e-02,8.102005746260396157e-03,-2.660152639691434635e-03,-1.074217639724798362e-02,-6.970573446557316866e-02
1.761083317841520284e+02,9.974821314437645192e-01,8.268158508254590819e-04,3.140602410444054329e-03,3.420198144923071448e-02,7.947462276500028358e-03,-2.609427050024269116e-03,-1.053175337017791049e-02,-6.888337171544232918e-02
1.761144579486204123e+02,9.975303530098313942e-01,8.109829933541028808e-04,3.076717699919538640e-03,3.378248681033863693e-02,7.795843047940090483e-03,-2.559660599984033003e-03,-1.032523842792490085e-02,-6.806990641602660153e-02
1.761205841130888246e+02,9.975776545402135209e-01,7.954521240631043941e-04,3.014086345222033274e-03,3.336794854729391996e-02,7.647093700854513953e-03,-2.510835487643009196e-03,-1.012256491123518336e-02,-6.726526263081142321e-02
1.761267102775572084e+02,9.976240534649293279e-01,7.802175257291530698e-04,2.952684999225947335e-03,3.295831283220732738e-02,7.501160750092444526e-03,-2.462934196482203728e-03,-9.923667034626505387e-03,-6.646936452885093827e-02
1.761328364420256207e+02,9.976695668762420866e-01,7.652735917477796997e-04,2.892490730854310396e-03,3.255352631954668702e-02,7.357991711734390532e-03,-2.415939536759754893e-03,-9.728480017609340488e-03,-6.568213641467765540e-02
1.761389626064940046e+02,9.977142115359247665e-01,7.506148237618421931e-04,2.833481017752242492e-03,3.215353614506676061e-02,7.217535083305981654e-03,-2.369834639109555992e-03,-9.536940073991336322e-03,-6.490350274930409280e-02
1.761450887709624169e+02,9.977580039253141075e-01,7.362358152719206258e-04,2.775633685326306561e-03,3.175828985839356661e-02,7.079740195914259807e-03,-2.324602906301947818e-03,-9.348984265883425807e-03,-6.413338813891908408e-02
1.761512149354308008e+02,9.978009601780594151e-01,7.221312736715681429e-04,2.718926991641074358e-03,3.136773553115673047e-02,6.944557415652664704e-03,-2.280228079045341482e-03,-9.164550716594914090e-03,-6.337171739187071051e-02
1.761573410998992131e+02,9.978430961581816749e-01,7.082959946830862845e-04,2.663339531441513437e-03,3.098182164674716244e-02,6.811937912374374515e-03,-2.236694160524932765e-03,-8.983578379625448140e-03,-6.261841549057173273e-02
1.761634672643676254e+02,9.978844274213586329e-01,6.947248750449600734e-04,2.608850285491124896e-03,3.060049716552471280e-02,6.681833775915617217e-03,-2.193985454386027795e-03,-8.806007162828387302e-03,-6.187340763037819935e-02
1.761695934288360093e+02,9.979249692215991230e-01,6.814129103316908347e-04,2.555438613617837251e-03,3.022371152319197271e-02,6.554197997632971347e-03,-2.152086558750750632e-03,-8.631777917367206704e-03,-6.113661923740385667e-02
1.761757195933044216e+02,9.979647365569564998e-01,6.683551799808016723e-04,2.503084198086015944e-03,2.985141456388313089e-02,6.428984334439567620e-03,-2.110982321829495308e-03,-8.460832298792084552e-03,-6.040797594522060582e-02
1.761818457577728054e+02,9.980037441081863747e-01,6.555468673970764890e-04,2.451767122165343909e-03,2.948355664634935008e-02,6.306147493525502377e-03,-2.070657902305413599e-03,-8.293112968132961005e-03,-5.968740366536732372e-02
1.761879719222412177e+02,9.980420063100117201e-01,6.429832366061493526e-04,2.401467781062650766e-03,2.912008853487171173e-02,6.185642919867376591e-03,-2.031098699940903259e-03,-8.128563372423656258e-03,-5.897482854112921780e-02
1.761940980867096016e+02,9.980795373158215522e-01,6.306596438261721652e-04,2.352166927537343525e-03,2.876096146313343940e-02,6.067426902764717911e-03,-1.992290390413628369e-03,-7.967127861812686382e-03,-5.827017699384226534e-02
1.762002242511780139e+02,9.981163510037956987e-01,6.185715354660455785e-04,2.303845665323472642e-03,2.840612713212711457e-02,5.951456558661683688e-03,-1.954218919741136738e-03,-7.808751678346458058e-03,-5.757337573782253526e-02
1.762063504156463978e+02,9.981524610186274238e-01,6.067144344552041855e-04,2.256485396618752078e-03,2.805553764408974873e-02,5.837689706282857792e-03,-1.916870463490078121e-03,-7.653380824257125653e-03,-5.688435174690904123e-02
1.762124765801148101e+02,9.981878807155998290e-01,5.950839585767182674e-04,2.210067894685037015e-03,2.770914560636336330e-02,5.726085035879394623e-03,-1.880231482130120119e-03,-7.500962251330785951e-03,-5.620303233608435478e-02
1.762186027445831940e+02,9.982226232256101728e-01,5.836757991590302633e-04,2.164575221332484638e-03,2.736690402397294955e-02,5.616601914191316977e-03,-1.844288657301408315e-03,-7.351443653122682713e-03,-5.552934509999408325e-02
1.762247289090516063e+02,9.982567014229966063e-01,5.724857316249275978e-04,2.119989769030242773e-03,2.702876636195985366e-02,5.509200482010424317e-03,-1.809028923731571554e-03,-7.204773575092510325e-03,-5.486321796529448208e-02
1.762308550735199901e+02,9.982901279311512388e-01,5.615096136556446032e-04,2.076294254703984262e-03,2.669468654290332865e-02,5.403841638237706982e-03,-1.774439464054576067e-03,-7.060901403361193908e-03,-5.420457920298691473e-02
1.762369812379884024e+02,9.983229151605823581e-01,5.507433727171995742e-04,2.033471671123105676e-03,2.636461888198912001e-02,5.300486925343068749e-03,-1.740507671371172493e-03,-6.919777240252656531e-03,-5.355335738646670868e-02
1.762431074024568147e+02,9.983550752579498644e-01,5.401830227706747381e-04,1.991505353888225333e-03,2.603851818823808839e-02,5.199098684291343295e-03,-1.707221199942170978e-03,-6.781352082121701839e-03,-5.290948148209998619e-02
1.762492335669251986e+02,9.983866201653677219e-01,5.298246448347176604e-04,1.950378905108093733e-03,2.571633965917508730e-02,5.099639875718346357e-03,-1.674567906722309284e-03,-6.645577623271870481e-03,-5.227288077506990482e-02
1.762553597313936109e+02,9.984175615910917401e-01,5.196643965980315191e-04,1.910076232219949351e-03,2.539803894146020966e-02,5.002074169198371043e-03,-1.642535880575929537e-03,-6.512406359250758579e-03,-5.164348492653678124e-02
1.762614858958619948e+02,9.984479110146601277e-01,5.096985107373055816e-04,1.870581542157997166e-03,2.508357212809660466e-02,4.906365928481847168e-03,-1.611113437473799329e-03,-6.381791575701995997e-03,-5.102122398365183109e-02
1.762676120603304071e+02,9.984776797215971778e-01,4.999232835413013228e-04,1.831879296419792373e-03,2.477289569487235027e-02,4.812480106533790526e-03,-1.580289086166920083e-03,-6.253687231122096249e-03,-5.040602833061087751e-02
1.762737382247987910e+02,9.985068787569895132e-01,4.903350901355502285e-04,1.793954272789132160e-03,2.446596659871120433e-02,4.720382387233285765e-03,-1.550051574570785904e-03,-6.128048123418900622e-03,-4.979782878627129344e-02
1.762798643892672033e+02,9.985355189795426245e-01,4.809303667601250555e-04,1.756791494847874434e-03,2.416274217478391745e-02,4.630039021576892039e-03,-1.520389836186254165e-03,-6.004829705421506521e-03,-4.919655651964671000e-02
1.762859905537355871e+02,9.985636110348852235e-01,4.717056195253320201e-04,1.720376267715174922e-03,2.386318019530907567e-02,4.541416909291547815e-03,-1.491293016820250577e-03,-5.883988181517987859e-03,-4.860214311078995403e-02
1.762921167182039994e+02,9.985911653602742577e-01,4.626574228719956654e-04,1.684694172579400025e-03,2.356723886651150221e-02,4.454483585192793929e-03,-1.462750470142574035e-03,-5.765480496702019703e-03,-4.801452055874403518e-02
1.762982428826723833e+02,9.986181922162221669e-01,4.537824092015827339e-04,1.649731025226597054e-03,2.327487676663302432e-02,4.369207123090548990e-03,-1.434751726245169640e-03,-5.649264226438438508e-03,-4.743362122694020494e-02
1.763043690471407956e+02,9.986447016442231428e-01,4.450772827421073364e-04,1.615472932837949422e-03,2.298605294121526185e-02,4.285556265293817557e-03,-1.407286534049927759e-03,-5.535297732291959497e-03,-4.685937794616486934e-02
1.763104952116091795e+02,9.986707035160079515e-01,4.365388033970377395e-04,1.581906228983680652e-03,2.270072680293734602e-02,4.203500272712141703e-03,-1.380344812254254887e-03,-5.423539988818414093e-03,-4.629172392177216544e-02
1.763166213760775918e+02,9.986962075092402635e-01,4.281637947177154230e-04,1.549017506483995341e-03,2.241885818848959530e-02,4.123008999417109889e-03,-1.353916673751472512e-03,-5.313950673764064082e-03,-4.573059279733183990e-02
1.763227475405460041e+02,9.987212231118182126e-01,4.199491424951092727e-04,1.516793612294442149e-03,2.214040735533901946e-02,4.044052880058809051e-03,-1.327992421528494029e-03,-5.206490157386592724e-03,-4.517591866075685442e-02
1.763288737050143880e+02,9.987457596506864599e-01,4.118917853110676979e-04,1.485221609283296452e-03,2.186533492146599048e-02,3.966602841964142132e-03,-1.302562519893725457e-03,-5.101119399268549091e-03,-4.462763598523707825e-02
1.763349998694828002e+02,9.987698262533550864e-01,4.039887271623353727e-04,1.454288828431565296e-03,2.159360195743748045e-02,3.890630423415566454e-03,-1.277617633221402168e-03,-4.997800093408940464e-03,-4.408567973607344093e-02
1.763411260339511841e+02,9.987934318927608190e-01,3.962370227472889915e-04,1.423982808963982676e-03,2.132516988919560749e-02,3.816107636581994155e-03,-1.253148581077997287e-03,-4.896494506204607244e-03,-4.354998527144264553e-02
1.763472521984195964e+02,9.988165853651486126e-01,3.886337847227978545e-04,1.394291328527050809e-03,2.106000055293420423e-02,3.743007035594075882e-03,-1.229146360525099329e-03,-4.797165560458005462e-03,-4.302048840797181167e-02
1.763533783628879803e+02,9.988392952940006175e-01,3.811761824172036814e-04,1.365202398416060382e-03,2.079805619172188716e-02,3.671301704955678546e-03,-1.205602142338373138e-03,-4.699776825035521799e-03,-4.249712542526554171e-02
1.763595045273563926e+02,9.988615701562754134e-01,3.738614332242122724e-04,1.336704228393513494e-03,2.053929939708648567e-02,3.600965179197674736e-03,-1.182507244698790703e-03,-4.604292418424295492e-03,-4.197983300342614243e-02
1.763656306918247765e+02,9.988834182473880219e-01,3.666868140926611954e-04,1.308785274607143475e-03,2.028369319777990551e-02,3.531971550837250447e-03,-1.159853168566960923e-03,-4.510677143718761981e-03,-4.146854833246359229e-02
1.763717568562931888e+02,9.989048477220564548e-01,3.596496481280180772e-04,1.281434184522989685e-03,2.003120096568911795e-02,3.464295345131675891e-03,-1.137631556665678672e-03,-4.418896337337730081e-03,-4.096320900822783551e-02
1.763778830207615727e+02,9.989258665741769239e-01,3.527473111959708368e-04,1.254639824607863214e-03,1.978178646866968204e-02,3.397911582195243391e-03,-1.115834213836318671e-03,-4.328915947107809734e-03,-4.046375309918277124e-02
1.763840091852299850e+02,9.989464826404105269e-01,3.459772307469983024e-04,1.228391275884752228e-03,1.953541386707015673e-02,3.332795766342641630e-03,-1.094453103559304800e-03,-4.240702522307006513e-03,-3.997011914953649964e-02
1.763901353496983688e+02,9.989667036240712505e-01,3.393368779805178018e-04,1.202677801591051218e-03,1.929204765725607562e-02,3.268923812699623278e-03,-1.073480323915341952e-03,-4.154223123727014168e-03,-3.948224611427141734e-02
1.763962615141667811e+02,9.989865370632642350e-01,3.328237782993494426e-04,1.177488891116428450e-03,1.905165275700436076e-02,3.206272145688162517e-03,-1.052908139863842699e-03,-4.069445449014399106e-03,-3.900007347001191449e-02
1.764023876786351934e+02,9.990059903680659215e-01,3.264354991125656500e-04,1.152814209414679660e-03,1.881419441466216508e-02,3.144817584658987294e-03,-1.032728945776398071e-03,-3.986337691720642958e-03,-3.852354110753827138e-02
1.764085138431035773e+02,9.990250708022161419e-01,3.201696558430228786e-04,1.128643622369341097e-03,1.857963825991195556e-02,3.084537400541652406e-03,-1.012935284006189623e-03,-3.904868613742129308e-03,-3.805258939913286342e-02
1.764146400075719896e+02,9.990437854863928324e-01,3.140239108545101691e-04,1.104967192663172844e-03,1.834795030023522733e-02,3.025409306057718403e-03,-9.935198416903647575e-04,-3.825007535784193113e-03,-3.758715920049925108e-02
1.764207661720403735e+02,9.990621414199503114e-01,3.079959663194921783e-04,1.081775150082463699e-03,1.811909686644123593e-02,2.967411388727867697e-03,-9.744754287999307131e-04,-3.746724253665910647e-03,-3.712719178410772702e-02
1.764268923365087858e+02,9.990801454519403491e-01,3.020835737291158391e-04,1.059057931762285350e-03,1.789304469466078060e-02,2.910522200668998367e-03,-9.557950075775251478e-04,-3.669989154493340233e-03,-3.667262895055989347e-02
1.764330185009771697e+02,9.990978043149431054e-01,2.962845227930579334e-04,1.036806135766786627e-03,1.766976083883795012e-02,2.854720654223062704e-03,-9.374716583360260440e-04,-3.594773085604457876e-03,-3.622341291891426063e-02
1.764391446654455819e+02,9.991151246084184478e-01,2.905966469034779501e-04,1.015010544307753818e-03,1.744921271941878363e-02,2.799986073596623989e-03,-9.194985963892584376e-04,-3.521047421654736539e-03,-3.577948639406727110e-02
1.764452708299139658e+02,9.991321128016912301e-01,2.850178221563485202e-04,9.936621199131921971e-04,1.723136811978735403e-02,2.746298185883436997e-03,-9.018691691171316699e-04,-3.448784055526002944e-03,-3.534079256763018179e-02
1.764513969943823781e+02,9.991487752537304701e-01,2.795459608614903838e-04,9.727519781921377482e-04,1.701619513384108190e-02,2.693637059945208547e-03,-8.845768359346990479e-04,-3.377955320592917858e-03,-3.490727505028790728e-02
1.764575231588507620e+02,9.991651181867966525e-01,2.741790201914363510e-04,9.522714246601206300e-04,1.680366224458111277e-02,2.641983188249615207e-03,-8.676151951263214252e-04,-3.308534098215108916e-03,-3.447887798284163946e-02
1.764636493233191743e+02,9.991811477172181100e-01,2.689149920823787391e-04,9.322119121914138311e-04,1.659373823998673558e-02,2.591317391673301530e-03,-8.509779526426932946e-04,-3.240493696114468691e-03,-3.405554592540765979e-02
1.764697754877875582e+02,9.991968698402530213e-01,2.637519082026547942e-04,9.125650622513222085e-04,1.638639225963526083e-02,2.541620866553718182e-03,-8.346589375304257468e-04,-3.173807910399176029e-03,-3.363722392437858838e-02
1.764759016522559705e+02,9.992122904328115673e-01,2.586878390604351301e-04,8.933226613484101684e-04,1.618159379113812482e-02,2.492875176462829023e-03,-8.186520992413488709e-04,-3.108451016932228979e-03,-3.322385751240918700e-02
1.764820278167243828e+02,9.992274152714457625e-01,2.537208880997592368e-04,8.744766360829292831e-04,1.597931261978507642e-02,2.445062196475210683e-03,-8.029514893628519889e-04,-3.044397699267375242e-03,-3.281539264038934450e-02
1.764881539811927667e+02,9.992422500083918413e-01,2.488491995645824044e-04,8.560190868103964004e-04,1.577951890375129534e-02,2.398164187721554819e-03,-7.875512860680424594e-04,-2.981623147949317813e-03,-3.241177578747272969e-02
1.764942801456611789e+02,9.992568001995593141e-01,2.440709493128145413e-04,8.379422486837878039e-04,1.558218309337435284e-02,2.352163710602006488e-03,-7.724457656630399904e-04,-2.920102947845949239e-03,-3.201295385005931138e-02
1.765004063101295628e+02,9.992710712907717507e-01,2.393843493333788579e-04,8.202385110512047618e-04,1.538727597572525467e-02,2.307043667641022703e-03,-7.576293166427163937e-04,-2.859813135403285050e-03,-3.161887420795391618e-02
1.765065324745979751e+02,9.992850686202441324e-01,2.347876469330097940e-04,8.029004141761597862e-04,1.519476867106843432e-02,2.262787295956605622e-03,-7.430964372263397164e-04,-2.800730190480923108e-03,-3.122948472359721173e-02
1.765126586390663590e+02,9.992987974349459845e-01,2.302791193666500638e-04,7.859206264016315845e-04,1.500463258457956396e-02,2.219378116464423758e-03,-7.288417187024950157e-04,-2.742830969658767264e-03,-3.084473367416536507e-02
1.765187848035347713e+02,9.993122628688207998e-01,2.258570809865420061e-04,7.692919748947935456e-04,1.481683947820936452e-02,2.176800001769858568e-03,-7.148598676982612045e-04,-2.686092797831215323e-03,-3.046456986000653164e-02
1.765249109680031552e+02,9.993254699682391218e-01,2.215198748886705615e-04,7.530074100119098224e-04,1.463136139335686689e-02,2.135037097083672918e-03,-7.011456802464792861e-04,-2.630493364009704130e-03,-3.008894249418027009e-02
1.765310371324715675e+02,9.993384236794896625e-01,2.172658770186880473e-04,7.370600230040138352e-04,1.444817069342261250e-02,2.094073859240520429e-03,-6.876940545852084025e-04,-2.576010774097737405e-03,-2.971780126749594061e-02
1.765371632969399514e+02,9.993511288510381618e-01,2.130934954311113658e-04,7.214430429896853767e-04,1.426724006031223485e-02,2.053895049810716775e-03,-6.744999889027174797e-04,-2.522623543194030867e-03,-2.935109634711018101e-02
1.765432894614083636e+02,9.993635902484038214e-01,2.090011654067643217e-04,7.061498160758209516e-04,1.408854244821834169e-02,2.014485688822759135e-03,-6.615585661610305169e-04,-2.470310533969464432e-03,-2.898877830918696399e-02
1.765494156258767475e+02,9.993758125343640275e-01,2.049873559507954849e-04,6.911738334117963935e-04,1.391205115219676207e-02,1.975831116568152208e-03,-6.488649743714287833e-04,-2.419051041033042602e-03,-2.863079824526374231e-02
1.765555417903451598e+02,9.993878002920936199e-01,2.010505621976428040e-04,6.765086986247772051e-04,1.373773973420876725e-02,1.937916921564810172e-03,-6.364144829685236494e-04,-2.368824694719756825e-03,-2.827710765300004217e-02
1.765616679548135721e+02,9.993995580137980950e-01,1.971893091426407251e-04,6.621481439671183817e-04,1.356558206369545480e-02,1.900728976071172421e-03,-6.242024544617591573e-04,-2.319611509668792915e-03,-2.792765849983436591e-02
1.765677941192819560e+02,9.994110901027698501e-01,1.934021509674259680e-04,6.480860275262843948e-04,1.339555231414168122e-02,1.864253429790639670e-03,-6.122243423736688835e-04,-2.271391877589938428e-03,-2.758240322105622380e-02
1.765739202837503683e+02,9.994224008869118103e-01,1.896876666011085288e-04,6.343163141524930850e-04,1.322762491889998247e-02,1.828476667726587884e-03,-6.004756774163165630e-04,-2.224146510411841027e-03,-2.724129465338991085e-02
1.765800464482187522e+02,9.994334946007479292e-01,1.860444656255942706e-04,6.208331010361925386e-04,1.306177463654848749e-02,1.793385366428538324e-03,-5.889520859456603193e-04,-2.177856517885822484e-03,-2.690428613890126497e-02
1.765861726126871645e+02,9.994443754064572527e-01,1.824711813714633617e-04,6.076305879762983544e-04,1.289797648025620309e-02,1.758966428399042848e-03,-5.776492684454696954e-04,-2.132503318878787961e-03,-2.657133141749836933e-02
1.765922987771555484e+02,9.994550473835447368e-01,1.789664743088922047e-04,5.947030920943986504e-04,1.273620575642503937e-02,1.725207014408784581e-03,-5.665630101305937005e-04,-2.088068686029895434e-03,-2.624238468899642990e-02
1.765984249416239606e+02,9.994655145307123068e-01,1.755290314335590496e-04,5.820450452667790420e-04,1.257643806132768653e-02,1.692094537746734401e-03,-5.556891790633111065e-04,-2.044534738971465811e-03,-2.591740061075996360e-02
1.766045511060923445e+02,9.994757807781516901e-01,1.721575622319237357e-04,5.696509767180983229e-04,1.241864923894135490e-02,1.659616625851799030e-03,-5.450237135666297777e-04,-2.001883891954270300e-03,-2.559633423251081105e-02
1.766106772705607568e+02,9.994858499711981592e-01,1.688508040471657190e-04,5.575155363220376343e-04,1.226281544316727874e-02,1.627761171486132507e-03,-5.345626390161958971e-04,-1.960098925140599940e-03,-2.527914109746472529e-02
1.766168034350291407e+02,9.994957258894466845e-01,1.656075158041642344e-04,5.456334674795896645e-04,1.210891307045810356e-02,1.596516273028776101e-03,-5.243020482524183732e-04,-1.919162902931129903e-03,-2.496577713703058976e-02
1.766229295994975530e+02,9.995054122373679961e-01,1.624264810904362530e-04,5.339996205167745272e-04,1.195691879657968283e-02,1.565870263872201022e-03,-5.142381112271487802e-04,-1.879059214965837213e-03,-2.465619873111717791e-02
1.766290557639659369e+02,9.995149126460106670e-01,1.593065075972860715e-04,5.226089503241630393e-04,1.180680957333382283e-02,1.535811707174144320e-03,-5.043670732838866945e-04,-1.839771569787326940e-03,-2.435036270542929523e-02
1.766351819284343492e+02,9.995242306841720659e-01,1.562464234529868353e-04,5.114565004845720566e-04,1.165856258836128062e-02,1.506329360938397054e-03,-4.946852437010297587e-04,-1.801283946655818933e-03,-2.404822626774568567e-02
1.766413080929027615e+02,9.995333698435485692e-01,1.532450820979807716e-04,5.005374244831935042e-04,1.151215532431110189e-02,1.477412224561099963e-03,-4.851890109670618594e-04,-1.763580660965964522e-03,-2.374974710604238134e-02
1.766474342573711453e+02,9.995423335561059996e-01,1.503013565824953119e-04,4.898469609873458506e-04,1.136756549465699380e-02,1.449049484498982814e-03,-4.758748249536697656e-04,-1.726646289149222444e-03,-2.345488328575246265e-02
1.766535604218395576e+02,9.995511251855540014e-01,1.474141423655028857e-04,4.793804460363405742e-04,1.122477107863535661e-02,1.421230541004595178e-03,-4.667392056899438962e-04,-1.690465706274208758e-03,-2.316359330818672929e-02
1.766596865863079415e+02,9.995597480288958003e-01,1.445823568062852343e-04,4.691333108744103570e-04,1.108375031806155091e-02,1.393945003338807045e-03,-4.577787417931323925e-04,-1.655024080137702195e-03,-2.287583610755743180e-02
1.766658127507763538e+02,9.995682053265778633e-01,1.418049358324445096e-04,4.591010674889896108e-04,1.094448167905456674e-02,1.367182657999551102e-03,-4.489900800434823360e-04,-1.620306826990799802e-03,-2.259157098892259144e-02
1.766719389152447377e+02,9.995765002490000217e-01,1.390808383687453333e-04,4.492793279036639306e-04,1.080694390825138844e-02,1.340933511049986282e-03,-4.403699392764180080e-04,-1.586299671495578108e-03,-2.231075772311339259e-02
1.766780650797131500e+02,9.995846359122981806e-01,1.364090411558066692e-04,4.396637816645997143e-04,1.067111597172891793e-02,1.315187738690736614e-03,-4.319150941629024110e-04,-1.552988577759712840e-03,-2.203335644684092584e-02
1.766841912441815339e+02,9.995926153705999573e-01,1.337885412926222161e-04,4.302502069235074854e-04,1.053697708817824367e-02,1.289935711569568976e-03,-4.236223831882809823e-04,-1.520359783780057990e-03,-2.175932771913688391e-02
1.766903174086499462e+02,9.996004416174346652e-01,1.312183557741066300e-04,4.210344684504430221e-04,1.040450672582101180e-02,1.265167990416367176e-03,-4.154887072211811304e-04,-1.488399795944636865e-03,-2.148863251816878275e-02
1.766964435731183301e+02,9.996081175949534936e-01,1.286975184637522004e-04,4.120125044675585044e-04,1.027368456600284523e-02,1.240875297143401255e-03,-4.075110200295931594e-04,-1.457095348401676264e-03,-2.122123218100483572e-02
1.767025697375867423e+02,9.996156461816773087e-01,1.262250841165669208e-04,4.031803441857744440e-04,1.014449055655252362e-02,1.217048553329717420e-03,-3.996863409125508558e-04,-1.426433457952549968e-03,-2.095708849521376455e-02
1.767086959020551262e+02,9.996230302068347395e-01,1.238001236718006925e-04,3.945340873164598764e-04,1.001690485371856294e-02,1.193678835265691131e-03,-3.920117399465924404e-04,-1.396401360792732301e-03,-2.069616360204029268e-02
1.767148220665235385e+02,9.996302724433279163e-01,1.214217265622998687e-04,3.860699141410810350e-04,9.890907853641873332e-03,1.170757396052941662e-03,-3.844843452398739479e-04,-1.366986544030405083e-03,-2.043842005080042865e-02
1.767209482309919508e+02,9.996373756090141116e-01,1.190890002939729058e-04,3.777840836909645726e-04,9.766480189377250987e-03,1.148275661626327977e-03,-3.771013416276944156e-04,-1.338176740581359207e-03,-2.018382079554396566e-02
1.767270743954603347e+02,9.996443423750829282e-01,1.168010676955551843e-04,3.696729217693753809e-04,9.643602696298207710e-03,1.126225204472201986e-03,-3.698599620469093644e-04,-1.309959891923828928e-03,-1.993232913675649018e-02
1.767332005599287470e+02,9.996511753549274237e-01,1.145570705725098800e-04,3.617328368810188827e-04,9.522256462704312141e-03,1.104597778611751376e-03,-3.627574990192751849e-04,-1.282324198303929751e-03,-1.968390880954464309e-02
1.767393267243971309e+02,9.996578771171679145e-01,1.123561654308879483e-04,3.539603016003176972e-04,9.402422774675527409e-03,1.083385278722056580e-03,-3.557912912345713940e-04,-1.255258060775740108e-03,-1.943852389004538037e-02
1.767454528888655432e+02,9.996644501792653070e-01,1.101975255747187715e-04,3.463518617143701117e-04,9.284083145907080087e-03,1.062579760223626799e-03,-3.489587301446083639e-04,-1.228750110014490814e-03,-1.919613884773533827e-02
1.767515790533339270e+02,9.996708970086847224e-01,1.080803407236720500e-04,3.389041345573914400e-04,9.167219314839311628e-03,1.042173435656642460e-03,-3.422572587746942722e-04,-1.202789201585315612e-03,-1.895671854198820866e-02
1.767577052178023393e+02,9.996772200305055200e-01,1.060038145148303740e-04,3.316137981216348333e-04,9.051813211813877769e-03,1.022158650784988623e-03,-3.356843638804158638e-04,-1.177364381838869522e-03,-1.872022816579924087e-02
1.767638313822707232e+02,9.996834216173133836e-01,1.039671678211264642e-04,3.244776055176229034e-04,8.937847007034323277e-03,1.002527916391749178e-03,-3.292375863852135169e-04,-1.152464933784785135e-03,-1.848663333050608662e-02
1.767699575467391355e+02,9.996895041010320782e-01,1.019696348672363364e-04,3.174923680425655557e-04,8.825303058237142159e-03,9.832738711144546617e-04,-3.229145091816020929e-04,-1.128080324043421274e-03,-1.825589997554824886e-02
1.767760837112075194e+02,9.996954697671204260e-01,1.000104651343127523e-04,3.106549634766698630e-04,8.714163938953526506e-03,9.643892997006869687e-04,-3.167127631241531426e-04,-1.104200229160800422e-03,-1.802799441867105126e-02
1.767822098756759317e+02,9.997013208556327912e-01,9.808892301243773515e-05,3.039623345606305162e-04,8.604412435749626137e-03,9.458671297081721295e-04,-3.106300259470281622e-04,-1.080814531231630553e-03,-1.780288335241894324e-02
1.767883360401443156e+02,9.997070595681287752e-01,9.620428553152552287e-05,2.974114791031687885e-04,8.496031517071640088e-03,9.277004097821477200e-04,-3.046640151335653084e-04,-1.057913286703058599e-03,-1.758053378993964383e-02
1.767944622046127279e+02,9.997126880584961128e-01,9.435584537486895764e-05,2.909994630993465326e-04,8.389004378665906175e-03,9.098823385491310988e-04,-2.988124974018318788e-04,-1.035486768251095077e-03,-1.736091314622332030e-02
1.768005883690811118e+02,9.997182084436947447e-01,9.254290735143943527e-05,2.847234053542424320e-04,8.283314393962720040e-03,8.924062308349961850e-04,-2.930732776154321389e-04,-1.013525416276794431e-03,-1.714398915128649906e-02
1.768067145335495240e+02,9.997236227984885870e-01,9.076479012553903916e-05,2.785804850064503720e-04,8.178945140829870300e-03,8.752655342532119449e-04,-2.874442042294365115e-04,-9.920198629177999494e-04,-1.692972989826904348e-02
1.768128406980179363e+02,9.997289331564078729e-01,8.902082590092981116e-05,2.725679401376537424e-04,8.075880398924272646e-03,8.584538262010382639e-04,-2.819231683048691777e-04,-9.709609280058426224e-04,-1.671810383989828092e-02
1.768189668624863202e+02,9.997341415160263534e-01,8.731035836002736493e-05,2.666830587914426694e-04,7.974104120162032322e-03,8.419647941157977012e-04,-2.765080970274678366e-04,-9.503395905586139699e-04,-1.650907973640633117e-02
1.768250930269547325e+02,9.997392498326264088e-01,8.563274540038464148e-05,2.609231908671378317e-04,7.873600471704482462e-03,8.257922617282335929e-04,-2.711969623268302258e-04,-9.301470269736989739e-04,-1.630262673329749626e-02
1.768312191914231164e+02,9.997442600279567992e-01,8.398735593095186082e-05,2.552857341647866421e-04,7.774353788949073078e-03,8.099301583603724965e-04,-2.659877707975820383e-04,-9.103745667224314971e-04,-1.609871427799495353e-02
1.768373453558915287e+02,9.997491739854492687e-01,8.237357144264289860e-05,2.497681412038748033e-04,7.676348600839421124e-03,7.943725339969034483e-04,-2.608785686475325770e-04,-8.910137142407865930e-04,-1.589731216584435239e-02
1.768434715203599126e+02,9.997539935510935116e-01,8.079078572129463117e-05,2.443679179546612854e-04,7.579569627328224500e-03,7.791135565515770744e-04,-2.558674408007142434e-04,-8.720561452015843313e-04,-1.569839053657798300e-02
1.768495976848283249e+02,9.997587205391352816e-01,7.923840297617719668e-05,2.390826156894516506e-04,7.484001751407795035e-03,7.641474939249373686e-04,-2.509525050071619891e-04,-8.534936804871669225e-04,-1.550191982435890868e-02
1.768557238492967087e+02,9.997633567245116648e-01,7.771584032473566914e-05,2.339098417600413084e-04,7.389630059767711943e-03,7.494687378556231594e-04,-2.461319196737875564e-04,-8.353183209953649871e-04,-1.530787083210896106e-02
1.768618500137651210e+02,9.997679038517092165e-01,7.622252488327091046e-05,2.288472469404170481e-04,7.296439798286453483e-03,7.350717760213185039e-04,-2.414038747052495355e-04,-8.175222072046969737e-04,-1.511621465162634945e-02
1.768679761782335049e+02,9.997723636304226558e-01,7.475789519297048116e-05,2.238925316032481063e-04,7.204416395961963683e-03,7.209512057303706220e-04,-2.367665959992866964e-04,-8.000976391154868183e-04,-1.492692270752155048e-02
1.768741023427019172e+02,9.997767377363482311e-01,7.332140095910368580e-05,2.190434445633208450e-04,7.113545462485200942e-03,7.071017314348003327e-04,-2.322183446305976242e-04,-7.830370728173204151e-04,-1.473996675370659905e-02
1.768802285071703011e+02,9.997810278163595799e-01,7.191250135157193702e-05,2.142977756885507839e-04,7.023812761766172648e-03,6.935181484273441558e-04,-2.277574114985088057e-04,-7.663330967477130409e-04,-1.455531882556200876e-02
1.768863546716387134e+02,9.997852354816381126e-01,7.053066726094513704e-05,2.096533656604572288e-04,6.935204250367767685e-03,6.801953645081240717e-04,-2.233821244408564605e-04,-7.499784633852105142e-04,-1.437295131087694758e-02
1.768924808361071257e+02,9.997893623157168008e-01,6.917537865667850957e-05,2.051080945006480180e-04,6.847706035391930984e-03,6.671283746360638298e-04,-2.190908399117746973e-04,-7.339660523797490429e-04,-1.419283687342004670e-02
1.768986070005755096e+02,9.997934098705391071e-01,6.784612588184314437e-05,2.006598871625733349e-04,6.761304397093779832e-03,6.543122733657393258e-04,-2.148819470652042459e-04,-7.182888887034153064e-04,-1.401494849484384228e-02
1.769047331650439219e+02,9.997973796671787428e-01,6.654240941618742248e-05,1.963067124780185459e-04,6.675985786564403619e-03,6.417422525854014296e-04,-2.107538670125203646e-04,-7.029401394941096112e-04,-1.383925947121968439e-02
1.769108593295123057e+02,9.998012732005405745e-01,6.526373833300828649e-05,1.920465764608934758e-04,6.591736800687851040e-03,6.294135867053135634e-04,-2.067050479596005993e-04,-6.879130924177466987e-04,-1.366574336730952410e-02
1.769169854939807180e+02,9.998050919331222808e-01,6.400963234743261199e-05,1.878775311420205062e-04,6.508544218453841609e-03,6.173216523379515541e-04,-2.027339716686949388e-04,-6.732011845047920946e-04,-1.349437408418497318e-02
1.769231116584491019e+02,9.998088373023193975e-01,6.277961941770849382e-05,1.837976641745666111e-04,6.426394961133173253e-03,6.054619052694627541e-04,-1.988391458975923454e-04,-6.587979685593113414e-04,-1.332512578621242172e-02
1.769292378229175142e+02,9.998125107168460701e-01,6.157323692067088181e-05,1.798051038938035305e-04,6.345276113637161701e-03,5.938298917557066408e-04,-1.950191081086702881e-04,-6.446971296677363574e-04,-1.315797294097051894e-02
1.769353639873858981e+02,9.998161135573899738e-01,6.039003143650895035e-05,1.758980183582257084e-04,6.265174922307764106e-03,5.824212464653385482e-04,-1.912724247937667662e-04,-6.308924823002679504e-04,-1.299289031584758072e-02
1.769414901518543104e+02,9.998196471808794561e-01,5.922955734765734324e-05,1.720746092845327178e-04,6.186078771241693142e-03,5.712316790245768614e-04,-1.875976870564142703e-04,-6.173779506061402534e-04,-1.282985293438846167e-02
1.769476163163226943e+02,9.998231129148205110e-01,5.809137869837247556e-05,1.683331200404504285e-04,6.107975216582445417e-03,5.602569918914477448e-04,-1.839935164809115582e-04,-6.041475946318699761e-04,-1.266883614067159346e-02
1.769537424807911066e+02,9.998265120639293624e-01,5.697506701684783000e-05,1.646718262327653338e-04,6.030851948881170953e-03,5.494930594371759576e-04,-1.804585582639778372e-04,-5.911955797416422595e-04,-1.250981552965202068e-02
1.769598686452594904e+02,9.998298459068826194e-01,5.588020238235575412e-05,1.610890402834252522e-04,5.954696813261633158e-03,5.389358382051896539e-04,-1.769914845833813020e-04,-5.785161916218618805e-04,-1.235276698514282782e-02
1.769659948097279027e+02,9.998331156969125777e-01,5.480637322975266955e-05,1.575831105574394906e-04,5.879497807315363020e-03,5.285813650410533474e-04,-1.735909939840990187e-04,-5.661038336225113904e-04,-1.219766667648896317e-02
1.769721209741963150e+02,9.998363226656811209e-01,5.375317507738304343e-05,1.541524158724864695e-04,5.805243058730084026e-03,5.184257448706566752e-04,-1.702558073653851747e-04,-5.539530088265981304e-04,-1.204449101694962318e-02
1.769782471386646989e+02,9.998394680181388328e-01,5.272021221526879196e-05,1.507953727264659926e-04,5.731920857658951395e-03,5.084651669329856008e-04,-1.669846733109814178e-04,-5.420583438711802215e-04,-1.189321672492214994e-02
1.769843733031331112e+02,9.998425529385466248e-01,5.170709572781286814e-05,1.475104267796989855e-04,5.659519621164979704e-03,4.986958857798864594e-04,-1.637763618504575280e-04,-5.304145611301480916e-04,-1.174382075757210778e-02
1.769904994676014951e+02,9.998455785875255408e-01,5.071344446256514823e-05,1.442960569916259389e-04,5.588027912250242979e-03,4.891142305925527765e-04,-1.606296675184256762e-04,-5.190164923422986229e-04,-1.159628034693522755e-02
1.769966256320699074e+02,9.998485461025968801e-01,4.973888485266974349e-05,1.411507748281974953e-04,5.517434437853232718e-03,4.797166034816490788e-04,-1.575434087965268547e-04,-5.078590761755757662e-04,-1.145057299667823734e-02
1.770027517965382913e+02,9.998514566016999394e-01,4.878304976195507189e-05,1.380731192942168703e-04,5.447728027720162743e-03,4.704994683868889897e-04,-1.545164244685821322e-04,-4.969373419229698935e-04,-1.130667644246966148e-02
1.770088779610067036e+02,9.998543111785251902e-01,4.784558001747749495e-05,1.350616634658113023e-04,5.378897664946486433e-03,4.614593658179395809e-04,-1.515475784610529069e-04,-4.862464311310241301e-04,-1.116456871014690801e-02
1.770150041254750874e+02,9.998571109079799069e-01,4.692612261441494326e-05,1.321150067857197502e-04,5.310932452405351875e-03,4.525928955981830507e-04,-1.486357541768479958e-04,-4.757815723137298180e-04,-1.102422805255113582e-02
1.770211302899434997e+02,9.998598568435109746e-01,4.602433159549662421e-05,1.292317788010601508e-04,5.243821630697871605e-03,4.438967253246723331e-04,-1.457798572733472685e-04,-4.655380933222901495e-04,-1.088563298380998239e-02
1.770272564544118836e+02,9.998625500175956082e-01,4.513986788975861148e-05,1.264106384434556050e-04,5.177554576249675591e-03,4.353675888232384663e-04,-1.429788151552248269e-04,-4.555114191159894961e-04,-1.074876227619386664e-02
1.770333826188802959e+02,9.998651914449343536e-01,4.427239826406698792e-05,1.236502695365623372e-04,5.112120781365157851e-03,4.270022760673360942e-04,-1.402315736642020989e-04,-4.456970569474379747e-04,-1.061359492242167600e-02
1.770395087833486798e+02,9.998677821182143655e-01,4.342159671432206821e-05,1.209493866976256996e-04,5.047509883033316977e-03,4.187976465633792746e-04,-1.375371014744622639e-04,-4.360906159877867461e-04,-1.048011019087316704e-02
1.770456349478170921e+02,9.998703230130722153e-01,4.258714283581585167e-05,1.183067283716063712e-04,4.983711631243331955e-03,4.107506136795950787e-04,-1.348943849468065405e-04,-4.266877843572774542e-04,-1.034828756553715298e-02
1.770517611122855044e+02,9.998728150856627250e-01,4.176872262154145246e-05,1.157210602069933068e-04,4.920715905910877548e-03,4.028581523277780744e-04,-1.323024306511761999e-04,-4.174843403458474551e-04,-1.021810677853832519e-02
1.770578872767538883e+02,9.998752592731049438e-01,4.096602831576861458e-05,1.131911744024162496e-04,4.858512715070642182e-03,3.951172975593816535e-04,-1.297602649057503349e-04,-4.084761503751955418e-04,-1.008954780709529764e-02
1.770640134412223006e+02,9.998776564963809399e-01,4.017875746222649390e-05,1.107158856458366291e-04,4.797092176055273854e-03,3.875251354107709756e-04,-1.272669307708148710e-04,-3.996591555463855760e-04,-9.962590837702981969e-03
1.770701396056906844e+02,9.998800076564897665e-01,3.940661416696661422e-05,1.082940364437866586e-04,4.736444542654342713e-03,3.800788150569265212e-04,-1.248214920398057668e-04,-3.910293894363843850e-04,-9.837216318496044831e-03
1.770762657701590967e+02,9.998823136389524135e-01,3.864930761898454763e-05,1.059244908264191922e-04,4.676560175223208084e-03,3.727755345807762331e-04,-1.224230285663725781e-04,-3.825829572468111861e-04,-9.713404902212615516e-03
1.770823919346274806e+02,9.998845753116054613e-01,3.790655281487112922e-05,1.036061373951093249e-04,4.617429556638200962e-03,3.656125479479173141e-04,-1.200706385547632184e-04,-3.743160459760077490e-04,-9.591137477029946373e-03
1.770885180990958929e+02,9.998867935250057570e-01,3.717807042585504379e-05,1.013378887297855470e-04,4.559043290581806483e-03,3.585871637310646771e-04,-1.177634381410344301e-04,-3.662249225577305224e-04,-9.470395163628920684e-03
1.770946442635642768e+02,9.998889691150615322e-01,3.646358593376217535e-05,9.911867771998685559e-05,4.501392083789884646e-03,3.516967367970628977e-04,-1.155005586632844181e-04,-3.583059216537003047e-04,-9.351159281191226066e-03
1.771007704280326891e+02,9.998911028995417505e-01,3.576283077734753103e-05,9.694746237525549322e-05,4.444466771649308902e-03,3.449386793417459260e-04,-1.132811502853289695e-04,-3.505554617823615970e-04,-9.233411397022321665e-03
1.771068965925010730e+02,9.998931956821652811e-01,3.507554100936711240e-05,9.482322013904086330e-05,4.388258290009296875e-03,3.383104479681226439e-04,-1.111043777534894848e-04,-3.429700264024664806e-04,-9.117133272427514062e-03
1.771130227569694853e+02,9.998952482505988337e-01,3.440145795435157604e-05,9.274495063886542925e-05,4.332757690216341995e-03,3.318095500188623990e-04,-1.089694224760957126e-04,-3.355461731292751736e-04,-9.002306891922679660e-03
1.771191489214378691e+02,9.998972613768231099e-01,3.374032808788405533e-05,9.071167514905414194e-05,4.277956137488634486e-03,3.254335424174668173e-04,-1.068754821430090661e-04,-3.282805320361443287e-04,-8.888914460408209317e-03
1.771252750859062814e+02,9.998992358195221142e-01,3.309190225226445642e-05,8.872243327730537296e-05,4.223844894177041474e-03,3.191800241201399302e-04,-1.048217682469649637e-04,-3.211697945836470354e-04,-8.776938370916653048e-03
1.771314012503746937e+02,9.999011723209151326e-01,3.245593669703912700e-05,8.677628730498325460e-05,4.170415343883650088e-03,3.130466461342529109e-04,-1.028075093735362773e-04,-3.142107282285951987e-04,-8.666361251604894067e-03
1.771375274148430776e+02,9.999030716104670979e-01,3.183219185997140124e-05,8.487231705320695432e-05,4.117658964887936646e-03,3.070310997857242071e-04,-1.008319473483542880e-04,-3.074001592733220070e-04,-8.557165914436079199e-03
1.771436535793114899e+02,9.999049344030724873e-01,3.122043296409671322e-05,8.300962236362182430e-05,4.065567344310316335e-03,3.011311224681557886e-04,-9.889433912505931159e-05,-3.007349812112136093e-04,-8.449335382831999267e-03
1.771497797437798738e+02,9.999067613993878334e-01,3.062042990811548321e-05,8.118732261162913647e-05,4.014132176572269076e-03,2.953444965901226029e-04,-9.699395643967008277e-05,-2.942121531783044807e-04,-8.342852888958226035e-03
1.771559059082482861e+02,9.999085532879999905e-01,3.003195655442895224e-05,7.940455371529568846e-05,3.963345247618627054e-03,2.896690427219070609e-04,-9.513008356006299516e-05,-2.878286899190939780e-04,-8.237701843156268813e-03
1.771620320727166700e+02,9.999103107425503234e-01,2.945479167361107943e-05,7.766047204994488062e-05,3.913198457635760560e-03,2.841026286908156597e-04,-9.330202027281976813e-05,-2.815816750118449625e-04,-8.133865878414742526e-03
1.771681582371850823e+02,9.999120344251041237e-01,2.888871783787575867e-05,7.595424981474423361e-05,3.863683796008419904e-03,2.786431589288725259e-04,-9.150907838514643091e-05,-2.754682453278044707e-04,-8.031328801748855578e-03
1.771742844016534661e+02,9.999137249845003739e-01,2.833352196300712949e-05,7.428507726960886771e-05,3.814793354658614459e-03,2.732885796920526099e-04,-8.975058343884244490e-05,-2.694855985842962509e-04,-7.930074620360754584e-03
1.771804105661218784e+02,9.999153830566548384e-01,2.778899520884839139e-05,7.265216229442717335e-05,3.766519326587913254e-03,2.680368781041505156e-04,-8.802587439635581584e-05,-2.636309919342550529e-04,-7.830087539036531888e-03
1.771865367305902623e+02,9.999170092665277121e-01,2.725493233304703575e-05,7.105472769005960519e-05,3.718853991010557299e-03,2.628860759346625733e-04,-8.633430159750421756e-05,-2.579017328768278515e-04,-7.731351931195938956e-03
1.771926628950586746e+02,9.999186042255135964e-01,2.673113254832137412e-05,6.949201470764493750e-05,3.671789734746879613e-03,2.578342378557419096e-04,-8.467522947102940241e-05,-2.522951912237867875e-04,-7.633852380952222023e-03
1.771987890595270585e+02,9.999201685344994983e-01,2.621739851806385849e-05,6.796327886857018985e-05,3.625319028629709391e-03,2.528794617711139841e-04,-8.304803335870575309e-05,-2.468087850254003157e-04,-7.537573637079267481e-03
1.772049152239954708e+02,9.999217027823675830e-01,2.571353684822841790e-05,6.646779198073369242e-05,3.579434440063413488e-03,2.480198835541401014e-04,-8.145210107130558660e-05,-2.414399874028508926e-04,-7.442500637746081102e-03
1.772110413884638831e+02,9.999232075462695102e-01,2.521935799698928196e-05,6.500484173963303565e-05,3.534128631644884496e-03,2.432536761794525961e-04,-7.988683260346214155e-05,-2.361863252644494262e-04,-7.348618508025396394e-03
1.772171675529322670e+02,9.999246833934134493e-01,2.473467568814286864e-05,6.357372929389116958e-05,3.489394347158972405e-03,2.385790440741085330e-04,-7.835163827862911060e-05,-2.310453710765418436e-04,-7.255912532493635769e-03
1.772232937174006793e+02,9.999261308786943081e-01,2.425930768920822464e-05,6.217377242603420214e-05,3.445224431719341902e-03,2.339942306131897413e-04,-7.684594121062946826e-05,-2.260147536854546985e-04,-7.164368194987729040e-03
1.772294198818690631e+02,9.999275505474696235e-01,2.379307489975716677e-05,6.080430178294320826e-05,3.401611809546828576e-03,2.294975093399287695e-04,-7.536917442040080069e-05,-2.210921455784261485e-04,-7.073971135050291341e-03
1.772355460463374754e+02,9.999289429342006486e-01,2.333580179787276486e-05,5.946466269258887915e-05,3.358549495791379909e-03,2.250871882668510377e-04,-7.392078224847534261e-05,-2.162752690610781172e-04,-6.984707171303247350e-03
1.772416722108058593e+02,9.999303085627015975e-01,2.288731635813624405e-05,5.815421480318970666e-05,3.316030595228251863e-03,2.207616090871184248e-04,-7.250022009602858828e-05,-2.115618950898232270e-04,-6.896562299067038673e-03
1.772477983752742716e+02,9.999316479477610153e-01,2.244744951918862340e-05,5.687232988817802017e-05,3.274048289069361652e-03,2.165191420463752911e-04,-7.110695274080335786e-05,-2.069498358255475543e-04,-6.809522664443863789e-03
1.772539245397426555e+02,9.999329615929917203e-01,2.201603588996533365e-05,5.561839471185306140e-05,3.232595853920466888e-03,2.123581927469782922e-04,-6.974045657163253128e-05,-2.024369544158385545e-04,-6.723574601877895136e-03
1.772600507042110678e+02,9.999342499933496775e-01,2.159291292220734228e-05,5.439180763127848594e-05,3.191666640857214639e-03,2.082771941775300240e-04,-6.840021697095665916e-05,-1.980211534702630484e-04,-6.638704592969695527e-03
1.772661768686794517e+02,9.999355136339013184e-01,2.117792131568079050e-05,5.319198023266713017e-05,3.151254086550750975e-03,2.042746106171881631e-04,-6.708572959701211778e-05,-1.937003806430402457e-04,-6.554899288552732371e-03
1.772723030331478640e+02,9.999367529900486939e-01,2.077090494372678845e-05,5.201833700513598517e-05,3.111351712035682199e-03,2.003489369195693935e-04,-6.579650014867772742e-05,-1.894726275718954021e-04,-6.472145506421543917e-03
1.772784291976162478e+02,9.999379685290026298e-01,2.037171036999051434e-05,5.087031336229237184e-05,3.071953110292996621e-03,1.964986938573890808e-04,-6.453204283666201784e-05,-1.853359231434479823e-04,-6.390430206831986329e-03
1.772845553620846601e+02,9.999391607078297328e-01,1.998018748941899456e-05,4.974735822309900768e-05,3.033051964089217463e-03,1.927224342989280537e-04,-6.329188241188050458e-05,-1.812883423315195665e-04,-6.309740527969024716e-03
1.772906815265530724e+02,9.999403299757398944e-01,1.959618877719227642e-05,4.864893094972412818e-05,2.994642026279212797e-03,1.890187359725706729e-04,-6.207555178932867021e-05,-1.773279957761566725e-04,-6.230063747022975690e-03
1.772968076910214563e+02,9.999414767729662978e-01,1.921956965650882350e-05,4.757450282098646264e-05,2.956717130274288518e-03,1.853862050108770932e-04,-6.088259321196562402e-05,-1.734530348264827970e-04,-6.151387301031192509e-03
1.773029338554898686e+02,9.999426015309713645e-01,1.885018843100277279e-05,4.652355673752890989e-05,2.919271188878556217e-03,1.818234753003172897e-04,-5.971255803718557303e-05,-1.696616505769634636e-04,-6.073698784713021763e-03
1.773090600199582525e+02,9.999437046737820189e-01,1.848790584610683529e-05,4.549558543928251901e-05,2.882298182601051185e-03,1.783292042552811116e-04,-5.856500534899849211e-05,-1.659520677794201781e-04,-5.996985927321841527e-03
1.773151861844266648e+02,9.999447866162185505e-01,1.813258567083283386e-05,4.449009382907835293e-05,2.845792176439428372e-03,1.749020784246114232e-04,-5.743950379923445053e-05,-1.623225528249480458e-04,-5.921236626122035156e-03
1.773213123488950487e+02,9.999458477659700639e-01,1.778409401607423059e-05,4.350659621419829162e-05,2.809747301341750190e-03,1.715408069234928147e-04,-5.633562945057980900e-05,-1.587714043254450746e-04,-5.846438909621431805e-03
1.773274385133634610e+02,9.999468885225788473e-01,1.744229966841272434e-05,4.254461763267814014e-05,2.774157764054105760e-03,1.682441246504905966e-04,-5.525296683304995935e-05,-1.552969576668603892e-04,-5.772580957238937667e-03
1.773335646778318448e+02,9.999479092776256683e-01,1.710707402877065968e-05,4.160369358699352445e-05,2.739017846022038724e-03,1.650107916970912608e-04,-5.419110875010684392e-05,-1.518975841345029064e-04,-5.699651097243611624e-03
1.773396908423002571e+02,9.999489104159435815e-01,1.677829071429110143e-05,4.068336843856186242e-05,2.704321892391508327e-03,1.618395895115985468e-04,-5.314965501886714452e-05,-1.485716854121570823e-04,-5.627637784894686142e-03
1.773458170067686410e+02,9.999498923140089923e-01,1.645582608636565823e-05,3.978319749907280252e-05,2.670064327796522335e-03,1.587293259881508115e-04,-5.212821414136569760e-05,-1.453177007874928732e-04,-5.556529634026194549e-03
1.773519431712370533e+02,9.999508553418264833e-01,1.613955863190987770e-05,3.890274454646154724e-05,2.636239638915522775e-03,1.556788295046646596e-04,-5.112640134659738629e-05,-1.421340986435635644e-04,-5.486315382332803726e-03
1.773580693357054372e+02,9.999517998620057746e-01,1.582936926632630135e-05,3.804158301838745759e-05,2.602842383733533407e-03,1.526869518428492444e-04,-5.014383954946767682e-05,-1.390193805682435769e-04,-5.416983909921880246e-03
1.773641955001738495e+02,9.999527262299314767e-01,1.552514127781864838e-05,3.719929577178103020e-05,2.569867190505501549e-03,1.497525676521733800e-04,-4.918015917475962933e-05,-1.359720805608611151e-04,-5.348524237353933716e-03
1.773703216646422618e+02,9.999536347948632109e-01,1.522675996605071302e-05,3.637547363728223655e-05,2.537308747407637354e-03,1.468745709677030933e-04,-4.823499701358826511e-05,-1.329907600640232339e-04,-5.280925505008295280e-03
1.773764478291106457e+02,9.999545258984766649e-01,1.493411312138333359e-05,3.556971730092669534e-05,2.505161817385456301e-03,1.440518798293304514e-04,-4.730799774037740474e-05,-1.300740144653692119e-04,-5.214177002870862797e-03
1.773825739935790580e+02,9.999553998765730034e-01,1.464709046331188742e-05,3.478163506797224755e-05,2.473421221743413081e-03,1.412834308699324477e-04,-4.639881213559035063e-05,-1.272204654145065947e-04,-5.148268137773011864e-03
1.773887001580474418e+02,9.999562570582425369e-01,1.436558391543334156e-05,3.401084393652920908e-05,2.442081848854890051e-03,1.385681819657794047e-04,-4.550709795614384383e-05,-1.244287645303904612e-04,-5.083188450884876079e-03
1.773948263225158541e+02,9.999570977660175997e-01,1.408948755490065089e-05,3.325696938054846963e-05,2.411138653184362237e-03,1.359051117498773307e-04,-4.463251977558864073e-05,-1.216975926821558596e-04,-5.018927615854005229e-03
1.774009524869842380e+02,9.999579223168714170e-01,1.381869728446654938e-05,3.251964404868283224e-05,2.380586645552535980e-03,1.332932164512249035e-04,-4.377474794610790564e-05,-1.190256555039991503e-04,-4.955475419336221113e-03
1.774070786514526503e+02,9.999587310208946089e-01,1.355311126743419776e-05,3.179850945683719310e-05,2.350420907098410474e-03,1.307315140874899231e-04,-4.293345997542539436e-05,-1.164116892596527242e-04,-4.892821789078594455e-03
1.774132048159210342e+02,9.999595241828458381e-01,1.329262941798107071e-05,3.109321397575456349e-05,2.320636573843812365e-03,1.282190395527562797e-04,-4.210833891358601520e-05,-1.138544539076246330e-04,-4.830956763014144888e-03
1.774193309803894465e+02,9.999603021013924176e-01,1.303715365071500051e-05,3.040341379654940400e-05,2.291228844882857007e-03,1.257548470231427352e-04,-4.129907414299371140e-05,-1.113527364445464184e-04,-4.769870505751056325e-03
1.774254571448578304e+02,9.999610650692505320e-01,1.278658783479524728e-05,2.972877273493110717e-05,2.262192981459932532e-03,1.233380095150291901e-04,-4.050536123331848485e-05,-1.089053502536438118e-04,-4.709553306806249680e-03
1.774315833093262427e+02,9.999618133740908466e-01,1.254083749627958856e-05,2.906896106042436821e-05,2.233524297813883116e-03,1.209676160160885988e-04,-3.972690099931728820e-05,-1.065111310573898590e-04,-4.649995562242791904e-03
1.774377094737946265e+02,9.999625472973369122e-01,1.229981021287812387e-05,2.842365701835219461e-05,2.205218174304924336e-03,1.186427752907645236e-04,-3.896340075058599508e-05,-1.041689422051302646e-04,-4.591187801136854818e-03
1.774438356382630388e+02,9.999632671155735952e-01,1.206341515137372025e-05,2.779254501934566167e-05,2.177270042898683117e-03,1.163626114215400201e-04,-3.821457282727652895e-05,-1.018776684163047957e-04,-4.533120656434083164e-03
1.774499618027314227e+02,9.999639730998572951e-01,1.183156329411377387e-05,2.717531650741696164e-05,2.149675394865093077e-03,1.141262659924108480e-04,-3.748013531716949106e-05,-9.963621879436865595e-05,-4.475784880487384404e-03
1.774560879671998350e+02,9.999646655158429542e-01,1.160416739736783084e-05,2.657166978340933484e-05,2.122429779909315410e-03,1.119328976877786020e-04,-3.675981192395584801e-05,-9.744352623686893596e-05,-4.419171343381982954e-03
1.774622141316682473e+02,9.999653446246065114e-01,1.138114172118030474e-05,2.598130895183382996e-05,2.095528797561965403e-03,1.097816796884151677e-04,-3.605333111205043174e-05,-9.529854378460364431e-05,-4.363271015622785347e-03
1.774683402961366312e+02,9.999660106815542182e-01,1.116240238763984480e-05,2.540394528908923011e-05,2.068968109519063112e-03,1.076718031254741444e-04,-3.536042724091384437e-05,-9.320024938736945431e-05,-4.308074993070570499e-03
1.774744664606050435e+02,9.999666639377006172e-01,1.094786696104788250e-05,2.483929561511745489e-05,2.042743425993003969e-03,1.056024730334532649e-04,-3.468083923597945064e-05,-9.114764026110754589e-05,-4.253574469469257290e-03
1.774805926250734274e+02,9.999673046390425979e-01,1.073745465347639911e-05,2.428708307363886259e-05,2.016850512949271753e-03,1.035729103319758338e-04,-3.401431123949067218e-05,-8.913973560386677494e-05,-4.199760751082783940e-03
1.774867187895418397e+02,9.999679330266753041e-01,1.053108628697149287e-05,2.374703697300041758e-05,1.991285191287526807e-03,1.015823514616927612e-04,-3.336059249092845658e-05,-8.717557606194576271e-05,-4.146625255108139611e-03
1.774928449540102235e+02,9.999685493375377598e-01,1.032868404837191485e-05,2.321889183909000518e-05,1.966043328746574451e-03,9.963004602074340221e-05,-3.271943655079835513e-05,-8.525422043798612309e-05,-4.094159493358152935e-03
1.774989711184786358e+02,9.999691538034229943e-01,1.013017181446398225e-05,2.270238864499237575e-05,1.941120851502966833e-03,9.771525989963586564e-05,-3.209060233017008130e-05,-8.337474998481171325e-05,-4.042355095748681633e-03
1.775050972829470197e+02,9.999697466521388911e-01,9.935474770950607031e-06,2.219727334688575648e-05,1.916513731339065593e-03,9.583727160801956062e-05,-3.147385288434852195e-05,-8.153626331819586103e-05,-3.991203784409404209e-03
1.775112234474154320e+02,9.999703281069393102e-01,9.744519599008838885e-06,2.170329758513992924e-05,1.892217992444438987e-03,9.399537407339237608e-05,-3.086895600358630873e-05,-7.973787886346029154e-05,-3.940697387468209377e-03
1.775173496118838159e+02,9.999708983866290035e-01,9.557234440984893644e-06,2.122021854090108090e-05,1.868229710644474153e-03,9.218887431058229900e-05,-3.027568410454127906e-05,-7.797873437260452055e-05,-3.890827837548699146e-03
1.775234757763522282e+02,9.999714577062408516e-01,9.373548677872329998e-06,2.074779808463888566e-05,1.844545005790368787e-03,9.041709127647125659e-05,-2.969381352575301740e-05,-7.625798395714625548e-05,-3.841587156395856809e-03
1.775296019408206121e+02,9.999720062761378037e-01,9.193393224412148363e-06,2.028580388098064172e-05,1.821160052659615220e-03,8.867935871530936470e-05,-2.912312546206998200e-05,-7.457480195544696322e-05,-3.792967476992641519e-03
1.775357281052890244e+02,9.999725443030657024e-01,9.016700183278422194e-06,1.983400807264861868e-05,1.798071068893902997e-03,8.697502182475505648e-05,-2.856340486974353967e-05,-7.292837834807340157e-05,-3.744961019170359954e-03
1.775418542697574367e+02,9.999730719896370301e-01,8.843403014391075143e-06,1.939218791028458867e-05,1.775274321390631852e-03,8.530343888839103628e-05,-2.801444100256447980e-05,-7.131792096099803704e-05,-3.697560102586871632e-03
1.775479804342258205e+02,9.999735895344269432e-01,8.673436503780020574e-06,1.896012562326016812e-05,1.752766125576460474e-03,8.366398097569282286e-05,-2.747602731333493578e-05,-6.974265502905878237e-05,-3.650757145304947028e-03
1.775541065986942328e+02,9.999740971325870031e-01,8.506736561630509486e-06,1.853760765441131518e-05,1.730542838254295899e-03,8.205602999495407274e-05,-2.694796081442348397e-05,-6.820182052247783619e-05,-3.604544649310682802e-03
1.775602327631626167e+02,9.999745949750308283e-01,8.343240490104668848e-06,1.812442565246555974e-05,1.708600867846418432e-03,8.047898127567314186e-05,-2.643004292585611649e-05,-6.669467562887006586e-05,-3.558915221334149528e-03
1.775663589276310290e+02,9.999750832493888852e-01,8.182886669490939304e-06,1.772037528937077028e-05,1.686936663057557418e-03,7.893224054259080581e-05,-2.592207848155515443e-05,-6.522049262301235831e-05,-3.513861549879024760e-03
1.775724850920994129e+02,9.999755621395406413e-01,8.025614711865413113e-06,1.732525682594949210e-05,1.665546718880539685e-03,7.741522539736117917e-05,-2.542387621593694848e-05,-6.377855985020692274e-05,-3.469376417438811526e-03
1.775786112565678252e+02,9.999760318257012726e-01,7.871365432832611047e-06,1.693887499556327497e-05,1.644427575912332318e-03,7.592736504622142081e-05,-2.493524867447656349e-05,-6.236818133181272093e-05,-3.425452699152515667e-03
1.775847374210362091e+02,9.999764924849792180e-01,7.720080668238079536e-06,1.656103831649319001e-05,1.623575813631447521e-03,7.446809853276923003e-05,-2.445601163333694747e-05,-6.098867435721313661e-05,-3.382083349167661936e-03
1.775908635855046214e+02,9.999769442906359940e-01,7.571703517231863217e-06,1.619155998317496091e-05,1.602988060022288641e-03,7.303687708177012371e-05,-2.398598486909341888e-05,-5.963937261788425701e-05,-3.339261420236387407e-03
1.775969897499730052e+02,9.999773874129537221e-01,7.426178057428856661e-06,1.583025680367693177e-05,1.582660980921115007e-03,7.163316135272306299e-05,-2.352499125678428359e-05,-5.831962248780783622e-05,-3.296980042087405312e-03
1.776031159144414175e+02,9.999778220188109135e-01,7.283449484364947476e-06,1.547694970759828478e-05,1.562591285658522337e-03,7.025642278461689924e-05,-2.307285721154318835e-05,-5.702878480836516285e-05,-3.255232432922412593e-03
1.776092420789098014e+02,9.999782482717597398e-01,7.143464085848909481e-06,1.513146364134283195e-05,1.542775726415656062e-03,6.890614334875384080e-05,-2.262941260741914093e-05,-5.576623453204764658e-05,-3.214011898145580168e-03
1.776153682433782137e+02,9.999786663325331837e-01,7.006169075617654402e-06,1.479362695042679602e-05,1.523211091906874915e-03,6.758181394481237701e-05,-2.219449025062805530e-05,-5.453135855424578652e-05,-3.173311817525161123e-03
1.776214944078466260e+02,9.999790763583729092e-01,6.871512813929417893e-06,1.446327217964656318e-05,1.503894216421779563e-03,6.628293652802821022e-05,-2.176792657814609884e-05,-5.332355853326313494e-05,-3.133125663633048747e-03
1.776276205723150099e+02,9.999794785038165212e-01,6.739444549054662358e-06,1.414023511874183004e-05,1.484821969814074201e-03,6.500902161654935774e-05,-2.134956083909813601e-05,-5.214224754165414983e-05,-3.093446981485607327e-03
1.776337467367834222e+02,9.999798729203124292e-01,6.609914543839727231e-06,1.382435525832696600e-05,1.465991262802325513e-03,6.375958951193843455e-05,-2.093923549557661588e-05,-5.098685167201466692e-05,-3.054269399360420249e-03
1.776398729012518061e+02,9.999802597562906792e-01,6.482874052428800804e-06,1.351547569564566024e-05,1.447399046364113324e-03,6.253417007475588175e-05,-2.053679614895645143e-05,-4.985680971531718746e-05,-3.015586627596157990e-03
1.776459990657202184e+02,9.999806391576226972e-01,6.358275169296360517e-06,1.321344257983347107e-05,1.429042305800192402e-03,6.133230126887826783e-05,-2.014209106181915826e-05,-4.875157120927118876e-05,-2.977392446508853908e-03
1.776521252301886022e+02,9.999810112670108886e-01,6.236071029446671114e-06,1.291810583015535284e-05,1.410918069228617568e-03,6.015353109207813694e-05,-1.975497179198358187e-05,-4.767059897498499054e-05,-2.939680723739688042e-03
1.776582513946570145e+02,9.999813762247040660e-01,6.116215573802223679e-06,1.262931827904953477e-05,1.393023398178715655e-03,5.899741531372427273e-05,-1.937529244953876107e-05,-4.661336610320434789e-05,-2.902445395094592050e-03
1.776643775591253984e+02,9.999817341681473959e-01,5.998663664066420260e-06,1.234693608131504482e-05,1.375355392570362049e-03,5.786351858244598561e-05,-1.900291006061857827e-05,-4.557935739854136335e-05,-2.865680474719540811e-03
1.776705037235938107e+02,9.999820852320464581e-01,5.883371061596782381e-06,1.207081862932435034e-05,1.357911190143952940e-03,5.675141422249403901e-05,-1.863768450052064106e-05,-4.456806908919181000e-05,-2.829380053967448395e-03
1.776766298880621946e+02,9.999824295487842463e-01,5.770294290393633026e-06,1.180082805494535745e-05,1.340687960883603499e-03,5.566068291252822286e-05,-1.827947805980941303e-05,-4.357900707078654661e-05,-2.793538290027227852e-03
1.776827560525306069e+02,9.999827672478692753e-01,5.659390818790717027e-06,1.153682987409093743e-05,1.323682914995858231e-03,5.459091443780366738e-05,-1.792815601974708767e-05,-4.261168918750395037e-05,-2.758149422241384322e-03
1.776888822169989908e+02,9.999830984565819536e-01,5.550618846532818265e-06,1.127869221739059669e-05,1.306893294073081802e-03,5.354170563691217050e-05,-1.758358597798650533e-05,-4.166564252055550682e-05,-2.723207754077619416e-03
1.776950083814674031e+02,9.999834232996586136e-01,5.443937409018937275e-06,1.102628619734451245e-05,1.290316375770347249e-03,5.251266140708197737e-05,-1.724563817872303400e-05,-4.074040468673372861e-05,-2.688707662698975806e-03
1.777011345459358154e+02,9.999837418993492433e-01,5.339306358128064018e-06,1.077948583206767893e-05,1.273949473269220169e-03,5.150339451933711897e-05,-1.691418545199027600e-05,-3.983552357655624992e-05,-2.654643597894485157e-03
1.777072607104041992e+02,9.999840543757965161e-01,5.236686237874367684e-06,1.053816759818972072e-05,1.257789930038779322e-03,5.051352441940341962e-05,-1.658910281986251446e-05,-3.895055577450673673e-05,-2.621010071381153599e-03
1.777133868748726115e+02,9.999843608465331934e-01,5.136038449299631622e-06,1.030221100914856347e-05,1.241835127329560468e-03,4.954267881791672739e-05,-1.627026801869863333e-05,-3.808506860976043629e-05,-2.587801672149837341e-03
1.777195130393409954e+02,9.999846614270710976e-01,5.037325057235743436e-06,1.007149792469003257e-05,1.226082475872691162e-03,4.859049182694227825e-05,-1.595756088715486346e-05,-3.723863771733706561e-05,-2.555013049505365161e-03
1.777256392038094077e+02,9.999849562306127870e-01,4.940508884909649013e-06,9.845912880234119235e-06,1.210529420272357616e-03,4.765660487234811728e-05,-1.565086366581900480e-05,-3.641084820533431021e-05,-2.522638922065908226e-03
1.777317653682777916e+02,9.999852453681040698e-01,4.845553496541623894e-06,9.625343018312588158e-06,1.195173438501530554e-03,4.674066652604987108e-05,-1.535006094211410104e-05,-3.560129441880966508e-05,-2.490674076754297375e-03
1.777378915327462039e+02,9.999855289485782839e-01,4.752423084496207893e-06,9.409677687320566332e-06,1.180012036980770257e-03,4.584233141772498882e-05,-1.505503929289645529e-05,-3.480957851911105968e-05,-2.459113358734978539e-03
1.777440176972145878e+02,9.999858070787008835e-01,4.661082618929180306e-06,9.198808960253797561e-06,1.165042757616313899e-03,4.496126167803085936e-05,-1.476568775842622083e-05,-3.403531232697786744e-05,-2.427951685843700649e-03
1.777501438616830001e+02,9.999860798633023462e-01,4.571497672415469878e-06,8.992631015098447728e-06,1.150263170003131257e-03,4.409712524736894194e-05,-1.448189728694357596e-05,-3.327811512957724031e-05,-2.397184032635708058e-03
1.777562700261513839e+02,9.999863474051176038e-01,4.483634505807059621e-06,8.791040430237046936e-06,1.135670875550006276e-03,4.324959670390752262e-05,-1.420356100660562777e-05,-3.253761472942054883e-05,-2.366805438847133583e-03
1.777623961906197962e+02,9.999866098048338925e-01,4.397460052439760204e-06,8.593936122819966387e-06,1.121263507005332413e-03,4.241835711133608007e-05,-1.393057417547981293e-05,-3.181344723153134473e-05,-2.336811008443821433e-03
1.777685223550881801e+02,9.999868671614027260e-01,4.312941815717500850e-06,8.401218988746849258e-06,1.107038723834843485e-03,4.160309303115948494e-05,-1.366283385717615085e-05,-3.110525576620967199e-05,-2.307195900157278743e-03
1.777746485195565924e+02,9.999871195716261152e-01,4.230048004923093345e-06,8.212792367883747915e-06,1.092994218831084456e-03,4.080349783251546156e-05,-1.340023935100440474e-05,-3.041269214508790337e-05,-2.277955341050797323e-03
1.777807746840250047e+02,9.999873671306411804e-01,4.148747376060244047e-06,8.028561488186872983e-06,1.079127710790399016e-03,4.001927015724937912e-05,-1.314269168788878277e-05,-2.973541488981486523e-05,-2.249084611518372984e-03
1.777869008484933886e+02,9.999876099316831191e-01,4.069009309773026957e-06,7.848433730595479686e-06,1.065436948386622174e-03,3.925011467143287030e-05,-1.289009387716664375e-05,-2.907309017440117734e-05,-2.220579053239111339e-03
1.777930270129618009e+02,9.999878480661290592e-01,3.990803797012515002e-06,7.672318573650902191e-06,1.051919709725232044e-03,3.849574192712008544e-05,-1.264235086120192568e-05,-2.842539163344665341e-05,-2.192434068280588698e-03
1.777991531774301848e+02,9.999880816237805004e-01,3.914101346090098837e-06,7.500127270541126591e-06,1.038573798002187217e-03,3.775586746598225211e-05,-1.239936922099998505e-05,-2.779199921417388819e-05,-2.164645110199620460e-03
1.778052793418985971e+02,9.999883106924880583e-01,3.838873105931031461e-06,7.331773266234966147e-06,1.025397047710460740e-03,3.703021300803140261e-05,-1.216105756659970180e-05,-2.717260066403688783e-05,-2.137207696794684794e-03
1.778114055063669809e+02,9.999885353585918901e-01,3.765090721631858490e-06,7.167171698890057351e-06,1.012387317762674689e-03,3.631850505858234531e-05,-1.192732607958382887e-05,-2.656688975913281935e-05,-2.110117396001153639e-03
1.778175316708353932e+02,9.999887557067060895e-01,3.692726405175276728e-06,7.006239637337067910e-06,9.995424951284917741e-04,3.562047559026943811e-05,-1.169808673706236907e-05,-2.597456715058882760e-05,-2.083369833368069711e-03
1.778236578353037771e+02,9.999889718197579880e-01,3.621752922421767245e-06,6.848896031325998715e-06,9.868604944154816400e-04,3.493586191763150222e-05,-1.147325327047964682e-05,-2.539534019182570845e-05,-2.056960691213191323e-03
1.778297839997721894e+02,9.999891837792450611e-01,3.552143508756636436e-06,6.695061421879145863e-06,9.743392537922758879e-04,3.426440588354332374e-05,-1.125274089844164275e-05,-2.482892190705338292e-05,-2.030885700256159550e-03
1.778359101642405733e+02,9.999893916648948666e-01,3.483871980947228273e-06,6.544658315238126244e-06,9.619767408163560881e-04,3.360585493810526269e-05,-1.103646668101764101e-05,-2.427503232723146842e-05,-2.005140651604434346e-03
1.778420363287089856e+02,9.999895955550633930e-01,3.416912606055466304e-06,6.397610735745315339e-06,9.497709459756758935e-04,3.295996087433288702e-05,-1.082434910454109915e-05,-2.373339689839293692e-05,-1.979721383493266915e-03
1.778481624931773695e+02,9.999897955265404370e-01,3.351240165614165908e-06,6.253844438714074821e-06,9.377198861039566470e-04,3.232648044714071876e-05,-1.061630828488610857e-05,-2.320374724165634298e-05,-1.954623788312622595e-03
1.778542886576457818e+02,9.999899916545853529e-01,3.286829943821225875e-06,6.113286865741885328e-06,9.258216039867231146e-04,3.170517525951147518e-05,-1.041226593008095782e-05,-2.268582099768887364e-05,-1.929843811811173719e-03
1.778604148221141941e+02,9.999901840131594222e-01,3.223657650985996803e-06,5.975866884989427207e-06,9.140741645329448486e-04,3.109581102414943593e-05,-1.021214509783354864e-05,-2.217936090008889254e-05,-1.905377445231143602e-03
1.778665409865825779e+02,9.999903726746176558e-01,3.161699525043707343e-06,5.841515126347359656e-06,9.024756602468669668e-04,3.049815854259437512e-05,-1.001587051707794544e-05,-2.168411597486617946e-05,-1.881220736572434844e-03
1.778726671510509902e+02,9.999905577100707266e-01,3.100932212588567823e-06,5.710163580557814821e-06,8.910242051634967861e-04,2.991199255782525581e-05,-9.823368211157970618e-06,-2.119984011077250156e-05,-1.857369778128478309e-03
1.778787933155193741e+02,9.999907391892075559e-01,3.041332827116009389e-06,5.581745789985735692e-06,8.797179380551807537e-04,2.933709231599578046e-05,-9.634565682310465388e-06,-2.072629274159053518e-05,-1.833820713089580334e-03
1.778849194799877864e+02,9.999909171803281760e-01,2.982878938308308874e-06,5.456196808492731581e-06,8.685550220613457188e-04,2.877324146313974288e-05,-9.449391877733897058e-06,-2.026323870612969073e-05,-1.810569734793244633e-03
1.778910456444561703e+02,9.999910917505545616e-01,2.925548502559279504e-06,5.333452968596569027e-06,8.575336410937145232e-04,2.822022737506228436e-05,-9.267776969529578775e-06,-1.981044741603968110e-05,-1.787613079331595942e-03
1.778971718089245826e+02,9.999912629655509644e-01,2.869319955102121537e-06,5.213452181823263725e-06,8.466520049736328719e-04,2.767784204594605141e-05,-9.089652646520391570e-06,-1.936769393249924089e-05,-1.764947036135952087e-03
1.779032979733929665e+02,9.999914308898528725e-01,2.814172102042579401e-06,5.096133579356861915e-06,8.359083437377573403e-04,2.714588104703719487e-05,-8.914951772270151154e-06,-1.893475768238254547e-05,-1.742567936262295761e-03
1.779094241378613788e+02,9.999915955867045847e-01,2.760084173215743659e-06,4.981437682974661720e-06,8.253009106485060956e-04,2.662414403642417022e-05,-8.743608552510650882e-06,-1.851142307063102468e-05,-1.720472158595889910e-03
1.779155503023297626e+02,9.999917571180901854e-01,2.707035812462212725e-06,4.869306369024894121e-06,8.148279818461186871e-04,2.611243466528551186e-05,-8.575558504346161119e-06,-1.809747935427050359e-05,-1.698656129145407903e-03
1.779216764667981749e+02,9.999919155449251695e-01,2.655007014576815696e-06,4.759682659725058746e-06,8.044878529734146621e-04,2.561055996978028591e-05,-8.410738256539182706e-06,-1.769271989521532497e-05,-1.677116314095447331e-03
1.779278026312665588e+02,9.999920709268017571e-01,2.603978208917560417e-06,4.652510992266329169e-06,7.942788439987826877e-04,2.511833117744432685e-05,-8.249085814348518410e-06,-1.729694312651340477e-05,-1.655849229751400449e-03
1.779339287957349711e+02,9.999922233222872103e-01,2.553930161422048832e-06,4.547736896751180688e-06,7.841992938698134300e-04,2.463556276216261200e-05,-8.090540249165467543e-06,-1.690995139975102460e-05,-1.634851431530865828e-03
1.779400549602033834e+02,9.999923727887781721e-01,2.504844022576676925e-06,4.445307149327473122e-06,7.742475633394638786e-04,2.416207290682766983e-05,-7.935041850460923383e-06,-1.653155153454761780e-05,-1.614119519792969097e-03
1.779461811246717673e+02,9.999925193825265346e-01,2.456701318591818147e-06,4.345169739857802915e-06,7.644220346391317937e-04,2.369768341824286882e-05,-7.782532097836231892e-06,-1.616155470522496337e-05,-1.593650139173913554e-03
1.779523072891401796e+02,9.999926631588151871e-01,2.409483894180593556e-06,4.247273684889207370e-06,7.547211083097149021e-04,2.324221917522897990e-05,-7.632953479772953915e-06,-1.579977577008021306e-05,-1.573439972058521827e-03
1.779584334536085635e+02,9.999928041717253135e-01,2.363173988436696483e-06,4.151569268718356039e-06,7.451432077293025950e-04,2.279550886047777662e-05,-7.486249733984699824e-06,-1.544603413832449236e-05,-1.553485747923181570e-03
1.779645596180769758e+02,9.999929424744087303e-01,2.317754145910939955e-06,4.058007754801033881e-06,7.356867740937378299e-04,2.235738410288386761e-05,-7.342365565747509667e-06,-1.510015273555114489e-05,-1.533784232991769383e-03
1.779706857825453596e+02,9.999930781189542150e-01,2.273207260144828418e-06,3.966541522915120536e-06,7.263502690696671104e-04,2.192767989741591981e-05,-7.201246785798131582e-06,-1.476195849670208917e-05,-1.514332235711869905e-03
1.779768119470137719e+02,9.999932111564123760e-01,2.229516565661649466e-06,3.877124040149816910e-06,7.171321744873886128e-04,2.150623452793047629e-05,-7.062840284968272556e-06,-1.443128226414858085e-05,-1.495126606129455488e-03
1.779829381114821558e+02,9.999933416369534145e-01,2.186665586036286529e-06,3.789709693327029908e-06,7.080309893657600086e-04,2.109288906625644434e-05,-6.927093869691815666e-06,-1.410795818574551743e-05,-1.476164229754850640e-03
1.779890642759505681e+02,9.999934696096578479e-01,2.144638202756724473e-06,3.704254004911616945e-06,6.990452341624790386e-04,2.068748803639424634e-05,-6.793956480133835632e-06,-1.379182449250198575e-05,-1.457442036339359672e-03
1.779951904404189520e+02,9.999935951227624242e-01,2.103418574523080419e-06,3.620713374460632118e-06,6.901734460618237426e-04,2.028987863614264831e-05,-6.663377934562993384e-06,-1.348272257023002114e-05,-1.438956990156613734e-03
1.780013166048873643e+02,9.999937182235388855e-01,2.062991176755660701e-06,3.539045201460068359e-06,6.814141814650805703e-04,1.989991111818075994e-05,-6.535309054499680773e-06,-1.318049740170370189e-05,-1.420706095146613990e-03
1.780074427693557482e+02,9.999938389583170606e-01,2.023340794326548280e-06,3.459207859298720654e-06,6.727660157020013201e-04,1.951743871995516354e-05,-6.409701641694976279e-06,-1.288499747502865484e-05,-1.402686394327358303e-03
1.780135689338241605e+02,9.999939573726279729e-01,1.984452474431263423e-06,3.381160545145006371e-06,6.642275402378378449e-04,1.914231720912371821e-05,-6.286508328846395560e-06,-1.259607424354491518e-05,-1.384894964031984895e-03
1.780196950982925728e+02,9.999940735110136592e-01,1.946311589082683448e-06,3.304863473294625866e-06,6.557973666630384285e-04,1.877440548634177946e-05,-6.165682777558407946e-06,-1.231358282327486324e-05,-1.367328922152684844e-03
1.780258212627609566e+02,9.999941874172498801e-01,1.908903761872335977e-06,3.230277643573367737e-06,6.474741222695778054e-04,1.841356487884180680e-05,-6.047179446349674336e-06,-1.203738116003813977e-05,-1.349985419010560784e-03
1.780319474272293689e+02,9.999942991342373189e-01,1.872214903825140751e-06,3.157364951325746912e-06,6.392564523886389667e-04,1.805965948627136634e-05,-5.930953704229705419e-06,-1.176733042595776696e-05,-1.332861642187229030e-03
1.780380735916977528e+02,9.999944087040216756e-01,1.836231206803040603e-06,3.086088164071425450e-06,6.311430201195707482e-04,1.771255611708410740e-05,-5.816961809805913959e-06,-1.150329493710271142e-05,-1.315954815971319414e-03
1.780441997561661651e+02,9.999945161679232308e-01,1.800939100734545644e-06,3.016410787042578115e-06,6.231325037080264438e-04,1.737212387599127797e-05,-5.705160775802052679e-06,-1.124514166898950228e-05,-1.299262195944857375e-03
1.780503259206345490e+02,9.999946215663653160e-01,1.766325310329827902e-06,2.948297236298396085e-06,6.152236002908995907e-04,1.703823471102094544e-05,-5.595508548714717218e-06,-1.099274088195556854e-05,-1.282781076726154492e-03
1.780564520851029613e+02,9.999947249390753745e-01,1.732376788614314245e-06,2.881712631307061357e-06,6.074150217437572236e-04,1.671076277241951785e-05,-5.487963798270654114e-06,-1.074596537408306945e-05,-1.266508783393332149e-03
1.780625782495713452e+02,9.999948263249871516e-01,1.699080749467921020e-06,2.816622893414247171e-06,5.997054968750571225e-04,1.638958472650194371e-05,-5.382486020501694471e-06,-1.050469083669425847e-05,-1.250442676022102276e-03
1.780687044140397575e+02,9.999949257622579024e-01,1.666424661638595539e-06,2.752994724909932840e-06,5.920937711715691188e-04,1.607457969792805647e-05,-5.279035518783236194e-06,-1.026879578034849327e-05,-1.234580149165167510e-03
1.780748305785081413e+02,9.999950232883874079e-01,1.634396209926817611e-06,2.690795488612995492e-06,5.845786043372397421e-04,1.576562889529965970e-05,-5.177573280879451274e-06,-1.003816110031080160e-05,-1.218918626767128040e-03
1.780809567429765536e+02,9.999951189400604346e-01,1.602983346656195245e-06,2.629993362845128897e-06,5.771587738082524250e-04,1.546261610762808601e-05,-5.078061141987964083e-06,-9.812670637187552770e-06,-1.203455569436242276e-03
1.780870829074449375e+02,9.999952127533310309e-01,1.572174231353191746e-06,2.570557155698590543e-06,5.698330708551125256e-04,1.516542712253067929e-05,-4.980461593664304983e-06,-9.592210506958112880e-06,-1.188188466388735536e-03
1.780932090719133498e+02,9.999953047635323777e-01,1.541957260277411746e-06,2.512456393177332467e-06,5.626003026421292534e-04,1.487395001102991917e-05,-4.884737877366016568e-06,-9.376669419638831055e-06,-1.173114839710307422e-03
1.780993352363817621e+02,9.999953950052934415e-01,1.512321060988675768e-06,2.455661300429078792e-06,5.554592919883214429e-04,1.458807507520308169e-05,-4.790853967244089206e-06,-9.165938612804356542e-06,-1.158232243866564020e-03
1.781054614008501460e+02,9.999954835126459995e-01,1.483254457120791046e-06,2.400142693927412429e-06,5.484088750572477028e-04,1.430769450839085088e-05,-4.698774458556896322e-06,-8.959911461949802964e-06,-1.143538260926908268e-03
1.781115875653185583e+02,9.999955703188825318e-01,1.454746515092586297e-06,2.345872120184440937e-06,5.414479046561864644e-04,1.403270284572525965e-05,-4.608464715638826338e-06,-8.758483982993323796e-06,-1.129030507393346790e-03
1.781177137297869422e+02,9.999956554567228650e-01,1.426786489365472961e-06,2.292821689464043293e-06,5.345752465773968712e-04,1.376299643612873416e-05,-4.519890698492213017e-06,-8.561554231578560772e-06,-1.114706626634564797e-03
1.781238398942553545e+02,9.999957389582331269e-01,1.399363849243050113e-06,2.240964154666748765e-06,5.277897815310851528e-04,1.349847370085088389e-05,-4.433019047681884297e-06,-8.369022588669103543e-06,-1.100564292887725197e-03
1.781299660587237383e+02,9.999958208548397343e-01,1.372468273940456647e-06,2.190272894506253117e-06,5.210904049208480316e-04,1.323903508585430124e-05,-4.347817068717285059e-06,-8.180791700843613953e-06,-1.086601210798113313e-03
1.781360922231921506e+02,9.999959011774274265e-01,1.346089620615616720e-06,2.140721816986729900e-06,5.144760246753117463e-04,1.298458275349065714e-05,-4.264252630784386698e-06,-7.996766130983543308e-06,-1.072815110933626184e-03
1.781422183876605345e+02,9.999959799562101459e-01,1.320217966760771356e-06,2.092285483541594802e-06,5.079455643445777860e-04,1.273502099138167522e-05,-4.182294301031993429e-06,-7.816852808585669478e-06,-1.059203756197156640e-03
1.781483445521289468e+02,9.999960572208820286e-01,1.294843560522139606e-06,2.044938960179972881e-06,5.014979596661144241e-04,1.249025573324221745e-05,-4.101911187197842001e-06,-7.640960491279213531e-06,-1.045764934721201290e-03
1.781544707165973307e+02,9.999961330005436855e-01,1.269956845021304322e-06,1.998657888076767595e-06,4.951321603789124231e-04,1.225019479345358202e-05,-4.023073014653160036e-06,-7.469000020734924376e-06,-1.032496463625513349e-03
1.781605968810657430e+02,9.999962073237155247e-01,1.245548453880478764e-06,1.953418468495160088e-06,4.888471300126151931e-04,1.201474782392160644e-05,-3.945750112228736868e-06,-7.300884269057441811e-06,-1.019396188584322091e-03
1.781667230455341269e+02,9.999962802184262367e-01,1.221609182209950181e-06,1.909197376389230784e-06,4.826418438523160021e-04,1.178382603422996854e-05,-3.869913320310617181e-06,-7.136527825685217273e-06,-1.006461979614005310e-03
1.781728492100025392e+02,9.999963517120956658e-01,1.198130025079558185e-06,1.865971871483637532e-06,4.765152918446475703e-04,1.155734256271584564e-05,-3.795534112709245238e-06,-6.975847400860018999e-06,-9.936917370940881282e-04
1.781789753744709515e+02,9.999964218316721443e-01,1.175102132432381400e-06,1.823719665046200436e-06,4.704664753746205861e-04,1.133521204158874578e-05,-3.722584453837306447e-06,-6.818761343007413975e-06,-9.810833850948121569e-04
1.781851015389393353e+02,9.999964906035652135e-01,1.152516831157055518e-06,1.782418983046143402e-06,4.644944089682220552e-04,1.111735080984546787e-05,-3.651036868630096986e-06,-6.665189868004707207e-06,-9.686348749053289671e-04
1.781912277034077476e+02,9.999965580536576137e-01,1.130365621026809149e-06,1.742048552643883689e-06,4.585981200944106557e-04,1.090367687407037241e-05,-3.580864429682059222e-06,-6.515055011059316932e-06,-9.563441846268937738e-04
1.781973538678761315e+02,9.999966242073863310e-01,1.108640148369750224e-06,1.702587524868613725e-06,4.527766472549585633e-04,1.069410965451811767e-05,-3.512040673840561669e-06,-6.368280346119790937e-06,-9.442093152173569896e-04
1.782034800323445438e+02,9.999966890896357929e-01,1.087332240982779092e-06,1.664015573998307025e-06,4.470290427118082032e-04,1.048857032182324409e-05,-3.444539712805949169e-06,-6.224791347310714713e-06,-9.322282961443282504e-04
1.782096061968129277e+02,9.999967527248618815e-01,1.066433867214500506e-06,1.626312778335995922e-06,4.413543694619979181e-04,1.028698140237854243e-05,-3.378336103515741534e-06,-6.084514956461747708e-06,-9.203991791197430397e-04
1.782157323612813400e+02,9.999968151370320912e-01,1.045937155996447664e-06,1.589459676710588469e-06,4.357517028355178761e-04,1.008926697151511530e-05,-3.313404911599518522e-06,-5.947379788471794772e-06,-9.087200414124143102e-04
1.782218585257497239e+02,9.999968763496356328e-01,1.025834393157627242e-06,1.553437256373201517e-06,4.302201303093974253e-04,9.895352617979661909e-06,-3.249721699704791162e-06,-5.813316088121954760e-06,-8.971889854656966111e-04
1.782279846902181362e+02,9.999969363857572624e-01,1.006117997529577862e-06,1.518226883806798809e-06,4.247587497149646037e-04,9.705165213454321126e-06,-3.187262451803161105e-06,-5.682255478667908629e-06,-8.858041351833708093e-04
1.782341108546865200e+02,9.999969952679802487e-01,9.867805526316786219e-07,1.483810393626270743e-06,4.193666717973932776e-04,9.518633218163982001e-06,-3.126003673563226402e-06,-5.554131285563443551e-06,-8.745636412371551394e-04
1.782402370191549323e+02,9.999970530184989492e-01,9.678147695377718713e-07,1.450169981902134510e-06,4.140430173766276498e-04,9.335686322697465112e-06,-3.065922274720113806e-06,-5.428878148997387811e-06,-8.634656751838051337e-04
1.782463631836233162e+02,9.999971096590641872e-01,9.492135050550308007e-07,1.417288256698650914e-06,4.087869188469005427e-04,9.156255623393021135e-06,-3.006995626662691243e-06,-5.306432207814802678e-06,-8.525084325750389167e-04
1.782524893480917285e+02,9.999971652109934661e-01,9.309697583792925128e-07,1.385148227232171532e-06,4.035975200021842753e-04,8.980273590026817418e-06,-2.949201551838825919e-06,-5.186731060767172402e-06,-8.416901325982418212e-04
1.782586155125601124e+02,9.999972196952365833e-01,9.130766494097540823e-07,1.353733241966572633e-06,3.984739743536988977e-04,8.807673856686801841e-06,-2.892518255060857292e-06,-5.069713541291523144e-06,-8.310090145892209566e-04
1.782647416770285247e+02,9.999972731322881447e-01,8.955274475042209021e-07,1.323027068127597057e-06,3.934154475319146709e-04,8.638391499095921327e-06,-2.836924414596977961e-06,-4.955320007408357188e-06,-8.204633430149413289e-04
1.782708678414969370e+02,9.999973255422903717e-01,8.783155377795700051e-07,1.293013796267132395e-06,3.884211146221137347e-04,8.472362709597524693e-06,-2.782399075417948886e-06,-4.843491994643703379e-06,-8.100514019501203235e-04
1.782769940059653209e+02,9.999973769449829186e-01,8.614344376095442913e-07,1.263677885461762553e-06,3.834901615715886306e-04,8.309524956280955874e-06,-2.728921701459177497e-06,-4.734172380718867225e-06,-7.997714979967786991e-04
1.782831201704337332e+02,9.999974273597114216e-01,8.448777935893708917e-07,1.235004153603196896e-06,3.786217850257712686e-04,8.149816953680986823e-06,-2.676472166005584230e-06,-4.627305350789506567e-06,-7.896219599466320661e-04
1.782892463349021170e+02,9.999974768054885610e-01,8.286393618557636851e-07,1.206977722020156969e-06,3.738151907492525457e-04,7.993178472957446042e-06,-2.625030689349229678e-06,-4.522836195718956729e-06,-7.796011355070416688e-04
1.782953724993705293e+02,9.999975253009139031e-01,8.127130341830630077e-07,1.179584086588324710e-06,3.690695958798844703e-04,7.839550593639700568e-06,-2.574577921457378460e-06,-4.420711571642276734e-06,-7.697073959786230549e-04
1.783014986638389132e+02,9.999975728642669370e-01,7.970928074000092090e-07,1.152809032362717448e-06,3.643842264283017672e-04,7.688875408587119966e-06,-2.525094845090673196e-06,-4.320879189117556526e-06,-7.599391310696468381e-04
1.783076248283073255e+02,9.999976195134616663e-01,7.817727983619186267e-07,1.126638673995462487e-06,3.597583185984560552e-04,7.541096168440888449e-06,-2.476562823232471646e-06,-4.223287960571167259e-06,-7.502947516367392683e-04
1.783137509927757094e+02,9.999976652660549359e-01,7.667472411959847405e-07,1.101059447041552359e-06,3.551911186337753106e-04,7.396157255034324387e-06,-2.428963590362760719e-06,-4.127887969121718407e-06,-7.407726893676885860e-04
1.783198771572441217e+02,9.999977101393012768e-01,7.520104694411575519e-07,1.076058058425956840e-06,3.506818813353648626e-04,7.254004009129943281e-06,-2.382279195880584835e-06,-4.034630287927326323e-06,-7.313713937077132151e-04
1.783260033217125056e+02,9.999977541500800760e-01,7.375569397310839920e-07,1.051621550029181397e-06,3.462298721772741773e-04,7.114582958846057002e-06,-2.336492079127725955e-06,-3.943467212552703912e-06,-7.220893362504434820e-04
1.783321294861809179e+02,9.999977973149803967e-01,7.233812040389838804e-07,1.027737222335950047e-06,3.418343649599355437e-04,6.977841551950230341e-06,-2.291584981465466045e-06,-3.854351982614315287e-06,-7.129250058696872186e-04
1.783382556506493017e+02,9.999978396502597899e-01,7.094779232653269369e-07,1.004392670573279052e-06,3.374946430493558748e-04,6.843728286920524617e-06,-2.247540989318170571e-06,-3.767238913766178707e-06,-7.038769112921527222e-04
1.783443818151177140e+02,9.999978811718516214e-01,6.958418647378430959e-07,9.815757769266081547e-07,3.332099992326945808e-04,6.712192688828062403e-06,-2.204343526253995889e-06,-3.682083369744602939e-06,-6.949435807994493912e-04
1.783505079795861263e+02,9.999979218954145876e-01,6.824678860030004062e-07,9.592746662411694158e-07,3.289797343276995275e-04,6.583185153000301289e-06,-2.161976301639113586e-06,-3.598841600614589621e-06,-6.861235593425626814e-04
1.783566341440545102e+02,9.999979618362672129e-01,6.693509563188787567e-07,9.374777628720125137e-07,3.248031591676434483e-04,6.456657152315245281e-06,-2.120423378723784521e-06,-3.517470950757039153e-06,-6.774154126635880931e-04
1.783627603085229225e+02,9.999980010094646765e-01,6.564861314666753087e-07,9.161737224058875800e-07,3.206795923992671027e-04,6.332560994276303743e-06,-2.079669094849494937e-06,-3.437929609651992480e-06,-6.688177227256776342e-04
1.783688864729913064e+02,9.999980394297608433e-01,6.438685660818645636e-07,8.953514639686341025e-07,3.166083616456046457e-04,6.210849939912008734e-06,-2.039698100512191529e-06,-3.360176730007420968e-06,-6.603290901279565027e-04
1.783750126374597187e+02,9.999980771116157019e-01,6.314935113853894854e-07,8.750001632574924531e-07,3.125888033704153136e-04,6.091478181935001112e-06,-2.000495352175260673e-06,-3.284172402697125358e-06,-6.519481338255957463e-04
1.783811388019281026e+02,9.999981140692399961e-01,6.193563004740071882e-07,8.551092129288412279e-07,3.086202615732652277e-04,5.974400702824356321e-06,-1.962046065671769697e-06,-3.209877511952408734e-06,-6.436734884210917537e-04
1.783872649663965149e+02,9.999981503165356056e-01,6.074523678256180618e-07,8.356682734197994813e-07,3.047020896521265539e-04,5.859573462989862459e-06,-1.924335777994448886e-06,-3.137253921498955816e-06,-6.355038080331065070e-04
1.783933911308648987e+02,9.999981858671652679e-01,5.957772264400580223e-07,8.166672118976247570e-07,3.008336483369718076e-04,5.746953180257727755e-06,-1.887350274881409313e-06,-3.066264251463482238e-06,-6.274377620065238557e-04
1.783995172953333110e+02,9.999982207345188279e-01,5.843264790299384634e-07,7.980961311389067070e-07,2.970143067809190946e-04,5.636497437823302546e-06,-1.851075626267098332e-06,-2.996871984084441209e-06,-6.194740371791508833e-04
1.784056434598016949e+02,9.999982549317190106e-01,5.730958159616384400e-07,7.799453632934431894e-07,2.932434424329787600e-04,5.528164664399437447e-06,-1.815498179759835018e-06,-2.929041441248025343e-06,-6.116113376187908577e-04
1.784117696242701072e+02,9.999982884716623888e-01,5.620810019059178235e-07,7.622054344671344362e-07,2.895204398135322525e-04,5.421914005444128602e-06,-1.780604518353046959e-06,-2.862737654870250263e-06,-6.038483820805997260e-04
1.784178957887384911e+02,9.999983213669649817e-01,5.512778935394932609e-07,7.448671101488592352e-07,2.858446922621025641e-04,5.317705493905435285e-06,-1.746381516501342911e-06,-2.797926533454263701e-06,-5.961839076384187631e-04
1.784240219532069034e+02,9.999983536300264264e-01,5.406824187997256589e-07,7.279213406292716420e-07,2.822155999982827140e-04,5.215499850115770307e-06,-1.712816274402548270e-06,-2.734574662413069413e-06,-5.886166656579340777e-04
1.784301481176753157e+02,9.999983852729983358e-01,5.302905870405866203e-07,7.113592868124566282e-07,2.786325711456006065e-04,5.115258579759424919e-06,-1.679896150170391700e-06,-2.672649398653683152e-06,-5.811454239241873460e-04
1.784362742821436996e+02,9.999984163077896282e-01,5.200984871640539990e-07,6.951723146353983511e-07,2.750950216120761640e-04,5.016943955837212107e-06,-1.647608753915164463e-06,-2.612118850445713320e-06,-5.737689663946331535e-04
1.784424004466121119e+02,9.999984467461042748e-01,5.101022755052036848e-07,6.793519634057298725e-07,2.716023739411662459e-04,4.920518901811119175e-06,-1.615941909365507785e-06,-2.552951761418112174e-06,-5.664860908124882228e-04
1.784485266110804957e+02,9.999984765993920055e-01,5.002981918968328752e-07,6.638899864016726584e-07,2.681540589517576408e-04,4.825947146578968575e-06,-1.584883704758936046e-06,-2.495117659574873475e-06,-5.592956121150158104e-04
1.784546527755489080e+02,9.999985058789054859e-01,4.906825408425635774e-07,6.487783020807527311e-07,2.647495139186172930e-04,4.733193042850110870e-06,-1.554422433200996951e-06,-2.438586678603071782e-06,-5.521963586538021019e-04
1.784607789400172919e+02,9.999985345956725613e-01,4.812517007336361706e-07,6.340090171470270047e-07,2.613881835331102440e-04,4.642221656068726552e-06,-1.524546621862832231e-06,-2.383329642489482836e-06,-5.451871741915532543e-04
1.784669051044857042e+02,9.999985627605009197e-01,4.720021221530996297e-07,6.195744215579563039e-07,2.580695197910916642e-04,4.552998748040033719e-06,-1.495245026609193462e-06,-2.329318047482844155e-06,-5.382669176701849849e-04
1.784730312689540881e+02,9.999985903840122869e-01,4.629303168812283141e-07,6.054669602224114414e-07,2.547929809146866039e-04,4.465490670870146035e-06,-1.466506597169178908e-06,-2.276523958290717395e-06,-5.314344609706772192e-04
1.784791574334225004e+02,9.999986174765974623e-01,4.540328724745659173e-07,5.916792692823249323e-07,2.515580328911273551e-04,4.379664507628339067e-06,-1.438320523320716607e-06,-2.224920141382170866e-06,-5.246886921119072161e-04
1.784852835978908843e+02,9.999986440484688321e-01,4.453064351800445758e-07,5.782041325024372693e-07,2.483641477653886795e-04,4.295487907507796321e-06,-1.410676180764903458e-06,-2.174479905099247644e-06,-5.180285117030054018e-04
1.784914097623592966e+02,9.999986701096340580e-01,4.367477182994531696e-07,5.650345018825201271e-07,2.452108045416391395e-04,4.212929166516823146e-06,-1.383563157623552251e-06,-2.125177175345872244e-06,-5.114528348174129197e-04
1.784975359268276804e+02,9.999986956699016272e-01,4.283535006504456378e-07,5.521634931904616125e-07,2.420974890780217166e-04,4.131957212641144438e-06,-1.356971249563955686e-06,-2.076986479428947177e-06,-5.049605907751021682e-04
1.785036620912960927e+02,9.999987207389106070e-01,4.201206165886804773e-07,5.395843606669525831e-07,2.390236930749190620e-04,4.052541509581408780e-06,-1.330890428190399923e-06,-2.029882853185738856e-06,-4.985507210400163787e-04
1.785097882557645050e+02,9.999987453260914538e-01,4.120459692386648498e-07,5.272905294444436587e-07,2.359889155188521807e-04,3.974652184397280912e-06,-1.305310882957785367e-06,-1.983841960213947947e-06,-4.922221822222349729e-04
1.785159144202328889e+02,9.999987694407118655e-01,4.041265149878905693e-07,5.152755565723895205e-07,2.329926610804116120e-04,3.898259877928289293e-06,-1.280222972051153742e-06,-1.938839948828544374e-06,-4.859739427482685607e-04
1.785220405847013012e+02,9.999987930918537993e-01,3.963592710777932391e-07,5.035331494336678435e-07,2.300344409600851511e-04,3.823335818019841330e-06,-1.255617246432888872e-06,-1.894853519755654514e-06,-4.798049846198691607e-04
1.785281667491696851e+02,9.999988162884190235e-01,3.887413142070886244e-07,4.920571617489969819e-07,2.271137727895103137e-04,3.749851806041937625e-06,-1.231484445418332623e-06,-1.851859911659372753e-06,-4.737143032095436526e-04
1.785342929136380974e+02,9.999988390391554294e-01,3.812697714765929761e-07,4.808415709715112554e-07,2.242301796821327383e-04,3.677780129548181499e-06,-1.207815467990182990e-06,-1.809836818060354443e-06,-4.677009052871757737e-04
1.785404190781064813e+02,9.999988613526208381e-01,3.739418323965627739e-07,4.698805072510500924e-07,2.213831915880136469e-04,3.607093678108456100e-06,-1.184601410836250098e-06,-1.768762493964653115e-06,-4.617638118375489722e-04
1.785465452425748936e+02,9.999988832372261882e-01,3.667547348147267852e-07,4.591682186062070768e-07,2.185723437905813104e-04,3.537765807550835251e-06,-1.161833523771308192e-06,-1.728615627909053013e-06,-4.559020549352871135e-04
1.785526714070432774e+02,9.999989047012137755e-01,3.597057718052703533e-07,4.486990873770513807e-07,2.157971777002588528e-04,3.469770406434417593e-06,-1.139503231560552455e-06,-1.689375402496412553e-06,-4.501146793954596435e-04
1.785587975715116897e+02,9.999989257526619157e-01,3.527922904013267713e-07,4.384676266516160397e-07,2.130572407617893063e-04,3.403081883804276952e-06,-1.117602129904342451e-06,-1.651021481434473740e-06,-4.444007425815815261e-04
1.785649237359800736e+02,9.999989463995097028e-01,3.460116833771780836e-07,4.284684600666744069e-07,2.103520855634609063e-04,3.337675089935471644e-06,-1.096121959405273829e-06,-1.613533935223828936e-06,-4.387593125535522586e-04
1.785710499004484859e+02,9.999989666495233687e-01,3.393614001452097026e-07,4.186963476826390399e-07,2.076812711082954871e-04,3.273525421444901803e-06,-1.075054640088409360e-06,-1.576893336504655518e-06,-4.331894707118082383e-04
1.785771760649168698e+02,9.999989865103359188e-01,3.328389339852524208e-07,4.091461548647543117e-07,2.050443614035494318e-04,3.210608698079942774e-06,-1.054392230945455843e-06,-1.541080645614733463e-06,-4.276903088644238844e-04
1.785833022293852821e+02,9.999990059894279248e-01,3.264418282965042179e-07,3.998128669799173803e-07,2.024409262053529393e-04,3.148901223079964069e-06,-1.034126949740106056e-06,-1.506077264716190893e-06,-4.222609307761296588e-04
1.785894283938536944e+02,9.999990250941304115e-01,3.201676754472336320e-07,3.906915862010754531e-07,1.998705409317367903e-04,3.088379772019618810e-06,-1.014251169364079297e-06,-1.471865026190282371e-06,-4.169004519880442649e-04
1.785955545583220783e+02,9.999990438316478381e-01,3.140141093169244383e-07,3.817775134601093551e-07,1.973327858268228983e-04,3.029021520904173217e-06,-9.947573942115687313e-07,-1.438426126178088862e-06,-4.116079980795247129e-04
1.786016807227904906e+02,9.999990622090290104e-01,3.079788151855284042e-07,3.730659715603852860e-07,1.948272471535399673e-04,2.970804141546070375e-06,-9.756382915072239896e-07,-1.405743209827923123e-06,-4.063827071495522934e-04
1.786078068872588744e+02,9.999990802332008322e-01,3.020595181437791227e-07,3.645523773751611745e-07,1.923535158701700470e-04,2.913705689791035535e-06,-9.568866545914544929e-07,-1.373799268952716161e-06,-4.012237270642555120e-04
1.786139330517272867e+02,9.999990979109518729e-01,2.962539887669634884e-07,3.562322549745146663e-07,1.899111883290143757e-04,2.857704660229535489e-06,-9.384954208942756826e-07,-1.342577690420469941e-06,-3.961302169105582714e-04
1.786200592161956706e+02,9.999991152489352553e-01,2.905600420709983771e-07,3.481012327680582646e-07,1.874998661947730957e-04,2.802779976129333752e-06,-9.204576686283149411e-07,-1.312062245764811514e-06,-3.911013468269371055e-04
1.786261853806640829e+02,9.999991322536896377e-01,2.849755307442437382e-07,3.401550273824072743e-07,1.851191556603203005e-04,2.748910924170142958e-06,-9.027665953480204401e-07,-1.282237031756467287e-06,-3.861362963722182479e-04
1.786323115451324668e+02,9.999991489316114590e-01,2.794983541222409291e-07,3.323894643041232507e-07,1.827686685657782691e-04,2.696077240973243747e-06,-8.854155463805906303e-07,-1.253086546611501907e-06,-3.812342568541640664e-04
1.786384377096008791e+02,9.999991652889870242e-01,2.741264476697878182e-07,3.248004530444234888e-07,1.804480211567533149e-04,2.644259011664271508e-06,-8.683979815064551891e-07,-1.224595598480835630e-06,-3.763944287463858352e-04
1.786445638740692630e+02,9.999991813319774048e-01,2.688577881300252845e-07,3.173839988626976017e-07,1.781568347398596248e-04,2.593436719571068260e-06,-8.517074912709883910e-07,-1.196749348706955069e-06,-3.716160230524622973e-04
1.786506900385376753e+02,9.999991970666205487e-01,2.636903925770498178e-07,3.101362002120459926e-07,1.758947356061244145e-04,2.543591237049580189e-06,-8.353377939833229330e-07,-1.169533302524341219e-06,-3.668982611470558534e-04
1.786568162030060591e+02,9.999992124988501541e-01,2.586223122736188445e-07,3.030532343376426149e-07,1.736613542951728469e-04,2.494703766238620955e-06,-8.192827162582903296e-07,-1.142933255924779276e-06,-3.622403732451157511e-04
1.786629423674744714e+02,9.999992276344713549e-01,2.536516408159435739e-07,2.961313757120568214e-07,1.714563266451960325e-04,2.446755917634220246e-06,-8.035362188181968748e-07,-1.116935363776535357e-06,-3.576416005870250046e-04
1.786690685319428837e+02,9.999992424791891432e-01,2.487765045884156357e-07,2.893669738521353490e-07,1.692792926278483207e-04,2.399729618014708885e-06,-7.880923662545204482e-07,-1.091526058009957218e-06,-3.531011930145386301e-04
1.786751946964112676e+02,9.999992570385947133e-01,2.439950674365277073e-07,2.827564637880870836e-07,1.671298969632868670e-04,2.353607155519897831e-06,-7.729453418311955322e-07,-1.066692086280391174e-06,-3.486184102508592462e-04
1.786813208608796799e+02,9.999992713181675708e-01,2.393055298070960562e-07,2.762963637800352297e-07,1.650077890482938537e-04,2.308371171336101326e-06,-7.580894447609574878e-07,-1.042420503645427153e-06,-3.441925217514856038e-04
1.786874470253480638e+02,9.999992853232929635e-01,2.347061231739783243e-07,2.699832624549420449e-07,1.629126222658915124e-04,2.264004605951466947e-06,-7.435190725466638396e-07,-1.018698625063477150e-06,-3.398228052676747395e-04
1.786935731898164761e+02,9.999992990592387887e-01,2.301951174296702790e-07,2.638138352687467387e-07,1.608440549704612547e-04,2.220490770445847161e-06,-7.292287443970453399e-07,-9.955140862751915788e-07,-3.355085488969439429e-04
1.786996993542848600e+02,9.999993125311829045e-01,2.257708122227382158e-07,2.577848246942544602e-07,1.588017493945821418e-04,2.177813262926255269e-06,-7.152130737846895623e-07,-9.728547706669097744e-07,-3.312490488082954986e-04
1.787058255187532723e+02,9.999993257441991412e-01,2.214315411986072791e-07,2.518930495690891542e-07,1.567853722260803052e-04,2.135956009452425230e-06,-7.014667818803874804e-07,-9.507088438235392770e-07,-3.270436104434041105e-04
1.787119516832216561e+02,9.999993387032606318e-01,2.171756712192923397e-07,2.461354030547526393e-07,1.547945945405799985e-04,2.094903256477051924e-06,-6.879846950813441554e-07,-9.290647460811238856e-07,-3.228915483766070450e-04
1.787180778476900684e+02,9.999993514132540229e-01,2.130015973046011056e-07,2.405088411489290969e-07,1.528290911537500448e-04,2.054639522080321375e-06,-6.747617289854872157e-07,-9.079111500666903162e-07,-3.187921849668516020e-04
1.787242040121584523e+02,9.999993638789608230e-01,2.089077493401860304e-07,2.350103973841851031e-07,1.508885415455706849e-04,2.015149660661003892e-06,-6.617929096418343085e-07,-8.872370151045375975e-07,-3.147448522818103328e-04
1.787303301766268646e+02,9.999993761050796071e-01,2.048925842160597945e-07,2.296371651352556998e-07,1.489726288346842579e-04,1.976418787108686509e-06,-6.490733486461998967e-07,-8.670315218451020437e-07,-3.107488899632500812e-04
1.787364563410952485e+02,9.999993880962149140e-01,2.009545896752011766e-07,2.243863059651007668e-07,1.470810403197909326e-04,1.938432313917383851e-06,-6.365982553331573206e-07,-8.472841031410693752e-07,-3.068036463541602677e-04
1.787425825055636608e+02,9.999993998568800224e-01,1.970922836054536679e-07,2.192550478009489538e-07,1.452134674163620923e-04,1.901175944369519062e-06,-6.243629345328629373e-07,-8.279844373842405434e-07,-3.029084783673416229e-04
1.787487086700320731e+02,9.999994113915101623e-01,1.933042094485384213e-07,2.142406746759461367e-07,1.433696050488895599e-04,1.864635628253917789e-06,-6.123627720273251860e-07,-8.091224105561576930e-07,-2.990627502204088036e-04
1.787548348345004570e+02,9.999994227044438633e-01,1.895889422877748042e-07,2.093405398520584105e-07,1.415491525180523694e-04,1.828797620562600779e-06,-6.005932538356380261e-07,-7.906881648423754889e-07,-2.952658352412786602e-04
1.787609609989688693e+02,9.999994337999457139e-01,1.859450817135925855e-07,2.045520500216008360e-07,1.397518125384169185e-04,1.793648412700027554e-06,-5.890499436127194958e-07,-7.726720402091660362e-07,-2.915171138650844425e-04
1.787670871634372531e+02,9.999994446821945937e-01,1.823712553162346000e-07,1.998726727580853099e-07,1.379772917463829493e-04,1.759174766149389056e-06,-5.777284937138150051e-07,-7.550646019910369131e-07,-2.878159746918037437e-04
1.787732133279056654e+02,9.999994553552861154e-01,1.788661180431376538e-07,1.952999348863544209e-07,1.362253006407984071e-04,1.725363706293822266e-06,-5.666246431587579380e-07,-7.378566349300876876e-07,-2.841618143629113125e-04
1.787793394923740493e+02,9.999994658232451705e-01,1.754283480325000911e-07,1.908314133229296825e-07,1.344955530127489758e-04,1.692202482224615326e-06,-5.557342044331746782e-07,-7.210391092622319247e-07,-2.805540363743480570e-04
1.787854656568424616e+02,9.999994760900094981e-01,1.720566521380356903e-07,1.864647467909456557e-07,1.327877667591447982e-04,1.659678620018180629e-06,-5.450530809903060584e-07,-7.046032241511804967e-07,-2.769920527706669529e-04
1.787915918213108455e+02,9.999994861594492246e-01,1.687497594542529947e-07,1.821976217144955609e-07,1.311016629798661599e-04,1.627779860291152226e-06,-5.345772467398055397e-07,-6.885403554806338250e-07,-2.734752822654209635e-04
1.787977179857792578e+02,9.999994960353565387e-01,1.655064244861672682e-07,1.780277788696718878e-07,1.294369664543223314e-04,1.596494188777791573e-06,-5.243027560890462922e-07,-6.728420805007362419e-07,-2.700031512335596346e-04
1.788038441502476417e+02,9.999995057214483563e-01,1.623254265661079880e-07,1.739530119283023534e-07,1.277934055857282388e-04,1.565809830700733399e-06,-5.142257420956353986e-07,-6.575001724966007460e-07,-2.665750935956559802e-04
1.788099703147160540e+02,9.999995152213778660e-01,1.592055660725807878e-07,1.699711592801148824e-07,1.261707118661205143e-04,1.535715214291161533e-06,-5.043424044891838282e-07,-6.425065704844603876e-07,-2.631905497040564227e-04
1.788160964791844378e+02,9.999995245387180987e-01,1.561456694441145326e-07,1.660801144897983425e-07,1.245686206396686498e-04,1.506199019166214562e-06,-4.946490255546357536e-07,-6.278534180131146755e-07,-2.598489679325257664e-04
1.788222226436528501e+02,9.999995336769813559e-01,1.531445833032961695e-07,1.622778137039834578e-07,1.229868702556014459e-04,1.477250119642972153e-06,-4.851419515178492079e-07,-6.135330165156745555e-07,-2.565498029125283606e-04
1.788283488081212624e+02,9.999995426396093290e-01,1.502011773333606322e-07,1.585622415877891581e-07,1.214252025153147768e-04,1.448857612484021292e-06,-4.758176016583275737e-07,-5.995378473261054669e-07,-2.532925164644028878e-04
1.788344749725896463e+02,9.999995514299752086e-01,1.473143437489293183e-07,1.549314300238141436e-07,1.198833626200850727e-04,1.421010811790531159e-06,-4.666724666325792211e-07,-5.858605669111571214e-07,-2.500765774887016703e-04
1.788406011370580586e+02,9.999995600513941207e-01,1.444829938645361802e-07,1.513834508115698657e-07,1.183610986691400655e-04,1.393699215912634488e-06,-4.577030976035808421e-07,-5.724939797952325358e-07,-2.469014609210278531e-04
1.788467273015264425e+02,9.999995685071089158e-01,1.417060626448145233e-07,1.479164250008852212e-07,1.168581623757957908e-04,1.366912551324673332e-06,-4.489061206552835559e-07,-5.594310732196689441e-07,-2.437666492236029885e-04
1.788528534659948548e+02,9.999995768003069330e-01,1.389825033719169122e-07,1.445285116503664384e-07,1.153743082727239273e-04,1.340640721189918486e-06,-4.402782198995746331e-07,-5.466649754666496086e-07,-2.406716307303234117e-04
1.788589796304632387e+02,9.999995849341116738e-01,1.363112902560900638e-07,1.412179131257311782e-07,1.139092941314257955e-04,1.314873830572232845e-06,-4.318161457463010927e-07,-5.341889755243744156e-07,-2.376159005204775171e-04
1.788651057949316510e+02,9.999995929115842452e-01,1.336914179553567415e-07,1.379828739376290118e-07,1.124628809131713691e-04,1.289602181749259382e-06,-4.235167133816764980e-07,-5.219965188234173618e-07,-2.345989603167634259e-04
1.788712319594000348e+02,9.999996007357335737e-01,1.311218984613705366e-07,1.348216742248401013e-07,1.110348322980857921e-04,1.264816244230411384e-06,-4.153767929030046868e-07,-5.100811830489747324e-07,-2.316203175045936698e-04
1.788773581238684471e+02,9.999996084095023052e-01,1.286017652288200978e-07,1.317326380840254991e-07,1.096249153570237053e-04,1.240506694544783594e-06,-4.073933224001927106e-07,-4.984367090969158504e-07,-2.286794865316169392e-04
1.788834842883368310e+02,9.999996159357831260e-01,1.261300683359840495e-07,1.287141235355473473e-07,1.082328998059485043e-04,1.216664369565416260e-06,-3.995632926249077581e-07,-4.870569638439447874e-07,-2.257759873548654010e-04
1.788896104528052433e+02,9.999996233174107685e-01,1.237058768538904561e-07,1.257645272517872864e-07,1.068585583994779146e-04,1.193280289391858026e-06,-3.918837544958235981e-07,-4.759359577106992990e-07,-2.229093462605485031e-04
1.788957366172736272e+02,9.999996305571631217e-01,1.213282784104165157e-07,1.228822835190921996e-07,1.055016668848504478e-04,1.170345653120638616e-06,-3.843518177177365417e-07,-4.650678408496649643e-07,-2.200790957683416667e-04
1.789018627817420395e+02,9.999996376577706680e-01,1.189963763641269998e-07,1.200658584211249280e-07,1.041620035601145206e-04,1.147851811587997411e-06,-3.769646418285880726e-07,-4.544468815392080564e-07,-2.172847737111954693e-04
1.789079889462104518e+02,9.999996446219043822e-01,1.167092935518075483e-07,1.173137572722398364e-07,1.028393499044711972e-04,1.125790303521299398e-06,-3.697194480712534313e-07,-4.440674938292332813e-07,-2.145259245484749662e-04
1.789141151106788357e+02,9.999996514521890534e-01,1.144661678965519998e-07,1.146245156617963807e-07,1.015334898787360245e-04,1.104152813174507618e-06,-3.626135054804299919e-07,-4.339242042867887467e-07,-2.118020979089211533e-04
1.789202412751472480e+02,9.999996581511975124e-01,1.122661545578314248e-07,1.119967036734242289e-07,1.002442102945565059e-04,1.082931191062354544e-06,-3.556441376938294616e-07,-4.240116676801954170e-07,-2.091128493598393915e-04
1.789263674396156318e+02,9.999996647214507428e-01,1.101084255359035866e-07,1.094289249579325712e-07,9.897130077121914021e-05,1.062117450148149608e-06,-3.488087216989893002e-07,-4.143246635711208530e-07,-2.064577403172756956e-04
1.789324936040840441e+02,9.999996711654266512e-01,1.079921671070061640e-07,1.069198115420560312e-07,9.771455332114734385e-05,1.041703741126105030e-06,-3.421046797082386633e-07,-4.048580770168670194e-07,-2.038363371826132017e-04
1.789386197685524280e+02,9.999996774855491877e-01,1.059165832243274820e-07,1.044680304613429624e-07,9.647376294127288485e-05,1.021682385172089616e-06,-3.355294899326138608e-07,-3.956069232571295983e-07,-2.012482125746382119e-04
1.789447459330208403e+02,9.999996836842005576e-01,1.038808915322458618e-07,1.020722757677555015e-07,9.524872695674013224e-05,1.002045835540524369e-06,-3.290806739553913167e-07,-3.865663180136722607e-07,-1.986929439624299655e-04
1.789508720974892242e+02,9.999996897637154492e-01,1.018843253175661932e-07,9.973127229436541831e-08,9.403924536729526033e-05,9.827866963890468451e-07,-3.227558029133997040e-07,-3.777314914950980538e-07,-1.961701143870557497e-04
1.789569982619576365e+02,9.999996957263820319e-01,9.992613315051247098e-08,9.744377482745122271e-08,9.284512080676015375e-05,9.638977192935277068e-07,-3.165524963597224657e-07,-3.690977853506139907e-07,-1.936793123772753732e-04
1.789631244264260204e+02,9.999997015744486184e-01,9.800557655710386095e-08,9.520856347379951789e-08,9.166615815415187006e-05,9.453717808028851658e-07,-3.104684148900323274e-07,-3.606606354357373348e-07,-1.912201311394282034e-04
1.789692505908944327e+02,9.999997073101154488e-01,9.612193310561751811e-08,9.302444957882049447e-08,9.050216508849239145e-05,9.272019122100051351e-07,-3.045012699201793289e-07,-3.524155938546995781e-07,-1.887921697134253244e-04
1.789753767553628165e+02,9.999997129355442382e-01,9.427449278941493291e-08,9.089026859443176904e-08,8.935295147308260804e-05,9.093812646673482881e-07,-2.986488122273675942e-07,-3.443583024370321838e-07,-1.863950316900259629e-04
1.789815029198312288e+02,9.999997184528536254e-01,9.246255979773590821e-08,8.880488343788488463e-08,8.821832968047503261e-05,8.919031262659916353e-07,-2.929088375598438955e-07,-3.364845052415886621e-07,-1.840283258879680671e-04
1.789876290842996411e+02,9.999997238641203934e-01,9.068545218989072427e-08,8.676718375251083413e-08,8.709811455444951584e-05,8.747609188796957825e-07,-2.872791856047727600e-07,-3.287900458339378435e-07,-1.816916662748624498e-04
1.789937552487680250e+02,9.999997291713850212e-01,8.894249978288547476e-08,8.477608177383313444e-08,8.599212304517298109e-05,8.579481778103196086e-07,-2.817577332964573874e-07,-3.212708518964105021e-07,-1.793846712070897617e-04
1.789998814132364373e+02,9.999997343766438007e-01,8.723304695246113223e-08,8.283051760950263841e-08,8.490017472970524980e-05,8.414585787874269167e-07,-2.763424036897358915e-07,-3.139229549075022223e-07,-1.771069645144046861e-04
1.790060075777048212e+02,9.999997394818590513e-01,8.555644935042167558e-08,8.092945287540539588e-08,8.382209123433825176e-05,8.252859063182244274e-07,-2.710311555608219635e-07,-3.067424664579198329e-07,-1.748581742964046596e-04
1.790121337421732335e+02,9.999997444889532350e-01,8.391207551167200796e-08,7.907187369213358122e-08,8.275769653947450267e-05,8.094240691803747078e-07,-2.658219884982337718e-07,-2.997255894136071788e-07,-1.726379335578411738e-04
1.790182599066416174e+02,9.999997493998111775e-01,8.229930655853957333e-08,7.725679002495166571e-08,8.170681694395116065e-05,7.938670975664796526e-07,-2.607129419661142233e-07,-2.928686154826724671e-07,-1.704458801343852932e-04
1.790243860711100297e+02,9.999997542162847308e-01,8.071753428374360869e-08,7.548323199532281262e-08,8.066928072275547591e-05,7.786091246052197652e-07,-2.557020892312804413e-07,-2.861679114737595763e-07,-1.682816559794561627e-04
1.790305122355784135e+02,9.999997589401854459e-01,7.916616369240545945e-08,7.375025459110263397e-08,7.964491861534526149e-05,7.636444108856490044e-07,-2.507875454160441336e-07,-2.796199368641090169e-07,-1.661449081818353588e-04
1.790366384000468258e+02,9.999997635732941204e-01,7.764461002294472579e-08,7.205693198859451554e-08,7.863356328370313256e-05,7.489673156826909434e-07,-2.459674580607245483e-07,-2.732212226531578985e-07,-1.640352878364514347e-04
1.790427645645152097e+02,9.999997681173556918e-01,7.615230020550505140e-08,7.040236022554428663e-08,7.763504959836209059e-05,7.345723110647669563e-07,-2.412400117437880435e-07,-2.669683813274523671e-07,-1.619524506404486060e-04
1.790488907289836220e+02,9.999997725740804588e-01,7.468867259361881062e-08,6.878565661189370350e-08,7.664921460493286836e-05,7.204539793018131423e-07,-2.366034272317889033e-07,-2.608581046865692513e-07,-1.598960568235256502e-04
1.790550168934520059e+02,9.999997769451489660e-01,7.325317522445549934e-08,6.720595643899926870e-08,7.567589720298255882e-05,7.066069960574358295e-07,-2.320559559680204260e-07,-2.548871515744569671e-07,-1.578657704788050586e-04
1.790611430579204182e+02,9.999997812322054536e-01,7.184526812575732585e-08,6.566241718123233392e-08,7.471493860415776499e-05,6.930261526612632398e-07,-2.275958873806427717e-07,-2.490523635612225561e-07,-1.558612605175864029e-04
1.790672692223888021e+02,9.999997854368659622e-01,7.046442061223087776e-08,6.415421343045811874e-08,7.376618182374832997e-05,6.797063300389871443e-07,-2.232215403179367657e-07,-2.433506460642151355e-07,-1.538821996098686069e-04
1.790733953868572144e+02,9.999997895607140030e-01,6.911011260910354709e-08,6.268053928028820424e-08,7.282947194902459633e-05,6.666425114626888313e-07,-2.189312672411909700e-07,-2.377789772426036799e-07,-1.519282647435953319e-04
1.790795215513256267e+02,9.999997936053017789e-01,6.778183440860273583e-08,6.124060780007897554e-08,7.190465610783232473e-05,6.538297801990546699e-07,-2.147234534532527947e-07,-2.323344060549405271e-07,-1.499991371592865580e-04
1.790856477157940105e+02,9.999997975721544030e-01,6.647908509108952598e-08,5.983364809920022252e-08,7.099158316732746908e-05,6.412633042953059476e-07,-2.105965120968467757e-07,-2.270140413066230817e-07,-1.480945017222352455e-04
1.790917738802624228e+02,9.999998014627641263e-01,6.520137461865818330e-08,5.845890907466834486e-08,7.009010416376759223e-05,6.289383567607965604e-07,-2.065488907868759297e-07,-2.218150656466648706e-07,-1.462140478182744931e-04
1.790979000447308067e+02,9.999998052785975533e-01,6.394822138154659221e-08,5.711565489235387748e-08,6.920007182551534482e-05,6.168502919062280216e-07,-2.025790638377087231e-07,-2.167347187147087961e-07,-1.443574683597413037e-04
1.791040262091992190e+02,9.999998090210915347e-01,6.271915339929549350e-08,5.580316711351987549e-08,6.832134082478030280e-05,6.049945569234693885e-07,-1.986855360683249010e-07,-2.117703050795215353e-07,-1.425244603101680945e-04
1.791101523736676029e+02,9.999998126916549435e-01,6.151370809974760938e-08,5.452074422531980349e-08,6.745376774815394383e-05,5.933666897644078269e-07,-1.948668421022067043e-07,-2.069191925037099629e-07,-1.407147246229441761e-04
1.791162785381360152e+02,9.999998162916717837e-01,6.033143088618845887e-08,5.326769902201656106e-08,6.659721081397424131e-05,5.819623053144224961e-07,-1.911215418281928814e-07,-2.021788021670239088e-07,-1.389279656522927539e-04
1.791224047026043991e+02,9.999998198224964163e-01,5.917187703733825711e-08,5.204336194744415447e-08,6.575153027553562761e-05,5.707771137160512556e-07,-1.874482264194510311e-07,-1.975466211580572912e-07,-1.371638919936896193e-04
1.791285308670728114e+02,9.999998232854593327e-01,5.803460948066034800e-08,5.084707706425051295e-08,6.491658797359036142e-05,5.598068988970118668e-07,-1.838455112795539766e-07,-1.930201874311687883e-07,-1.354222155512339041e-04
1.791346570315411952e+02,9.999998266818653780e-01,5.691919988244218908e-08,4.967820395043578311e-08,6.409224757252015149e-05,5.490475290732975654e-07,-1.803120394957410302e-07,-1.885970968910395734e-07,-1.337026520299178527e-04
1.791407831960096075e+02,9.999998300129924189e-01,5.582522844723174691e-08,4.853611728031863160e-08,6.327837453269177944e-05,5.384949548314134718e-07,-1.768464812035519883e-07,-1.842750018426176070e-07,-1.320049208780701066e-04
1.791469093604779914e+02,9.999998332800967837e-01,5.475228261748325000e-08,4.742020448866807340e-08,6.247483584530044232e-05,5.281451965703907344e-07,-1.734475294674437788e-07,-1.800516022648195723e-07,-1.303287447347224889e-04
1.791530355249464037e+02,9.999998364844074894e-01,5.369995879784563576e-08,4.632986875157635376e-08,6.168150041064104656e-05,5.179943611443221706e-07,-1.701139057431516189e-07,-1.759246569580305583e-07,-1.286738502180941090e-04
1.791591616894148160e+02,9.999998396271322365e-01,5.266786033438610220e-08,4.526452539130459759e-08,6.089823861828456758e-05,5.080386223597434350e-07,-1.668443534760836477e-07,-1.718919701177686406e-07,-1.270399670505830997e-04
1.791652878538831999e+02,9.999998427094547448e-01,5.165559850386629729e-08,4.422360356757421444e-08,6.012492256864307146e-05,4.982742305285985003e-07,-1.636376412352424840e-07,-1.679513976566238619e-07,-1.254268285206163326e-04
1.791714140183516122e+02,9.999998457325350865e-01,5.066279233172303830e-08,4.320654590360645805e-08,5.936142604703122149e-05,4.886975107074528717e-07,-1.604925621366065414e-07,-1.641008458197929120e-07,-1.238341714286377991e-04
1.791775401828199961e+02,9.999998486975132383e-01,4.968906741196859615e-08,4.221280640276517218e-08,5.860762427491088229e-05,4.793048513089149590e-07,-1.574079301046995588e-07,-1.603382633970321263e-07,-1.222617355686263544e-04
1.791836663472884084e+02,9.999998516055046416e-01,4.873405747202247690e-08,4.124185310676170931e-08,5.786339426476363681e-05,4.700927192127572188e-07,-1.543825848298101335e-07,-1.566616516697467360e-07,-1.207092644678464254e-04
1.791897925117567922e+02,9.999998544576051973e-01,4.779740253880837491e-08,4.029316488927049817e-08,5.712861442623284609e-05,4.610576420566400311e-07,-1.514153859583818635e-07,-1.530690524287019919e-07,-1.191765045659083947e-04
1.791959186762252045e+02,9.999998572548892684e-01,4.687874983654626428e-08,3.936623296407542167e-08,5.640316477398348130e-05,4.521962169162848497e-07,-1.485052159371227671e-07,-1.495585536149533999e-07,-1.176632056480729130e-04
1.792020448406935884e+02,9.999998599984095682e-01,4.597775362156550255e-08,3.846056055136568922e-08,5.568692690336663002e-05,4.435051086839753143e-07,-1.456509794897093340e-07,-1.461282880834197312e-07,-1.161691207945713181e-04
1.792081710051620007e+02,9.999998626892008247e-01,4.509407411133586720e-08,3.757566101972908437e-08,5.497978375704967453e-05,4.349810397645236846e-07,-1.428516002240718385e-07,-1.427764266528035983e-07,-1.146940058941628941e-04
1.792142971696303846e+02,9.999998653282751171e-01,4.422737890459021010e-08,3.671106025644763844e-08,5.428161995793730628e-05,4.266208037587466427e-07,-1.401060251311895303e-07,-1.395011869807972763e-07,-1.132376203381622133e-04
1.792204233340987969e+02,9.999998679166272053e-01,4.337734131701320915e-08,3.586629380805406178e-08,5.359232143967449712e-05,4.184212494163314522e-07,-1.374132193127307197e-07,-1.363008228714538470e-07,-1.117997262502321443e-04
1.792265494985671808e+02,9.999998704552319762e-01,4.254364119600934830e-08,3.504090822506986882e-08,5.291177564164828992e-05,4.103792884976503960e-07,-1.347721685621497586e-07,-1.331736293080501626e-07,-1.103800888929046850e-04
1.792326756630355931e+02,9.999998729450446655e-01,4.172596477079187661e-08,3.423446076424932210e-08,5.223987148615641851e-05,4.024918943130474833e-07,-1.321818788897839635e-07,-1.301179413489806434e-07,-1.089784766200283152e-04
1.792388018275040054e+02,9.999998753870045221e-01,4.092400368045267581e-08,3.344651773166920708e-08,5.157649915947218100e-05,3.947560923614142223e-07,-1.296413734438834527e-07,-1.271321279260138071e-07,-1.075946604203884205e-04
1.792449279919723892e+02,9.999998777820299223e-01,4.013745626275774360e-08,3.267665659614975394e-08,5.092155042417091199e-05,3.871689727683486904e-07,-1.271496965933755700e-07,-1.242145997624694448e-07,-1.062284145688330929e-04
1.792510541564408015e+02,9.999998801310236995e-01,3.936602604374477000e-08,3.192446343939703829e-08,5.027491827248825411e-05,3.797276756984049855e-07,-1.247059091430719572e-07,-1.213637998322523145e-07,-1.048795159036688078e-04
1.792571803209091854e+02,9.999998824348704796e-01,3.860942247714463821e-08,3.118953415495481809e-08,4.963649710925880357e-05,3.724293984931070532e-07,-1.223090906760760186e-07,-1.185782078498305924e-07,-1.035477442080509684e-04
1.792633064853775977e+02,9.999998846944374575e-01,3.786736080833356019e-08,3.047147418254593748e-08,4.900618273049592760e-05,3.652713943611758170e-07,-1.199583391227969142e-07,-1.158563392843866277e-07,-1.022328821653657873e-04
1.792694326498459816e+02,9.999998869105767296e-01,3.713956119228309918e-08,2.976989703060005269e-08,4.838387211799927839e-05,3.582509638749811379e-07,-1.176527679667103150e-07,-1.131967398262984250e-07,-1.009347149310589132e-04
1.792755588143143939e+02,9.999998890841218513e-01,3.642574986317318732e-08,2.908442616050747374e-08,4.776946373235981360e-05,3.513654662436283474e-07,-1.153915099495650258e-07,-1.105979924509174662e-07,-9.965303074350796199e-05
1.792816849787827778e+02,9.999998912158920561e-01,3.572565776366544162e-08,2.841469271299158916e-08,4.716285718776070692e-05,3.446123061049905947e-07,-1.131737127290688184e-07,-1.080587089059327080e-07,-9.838762024608347560e-05
1.792878111432511901e+02,9.999998933066904794e-01,3.503902121594606402e-08,2.776033657700620524e-08,4.656395342359858990e-05,3.379889399777236065e-07,-1.109985410046792378e-07,-1.055775337167044288e-07,-9.713827684496029050e-05
1.792939373077195739e+02,9.999998953573036031e-01,3.436558179825920884e-08,2.712100615273381168e-08,4.597265468438753943e-05,3.314928750788895375e-07,-1.088651761264735389e-07,-1.031531433060912108e-07,-9.590479666725360529e-05
1.793000634721879862e+02,9.999998973685050307e-01,3.370508554442524574e-08,2.649635703421174260e-08,4.538886432707207229e-05,3.251216616222762808e-07,-1.067728135593096020e-07,-1.007842410575631929e-07,-9.468697815931489297e-05
1.793061896366563701e+02,9.999998993410512682e-01,3.305728400529289119e-08,2.588605368915446431e-08,4.481248709590524725e-05,3.188729030184989264e-07,-1.047206662453898069e-07,-9.846956361627540141e-08,-9.348462265983641236e-05
1.793123158011247824e+02,9.999999012756857208e-01,3.242193300477164023e-08,2.528976743177344210e-08,4.424342881736679112e-05,3.127442439118946731e-07,-1.027079606635067911e-07,-9.620787329454795128e-08,-9.229753376382046994e-05
1.793184419655931947e+02,9.999999031731373611e-01,3.179879324881947777e-08,2.470717737566358979e-08,4.368159656116661990e-05,3.067333760284342196e-07,-1.007339387582496477e-07,-9.399796164458804599e-08,-9.112551765826771124e-05
1.793245681300615786e+02,9.999999050341198403e-01,3.118763021339383321e-08,2.413797022238385934e-08,4.312689862139122709e-05,3.008380371174982520e-07,-9.879785758504403514e-08,-9.183864867274002290e-08,-8.996838308289789913e-05
1.793306942945299909e+02,9.999999068593351526e-01,3.058821341799520259e-08,2.358183908691529542e-08,4.257924433573679002e-05,2.950560039337058081e-07,-9.689898700881739344e-08,-8.972877843525600388e-08,-8.882594095327909741e-05
1.793368204589983748e+02,9.999999086494701928e-01,3.000031738896052950e-08,2.303848499513152922e-08,4.203854434338109998e-05,2.893851015138803201e-07,-9.503661275560630336e-08,-8.766722465858180671e-08,-8.769800489849647078e-05
1.793429466234667871e+02,9.999999104051990884e-01,2.942372053053268683e-08,2.250761507647698202e-08,4.150471029877525616e-05,2.838231923149060394e-07,-9.321003283622762171e-08,-8.565288396447367348e-08,-8.658439066444278119e-05
1.793490727879351709e+02,9.999999121271836433e-01,2.885820567753144898e-08,2.198894341337738760e-08,4.097765502268591666e-05,2.783681815373148634e-07,-9.141855929707927790e-08,-8.368467905658996499e-08,-8.548491642874987261e-05
1.793551989524035832e+02,9.999999138160716727e-01,2.830355999366639905e-08,2.148219085265610558e-08,4.045729248450752265e-05,2.730180161196441931e-07,-8.966151789800576941e-08,-8.176155801909965253e-08,-8.439940276393468764e-05
1.793613251168719671e+02,9.999999154725002226e-01,2.775957431225999463e-08,2.098708395840923463e-08,3.994353763267827244e-05,2.677706784046980412e-07,-8.793824602378114684e-08,-7.988249038795104670e-08,-8.332767228382859266e-05
1.793674512813403794e+02,9.999999170970920170e-01,2.722604401046043921e-08,2.050335634683257849e-08,3.943630663659826745e-05,2.626241945743215565e-07,-8.624809545351845304e-08,-7.804647216354602253e-08,-8.226955014800044642e-05
1.793735774458087633e+02,9.999999186904598991e-01,2.670276798470834855e-08,2.003074707502079948e-08,3.893551661812638334e-05,2.575766247577761524e-07,-8.459042911506039922e-08,-7.625251976750362439e-08,-8.122486350193723788e-05
1.793797036102771756e+02,9.999999202532038334e-01,2.618954915230066322e-08,1.956900139809101787e-08,3.844108579327876521e-05,2.526260678601670732e-07,-8.296462267387831051e-08,-7.449967288464465125e-08,-8.019344177250393698e-05
1.793858297747455595e+02,9.999999217859119049e-01,2.568619435910632955e-08,1.911787060098052135e-08,3.795293345563403588e-05,2.477706606898597500e-07,-8.137006424072467309e-08,-7.278699383695606393e-08,-7.917511663336407248e-05
1.793919559392139718e+02,9.999999232891619849e-01,2.519251378125673569e-08,1.867711106497922073e-08,3.747097981724113502e-05,2.430085721807135909e-07,-7.980615247625448089e-08,-7.111356407929443750e-08,-7.816972167327067940e-05
1.793980821036823841e+02,9.999999247635198429e-01,2.470832171851505854e-08,1.824648545750093679e-08,3.699514623556943079e-05,2.383380110363860605e-07,-7.827229910433070286e-08,-6.947848866980185643e-08,-7.717709286929586813e-05
1.794042082681507679e+02,9.999999262095410346e-01,2.423343566448748948e-08,1.782576129581797859e-08,3.652535496161749267e-05,2.337572167754068447e-07,-7.676792596655605468e-08,-6.788089087972286913e-08,-7.619706806162656828e-05
1.794103344326191802e+02,9.999999276277701243e-01,2.376767676180460866e-08,1.741471162188045069e-08,3.606152927284433484e-05,2.292644641103706659e-07,-7.529246646423687430e-08,-6.631991472785660933e-08,-7.522948723075249637e-05
1.794164605970875641e+02,9.999999290187407963e-01,2.331086971837119758e-08,1.701311485230449136e-08,3.560359345760061859e-05,2.248580621478801743e-07,-7.384536529307082991e-08,-6.479472442183360136e-08,-7.427419246502257129e-05
1.794225867615559764e+02,9.999999303829778530e-01,2.286284226438580358e-08,1.662075394628009654e-08,3.515147266587962413e-05,2.205363491475562685e-07,-7.242607672304538996e-08,-6.330450123263802231e-08,-7.333102764944715080e-05
1.794287129260243603e+02,9.999999317209944394e-01,2.242342587234265386e-08,1.623741746598282347e-08,3.470509312222491797e-05,2.162976994715488159e-07,-7.103406687932280988e-08,-6.184844748113392371e-08,-7.239983890966113515e-05
1.794348390904927726e+02,9.999999330332948189e-01,2.199245491322584416e-08,1.586289829633366107e-08,3.426438188942392893e-05,2.121405154362420397e-07,-6.966881106915710612e-08,-6.042578173072734386e-08,-7.148047411919681074e-05
1.794409652549611565e+02,9.999999343203731517e-01,2.156976706959748360e-08,1.549699424642343189e-08,3.382926699321391208e-05,2.080632313084942624e-07,-6.832979509051085825e-08,-5.903574104740071831e-08,-7.057278315952888743e-05
1.794470914194295688e+02,9.999999355827138281e-01,2.115520325959236286e-08,1.513950791573422483e-08,3.339967740767605135e-05,2.040643125535962633e-07,-6.701651499127803366e-08,-5.767758050110757069e-08,-6.967661788963503463e-05
1.794532175838979526e+02,9.999999368207930228e-01,2.074860714415009836e-08,1.479024595246102634e-08,3.297554291522073041e-05,2.001422511044308281e-07,-6.572847550825046722e-08,-5.635057037837172326e-08,-6.879183185404257083e-05
1.794593437483663649e+02,9.999999380350765854e-01,2.034982578043429427e-08,1.444901999856991785e-08,3.255679430632122881e-05,1.962955716537360634e-07,-6.446519213707594755e-08,-5.505399973704559417e-08,-6.791828069933317138e-05
1.794654699128347488e+02,9.999999392260219278e-01,1.995870885605837098e-08,1.411564554870683627e-08,3.214336315782838094e-05,1.925228242668982880e-07,-6.322618870637101003e-08,-5.378717211911225364e-08,-6.705582171188682124e-05
1.794715960773031611e+02,9.999999403940776910e-01,1.957510906397305001e-08,1.378994248617670811e-08,3.173518194995999527e-05,1.888225879999681408e-07,-6.201099856532232697e-08,-5.254940756587081957e-08,-6.620431406184303829e-05
1.794777222417715734e+02,9.999999415396834124e-01,1.919888203348970164e-08,1.347173496365009362e-08,3.133218405259834133e-05,1.851934702289322735e-07,-6.081916436517555359e-08,-5.134004217301882296e-08,-6.536361877454214782e-05
1.794838484062399573e+02,9.999999426632714128e-01,1.882988588308157788e-08,1.316085074211636071e-08,3.093430359393860930e-05,1.816341023437613566e-07,-5.965023664255993881e-08,-5.015842560494157853e-08,-6.453359845662721798e-05
1.794899745707083696e+02,9.999999437652641321e-01,1.846798181337757299e-08,1.285712203308532506e-08,3.054147564786358228e-05,1.781431454756556453e-07,-5.850377569802508505e-08,-4.900392426424243196e-08,-6.371411768678755469e-05
1.794961007351767535e+02,9.999999448460765716e-01,1.811303341220357311e-08,1.256038448158476070e-08,3.015363602597499436e-05,1.747192837687725940e-07,-5.737934939449007982e-08,-4.787591746868533408e-08,-6.290504258209092439e-05
1.795022268996451658e+02,9.999999459061165163e-01,1.776490699480197790e-08,1.227047764378700762e-08,2.977072138734381324e-05,1.713612276796403618e-07,-5.627653423502020864e-08,-4.677379924793235173e-08,-6.210624102685498706e-05
1.795083530641135496e+02,9.999999469457825363e-01,1.742347154123373228e-08,1.198724488063995395e-08,2.939266922565519384e-05,1.680677133716404017e-07,-5.519491516452294319e-08,-4.569697794656619221e-08,-6.131758264585334013e-05
1.795144792285819619e+02,9.999999479654667622e-01,1.708859829053458319e-08,1.171053276872266793e-08,2.901941774598446302e-05,1.648374987936702840e-07,-5.413408428408104042e-08,-4.464487400757637217e-08,-6.053893854735716419e-05
1.795206053930503458e+02,9.999999489655527762e-01,1.676016127887134149e-08,1.144019185073992230e-08,2.865090604057707622e-05,1.616693688865693497e-07,-5.309364255576973354e-08,-4.361692279821271543e-08,-5.977018168970956108e-05
1.795267315575187581e+02,9.999999499464173880e-01,1.643803670885003331e-08,1.117607572917034523e-08,2.828707389374844914e-05,1.585621294847763370e-07,-5.207319780469647279e-08,-4.261257120106336527e-08,-5.901118647447954255e-05
1.795328577219871420e+02,9.999999509084300797e-01,1.612210325827339864e-08,1.091804149186812526e-08,2.792786188484281483e-05,1.555146102926190870e-07,-5.107236569710922356e-08,-4.163127921591442594e-08,-5.826182896117642555e-05
1.795389838864555543e+02,9.999999518519530062e-01,1.581224202333172168e-08,1.066594961722473080e-08,2.757321137617331088e-05,1.525256643513632136e-07,-5.009076956043084364e-08,-4.067251960557611256e-08,-5.752198684211156136e-05
1.795451100509239382e+02,9.999999527773419938e-01,1.550833615028979388e-08,1.041966344913829395e-08,2.722306439742278188e-05,1.495941644871278757e-07,-4.912803921648547222e-08,-3.973577591955213990e-08,-5.679153920133329410e-05
1.795512362153923505e+02,9.999999536849450976e-01,1.521027132387679073e-08,1.017904986574752688e-08,2.687736381054623731e-05,1.467190079807378431e-07,-4.818381252866114449e-08,-3.882054501331059789e-08,-5.607036685852553572e-05
1.795573623798607628e+02,9.999999545751042662e-01,1.491793519491812409e-08,9.943978471740695546e-09,2.653605312674324381e-05,1.438991111061364735e-07,-4.725773358871282921e-08,-3.792633400884898516e-08,-5.535835198732644616e-05
1.795634885443291466e+02,9.999999554481550090e-01,1.463121766054029885e-08,9.714321977576960245e-09,2.619907660304534967e-05,1.411334117888929822e-07,-4.634945360441901653e-08,-3.705266172271639862e-08,-5.465537831676031531e-05
1.795696147087975589e+02,9.999999563044256190e-01,1.435001081261562724e-08,9.489956114934982711e-09,2.586637923100263507e-05,1.384208691323284836e-07,-4.545863073625992871e-08,-3.619905835005481229e-08,-5.396133110765413286e-05
1.795757408732659428e+02,9.999999571442395041e-01,1.407420860350837522e-08,9.270759168846426088e-09,2.553790662823679633e-05,1.357604601870529795e-07,-4.458492903853972024e-08,-3.536506370254516343e-08,-5.327609692648130254e-05
1.795818670377343551e+02,9.999999579679120787e-01,1.380370728930130227e-08,9.056612573542520799e-09,2.521360519313987900e-05,1.331511842289148674e-07,-4.372801986347654573e-08,-3.455022945420971027e-08,-5.259956396798852278e-05
1.795879932022027390e+02,9.999999587757539832e-01,1.353840491035723786e-08,8.847400192726782785e-09,2.489342193317208344e-05,1.305920577347092091e-07,-4.288758021568128819e-08,-3.375411643160164426e-08,-5.193162169712251523e-05
1.795941193666711513e+02,9.999999595680694187e-01,1.327820154561188997e-08,8.643008657451071216e-09,2.457730455547203351e-05,1.280821168666116562e-07,-4.206329355772763473e-08,-3.297629588677113569e-08,-5.127216103800115752e-05
1.796002455311395352e+02,9.999999603451564800e-01,1.302299926578618527e-08,8.443327290740073701e-09,2.426520145624322337e-05,1.256204169785687031e-07,-4.125484966193359942e-08,-3.221634921541964013e-08,-5.062107435178779693e-05
1.796063716956079475e+02,9.999999611073087102e-01,1.277270183004278016e-08,8.248247690690287366e-09,2.395706161901783548e-05,1.232060297174637707e-07,-4.046194364940445115e-08,-3.147386638599976123e-08,-4.997825522452437091e-05
1.796124978600763313e+02,9.999999618548122138e-01,1.252721508822492286e-08,8.057664261342616312e-09,2.365283475978218530e-05,1.208380469029137436e-07,-3.968427726427832163e-08,-3.074844794160077974e-08,-4.934359876979939303e-05
1.796186240245447436e+02,9.999999625879492093e-01,1.228644650945347170e-08,7.871473571376789906e-09,2.335247116589966073e-05,1.185155759636092124e-07,-3.892155738037600412e-08,-3.003970258417974477e-08,-4.871700129282479627e-05
1.796247501890131275e+02,9.999999633069952543e-01,1.205030541290380095e-08,7.689574655132844901e-09,2.305592178111366664e-05,1.162377421842727610e-07,-3.817349673227519612e-08,-2.934724830923364785e-08,-4.809836046771631712e-05
1.796308763534815398e+02,9.999999640122214650e-01,1.181870292534488121e-08,7.511868945420149216e-09,2.276313819559059326e-05,1.140036882844068890e-07,-3.743981378079877551e-08,-2.867071215440308158e-08,-4.748757531673552341e-05
1.796370025179499521e+02,9.999999647038936290e-01,1.159155170584767215e-08,7.338259902051708412e-09,2.247407255047935908e-05,1.118125717562369601e-07,-3.672023184092305850e-08,-2.800972879908269335e-08,-4.688454601124772403e-05
1.796431286824183360e+02,9.999999653822718715e-01,1.136876631082671628e-08,7.168653484801356885e-09,2.218867767405570423e-05,1.096635683981586661e-07,-3.601448023818639424e-08,-2.736394234876672999e-08,-4.628917415566503109e-05
1.796492548468867483e+02,9.999999660476119878e-01,1.115026276623043088e-08,7.002957582007965173e-09,2.190690693061307461e-05,1.075558681938892013e-07,-3.532229295343795138e-08,-2.673300418155822653e-08,-4.570136247230399110e-05
1.796553810113551322e+02,9.999999667001645554e-01,1.093595877697680695e-08,6.841082278747489671e-09,2.162871430020507844e-05,1.054886773099844047e-07,-3.464340928630521203e-08,-2.611657395950678071e-08,-4.512101496769805112e-05
1.796615071758235445e+02,9.999999673401750444e-01,1.072577368841907625e-08,6.682939796941685822e-09,2.135405436930446789e-05,1.034612177403026357e-07,-3.397757373312132388e-08,-2.551431940438913806e-08,-4.454803691312299741e-05
1.796676333402919283e+02,9.999999679678850395e-01,1.051962823651189600e-08,6.528444164395011363e-09,2.108288224126886651e-05,1.014727248969828138e-07,-3.332453519548085393e-08,-2.492591504940448079e-08,-4.398233465786810173e-05
1.796737595047603406e+02,9.999999685835303520e-01,1.031744487909548019e-08,6.377511636131420307e-09,2.081515366405958860e-05,9.952245079782041300e-08,-3.268404802970854123e-08,-2.435104382951887475e-08,-4.342381589561218776e-05
1.796798856692287245e+02,9.999999691873432406e-01,1.011914740764788379e-08,6.230060185316254917e-09,2.055082488848380775e-05,9.760966032834931374e-08,-3.205587081693610398e-08,-2.378939516190246879e-08,-4.287238936877722990e-05
1.796860118336971368e+02,9.999999697795511899e-01,9.924661137353012159e-09,6.086009742150566854e-09,2.028985274300204020e-05,9.573363307017609168e-08,-3.143976696521498808e-08,-2.324066584728229113e-08,-4.232796502455119192e-05
1.796921379981655207e+02,9.999999703603767998e-01,9.733912872129770573e-09,5.945282140489888193e-09,2.003219462496495540e-05,9.389366295964516862e-08,-3.083550459873261029e-08,-2.270455986997676249e-08,-4.179045399661745857e-05
1.796982641626339330e+02,9.999999709300394501e-01,9.546830677901797165e-09,5.807800822984136443e-09,1.977780841661996947e-05,9.208905611342537754e-08,-3.024285583955753573e-08,-2.218078728523103287e-08,-4.125976842997825086e-05
1.797043903271023169e+02,9.999999714887530811e-01,9.363344183245908070e-09,5.673491216407704811e-09,1.952665260492586141e-05,9.031913372434567334e-08,-2.966159776005772663e-08,-2.166906563656469651e-08,-4.073582173084958627e-05
1.797105164915707292e+02,9.999999720367286349e-01,9.183384227047817010e-09,5.542280278127836764e-09,1.927868614856773305e-05,8.858322865437433699e-08,-2.909151126671561677e-08,-2.116911824483573076e-08,-4.021852828930577467e-05
1.797166426560391415e+02,9.999999725741721690e-01,9.006883030993497969e-09,5.414096708906175002e-09,1.903386854813474244e-05,8.688068710156300747e-08,-2.853238164655997459e-08,-2.068067501151985388e-08,-3.970780362564875807e-05
1.797227688205075253e+02,9.999999731012860771e-01,8.833774167832314841e-09,5.288870905322966421e-09,1.879215983789914765e-05,8.521086830186587184e-08,-2.798399846662694042e-08,-2.020347224038846384e-08,-3.920356437326728762e-05
1.797288949849759376e+02,9.999999736182692001e-01,8.663992355613733094e-09,5.166534697096205407e-09,1.855352050702090759e-05,8.357314253639096145e-08,-2.744615492212647040e-08,-1.973725164580844254e-08,-3.870572811429810517e-05
1.797350211494443215e+02,9.999999741253159380e-01,8.497473730533179004e-09,5.047021681410776644e-09,1.831791161194713474e-05,8.196689376667031687e-08,-2.691864870078499760e-08,-1.928176161583439122e-08,-3.821421361405933341e-05
1.797411473139127338e+02,9.999999746226175823e-01,8.334155527170972652e-09,4.930266818894658891e-09,1.808529465165709476e-05,8.039151655383007130e-08,-2.640128096988051048e-08,-1.883675568732082179e-08,-3.772894056085462607e-05
1.797472734783811177e+02,9.999999751103612056e-01,8.173976235032470369e-09,4.816206623167647723e-09,1.785563163349669044e-05,7.884641756271585051e-08,-2.589385687214280938e-08,-1.840199326175582165e-08,-3.724982970328609915e-05
1.797533996428495300e+02,9.999999755887304387e-01,8.016875569746080826e-09,4.704779118442240411e-09,1.762888506546614196e-05,7.733101528228973816e-08,-2.539618543451194461e-08,-1.797723944625122789e-08,-3.677680283417344428e-05
1.797595258073179139e+02,9.999999760579056929e-01,7.862794286328072241e-09,4.595923605522897900e-09,1.740501788230103432e-05,7.584473822640479080e-08,-2.490807897658351854e-08,-1.756226416971126999e-08,-3.630978263638286668e-05
1.797656519717863262e+02,9.999999765180634936e-01,7.711674426796804074e-09,4.489580959597518167e-09,1.718399355091535953e-05,7.438702732306104779e-08,-2.442935389502042092e-08,-1.715684330838978595e-08,-3.584869290275471759e-05
1.797717781362547100e+02,9.999999769693772578e-01,7.563459029981977263e-09,4.385693270336715312e-09,1.696577595336765524e-05,7.295733311672722787e-08,-2.395982974426340845e-08,-1.676075732690440418e-08,-3.539345829200710484e-05
1.797779043007231223e+02,9.999999774120168494e-01,7.418092273588198606e-09,4.284204010721498392e-09,1.675032944862032844e-05,7.155511713981912848e-08,-2.349932968657116123e-08,-1.637379191610468019e-08,-3.494400445755107784e-05
1.797840304651915062e+02,9.999999778461490241e-01,7.275519448056936144e-09,4.185057999260130994e-09,1.653761886530521138e-05,7.017985166116574080e-08,-2.304768040921780595e-08,-1.599573785129428925e-08,-3.450025803240556029e-05
1.797901566296599185e+02,9.999999782719374286e-01,7.135686787099536435e-09,4.088201191547181503e-09,1.632760943237897999e-05,6.883101804648781695e-08,-2.260471158764200136e-08,-1.562639020458301642e-08,-3.406214648456455679e-05
1.797962827941283308e+02,9.999999786895422682e-01,6.998541692413241524e-09,3.993580945496742377e-09,1.612026687804032552e-05,6.750810892212177555e-08,-2.217025659731976118e-08,-1.526554934782591818e-08,-3.362959832331657753e-05
1.798024089585967147e+02,9.999999790991209725e-01,6.864032470326005493e-09,3.901145700763035848e-09,1.591555731993923121e-05,6.621062565057642615e-08,-2.174415167948701243e-08,-1.491301974156299741e-08,-3.320254287025125288e-05
1.798085351230651270e+02,9.999999795008276404e-01,6.732108460722653929e-09,3.810845129104792825e-09,1.571344732311395474e-05,6.493807955107189729e-08,-2.132623634956191547e-08,-1.456861050338135011e-08,-3.278091038010386382e-05
1.798146612875335109e+02,9.999999798948137064e-01,6.602720013323965287e-09,3.722630100717301690e-09,1.551390389320415978e-05,6.368999169166144591e-08,-2.091635332199958501e-08,-1.423213528150957328e-08,-3.236463202660310866e-05
1.798207874520019232e+02,9.999999802812273852e-01,6.475818333891252696e-09,3.636452498569253571e-09,1.531689441139810463e-05,6.246589140619099700e-08,-2.051434802308691796e-08,-1.390341155292881178e-08,-3.195363976678745665e-05
1.798269136164703070e+02,9.999999806602143382e-01,6.351355688161650136e-09,3.552265454625378065e-09,1.512238672722764950e-05,6.126531823962874600e-08,-2.012006923698442613e-08,-1.358226151699972901e-08,-3.154786653455785494e-05
1.798330397809387193e+02,9.999999810319172289e-01,6.229285162846836015e-09,3.470023064307159601e-09,1.493034905557248901e-05,6.008781966282501986e-08,-1.973336834859926182e-08,-1.326851101629065466e-08,-3.114724602585336802e-05
1.798391659454071032e+02,9.999999813964761675e-01,6.109560782636692697e-09,3.389680520406377357e-09,1.474075003101128679e-05,5.893295218943831675e-08,-1.935409971423838841e-08,-1.296199004297828365e-08,-3.075171281201795218e-05
1.798452921098755155e+02,9.999999817540284885e-01,5.992137488671991445e-09,3.311194083085883712e-09,1.455355870145479813e-05,5.780028117638824693e-08,-1.898212059341243574e-08,-1.266253262615530922e-08,-3.036120232652355966e-05
1.798514182743438994e+02,9.999999821047087512e-01,5.876970998971280276e-09,3.234520914513727976e-09,1.436874446711916548e-05,5.668937947742506232e-08,-1.861729070668517667e-08,-1.236997620640006344e-08,-2.997565073768208293e-05
1.798575444388123117e+02,9.999999824486489608e-01,5.764017993507175958e-09,3.159619289237791772e-09,1.418627716757766450e-05,5.559982922092846364e-08,-1.825947282197221341e-08,-1.208416243196005496e-08,-2.959499513022095817e-05
1.798636706032806956e+02,9.999999827859789026e-01,5.653235897306835736e-09,3.086448339869713548e-09,1.400612698513941695e-05,5.453121973003646920e-08,-1.790853206742985916e-08,-1.180493619716193340e-08,-2.921917330375165868e-05
1.798697967677491079e+02,9.999999831168254749e-01,5.544582986635652733e-09,3.014968176341510991e-09,1.382826449583659652e-05,5.348314852890478680e-08,-1.756433626783192269e-08,-1.153214609358013932e-08,-2.884812387912114932e-05
1.798759229322174917e+02,9.999999834413131339e-01,5.438018369460703244e-09,2.945139859176855846e-09,1.365266066345152011e-05,5.245522116519083683e-08,-1.722675588268004494e-08,-1.126564430957677506e-08,-2.848178628595620607e-05
1.798820490966859040e+02,9.999999837595643370e-01,5.333501858784720152e-09,2.876925252211019497e-09,1.347928678226697670e-05,5.144704999213718515e-08,-1.689566360494138162e-08,-1.100528607303343077e-08,-2.812010064325176046e-05
1.798881752611543163e+02,9.999999840716988775e-01,5.230994140607372030e-09,2.810287209936639207e-09,1.330811455873005959e-05,5.045825578953653556e-08,-1.657093489312892569e-08,-1.075093036067699415e-08,-2.776300792971029245e-05
1.798943014256227002e+02,9.999999843778343278e-01,5.130456577083625599e-09,2.745189351008082436e-09,1.313911602081096057e-05,4.948846585132071290e-08,-1.625244734773147541e-08,-1.050243904130969392e-08,-2.741044979468085119e-05
1.799004275900911125e+02,9.999999846780859292e-01,5.031851302888060319e-09,2.681596164440201490e-09,1.297226356583439368e-05,4.853731491842981822e-08,-1.594008101648374271e-08,-1.025967727774738759e-08,-2.706236865792929042e-05
1.799065537545594964e+02,9.999999849725667023e-01,4.935141207484968300e-09,2.619472985794898041e-09,1.280752995487629265e-05,4.760444501631437094e-08,-1.563371833820000878e-08,-1.002251343726980558e-08,-2.671870769795301197e-05
1.799126799190279087e+02,9.999999852613877804e-01,4.840289820175828061e-09,2.558785866015442470e-09,1.264488825905743786e-05,4.668950434789849788e-08,-1.533324377861883768e-08,-9.790818595114360153e-09,-2.637941073995847316e-05
1.799188060834962926e+02,9.999999855446578545e-01,4.747261462528298939e-09,2.499501738256183947e-09,1.248431193615282777e-05,4.579214876086123312e-08,-1.503854431327886787e-08,-9.564467166384859416e-09,-2.604442241565949872e-05
1.799249322479647049e+02,9.999999858224835059e-01,4.656021069737597037e-09,2.441588216174009639e-09,1.232577474556046559e-05,4.491204001444865982e-08,-1.474950886161392136e-08,-9.343336142718883414e-09,-2.571368798591546973e-05
1.799310584124330887e+02,9.999999860949695396e-01,4.566534278079484714e-09,2.385013688494452615e-09,1.216925079317231299e-05,4.404884662720850513e-08,-1.446602856399301106e-08,-9.127305450348001695e-09,-2.538715343432741727e-05
1.799371845769015010e+02,9.999999863622183183e-01,4.478767408819955796e-09,2.329747297796762781e-09,1.201471452611772731e-05,4.320224372922803512e-08,-1.418799673074806526e-08,-8.916257870278617801e-09,-2.506476545627559676e-05
1.799433107413698849e+02,9.999999866243307611e-01,4.392687363892991842e-09,2.275758823705237809e-09,1.186214068238113040e-05,4.237191207352734573e-08,-1.391530851169411861e-08,-8.710078595947443803e-09,-2.474647135382913673e-05
1.799494369058382972e+02,9.999999868814055670e-01,4.308261764233629646e-09,2.223018831442490079e-09,1.171150436266969301e-05,4.155753930871707515e-08,-1.364786133435088977e-08,-8.508655796132025459e-09,-2.443221918565524782e-05
1.799555630703066811e+02,9.999999871335394364e-01,4.225458787659015787e-09,2.171498492204155393e-09,1.156278095064498615e-05,4.075881848821285951e-08,-1.338555439037030423e-08,-8.311879934903340910e-09,-2.412195760063304105e-05
1.799616892347750934e+02,9.999999873808274042e-01,4.144247248234153012e-09,2.121169667362579290e-09,1.141594615501663241e-05,3.997544877921983641e-08,-1.312828888695707361e-08,-8.119644090580793406e-09,-2.381563592565732221e-05
1.799678153992435057e+02,9.999999876233625073e-01,4.064596581669522899e-09,2.072004889567869213e-09,1.127097600461103427e-05,3.920713535653359948e-08,-1.287596800061003281e-08,-7.931843884590784258e-09,-2.351320415535431088e-05
1.799739415637118896e+02,9.999999878612362281e-01,3.986476750646197494e-09,2.023977258729881199e-09,1.112784680110756921e-05,3.845358847017392277e-08,-1.262849657720405057e-08,-7.748377087397650646e-09,-2.321461285349494716e-05
1.799800677281803019e+02,9.999999880945381614e-01,3.909858370356279054e-09,1.977060574290911799e-09,1.098653518645761307e-05,3.771452468060005659e-08,-1.238578152968607855e-08,-7.569144119922622975e-09,-2.291981329362606764e-05
1.799861938926486857e+02,9.999999883233559039e-01,3.834712561376199529e-09,1.931229175273797098e-09,1.084701806805378699e-05,3.698966541028108564e-08,-1.214773137199631758e-08,-7.394047447728429001e-09,-2.262875730298159640e-05
1.799923200571170980e+02,9.999999885477760531e-01,3.761011021692974447e-09,1.886458015255134415e-09,1.070927265821800831e-05,3.627873766575027000e-08,-1.191425644723820428e-08,-7.222991865124570949e-09,-2.234139734485208104e-05
1.799984462215854819e+02,9.999999887678828747e-01,3.688726013452216107e-09,1.842722645530407355e-09,1.057327646957541334e-05,3.558147387252702565e-08,-1.168526888569760857e-08,-7.055884431764280629e-09,-2.205768650893673663e-05
1.800045723860538942e+02,9.999999889837594136e-01,3.617830277038337009e-09,1.799999122490412520e-09,1.043900727071592138e-05,3.489761107772534231e-08,-1.146068233265986379e-08,-6.892634121601217104e-09,-2.177757841885769703e-05
1.800106985505222781e+02,9.999999891954868270e-01,3.548297145005601501e-09,1.758264125392315591e-09,1.030644314944032653e-05,3.422689205768184324e-08,-1.124041230932864431e-08,-6.733152269511120581e-09,-2.150102736408796797e-05
1.800168247149906904e+02,9.999999894031448289e-01,3.480100408557017309e-09,1.717494813933047930e-09,1.017556244256114615e-05,3.356906399973202152e-08,-1.102437578984807091e-08,-6.577352031634143260e-09,-2.122798815352217166e-05
1.800229508794590743e+02,9.999999896068119121e-01,3.413214382909941276e-09,1.677668895000919202e-09,1.004634377294653626e-05,3.292387913992925594e-08,-1.081249140837252424e-08,-6.425148638425245011e-09,-2.095841619274841822e-05
1.800290770439274866e+02,9.999999898065643489e-01,3.347613895269574712e-09,1.638764607680171244e-09,9.918766045180504604e-06,3.229109466089256477e-08,-1.060467942096808559e-08,-6.276459338151178139e-09,-2.069226747499723691e-05
1.800352032083958704e+02,9.999999900024777455e-01,3.283274206854636119e-09,1.600760640777540593e-09,9.792808403968788597e-06,3.167047193138066644e-08,-1.040086145859982589e-08,-6.131203084191991857e-09,-2.042949849437938485e-05
1.800413293728642827e+02,9.999999901946257097e-01,3.220171116292599740e-09,1.563636237676793136e-09,9.668450293470269146e-06,3.106177750467428252e-08,-1.020096085467451982e-08,-5.989300932833340298e-09,-2.017006636964902258e-05
1.800474555373326950e+02,9.999999903830808501e-01,3.158280838445998939e-09,1.527371069523152793e-09,9.545671391442798353e-06,3.046478194799560999e-08,-1.000490226117788885e-08,-5.850675562567343189e-09,-1.991392870683637620e-05
1.800535817018010789e+02,9.999999905679137768e-01,3.097580063733329383e-09,1.491945294652220216e-09,9.424451643994240669e-06,2.987926039536325830e-08,-9.812611836595517764e-09,-5.715251499471089291e-09,-1.966104367173742351e-05
1.800597078662694912e+02,9.999999907491942119e-01,3.038045947214701125e-09,1.457339545233666316e-09,9.304771261511258162e-06,2.930499249742186923e-08,-9.624017211337485914e-09,-5.582955066855781111e-09,-1.941136998142273766e-05
1.800658340307378751e+02,9.999999909269906562e-01,2.979656037828213485e-09,1.423534853839033979e-09,9.186610679639673927e-06,2.874176169272515697e-08,-9.439047263568313426e-09,-5.453714106739244188e-09,-1.916486682284476652e-05
1.800719601952062874e+02,9.999999911013698339e-01,2.922388372223692119e-09,1.390512746792186592e-09,9.069950614943478006e-06,2.818935611590756448e-08,-9.257632416459973900e-09,-5.327458334129431544e-09,-1.892149396894142815e-05
1.800780863596746713e+02,9.999999912723975815e-01,2.866221364794564560e-09,1.358255131258871533e-09,8.954772003126745339e-06,2.764756755692764501e-08,-9.079704289827082307e-09,-5.204118908864863684e-09,-1.868121164977002937e-05
1.800842125241430836e+02,9.999999914401382917e-01,2.811133861513050880e-09,1.326744348153897742e-09,8.841056031633692664e-06,2.711619195599726150e-08,-8.905195870669716263e-09,-5.083628636337133707e-09,-1.844398062051062824e-05
1.800903386886114674e+02,9.999999916046549142e-01,2.757105130025125429e-09,1.295963160245413066e-09,8.728784135829430668e-06,2.659502932911765289e-08,-8.734041481795432886e-09,-4.965921922624999795e-09,-1.820976215350022118e-05
1.800964648530798797e+02,9.999999917660097326e-01,2.704114795430778334e-09,1.265894686775762536e-09,8.617937962395484303e-06,2.608388313810343100e-08,-8.566176578379467929e-09,-4.850934526416628807e-09,-1.797851796187724930e-05
1.801025910175482636e+02,9.999999919242632540e-01,2.652142925440454244e-09,1.236522486566362435e-09,8.508499421543664980e-06,2.558256111185179971e-08,-8.401538017729140436e-09,-4.738603874527310274e-09,-1.775021030849953559e-05
1.801087171820166759e+02,9.999999920794753194e-01,2.601169930576264392e-09,1.207830457492260253e-09,8.400450629061830682e-06,2.509087429471837977e-08,-8.240063743134233137e-09,-4.628868680556596883e-09,-1.752480188505352345e-05
1.801148433464850598e+02,9.999999922317042156e-01,2.551176613028752696e-09,1.179802883581220154e-09,8.293773936896076587e-06,2.460863749583944443e-08,-8.081692938638817953e-09,-4.521669123643269826e-09,-1.730225587584884777e-05
1.801209695109534721e+02,9.999999923810074520e-01,2.502144157667833051e-09,1.152424424419386627e-09,8.188451929567863634e-06,2.413566922829702717e-08,-7.926366000564961221e-09,-4.416946808489207747e-09,-1.708253595034545444e-05
1.801270956754218844e+02,9.999999925274409840e-01,2.454054073761787008e-09,1.125680056944669486e-09,8.084467389835223218e-06,2.367179113182035411e-08,-7.774024352886123468e-09,-4.314644544413718560e-09,-1.686560619152359855e-05
1.801332218398902683e+02,9.999999926710602116e-01,2.406888272258843822e-09,1.099555149427317613e-09,7.981803347674731129e-06,2.321682871368746218e-08,-7.624610692044974699e-09,-4.214706626333418845e-09,-1.665143119806078163e-05
1.801393480043586806e+02,9.999999928119189807e-01,2.360628975217312371e-09,1.074035371974970224e-09,7.880443025914431865e-06,2.277061048000906536e-08,-7.478068700039886241e-09,-4.117078495134111651e-09,-1.643997597092284241e-05
1.801454741688270644e+02,9.999999929500706930e-01,2.315258760144303709e-09,1.049106738459450622e-09,7.780369868923074951e-06,2.233296837369940403e-08,-7.334343184884141102e-09,-4.021706896854622979e-09,-1.623120597321019894e-05
1.801516003332954767e+02,9.999999930855670849e-01,2.270760551837941445e-09,1.024755597081914968e-09,7.681567539248983166e-06,2.190373768797740582e-08,-7.193380054763018304e-09,-3.928539847069571765e-09,-1.602508712314732622e-05
1.801577264977638606e+02,9.999999932184593376e-01,2.227117569495905577e-09,1.000968578554179889e-09,7.584019885406722105e-06,2.148275655830089196e-08,-7.055126150480633946e-09,-3.837526434118228800e-09,-1.582158572688596211e-05
1.801638526622322729e+02,9.999999933487974113e-01,2.184313396850387939e-09,9.777326619539610320e-10,7.487710987827189982e-06,2.106986663166013271e-08,-6.919529467638108500e-09,-3.748617069315094663e-09,-1.562066857435812377e-05
1.801699788267006568e+02,9.999999934766304888e-01,2.142331899973674739e-09,9.550350950535460999e-10,7.392625107855696270e-06,2.066491227409329573e-08,-6.786538896252494711e-09,-3.661763184488412780e-09,-1.542230283288603524e-05
1.801761049911690691e+02,9.999999936020067537e-01,2.101157267516706865e-09,9.328634316407524496e-10,7.298746714665516266e-06,2.026774096810475937e-08,-6.656104348227154604e-09,-3.576917373728949805e-09,-1.522645610332465707e-05
1.801822311556374530e+02,9.999999937249731685e-01,2.060774003305558631e-09,9.112055231170109341e-10,7.206060482104503467e-06,1.987820324182842880e-08,-6.528176733898295642e-09,-3.494033361657911749e-09,-1.503309641348438566e-05
1.801883573201058653e+02,9.999999938455762516e-01,2.021166878341255254e-09,8.900494723676563958e-10,7.114551258475970301e-06,1.949615219865698978e-08,-6.402707809976764160e-09,-3.413065828194203012e-09,-1.484219215509368394e-05
1.801944834845742491e+02,9.999999939638613000e-01,1.982320994448922580e-09,8.693836923817415125e-10,7.024204109644400639e-06,1.912144411799608573e-08,-6.279650381179994195e-09,-3.333970631354415951e-09,-1.465371217371922837e-05
1.802006096490426614e+02,9.999999940798731668e-01,1.944221709684332265e-09,8.491968353290911061e-10,6.935004271190450722e-06,1.875393776155488885e-08,-6.158958063929834630e-09,-3.256704537903940968e-09,-1.446762566896050457e-05
1.802067358135110737e+02,9.999999941936551506e-01,1.906854674851390518e-09,8.294778257799849368e-10,6.846937173658600827e-06,1.839349472399636252e-08,-6.040585402035054046e-09,-3.181225349574241403e-09,-1.428390224711749950e-05
1.802128619779794576e+02,9.999999943052504392e-01,1.870205826783264306e-09,8.102158532235006586e-10,6.759988439598937592e-06,1.803997935093250778e-08,-5.924487845406754378e-09,-3.107491874793914740e-09,-1.410251191502041540e-05
1.802189881424478699e+02,9.999999944147008879e-01,1.834261344781022675e-09,7.914003310039067151e-10,6.674143855218524893e-06,1.769325832640364118e-08,-5.810621612061807933e-09,-3.035463772644114077e-09,-1.392342502089376639e-05
1.802251143069162538e+02,9.999999945220475750e-01,1.799007708376824217e-09,7.730209484978594227e-10,6.589389410818942247e-06,1.735320122824073149e-08,-5.698943871108820972e-09,-2.965101751241598685e-09,-1.374661233871108362e-05
1.802312404713846661e+02,9.999999946273313567e-01,1.764431629638504183e-09,7.550676079818956776e-10,6.505711255912789054e-06,1.701967988518260954e-08,-5.589412528298102293e-09,-2.896367327888905100e-09,-1.357204497456667152e-05
1.802373666358530500e+02,9.999999947305915349e-01,1.730520086310106648e-09,7.375304542003195199e-10,6.423095722908535066e-06,1.669256868286463182e-08,-5.481986331006389289e-09,-2.829222941456684232e-09,-1.339969441608348513e-05
1.802434928003214623e+02,9.999999948318669674e-01,1.697260315714336682e-09,7.203998677033283287e-10,6.341529324335402433e-06,1.637174450671696688e-08,-5.376624848920561855e-09,-2.763631927201316717e-09,-1.322953252662468994e-05
1.802496189647898461e+02,9.999999949311960679e-01,1.664639775219549744e-09,7.036664282946734169e-10,6.260998726249460201e-06,1.605708636978806576e-08,-5.273288348802379358e-09,-2.699558377814017604e-09,-1.306153148981779971e-05
1.802557451292582584e+02,9.999999950286161399e-01,1.632646194661280757e-09,6.873209614724199506e-10,6.181490786168122757e-06,1.574847591735670528e-08,-5.171937960552739291e-09,-2.636967320054674879e-09,-1.289566388868836030e-05
1.802618712937266423e+02,9.999999951241637097e-01,1.601267514906974428e-09,6.713544822335015608e-10,6.102992510964866232e-06,1.544579682010806210e-08,-5.072535482593010699e-09,-2.575824501180472027e-09,-1.273190261782658185e-05
1.802679974581950546e+02,9.999999952178748597e-01,1.570491917931843218e-09,6.557582213901838799e-10,6.025491079088016558e-06,1.514893508380296619e-08,-4.975043477141255541e-09,-2.516096489005190724e-09,-1.257022092973718162e-05
1.802741236226634385e+02,9.999999953097851169e-01,1.540307821285194692e-09,6.405236196384198874e-10,5.948973837957383540e-06,1.485777898678594238e-08,-4.879425252682226720e-09,-2.457750649467567742e-09,-1.241059242940913362e-05
1.802802497871318508e+02,9.999999953999287872e-01,1.510703842213239301e-09,6.256422950225268268e-10,5.873428279016483416e-06,1.457221872168115655e-08,-4.785644750313293720e-09,-2.400755022907394719e-09,-1.225299102227337658e-05
1.802863759516002631e+02,9.999999954883398434e-01,1.481668845232935753e-09,6.111060842685129192e-10,5.798842073318918823e-06,1.429214687928320237e-08,-4.693666694451844206e-09,-2.345078481327426136e-09,-1.209739098843855334e-05
1.802925021160686470e+02,9.999999955750518144e-01,1.453191886377954734e-09,5.969069927655089006e-10,5.725203032029364761e-06,1.401745789501062631e-08,-4.603456416214060841e-09,-2.290690538230197038e-09,-1.194376690029396331e-05
1.802986282805370593e+02,9.999999956600972295e-01,1.425262240493270494e-09,5.830372179874137429e-10,5.652499127267013155e-06,1.374804831530337298e-08,-4.514979939880434968e-09,-2.237561437701534820e-09,-1.179209366599057912e-05
1.803047544450054431e+02,9.999999957435080633e-01,1.397869396213216029e-09,5.694891442116798998e-10,5.580718489663357490e-06,1.348381674226353904e-08,-4.428203966986873204e-09,-2.185662134430247276e-09,-1.164234652434683638e-05
1.803108806094738554e+02,9.999999958253157351e-01,1.371003023402039107e-09,5.562553135607324271e-10,5.509849384958639441e-06,1.322466352552933603e-08,-4.343095773180816340e-09,-2.134964183547642244e-09,-1.149450099602743839e-05
1.803170067739422393e+02,9.999999959055511090e-01,1.344653016328352382e-09,5.433284627881032338e-10,5.439880247385458675e-06,1.297049119148950834e-08,-4.259623344991929748e-09,-2.085439880635827340e-09,-1.134853295318427737e-05
1.803231329384106516e+02,9.999999959842443831e-01,1.318809443066959173e-09,5.307014787596031879e-10,5.370799642614699932e-06,1.272120394067019502e-08,-4.177755219543994004e-09,-2.037062092414879351e-09,-1.120441854215925697e-05
1.803292591028790355e+02,9.999999960614253114e-01,1.293462570269374334e-09,5.183674192977594607e-10,5.302596287308786324e-06,1.247670787861216267e-08,-4.097460563024492900e-09,-1.989804336051010176e-09,-1.106213422427404141e-05
1.803353852673474478e+02,9.999999961371227597e-01,1.268602858606287175e-09,5.063195084799210566e-10,5.235259046830616995e-06,1.223691098593923694e-08,-4.018709156246902944e-09,-1.943640761360621319e-09,-1.092165677105110739e-05
1.803415114318158317e+02,9.999999962113653718e-01,1.244220933219053670e-09,4.945511108642548430e-10,5.168776913288675569e-06,1.200172283900588362e-08,-3.941471301045077396e-09,-1.898546052730811274e-09,-1.078296321841430003e-05
1.803476375962842440e+02,9.999999962841809031e-01,1.220307622901589368e-09,4.830557642276542646e-10,5.103139036854202279e-06,1.177105496676434057e-08,-3.865717944396034915e-09,-1.854495553761509935e-09,-1.064603093201927782e-05
1.803537637607526278e+02,9.999999963555973315e-01,1.196853914181263686e-09,4.718271399435234077e-10,5.038334691000744815e-06,1.154482042816526739e-08,-3.791420532954539642e-09,-1.811465116523690268e-09,-1.051083753474063821e-05
1.803598899252210401e+02,9.999999964256409690e-01,1.173850973798767213e-09,4.608590615318696824e-10,4.974353290847065069e-06,1.132293401613061455e-08,-3.718551084266191039e-09,-1.769431172161779042e-09,-1.037736094493692235e-05
1.803660160896894524e+02,9.999999964943382391e-01,1.151290144572034315e-09,4.501455004733660524e-10,4.911184391007878579e-06,1.110531222145161176e-08,-3.647082173664856928e-09,-1.728370715044081777e-09,-1.024557937196743743e-05
1.803721422541578363e+02,9.999999965617154540e-01,1.129162918580229717e-09,4.396805532706275726e-10,4.848817664997950264e-06,1.089187297975802360e-08,-3.576986849323242905e-09,-1.688261215443283044e-09,-1.011547127322753025e-05
1.803782684186262486e+02,9.999999966277973718e-01,1.107460972722325634e-09,4.294584705822819449e-10,4.787242934610815556e-06,1.068253600216602845e-08,-3.508238744897490369e-09,-1.649080730494142190e-09,-9.987015415435500257e-06
1.803843945830946325e+02,9.999999966926095274e-01,1.086176127044305614e-09,4.194736219601520575e-10,4.726450137309812725e-06,1.047722238691593322e-08,-3.440811947513521169e-09,-1.610807769991636724e-09,-9.860190806607566519e-06
1.803905207475630448e+02,9.999999967561757908e-01,1.065300365140269674e-09,4.097205123569403183e-10,4.666429343435736773e-06,1.027585480165931657e-08,-3.374681062394877649e-09,-1.573421359240676519e-09,-9.734976731954785224e-06
1.803966469120314287e+02,9.999999968185205867e-01,1.044825830398809451e-09,4.001937783997777210e-10,4.607170754190523243e-06,1.007835746933407621e-08,-3.309821200971720108e-09,-1.536901024940672800e-09,-9.611352749677112646e-06
1.804027730764998410e+02,9.999999968796670080e-01,1.024744801666813601e-09,3.908881679756921176e-10,4.548664682316242886e-06,9.884655903854673237e-09,-3.246207903787144954e-09,-1.501226717449037716e-09,-9.489298650658070812e-06
1.804088992409682248e+02,9.999999969396381472e-01,1.005049725519765838e-09,3.817985661575547216e-10,4.490901579655266776e-06,9.694677244578794562e-09,-3.183817242724944677e-09,-1.466378909552591614e-09,-9.368794515958187908e-06
1.804150254054366371e+02,9.999999969984567638e-01,9.857331784426420047e-10,3.729199638222727443e-10,4.433872006559800166e-06,9.508349889249013346e-09,-3.122625701203948017e-09,-1.432338476996152221e-09,-9.249820653000437280e-06
1.804211515699050210e+02,9.999999970561449514e-01,9.667878853444232379e-10,3.642474723403578840e-10,4.377566648034361963e-06,9.325603659928058761e-09,-3.062610232829395713e-09,-1.399086754428393065e-09,-9.132357629245240119e-06
1.804272777343734333e+02,9.999999971127243592e-01,9.482067161515889823e-10,3.557763202586797275e-10,4.321976311844283920e-06,9.146369776276536197e-09,-3.003748250601555472e-09,-1.366605522831491140e-09,-9.016386268244835225e-06
1.804334038988418172e+02,9.999999971682163036e-01,9.299826637224120059e-10,3.475018351330636287e-10,4.267091910390666699e-06,8.970580652250234898e-09,-2.946017556951305099e-09,-1.334876940318919136e-09,-8.901887611832680301e-06
1.804395300633102295e+02,9.999999972226417677e-01,9.121088731330620635e-10,3.394194665985114868e-10,4.212904486564564723e-06,8.798170165494195581e-09,-2.889396436514355024e-09,-1.303883630055278917e-09,-8.788842974058217274e-06
1.804456562277786418e+02,9.999999972760211797e-01,8.945786073558243600e-10,3.315247584423349646e-10,4.159405185050062192e-06,8.629073326095332391e-09,-2.833863547404652863e-09,-1.273608573903054149e-09,-8.677233881322197028e-06
1.804517823922470257e+02,9.999999973283747456e-01,8.773852640614848133e-10,3.238133616753644963e-10,4.106585267467539123e-06,8.463226447438697736e-09,-2.779397974441954090e-09,-1.244035162220912866e-09,-8.567042103967298326e-06
1.804579085567154380e+02,9.999999973797218944e-01,8.605223725278403284e-10,3.162810315790958081e-10,4.054436110599234734e-06,8.300567110852896167e-09,-2.725979219358382437e-09,-1.215147182669853368e-09,-8.458249652576675152e-06
1.804640347211838218e+02,9.999999974300822769e-01,8.439835735963680934e-10,3.089236115386834360e-10,4.002949189386153702e-06,8.141033982568339044e-09,-2.673587137303987751e-09,-1.186928758610983439e-09,-8.350838742503711735e-06
1.804701608856522341e+02,9.999999974794747670e-01,8.277626462501008326e-10,3.017370535712287602e-10,3.952116101181856802e-06,7.984567047675607750e-09,-2.622202021041651387e-09,-1.159364427362768607e-09,-8.244791844468365053e-06
1.804762870501206180e+02,9.999999975279179054e-01,8.118534764657496886e-10,2.947173934744300917e-10,3.901928538831897148e-06,7.831107331151327627e-09,-2.571804502275013386e-09,-1.132439045529565221e-09,-8.140091628397906344e-06
1.804824132145890303e+02,9.999999975754301218e-01,7.962500724622902608e-10,2.878607624572989326e-10,3.852378304879685034e-06,7.680597041659272378e-09,-2.522375599953811861e-09,-1.106137833326070412e-09,-8.036720993062169556e-06
1.804885393790574142e+02,9.999999976220290687e-01,7.809465618953595276e-10,2.811633845117817407e-10,3.803457309901903449e-06,7.532979528656465074e-09,-2.473896711386095730e-09,-1.080446364609719401e-09,-7.934663062601163500e-06
1.804946655435258265e+02,9.999999976677325098e-01,7.659371736674316508e-10,2.746215620264289773e-10,3.755157556557906131e-06,7.388199126346802978e-09,-2.426349554615445578e-09,-1.055350512046096673e-09,-7.833901153250359987e-06
1.805007917079942104e+02,9.999999977125574313e-01,7.512162620479062610e-10,2.682316940521570168e-10,3.707471162342177459e-06,7.246201374639588394e-09,-2.379716244829945160e-09,-1.030836516762719833e-09,-7.734418820805182839e-06
1.805069178724626227e+02,9.999999977565209308e-01,7.367782784056295350e-10,2.619902541885447533e-10,3.660390334330161177e-06,7.106932750553212222e-09,-2.333979204814819814e-09,-1.006890904079743601e-09,-7.636199807937903153e-06
1.805130440369310065e+02,9.999999977996394396e-01,7.226177850473693144e-10,2.558938009324267350e-10,3.613907382504781793e-06,6.970340801871646672e-09,-2.289121208790744108e-09,-9.835005229606653270e-10,-7.539228071998476969e-06
1.805191702013994188e+02,9.999999978419291669e-01,7.087294526716608461e-10,2.499389753384314880e-10,3.568014718194881318e-06,6.836374121059225236e-09,-2.245125374347947435e-09,-9.606525371370554490e-10,-7.443487781757103890e-06
1.805252963658678311e+02,9.999999978834060999e-01,6.951080438610844506e-10,2.441224882176736843e-10,3.522704839111976527e-06,6.704982194646355987e-09,-2.201975110152118321e-09,-9.383343763001310064e-10,-7.348963286189104637e-06
1.805314225303362150e+02,9.999999979240858927e-01,6.817484349718526005e-10,2.384411363897662534e-10,3.477970350694314396e-06,6.576115592221416938e-09,-2.159654185287441553e-09,-9.165337980944500889e-10,-7.255639159001465260e-06
1.805375486948046273e+02,9.999999979639837555e-01,6.686455904803636984e-10,2.328917830059080971e-10,3.433803942415957296e-06,6.449725744463537997e-09,-2.118146647990150398e-09,-8.952388131109125209e-10,-7.163500149210674578e-06
1.805436748592730112e+02,9.999999980031148983e-01,6.557945755419655085e-10,2.274713667563601397e-10,3.390198400288373084e-06,6.325765046841917312e-09,-2.077436865432874582e-09,-8.744377199982296356e-10,-7.072531207222742415e-06
1.805498010237414235e+02,9.999999980414941980e-01,6.431905536802575484e-10,2.221768997882243885e-10,3.347146605395532276e-06,6.204186851462622088e-09,-2.037509516404651051e-09,-8.541190975606525068e-10,-6.982717481777363073e-06
1.805559271882098074e+02,9.999999980791355325e-01,6.308287718059189971e-10,2.170054563149480063e-10,3.304641519856900915e-06,6.084945304038468128e-09,-1.998349543852725482e-09,-8.342717613152143174e-10,-6.894044290664947884e-06
1.805620533526782197e+02,9.999999981160536677e-01,6.187045800820584630e-10,2.119541870760765981e-10,3.262676206850277075e-06,5.967995555571081584e-09,-1.959942217813089682e-09,-8.148848186655864957e-10,-6.806497162497027549e-06
1.805681795171466035e+02,9.999999981522620374e-01,6.068134086430683018e-10,2.070203018292543661e-10,3.221243808387357756e-06,5.853293524862616927e-09,-1.922273061659159911e-09,-7.959476021420180970e-10,-6.720061790343237158e-06
1.805743056816150158e+02,9.999999981877745192e-01,5.951507789920156117e-10,2.022010775421173763e-10,3.180337557041463150e-06,5.740796009560787027e-09,-1.885327888207054230e-09,-7.774497006496353372e-10,-6.634724056196977721e-06
1.805804318460833997e+02,9.999999982226045470e-01,5.837123019036418765e-10,1.974938565391089777e-10,3.139950774573359094e-06,5.630460673334188756e-09,-1.849092793072569718e-09,-7.593809524328463465e-10,-6.550470028108840684e-06
1.805865580105518120e+02,9.999999982567649992e-01,5.724936638285410727e-10,1.928960363666659142e-10,3.100076858763042736e-06,5.522245904369047608e-09,-1.813554111601589910e-09,-7.417314064098778982e-10,-6.467285932715962332e-06
1.805926841750201959e+02,9.999999982902691986e-01,5.614906449214972208e-10,1.884050826579193386e-10,3.060709302193252100e-06,5.416111000457259790e-09,-1.778698475981214670e-09,-7.244913712752031904e-10,-6.385158194427118106e-06
1.805988103394886082e+02,9.999999983231292466e-01,5.506990979132430275e-10,1.840185135550911978e-10,3.021841671400696227e-06,5.312015953508008433e-09,-1.744512748308552602e-09,-7.076513560820055627e-10,-6.304073391929390021e-06
1.806049365039570205e+02,9.999999983553577998e-01,5.401149584538832972e-10,1.797339069975696878e-10,2.983467617877821382e-06,5.209921565316446607e-09,-1.710984053357167594e-09,-6.912020980513067154e-10,-6.224018281139450179e-06
1.806110626684254044e+02,9.999999983869669595e-01,5.297342432098138350e-10,1.755488990726245917e-10,2.945580876783698485e-06,5.109789408634625540e-09,-1.678099772548375792e-09,-6.751345563082614624e-10,-6.144979792514399719e-06
1.806171888328938167e+02,9.999999984179686052e-01,5.195530375251718984e-10,1.714611749981864919e-10,2.908175254590936534e-06,5.011581724236891876e-09,-1.645847504864516097e-09,-6.594398774700360770e-10,-6.066945005281526626e-06
1.806233149973622005e+02,9.999999984483743942e-01,5.095675117830070439e-10,1.674684805680302186e-10,2.871244646706461999e-06,4.915261567707164536e-09,-1.614215118678725807e-09,-6.441094393432270197e-10,-5.989901184197867832e-06
1.806294411618306128e+02,9.999999984781956508e-01,4.997739022308703616e-10,1.635686082922273569e-10,2.834783017913316732e-06,4.820792637080619088e-09,-1.583190691013202947e-09,-6.291347980433709087e-10,-5.913835738749058201e-06
1.806355673262989967e+02,9.999999985074439213e-01,4.901685203677308937e-10,1.597594038808940741e-10,2.798784412691397408e-06,4.728139348177750859e-09,-1.552762537275575668e-09,-6.145077127424910731e-10,-5.838736244679945823e-06
1.806416934907674090e+02,9.999999985361300858e-01,4.807477512168845543e-10,1.560387647764280112e-10,2.763242954008136421e-06,4.637266835690047010e-09,-1.522919205787703237e-09,-6.002201400928435011e-10,-5.764590441471868704e-06
1.806478196552357929e+02,9.999999985642649136e-01,4.715080421284074885e-10,1.524046321309260409e-10,2.728152831730087853e-06,4.548140831457478330e-09,-1.493649442313497091e-09,-5.862642036014375721e-10,-5.691386208167575509e-06
1.806539458197042052e+02,9.999999985918590628e-01,4.624459176273327216e-10,1.488550009881263844e-10,2.693508319152955860e-06,4.460727811089451591e-09,-1.464942237095736775e-09,-5.726322325159728419e-10,-5.619111597855370873e-06
1.806600719841725891e+02,9.999999986189226364e-01,4.535579620123887698e-10,1.453879079528691445e-10,2.659303754654066516e-06,4.374994825928888149e-09,-1.436786769731427321e-09,-5.593167147639951713e-10,-5.547754799393532031e-06
1.806661981486410014e+02,9.999999986454661816e-01,4.448408278748641413e-10,1.420014369590831716e-10,2.625533551374239428e-06,4.290909581373119623e-09,-1.409172436158298525e-09,-5.463103189751161146e-10,-5.477304157608175370e-06
1.806723243131093852e+02,9.999999986714995792e-01,4.362912345312279794e-10,1.386937179636144983e-10,2.592192196083327288e-06,4.208440435231767292e-09,-1.382088843689557369e-09,-5.336058895169850182e-10,-5.407748170926685331e-06
1.806784504775777975e+02,9.999999986970325994e-01,4.279059578610751503e-10,1.354629198088213146e-10,2.559274238309138373e-06,4.127556287691276850e-09,-1.355525778822000706e-09,-5.211964192408030827e-10,-5.339075468699049303e-06
1.806845766420461814e+02,9.999999987220750119e-01,4.196818437822213844e-10,1.323072592803876359e-10,2.526774305844224993e-06,4.048226715148334304e-09,-1.329473249923099668e-09,-5.090750840843246985e-10,-5.271274843547438397e-06
1.806907028065145937e+02,9.999999987466359208e-01,4.116157924586195600e-10,1.292249901374945744e-10,2.494687087534102847e-06,3.970421817783611184e-09,-1.303921437204014536e-09,-4.972352011917539034e-10,-5.204335215459865021e-06
1.806968289709830060e+02,9.999999987707248739e-01,4.037047660314446869e-10,1.262144082438830444e-10,2.463007342359792620e-06,3.894112289182289337e-09,-1.278860717210514505e-09,-4.856702485100696828e-10,-5.138245650737799147e-06
1.807029551354513899e+02,9.999999987943508639e-01,3.959457871966580462e-10,1.232738504055258549e-10,2.431729898373580683e-06,3.819269413216815078e-09,-1.254281658316894545e-09,-4.743738603702007713e-10,-5.072995359776073785e-06
1.807090812999198022e+02,9.999999988175227728e-01,3.883359299826861174e-10,1.204016880209554165e-10,2.400849642500883437e-06,3.745864966185343013e-09,-1.230174991511034194e-09,-4.633398032333818711e-10,-5.008573675788027049e-06
1.807152074643881861e+02,9.999999988402492601e-01,3.808723319794097953e-10,1.175963351387780273e-10,2.370361535087132705e-06,3.673871331720766231e-09,-1.206531649133994092e-09,-4.525620064818638491e-10,-4.944970085152635224e-06
1.807213336288565984e+02,9.999999988625389857e-01,3.735521800064501575e-10,1.148562386987376010e-10,2.340260593751437603e-06,3.603261374593546864e-09,-1.183342719479277902e-09,-4.420345251505879387e-10,-4.882174193730758523e-06
1.807274597933249822e+02,9.999999988844003873e-01,3.663727171293233123e-10,1.121798830960279895e-10,2.310541901906892345e-06,3.534008506325210901e-09,-1.160599469018954509e-09,-4.317515573642431109e-10,-4.820175744639906419e-06
1.807335859577933945e+02,9.999999989058416805e-01,3.593312413685449199e-10,1.095657891470044140e-10,2.281200607762220859e-06,3.466086660508927402e-09,-1.138293338314277664e-09,-4.217074404039365454e-10,-4.758964616171546256e-06
1.807397121222617784e+02,9.999999989268706369e-01,3.524250973301401368e-10,1.070125084405008835e-10,2.252231914754919967e-06,3.399470225212426720e-09,-1.116415915502394822e-09,-4.118966291247643043e-10,-4.698530801833164709e-06
1.807458382867301907e+02,9.999999989474954720e-01,3.456516873037613888e-10,1.045186305052641378e-10,2.223631095197663200e-06,3.334134142429999159e-09,-1.094958971453502823e-09,-4.023137233533078019e-10,-4.638864438816894378e-06
1.807519644511985746e+02,9.999999989677241796e-01,3.390084582562954788e-10,1.020827741285487494e-10,2.195393475131449693e-06,3.270053787486759797e-09,-1.073914418568541936e-09,-3.929534347244264557e-10,-4.579955776400793830e-06
1.807580906156669869e+02,9.999999989875639761e-01,3.324929081992017955e-10,9.970359141613797150e-11,2.167514442318492519e-06,3.207205024378166766e-09,-1.053274330949960146e-09,-3.838106021964522054e-10,-4.521795192623331527e-06
1.807642167801353708e+02,9.999999990070224110e-01,3.261025850169921797e-10,9.737976687202173559e-11,2.139989445305656060e-06,3.145564196969686007e-09,-1.033030940690498269e-09,-3.748801885501673193e-10,-4.464373192329624709e-06
1.807703429446037831e+02,9.999999990261068117e-01,3.198350788717075054e-10,9.511001237349042761e-11,2.112813984449806077e-06,3.085108061297536138e-09,-1.013176613811713822e-09,-3.661572611840684120e-10,-4.407680388448877240e-06
1.807764691090721954e+02,9.999999990448245057e-01,3.136880322747385078e-10,9.289307354658901790e-11,2.085983624719470539e-06,3.025813875859419473e-09,-9.937038821699792012e-10,-3.576370164917841565e-10,-4.351707528700788025e-06
1.807825952735405792e+02,9.999999990631823765e-01,3.076591282832045288e-10,9.072772204353926850e-11,2.059493981485640003e-06,2.967659297808339732e-09,-9.746054060643820062e-10,-3.493147503528439414e-10,-4.296445465952859684e-06
1.807887214380089915e+02,9.999999990811876405e-01,3.017460962784565369e-10,8.861275915405305865e-11,2.033340728019803646e-06,2.910622416081362182e-09,-9.558739925421465888e-10,-3.411858719373624025e-10,-4.241885173862579703e-06
1.807948476024773754e+02,9.999999990988466259e-01,2.959467109029106751e-10,8.654701498645312422e-11,2.007519594615438445e-06,2.854681772506982331e-09,-9.375025920306674793e-10,-3.332459005899712153e-10,-4.188017745044726584e-06
1.808009737669457877e+02,9.999999991161662161e-01,2.902587851669103176e-10,8.452934399781218529e-11,1.982026360168870575e-06,2.799816261344901628e-09,-9.194842765010943058e-10,-3.254904487414033066e-10,-4.134834373507689376e-06
1.808070999314141716e+02,9.999999991331530724e-01,2.846801795891599852e-10,8.255863066474015813e-11,1.956856864188489468e-06,2.746005251355669871e-09,-9.018122684238248077e-10,-3.179152435980597509e-10,-4.082326379706715952e-06
1.808132260958825839e+02,9.999999991498133012e-01,2.792087914846408214e-10,8.063378261397068275e-11,1.932006993465128818e-06,2.693228459176199640e-09,-8.844799068342442853e-10,-3.105161008850266727e-10,-4.030485182736144927e-06
1.808193522603509678e+02,9.999999991661533416e-01,2.738425602087481128e-10,7.875373383444950341e-11,1.907472689105959461e-06,2.641466012999997334e-09,-8.674806639453498391e-10,-3.032889371284729306e-10,-3.979302315003297702e-06
1.808254784248193801e+02,9.999999991821793000e-01,2.685794661924418183e-10,7.691744394873367425e-11,1.883249945710355120e-06,2.590698430210986471e-09,-8.508081420912411821e-10,-2.962297668823073423e-10,-3.928769420509240451e-06
1.808316045892877639e+02,9.999999991978975045e-01,2.634175246865482751e-10,7.512389423700794479e-11,1.859334803471916432e-06,2.540906560072654630e-09,-8.344560539100241429e-10,-2.893346875233847763e-10,-3.878878238372297533e-06
1.808377307537561762e+02,9.999999992133133953e-01,2.583547940569373295e-10,7.337209268090956061e-11,1.835723359444291424e-06,2.492071675699015774e-09,-8.184182486216496236e-10,-2.825998985489996865e-10,-3.829620626330482402e-06
1.808438569182245601e+02,9.999999992284330785e-01,2.533893660630329197e-10,7.166106785323825265e-11,1.812411755036684125e-06,2.444175371001495261e-09,-8.026886812317196596e-10,-2.760216782144776897e-10,-3.780988534655047007e-06
1.808499830826929724e+02,9.999999992432622165e-01,2.485193706170019513e-10,6.998987177484987635e-11,1.789396182612334401e-06,2.397199605220213007e-09,-7.872614276078633477e-10,-2.695963944608329215e-10,-3.732974019916044079e-06
1.808561092471613847e+02,9.999999992578061381e-01,2.437429749081284565e-10,6.835757926640131173e-11,1.766672884715399219e-06,2.351126700365867888e-09,-7.721306817058765136e-10,-2.633205024465661916e-10,-3.685569243369509065e-06
1.808622354116297686e+02,9.999999992720707276e-01,2.390583777256095410e-10,6.676328441179928549e-11,1.744238146661878591e-06,2.305939280097122687e-09,-7.572907375852118094e-10,-2.571905310192961030e-10,-3.638766455500878716e-06
1.808683615760981809e+02,9.999999992860610920e-01,2.344638169866388201e-10,6.520610504421592573e-11,1.722088307108053277e-06,2.261620353907700062e-09,-7.427360132567768223e-10,-2.512030998845055550e-10,-3.592558018072595052e-06
1.808744877405665648e+02,9.999999992997825604e-01,2.299575609139084450e-10,6.368517731122548060e-11,1.700219746320052133e-06,2.218153213978237337e-09,-7.284610227346154502e-10,-2.453548988192564887e-10,-3.546936379652426509e-06
1.808806139050349771e+02,9.999999993132403509e-01,2.255379123546938711e-10,6.219965821568628369e-11,1.678628892363867455e-06,2.175521487480328207e-09,-7.144603897180987209e-10,-2.396426973942704806e-10,-3.501894088526927794e-06
1.808867400695033609e+02,9.999999993264394593e-01,2.212032079862016836e-10,6.074872503898819299e-11,1.657312220380095939e-06,2.133709132546353216e-09,-7.007288450745775107e-10,-2.340633427773908482e-10,-3.457423791188451000e-06
1.808928662339717732e+02,9.999999993393848818e-01,2.169518131633624235e-10,5.933157219547905714e-11,1.636266245633499923e-06,2.092700380632266728e-09,-6.872612105179872987e-10,-2.286137476971696865e-10,-3.413518217835342119e-06
1.808989923984401571e+02,9.999999993520815034e-01,2.127821287507581210e-10,5.794741522220997871e-11,1.615487533427235815e-06,2.052479807421039975e-09,-6.740524202513263076e-10,-2.232909057172917209e-10,-3.370170203054767831e-06
1.809051185629085694e+02,9.999999993645340979e-01,2.086925831159810651e-10,5.659548594501173628e-11,1.594972688098561393e-06,2.013032252663586009e-09,-6.610974956028538107e-10,-2.180918727428958337e-10,-3.327372662865862745e-06
1.809112447273769533e+02,9.999999993767474393e-01,2.046816360493135342e-10,5.527503473823327189e-11,1.574718358825673775e-06,1.974342857942557333e-09,-6.483915574430222812e-10,-2.130137756698650104e-10,-3.285118606833823518e-06
1.809173708918453656e+02,9.999999993887259686e-01,2.007477780425606671e-10,5.398533001161880966e-11,1.554721238947345026e-06,1.936397061221364214e-09,-6.359298238999232402e-10,-2.080538104301424589e-10,-3.243401136650575550e-06
1.809234970563137495e+02,9.999999994004743487e-01,1.968895256132916701e-10,5.272565541258969649e-11,1.534978059442731255e-06,1.899180551878862821e-09,-6.237075955472094937e-10,-2.032092312830441618e-10,-3.202213432532522455e-06
1.809296232207821618e+02,9.999999994119967983e-01,1.931054275049877630e-10,5.149531337448050771e-11,1.515485598231886697e-06,1.862679334628238623e-09,-6.117202750451905496e-10,-1.984773644040466318e-10,-3.161548772623075348e-06
1.809357493852505741e+02,9.999999994232978695e-01,1.893940574208123046e-10,5.029362081726722522e-11,1.496240669852662329e-06,1.826879648436412846e-09,-5.999633441225435313e-10,-1.938555914313104385e-10,-3.121400511456854565e-06
1.809418755497189579e+02,9.999999994343817811e-01,1.857540175808194111e-10,4.911991115718910054e-11,1.477240130908085501e-06,1.791768017149815792e-09,-5.884323748449930079e-10,-1.893413571603869252e-10,-3.081762091323911431e-06
1.809480017141873702e+02,9.999999994452524188e-01,1.821839380674769189e-10,4.797353385024680967e-11,1.458480879428111713e-06,1.757331219015401567e-09,-5.771230275420207357e-10,-1.849321678048400849e-10,-3.042627040938239904e-06
1.809541278786557541e+02,9.999999994559144456e-01,1.786824725822962762e-10,4.685385190396483401e-11,1.439959848753049575e-06,1.723556272566911345e-09,-5.660310373645322986e-10,-1.806255814690800916e-10,-3.003988962677528461e-06
1.809602540431241664e+02,9.999999994663714142e-01,1.752483040726251062e-10,4.576024503284575053e-11,1.421674016258348921e-06,1.690430468457440246e-09,-5.551522321096470161e-10,-1.764192202372838273e-10,-2.965841550784642404e-06
1.809663802075925503e+02,9.999999994766274325e-01,1.718801381373581947e-10,4.469210583476172593e-11,1.403620393670523524e-06,1.657941318687961114e-09,-5.444825113310207484e-10,-1.723107555354219133e-10,-2.928178571164919496e-06
1.809725063720609626e+02,9.999999994866863862e-01,1.685767062551955065e-10,4.364884157806675287e-11,1.385796032177325858e-06,1.626076598782461674e-09,-5.340178565654570328e-10,-1.682979149766060089e-10,-2.890993872046925776e-06
1.809786325365293465e+02,9.999999994965519390e-01,1.653367651906874211e-10,4.262987379547695435e-11,1.368198021829006184e-06,1.594824311129029415e-09,-5.237543294513448833e-10,-1.643784808133765516e-10,-2.854281382733387327e-06
1.809847587009977588e+02,9.999999995062278657e-01,1.621590931432687148e-10,4.163463607116513025e-11,1.350823485800369701e-06,1.564172666361253672e-09,-5.136880595294024256e-10,-1.605502814619039917e-10,-2.818035101630822405e-06
1.809908848654661426e+02,9.999999995157178301e-01,1.590424948537159521e-10,4.066257684678935459e-11,1.333669588575475923e-06,1.534110134791166541e-09,-5.038152604191237331e-10,-1.568112022564056804e-10,-2.782249113324314497e-06
1.809970110299345549e+02,9.999999995250254958e-01,1.559857956196625342e-10,3.971315602105714639e-11,1.316733526863031803e-06,1.504625389950535367e-09,-4.941322108608704899e-10,-1.531591724266482872e-10,-2.746917569625392806e-06
1.810031371944029388e+02,9.999999995341543046e-01,1.529878442253251645e-10,3.878584653889155002e-11,1.300012534390232512e-06,1.475707326057756629e-09,-4.846352639967795267e-10,-1.495921711876012446e-10,-2.712034699572862165e-06
1.810092633588713511e+02,9.999999995431074762e-01,1.500475124024740585e-10,3.788013403013945245e-11,1.283503881341078855e-06,1.447345058265550619e-09,-4.753208456631959946e-10,-1.461082263623397952e-10,-2.677594808261046880e-06
1.810153895233397634e+02,9.999999995518886742e-01,1.471636913355873849e-10,3.699551484161356042e-11,1.267204868973650392e-06,1.419527891698763110e-09,-4.661854433195538367e-10,-1.427054068417581861e-10,-2.643592265610452603e-06
1.810215156878081473e+02,9.999999995605011183e-01,1.443352962960834466e-10,3.613149853226773855e-11,1.251112837298105681e-06,1.392245362816217495e-09,-4.572256207288831335e-10,-1.393818321516687727e-10,-2.610021522385485048e-06
1.810276418522765596e+02,9.999999995689481391e-01,1.415612612112560844e-10,3.528760484923033468e-11,1.235225156554479449e-06,1.365487191307769137e-09,-4.484380007530563248e-10,-1.361356608677302307e-10,-2.576877092415591385e-06
1.810337680167449435e+02,9.999999995772325123e-01,1.388405413230725306e-10,3.446336514087667810e-11,1.219539231709751184e-06,1.339243292954647989e-09,-4.398192737754348559e-10,-1.329650960327757590e-10,-2.544153561976976829e-06
1.810398941812133558e+02,9.999999995853579016e-01,1.361721126989908411e-10,3.365832203542235926e-11,1.204052501930934954e-06,1.313503790085281899e-09,-4.313661961512099411e-10,-1.298683839315921479e-10,-2.511845588693383307e-06
1.810460203456817396e+02,9.999999995933270824e-01,1.335549690602984029e-10,3.287202769087410033e-11,1.188762435535557919e-06,1.288258983756752278e-09,-4.230755801600839107e-10,-1.268438073830053859e-10,-2.479947891001873579e-06
1.810521465101501519e+02,9.999999996011430525e-01,1.309881259877961865e-10,3.210404601367405851e-11,1.173666537194370700e-06,1.263499374726590790e-09,-4.149443073292011872e-10,-1.238896942506937729e-10,-2.448455263179013602e-06
1.810582726746185358e+02,9.999999996088088094e-01,1.284706159929690587e-10,3.135394996964248374e-11,1.158762339936693392e-06,1.239215631861453088e-09,-4.069693128194002114e-10,-1.210044071370316321e-10,-2.417362558662566804e-06
1.810643988390869481e+02,9.999999996163272398e-01,1.260014909309126788e-10,3.062132284040007730e-11,1.144047409369100220e-06,1.215398608936517019e-09,-3.991475930689777247e-10,-1.181863482023090615e-10,-2.386664698852453542e-06
1.810705250035553320e+02,9.999999996237012301e-01,1.235798215563881706e-10,2.990575793744552969e-11,1.129519343181129226e-06,1.192039337921301642e-09,-3.914762043873352651e-10,-1.154339580747012653e-10,-2.356356672079578702e-06
1.810766511680237443e+02,9.999999996309334449e-01,1.212046946454580931e-10,2.920685704595950233e-11,1.115175766408336906e-06,1.169129016084372707e-09,-3.839522538367826071e-10,-1.127457098829224235e-10,-2.326433523723700744e-06
1.810827773324921282e+02,9.999999996380266598e-01,1.188752168122526764e-10,2.852423239744917461e-11,1.101014338189143354e-06,1.146659024916418722e-09,-3.765729113234357412e-10,-1.101201168273754710e-10,-2.296890370309463052e-06
1.810889034969605405e+02,9.999999996449835393e-01,1.165905100359309989e-10,2.785750427862640750e-11,1.087032744265066376e-06,1.124620892128971843e-09,-3.693353954273456982e-10,-1.075557230118262604e-10,-2.267722383860504472e-06
1.810950296614289527e+02,9.999999996518067480e-01,1.143497138504737023e-10,2.720630214847564036e-11,1.073228700938260598e-06,1.103006320991506705e-09,-3.622369803394076334e-10,-1.050511077305708035e-10,-2.238924800155624128e-06
1.811011558258973366e+02,9.999999996584988393e-01,1.121519849417916724e-10,2.657026438389858287e-11,1.059599954607821344e-06,1.081807175170197104e-09,-3.552749945850606391e-10,-1.026048844987408101e-10,-2.210492917761439722e-06
1.811072819903657489e+02,9.999999996650623668e-01,1.099964945355368396e-10,2.594903689596933759e-11,1.046144277326073194e-06,1.061015461845726319e-09,-3.484468127492935098e-10,-1.002156957438105071e-10,-2.182422088761974462e-06
1.811134081548341328e+02,9.999999996714996620e-01,1.078824318609154881e-10,2.534227488373852219e-11,1.032859473137143468e-06,1.040623358214041522e-09,-3.417498664494408272e-10,-9.788221954088776450e-11,-2.154707731982117845e-06
1.811195343193025451e+02,9.999999996778130562e-01,1.058090000912910375e-10,2.474964070815313918e-11,1.019743371041455113e-06,1.020623177503085256e-09,-3.351816314756666351e-10,-9.560316145663737394e-11,-2.127345318310249333e-06
1.811256604837709290e+02,9.999999996840054362e-01,1.037754183314771537e-10,2.417080488515462344e-11,1.006793828708281850e-06,1.001007391753373705e-09,-3.287396340863852396e-10,-9.337725836319220655e-11,-2.100330378443325089e-06
1.811317866482393413e+02,9.999999996900785781e-01,1.017809212521034847e-10,2.360544585940432562e-11,9.940087320407558881e-07,9.817686134288452296e-10,-3.224214498499867698e-10,-9.120327757557252704e-11,-2.073658501979415161e-06
1.811379128127077252e+02,9.999999996960351467e-01,9.982475671898733012e-11,2.305324877394962223e-11,9.813859910072338113e-07,9.628995837585970802e-10,-3.162246961350704170e-10,-8.908001212931033863e-11,-2.047325328721152254e-06
1.811440389771761375e+02,9.999999997018770292e-01,9.790618893663300674e-11,2.251390702934588823e-11,9.689235455874964590e-07,9.443932140441260427e-10,-3.101470420685355277e-10,-8.700628677227889707e-11,-2.021326561080626235e-06
1.811501651416445213e+02,9.999999997076068903e-01,9.602449476422472776e-11,2.198712039335564744e-11,9.566193591727573491e-07,9.262425331627433720e-10,-3.041861968652443235e-10,-8.498095070908439122e-11,-1.995657950310570499e-06
1.811562913061129336e+02,9.999999997132263951e-01,9.417896551914643172e-11,2.147259588376061297e-11,9.444714220483994720e-07,9.084406943651314479e-10,-2.983399155412765520e-10,-8.300288099405642296e-11,-1.970315303770009845e-06
1.811624174705813175e+02,9.999999997187379863e-01,9.236890664515911988e-11,2.097004756706473250e-11,9.324777509859130385e-07,8.909810024129960341e-10,-2.926059978627662530e-10,-8.107098176401190699e-11,-1.945294484072969067e-06
1.811685436350497298e+02,9.999999997241436622e-01,9.059363556099512456e-11,2.047919546463367728e-11,9.206363853323083691e-07,8.738568680268378191e-10,-2.869822815305978399e-10,-7.918418003725551762e-11,-1.920591400930259034e-06
1.811746697995181421e+02,9.999999997294454213e-01,8.885248451316433877e-11,1.999976693862151510e-11,9.089453925882307221e-07,8.570618558071773458e-10,-2.814666512176271065e-10,-7.734143104419104514e-11,-1.896202022786479067e-06
1.811807959639865260e+02,9.999999997346453728e-01,8.714479723262347265e-11,1.953149501141893076e-11,8.974028622165254255e-07,8.405896351616782587e-10,-2.760570279775539286e-10,-7.554171177268613858e-11,-1.872122363903521316e-06
1.811869221284549383e+02,9.999999997397452933e-01,8.546993057151645753e-11,1.907411915034943840e-11,8.860069089093844564e-07,8.244339981178419700e-10,-2.707513744298462151e-10,-7.378402398672661960e-11,-1.848348491176459180e-06
1.811930482929233222e+02,9.999999997447471811e-01,8.382725420203715953e-11,1.862738508858759331e-11,8.747556722055439823e-07,8.085888686605101706e-10,-2.655476938057827001e-10,-7.206739354405080634e-11,-1.824876523334952991e-06
1.811991744573917344e+02,9.999999997496530346e-01,8.221614866397330323e-11,1.819104385270576009e-11,8.636473128217725962e-07,7.930482694531088277e-10,-2.604440237633918915e-10,-7.039086665889981374e-11,-1.801702623290044971e-06
1.812053006218601183e+02,9.999999997544644081e-01,8.063600795370159110e-11,1.776485299451439858e-11,8.526800178856860698e-07,7.778063534457356129e-10,-2.554384445889597876e-10,-6.875351464461883448e-11,-1.778823009050805406e-06
1.812114267863285306e+02,9.999999997591835221e-01,7.908623649002872916e-11,1.734857509710621038e-11,8.418519951275756242e-07,7.628573762918128026e-10,-2.505290695853118240e-10,-6.715442817143276099e-11,-1.756233941607389750e-06
1.812175529507969145e+02,9.999999997638119309e-01,7.756625059957777331e-11,1.694197847225959344e-11,8.311614759453256048e-07,7.481957082191633541e-10,-2.457140497772699578e-10,-6.559271995223530495e-11,-1.733931731325042165e-06
1.812236791152653268e+02,9.999999997683512998e-01,7.607547824349378129e-11,1.654483700111209495e-11,8.206067150452744760e-07,7.338158356240651839e-10,-2.409915730458989174e-10,-6.406752413576708973e-11,-1.711912737194865445e-06
1.812298052797337107e+02,9.999999997728035162e-01,7.461335724554442301e-11,1.615692926971515062e-11,8.101859870008271065e-07,7.197123303045389788e-10,-2.363598585154198140e-10,-6.257799298182751738e-11,-1.690173359654437092e-06
1.812359314442021230e+02,9.999999997771700233e-01,7.317933764169726197e-11,1.577803966377969192e-11,7.998975911613262184e-07,7.058798882607909020e-10,-2.318171639962803481e-10,-6.112330108103180556e-11,-1.668710050828652373e-06
1.812420576086705069e+02,9.999999997814527086e-01,7.177287892654318460e-11,1.540795704072436176e-11,7.897398462034275091e-07,6.923132955411368591e-10,-2.273617772622777390e-10,-5.970264024616802956e-11,-1.647519303162856627e-06
1.812481837731389192e+02,9.999999997856530154e-01,7.039345140132258174e-11,1.504647534940847061e-11,7.797110930062890405e-07,6.790074469390122797e-10,-2.229920203208811957e-10,-5.831522190203380112e-11,-1.626597655421044074e-06
1.812543099376073314e+02,9.999999997897726089e-01,6.904053592590388853e-11,1.469339348837327599e-11,7.698096943146643069e-07,6.659573341275044299e-10,-2.187062486275380052e-10,-5.696027654586931461e-11,-1.605941691983005756e-06
1.812604361020757153e+02,9.999999997938130436e-01,6.771362231073923916e-11,1.434851453748566814e-11,7.600340315105455304e-07,6.531580342464478513e-10,-2.145028459916554899e-10,-5.563705078936788404e-11,-1.585548036109366647e-06
1.812665622665441276e+02,9.999999997977757626e-01,6.641221144916655276e-11,1.401164673069771710e-11,7.503825092181632045e-07,6.406047304964326708e-10,-2.103802313313766304e-10,-5.434481111360681571e-11,-1.565413359548494433e-06
1.812726884310125115e+02,9.999999998016624314e-01,6.513581281846777058e-11,1.368260227578625494e-11,7.408535501926448656e-07,6.282926969632364831e-10,-2.063368507573471422e-10,-5.308283932381407749e-11,-1.545534371873270769e-06
1.812788145954809238e+02,9.999999998054743822e-01,6.388394570323747160e-11,1.336119790497046333e-11,7.314455980172229540e-07,6.162172921817270115e-10,-2.023711814481421039e-10,-5.185043467611836788e-11,-1.525907826107981757e-06
1.812849407599493077e+02,9.999999998092129472e-01,6.265613897029715333e-11,1.304725474877240387e-11,7.221571167871832104e-07,6.043739718022090647e-10,-1.984817309372290826e-10,-5.064691339785752089e-11,-1.506530518068978397e-06
1.812910669244177200e+02,9.999999998128797918e-01,6.145192960935345547e-11,1.274059765315181856e-11,7.129865880813524769e-07,5.927582731753010867e-10,-1.946670324900168099e-10,-4.947160605574540227e-11,-1.487399280046621196e-06
1.812971930888861039e+02,9.999999998164761372e-01,6.027086466811735788e-11,1.244105604371001688e-11,7.039325152820349146e-07,5.813658241248167960e-10,-1.909256512339865026e-10,-4.832386089762900648e-11,-1.468510989817498338e-06
1.813033192533545161e+02,9.999999998200033158e-01,5.911249898445031455e-11,1.214846287683753827e-11,6.949934187800781320e-07,5.701923295872065903e-10,-1.872561769745090511e-10,-4.720303980819845146e-11,-1.449862560641275736e-06
1.813094454178229000e+02,9.999999998234627707e-01,5.797639629660261444e-11,1.186265512882054719e-11,6.861678385051157119e-07,5.592335819915320007e-10,-1.836572277118933204e-10,-4.610852020191387786e-11,-1.431450946539270422e-06
1.813155715822913123e+02,9.999999998268556123e-01,5.686212903894250567e-11,1.158347368358597140e-11,6.774543336290798452e-07,5.484854558232486653e-10,-1.801274489942873324e-10,-4.503969459662514040e-11,-1.413273141675923147e-06
1.813216977467596962e+02,9.999999998301832838e-01,5.576927701756596338e-11,1.131076272590433067e-11,6.688514797251630400e-07,5.379439052122295533e-10,-1.766655097222321834e-10,-4.399596827171408621e-11,-1.395326174431848610e-06
1.813278239112281085e+02,9.999999998334471174e-01,5.469742916646723358e-11,1.104437050897481514e-11,6.603578728203374616e-07,5.276049554396624866e-10,-1.732701077119128167e-10,-4.297676224267182603e-11,-1.377607115858171459e-06
1.813339500756965208e+02,9.999999998366482235e-01,5.364618148940295644e-11,1.078414842250411836e-11,6.519721248972416288e-07,5.174647127533047713e-10,-1.699399631753286547e-10,-4.198150966213999096e-11,-1.360113070292598731e-06
1.813400762401649047e+02,9.999999998397877121e-01,5.261513806746240109e-11,1.052995142705929521e-11,6.436928662677935253e-07,5.075193620761103898e-10,-1.666738219121052105e-10,-4.100965750507481943e-11,-1.342841180311234386e-06
1.813462024046333170e+02,9.999999998428668047e-01,5.160391087368613798e-11,1.028163795415281768e-11,6.355187452950556845e-07,4.977651573012637735e-10,-1.634704547222353252e-10,-4.006066618984021089e-11,-1.325788626148340993e-06
1.813523285691017009e+02,9.999999998458867223e-01,5.061211857114794208e-11,1.003906936713646243e-11,6.274484257280667739e-07,4.881984185695509030e-10,-1.603286535986049101e-10,-3.913400749411355148e-11,-1.308952620136281625e-06
1.813584547335701131e+02,9.999999998488486863e-01,4.963938810672485065e-11,9.802110642774181222e-12,6.194805905034970917e-07,4.788155477982012724e-10,-1.572472367757851997e-10,-3.822916720324555700e-11,-1.292330414636511906e-06
1.813645808980384970e+02,9.999999998517536959e-01,4.868535284328585855e-11,9.570629543383620303e-12,6.116139375259820986e-07,4.696130083385084393e-10,-1.542250428131212443e-10,-3.734564190711765035e-11,-1.275919293236541292e-06
1.813707070625069093e+02,9.999999998546030833e-01,4.774965347408783727e-11,9.344497002438956477e-12,6.038471818948012533e-07,4.605873385653880920e-10,-1.512609334913826543e-10,-3.648294050075575947e-11,-1.259716575395215697e-06
1.813768332269752932e+02,9.999999998573974036e-01,4.683193785453734460e-11,9.123587035620330415e-12,5.961790556429616887e-07,4.517351371210460044e-10,-1.483537932798112088e-10,-3.564058384770622673e-11,-1.243719615898398668e-06
1.813829593914437055e+02,9.999999998601382112e-01,4.593185991141888674e-11,8.907776261953025305e-12,5.886083052370094737e-07,4.430530691441338617e-10,-1.455025258807410665e-10,-3.481810292502325003e-11,-1.227925799643095808e-06
1.813890855559120894e+02,9.999999998628261721e-01,4.504908108928245826e-11,8.696944508790031619e-12,5.811336951433538409e-07,4.345378698031881973e-10,-1.427060588115066288e-10,-3.401504118190129740e-11,-1.212332549077494660e-06
1.813952117203805017e+02,9.999999998654626188e-01,4.418326865535660944e-11,8.490974076579826564e-12,5.737540038698079970e-07,4.261863263193928030e-10,-1.399633380346944381e-10,-3.323095168825536135e-11,-1.196937315942859979e-06
1.814013378848488856e+02,9.999999998680482172e-01,4.333409652938631192e-11,8.289750081051010293e-12,5.664680260544317688e-07,4.179952938561572093e-10,-1.372733305869277140e-10,-3.246539847146614155e-11,-1.181737585631259265e-06
1.814074640493172978e+02,9.999999998705842996e-01,4.250124513095249113e-11,8.093160374000802205e-12,5.592745722207650222e-07,4.099616934827697606e-10,-1.346350240951983393e-10,-3.171795621742507428e-11,-1.166730876674936149e-06
