x,m,c,b,f,V,T
-12,1,2.22134889129e-43,4.64056240401e-45,1.34829216825e-36,0,8.34687412659e-22
-11.988,1,1.93123875116e-19,9.86676352168e-22,4.90346827655e-13,0,8.35208692855e-22
-11.976,1,3.86525882057e-19,1.97553274878e-21,9.80999839823e-13,0,8.3677383655e-22
-11.964,1,5.80484553028e-19,2.96875328787e-21,1.47226541212e-12,0,8.39386753187e-22
-11.952,1,7.75279221875e-19,3.96853087552e-21,1.96445030264e-12,0,8.43053970057e-22
-11.94,1,9.71190427785e-19,4.9770720839e-21,2.45786184416e-12,0,8.47784648618e-22
-11.928,1,1.16850031403e-18,5.99660195901e-21,2.95280813355e-12,0,8.53590605598e-22
-11.916,1,1.3674930438e-18,7.02936903925e-21,3.44959822866e-12,0,8.60486345705e-22
-11.904,1,1.56845519961e-18,8.07765019794e-21,3.94854233664e-12,0,8.68489094665e-22
-11.892,1,1.77167620152e-18,9.14375572604e-21,4.44995201024e-12,0,8.7761884404e-22
-11.88,1,1.97744872544e-18,1.02300344397e-20,4.95414034305e-12,0,8.87898401189e-22
-11.868,1,2.18606911376e-18,1.1338878723e-20,5.46142215987e-12,0,8.99353444381e-22
-11.856,1,2.39783782165e-18,1.2472730028e-20,5.97211422252e-12,0,9.12012590275e-22
-11.844,1,2.61305982987e-18,1.36340840095e-20,6.48653541823e-12,0,9.25907462068e-22
-11.832,1,2.83204509512e-18,1.48254961481e-20,7.00500696402e-12,0,9.41072770357e-22
-11.82,1,3.05510899803e-18,1.60495873899e-20,7.52785260799e-12,0,9.57546399883e-22
-11.808,1,3.28257278045e-18,1.73090497035e-20,8.05539882361e-12,0,9.75369502177e-22
-11.796,1,3.51476403842e-18,1.86066523644e-20,8.58797502769e-12,0,9.94586601939e-22
-11.784,1,3.75201716322e-18,1.99452476662e-20,9.12591377179e-12,0,1.01524570467e-21
-11.772,1,3.99467384016e-18,2.13277773943e-20,9.66955095786e-12,0,1.0373984186e-21
-11.76,1,4.24308354238e-18,2.27572793094e-20,1.02192260487e-11,0,1.06110008368e-21
-11.748,1,4.49760401065e-18,2.42368935239e-20,1.07752822693e-11,0,1.08640990758e-21
-11.736,1,4.75860181073e-18,2.57698699192e-20,1.13380668403e-11,0,1.1133911176e-21
-11.724,1,5.0264528187e-18,2.73595747465e-20,1.19079311753e-11,0,1.14211111462e-21
-11.712,1,5.30154278609e-18,2.90094983091e-20,1.24852311115e-11,0,1.17264164367e-21
-11.7,1,5.58426789735e-18,3.07232626455e-20,1.30703271322e-11,0,1.20505897329e-21
-11.688,1,5.87503530952e-18,3.25046290783e-20,1.36635845785e-11,0,1.23944408348e-21
-11.676,1,6.17426379413e-18,3.43575071708e-20,1.4265373902e-11,0,1.27588287257e-21
-11.664,1,6.48238428419e-18,3.62859625823e-20,1.48760708711e-11,0,1.3144663672e-21
-11.652,1,6.79984052622e-18,3.82942263809e-20,1.54960568198e-11,0,1.35529095229e-21
-11.64,1,7.12708972149e-18,4.03867043494e-20,1.61257188864e-11,0,1.39845861191e-21
-11.628,1,7.46460314499e-18,4.25679861218e-20,1.67654502385e-11,0,1.44407718113e-21
-11.616,1,7.81286689503e-18,4.48428561716e-20,1.74156503487e-11,0,1.49226062064e-21
-11.604,1,8.17238252179e-18,4.72163033544e-20,1.80767252136e-11,0,1.54312929614e-21
-11.592,1,8.5436677896e-18,4.96935323618e-20,1.87490876243e-11,0,1.596810282e-21
-11.58,1,8.92725742525e-18,5.22799751631e-20,1.94331574251e-11,0,1.65343767883e-21
-11.568,1,9.32370383852e-18,5.49813022309e-20,2.01293617554e-11,0,1.71315294503e-21
-11.556,1,9.73357800663e-18,5.7803436165e-20,2.08381353525e-11,0,1.77610525631e-21
-11.544,1,1.01574702069e-17,6.07525634461e-20,2.15599207871e-11,0,1.84245187221e-21
-11.532,1,1.05959909171e-17,6.38351486616e-20,2.22951687593e-11,0,1.91235853231e-21
-11.52,1,1.10497716974e-17,6.70579487102e-20,2.30443383816e-11,0,1.98599987055e-21
-11.508,1,1.1519466039e-17,7.04280267332e-20,2.38078974413e-11,0,2.06355984726e-21
-11.496,1,1.20057504147e-17,7.39527691235e-20,2.45863227358e-11,0,2.14523221618e-21
-11.484,1,1.25093251431e-17,7.76399001348e-20,2.53801003268e-11,0,2.23122100099e-21
-11.472,1,1.30309154583e-17,8.14974996605e-20,2.61897258683e-11,0,2.32174100914e-21
-11.46,1,1.35712725586e-17,8.55340209812e-20,2.70157049168e-11,0,2.4170183687e-21
-11.448,1,1.41311746125e-17,8.97583081677e-20,2.78585532193e-11,0,2.51729108821e-21
-11.436,1,1.47114280152e-17,9.41796174065e-20,2.87187970853e-11,0,2.62280966029e-21
-11.424,1,1.53128684133e-17,9.88076352682e-20,2.95969736651e-11,0,2.7338376783e-21
-11.412,1,1.59363619842e-17,1.03652501015e-19,3.04936313133e-11,0,2.85065249985e-21
-11.4,1,1.65828066886e-17,1.08724828866e-19,3.14093299327e-11,0,2.97354594003e-21
-11.388,1,1.72531334709e-17,1.14035729822e-19,3.23446412909e-11,0,3.10282499417e-21
-11.376,1,1.79483077657e-17,1.19596838488e-19,3.33001494359e-11,0,3.23881261584e-21
-11.364,1,1.86693307212e-17,1.25420335991e-19,3.42764510023e-11,0,3.38184851244e-21
-11.352,1,1.94172407346e-17,1.3151897805e-19,3.52741556164e-11,0,3.53229000005e-21
-11.34,1,2.01931149523e-17,1.37906122973e-19,3.62938862782e-11,0,3.69051289647e-21
-11.328,1,2.09980707094e-17,1.44595759112e-19,3.73362797129e-11,0,3.85691245229e-21
-11.316,1,2.18332673398e-17,1.51602538635e-19,3.84019868359e-11,0,4.03190435214e-21
-11.304,1,2.26999076431e-17,1.58941806374e-19,3.94916730913e-11,0,4.21592573912e-21
-11.292,1,2.35992397307e-17,1.66629635177e-19,4.06060189055e-11,0,4.40943631463e-21
-11.28,1,2.45325588285e-17,1.74682861185e-19,4.17457201137e-11,0,4.61291948724e-21
-11.268,1,2.55012090072e-17,1.83119118414e-19,4.29114883505e-11,0,4.82688357069e-21
-11.256,1,2.65065853614e-17,1.91956881342e-19,4.41040515726e-11,0,5.05186307094e-21
-11.244,1,2.7550135773e-17,2.0121550125e-19,4.53241544347e-11,0,5.28842000399e-21
-11.232,1,2.86333631343e-17,2.10915250813e-19,4.65725587985e-11,0,5.5371453096e-21
-11.22,1,2.97578275193e-17,2.21077368581e-19,4.78500442101e-11,0,5.79866032814e-21
-11.208,1,3.09251482658e-17,2.31724102588e-19,4.91574083365e-11,0,6.07361834068e-21
-11.196,1,3.21370066035e-17,2.42878764084e-19,5.04954675538e-11,0,6.36270622262e-21
-11.184,1,3.3395147777e-17,2.54565773374e-19,5.18650573664e-11,0,6.66664613766e-21
-11.172,1,3.4701383726e-17,2.66810716076e-19,5.32670329792e-11,0,6.98619735412e-21
-11.16,1,3.60575957039e-17,2.79640399258e-19,5.47022698336e-11,0,7.32215814241e-21
-11.148,1,3.74657367871e-17,2.93082906458e-19,5.61716640968e-11,0,7.67536775398e-21
-11.136,1,3.89278350462e-17,3.07167665509e-19,5.76761333241e-11,0,8.04670854521e-21
-11.124,1,4.04459961062e-17,3.21925506386e-19,5.92166169287e-11,0,8.43710815396e-21
-11.112,1,4.20224063799e-17,3.37388732223e-19,6.07940768256e-11,0,8.84754183234e-21
-11.1,1,4.36593362287e-17,3.53591190168e-19,6.24094980349e-11,0,9.27903488407e-21
-11.088,1,4.53591429893e-17,3.70568340844e-19,6.40638892311e-11,0,9.7326652064e-21
-11.076,1,4.71242748034e-17,3.88357343978e-19,6.57582834903e-11,0,1.02095660175e-20
-11.064,1,4.89572737061e-17,4.06997131427e-19,6.74937388173e-11,0,1.07109286524e-20
-11.052,1,5.08607795312e-17,4.26528496841e-19,6.92713388725e-11,0,1.12380055585e-20
-11.04,1,5.2837533726e-17,4.46994185132e-19,7.10921936503e-11,0,1.17921134256e-20
-11.028,1,5.48903830068e-17,4.68438980168e-19,7.29574400984e-11,0,1.23746364509e-20
-11.016,1,5.70222839843e-17,4.90909812906e-19,7.48682429605e-11,0,1.29870298404e-20
-11.004,1,5.92363068919e-17,5.14455853592e-19,7.68257953704e-11,0,1.36308234001e-20
-10.992,1,6.15356403033e-17,5.39128624994e-19,7.88313196709e-11,0,1.43076253822e-20
-10.98,1,6.39235957408e-17,5.64982115374e-19,8.08860681804e-11,0,1.50191265045e-20
-10.968,1,6.640361209e-17,5.92072889227e-19,8.29913238904e-11,0,1.57671041427e-20
-10.956,1,6.89792611877e-17,6.2046022384e-19,8.51484014174e-11,0,1.65534268264e-20
-10.944,1,7.16542523262e-17,6.50206225719e-19,8.73586476725e-11,0,1.73800588505e-20
-10.932,1,7.44324379528e-17,6.81375973587e-19,8.96234427868e-11,0,1.82490652134e-20
-10.92,1,7.73178192377e-17,7.14037661057e-19,9.19442009765e-11,0,1.91626167785e-20
-10.908,1,8.03145514069e-17,7.48262736474e-19,9.43223713298e-11,0,2.01229956563e-20
-10.896,1,8.34269504964e-17,7.84126075385e-19,9.6759438884e-11,0,2.11326009781e-20
-10.884,1,8.66594987927e-17,8.21706127564e-19,9.92569253798e-11,0,2.21939548159e-20
-10.872,1,9.00168517214e-17,8.61085097613e-19,1.01816390308e-10,0,2.33097085237e-20
-10.86,1,9.3503844575e-17,9.02349125143e-19,1.04439431887e-10,0,2.44826493637e-20
-10.848,1,9.7125498958e-17,9.45588461382e-19,1.07127687952e-10,0,2.57157074181e-20
-10.836,1,1.00887030949e-16,9.90897686997e-19,1.09882837171e-10,0,2.70119629999e-20
-10.824,1,1.04793857676e-16,1.03837589777e-18,1.127065999e-10,0,2.83746542559e-20
-10.812,1,1.08851605642e-16,1.08812693269e-18,1.15600739364e-10,0,2.98071853072e-20
-10.8,1,1.13066118854e-16,1.14025960149e-18,1.18567062765e-10,0,3.13131347566e-20
-10.788,1,1.17443466617e-16,1.19488790775e-18,1.21607422283e-10,0,3.28962645636e-20
-10.776,1,1.21989953394e-16,1.25213132389e-18,1.24723716456e-10,0,3.45605295583e-20
-10.764,1,1.26712126758e-16,1.31211502579e-18,1.27917891144e-10,0,3.63100872037e-20
-10.752,1,1.3161678745e-16,1.37497018073e-18,1.31191940868e-10,0,3.81493080465e-20
-10.74,1,1.3671099921e-16,1.44083423488e-18,1.34547910056e-10,0,4.00827866407e-20
-10.728,1,1.42002098193e-16,1.50985119493e-18,1.37987894185e-10,0,4.21153529411e-20
-10.716,1,1.47497704891e-16,1.58217197552e-18,1.41514041338e-10,0,4.42520845192e-20
-10.704,1,1.53205733739e-16,1.65795469542e-18,1.45128553292e-10,0,4.64983190959e-20
-10.692,1,1.59134405282e-16,1.7373650413e-18,1.48833687037e-10,0,4.88596679601e-20
-10.68,1,1.65292258049e-16,1.82057663069e-18,1.52631756185e-10,0,5.13420299927e-20
-10.668,1,1.7168815994e-16,1.90777136774e-18,1.56525132261e-10,0,5.3951606295e-20
-10.656,1,1.78331322637e-16,1.99913988196e-18,1.60516246467e-10,0,5.6694915872e-20
-10.644,1,1.85231313216e-16,2.09488190226e-18,1.64607590912e-10,0,5.95788117235e-20
-10.632,1,1.92398068849e-16,2.19520671637e-18,1.68801720331e-10,0,6.26104980718e-20
-10.62,1,1.9984191117e-16,2.30033362922e-18,1.73101253684e-10,0,6.57975483662e-20
-10.608,1,2.07573560024e-16,2.41049241222e-18,1.77508875609e-10,0,6.91479240652e-20
-10.596,1,2.156041509e-16,2.52592385734e-18,1.82027338428e-10,0,7.26699947711e-20
-10.584,1,2.23945248963e-16,2.64688024949e-18,1.86659463534e-10,0,7.63725588893e-20
-10.572,1,2.3260886683e-16,2.77362594669e-18,1.91408143338e-10,0,8.02648657464e-20
-10.56,1,2.41607481927e-16,2.90643795898e-18,1.96276343081e-10,0,8.43566387061e-20
-10.548,1,2.50954053123e-16,3.04560651573e-18,2.01267102478e-10,0,8.86580992829e-20
-10.536,1,2.60662041794e-16,3.19143576547e-18,2.06383537987e-10,0,9.31799929923e-20
-10.524,1,2.70745428793e-16,3.34424437233e-18,2.11628844386e-10,0,9.7933615875e-20
-10.512,1,2.81218735929e-16,3.5043662488e-18,2.1700629697e-10,0,1.02930842894e-19
-10.5,1,2.92097046962e-16,3.67215128671e-18,2.22519253607e-10,0,1.08184157611e-19
-10.488,1,3.03396027705e-16,3.84796607374e-18,2.28171156602e-10,0,1.13706683148e-19
-10.476,1,3.15131951486e-16,4.03219477711e-18,2.3396553526e-10,0,1.19512215372e-19
-10.464,1,3.27321719664e-16,4.22523989682e-18,2.39906007675e-10,0,1.25615256954e-19
-10.452,1,3.39982887601e-16,4.42752319097e-18,2.45996283222e-10,0,1.32031053821e-19
-10.44,1,3.53133690037e-16,4.6394865989e-18,2.52240164881e-10,0,1.38775633261e-19
-10.428,1,3.66793065387e-16,4.8615931459e-18,2.58641551347e-10,0,1.45865843673e-19
-10.416,1,3.80980686535e-16,5.09432805924e-18,2.65204439938e-10,0,1.5331939717e-19
-10.404,1,3.95716985622e-16,5.33819971928e-18,2.71932928616e-10,0,1.61154913308e-19
-10.392,1,4.11023185454e-16,5.59374082797e-18,2.78831218813e-10,0,1.69391965886e-19
-10.38,1,4.26921330171e-16,5.86150957459e-18,2.8590361806e-10,0,1.78051131868e-19
-10.368,1,4.43434314626e-16,6.14209077814e-18,2.93154542381e-10,0,1.87154042412e-19
-10.356,1,4.60585921603e-16,6.43609729667e-18,3.00588519584e-10,0,1.96723437577e-19
-10.344,1,4.78400851798e-16,6.7441712283e-18,3.08210191554e-10,0,2.06783222454e-19
-10.332,1,4.96904761773e-16,7.06698538669e-18,3.16024317445e-10,0,2.17358527259e-19
-10.32,1,5.16124301041e-16,7.40524477308e-18,3.24035776669e-10,0,2.28475770138e-19
-10.308,1,5.36087147583e-16,7.75968801889e-18,3.32249571601e-10,0,2.40162722686e-19
-10.296,1,5.56822052839e-16,8.13108916526e-18,3.4067083131e-10,0,2.5244858018e-19
-10.284,1,5.7835887795e-16,8.52025917956e-18,3.49304814154e-10,0,2.65364033642e-19
-10.272,1,6.00728639647e-16,8.9280478186e-18,3.58156911398e-10,0,2.78941346997e-19
-10.26,1,6.23963555083e-16,9.35534548729e-18,3.67232650599e-10,0,2.93214437702e-19
-10.248,1,6.48097084762e-16,9.80308506023e-18,3.76537698673e-10,0,3.08218960867e-19
-10.236,1,6.73163986944e-16,1.02722441287e-17,3.86077866117e-10,0,3.23992399417e-19
-10.224,1,6.99200361444e-16,1.07638469156e-17,3.95859109948e-10,0,3.40574156624e-19
-10.212,1,7.2624370512e-16,1.1278966628e-17,4.05887537812e-10,0,3.58005655158e-19
-10.2,1,7.54332966062e-16,1.18187278041e-17,4.16169411807e-10,0,3.76330440608e-19
-10.188,1,7.83508595497e-16,1.2384308613e-17,4.26711151962e-10,0,3.95594289479e-19
-10.176,1,8.13812613558e-16,1.29769436924e-17,4.3751934102e-10,0,4.15845324955e-19
-10.164,1,8.45288662233e-16,1.35979265659e-17,4.48600727771e-10,0,4.37134135692e-19
-10.152,1,8.77982072447e-16,1.42486126139e-17,4.599622317e-10,0,4.59513902987e-19
-10.14,1,9.1193992957e-16,1.49304220365e-17,4.71610947326e-10,0,4.8304053369e-19
-10.128,1,9.47211136172e-16,1.56448427579e-17,4.83554148134e-10,0,5.07772798854e-19
-10.116,1,9.83846491524e-16,1.63934340083e-17,4.95799292007e-10,0,5.3377248236e-19
-10.104,1,1.02189875562e-15,1.7177829377e-17,5.08354024988e-10,0,5.61104533431e-19
-10.092,1,1.06142273027e-15,1.7999740563e-17,5.21226186556e-10,0,5.89837229905e-19
-10.08,1,1.10247533828e-15,1.88609611158e-17,5.34423814536e-10,0,6.20042348868e-19
-10.068,1,1.14511569935e-15,1.97633701026e-17,5.47955149559e-10,0,6.51795344673e-19
-10.056,1,1.18940522615e-15,2.07089366312e-17,5.61828641209e-10,0,6.85175539746e-19
-10.044,1,1.23540770175e-15,2.16997237039e-17,5.76052952296e-10,0,7.20266320401e-19
-10.032,1,1.28318937763e-15,2.27378929529e-17,5.90636964823e-10,0,7.57155346456e-19
-10.02,1,1.33281906942e-15,2.38257093643e-17,6.05589785554e-10,0,7.95934770307e-19
-10.008,1,1.38436824865e-15,2.4965545907e-17,6.20920751066e-10,0,8.36701465476e-19
-9.996,1,1.43791115888e-15,2.61598892433e-17,6.36639434716e-10,0,8.7955727159e-19
-9.984,1,1.49352490934e-15,2.74113445948e-17,6.52755651477e-10,0,9.24609245772e-19
-9.972,1,1.5512895934e-15,2.8722641721e-17,6.69279464704e-10,0,9.71969931767e-19
-9.96,1,1.61128840431e-15,3.00966408828e-17,6.8622119244e-10,0,1.0217576412e-18
-9.948,1,1.67360774613e-15,3.1536338687e-17,7.03591413141e-10,0,1.07409674701e-18
-9.936,1,1.73833737414e-15,3.30448752959e-17,7.21400973568e-10,0,1.12911799796e-18
-9.924,1,1.80557050797e-15,3.46255405703e-17,7.39660994267e-10,0,1.18695884139e-18
-9.912,1,1.87540397491e-15,3.62817816171e-17,7.58382877237e-10,0,1.24776376876e-18
-9.9,1,1.94793834979e-15,3.80172103188e-17,7.77578313071e-10,0,1.31168467673e-18
-9.888,1,2.02327808908e-15,3.98356107111e-17,7.97259287447e-10,0,1.37888124387e-18
-9.876,1,2.10153170066e-15,4.1740948085e-17,8.17438090066e-10,0,1.4495213345e-18
-9.864,1,2.18281188057e-15,4.37373767422e-17,8.38127320862e-10,0,1.52378141304e-18
-9.852,1,2.26723568627e-15,4.58292495234e-17,8.59339898692e-10,0,1.60184698762e-18
-9.84,1,2.35492470574e-15,4.80211273133e-17,8.81089069426e-10,0,1.68391307367e-18
-9.828,1,2.44600521957e-15,5.03177883546e-17,9.033884133e-10,0,1.77018467763e-18
-9.816,1,2.54060840627e-15,5.27242397391e-17,9.26251855043e-10,0,1.8608773153e-18
-9.804,1,2.63887050754e-15,5.52457271968e-17,9.4969367092e-10,0,1.95621754392e-18
-9.792,1,2.74093303771e-15,5.78877471258e-17,9.73728498566e-10,0,2.05644353168e-18
-9.78,1,2.84694298824e-15,6.06560585901e-17,9.98371346162e-10,0,2.16180565287e-18
-9.768,1,2.95705302362e-15,6.35566950785e-17,1.02363760076e-09,0,2.27256710895e-18
-9.756,1,3.07142172958e-15,6.65959790092e-17,1.04954303977e-09,0,2.38900459404e-18
-9.744,1,3.19021381289e-15,6.97805340888e-17,1.07610383893e-09,0,2.51140897799e-18
-9.732,1,3.31360035461e-15,7.31173004965e-17,1.10333658342e-09,0,2.64008603759e-18
-9.72,1,3.44175905724e-15,7.6613550031e-17,1.13125827833e-09,0,2.77535722071e-18
-9.708,1,3.5748744816e-15,8.0276900953e-17,1.15988635804e-09,0,2.91756044358e-18
-9.696,1,3.71313834687e-15,8.41153362954e-17,1.18923869921e-09,0,3.06705094525e-18
-9.684,1,3.85674977218e-15,8.81372194638e-17,1.21933362989e-09,0,3.2242021646e-18
-9.672,1,4.00591558269e-15,9.23513134038e-17,1.25018994207e-09,0,3.389406679e-18
-9.66,1,4.16085060847e-15,9.67667997211e-17,1.2818269035e-09,0,3.5630771855e-18
-9.648,1,4.32177797081e-15,1.01393297416e-16,1.31426426838e-09,0,3.74564752432e-18
-9.636,1,4.48892944496e-15,1.06240885999e-16,1.34752229209e-09,0,3.93757377595e-18
-9.624,1,4.66254575222e-15,1.11320125177e-16,1.38162174141e-09,0,4.13933538705e-18
-9.612,1,4.84287692995e-15,1.16642079053e-16,1.41658390886e-09,0,4.35143637563e-18
-9.6,1,5.03018269287e-15,1.2221834026e-16,1.45243062605e-09,0,4.57440659072e-18
-9.588,1,5.22473277925e-15,1.28061053604e-16,1.48918427573e-09,0,4.80880302641e-18
-9.576,1,5.42680738938e-15,1.34182945246e-16,1.52686780858e-09,0,5.05521123042e-18
-9.564,1,5.63669753874e-15,1.40597347548e-16,1.56550475474e-09,0,5.31424674952e-18
-9.552,1,5.85470550522e-15,1.47318229621e-16,1.60511924005e-09,0,5.58655667694e-18
-9.54,1,6.08114526606e-15,1.54360227779e-16,1.64573600116e-09,0,5.8728212695e-18
-9.528,1,6.31634291622e-15,1.61738675395e-16,1.68738039929e-09,0,6.17375563478e-18
-9.516,1,6.56063719855e-15,1.69469639719e-16,1.7300784391e-09,0,6.49011153945e-18
-9.504,1,6.81437993071e-15,1.77569953249e-16,1.77385678187e-09,0,6.82267926507e-18
-9.492,1,7.07793654587e-15,1.86057252282e-16,1.81874276384e-09,0,7.17228959469e-18
-9.48,1,7.35168662087e-15,1.94950015356e-16,1.86476441339e-09,0,7.5398158891e-18
-9.468,1,7.63602438205e-15,2.04267600926e-16,1.91195046655e-09,0,7.9261762529e-18
-9.456,1,7.9313593462e-15,2.1403029384e-16,1.96033038844e-09,0,8.33233585616e-18
-9.444,1,8.23811683664e-15,2.24259344933e-16,2.00993438818e-09,0,8.75930931703e-18
-9.432,1,8.5567386369e-15,2.34977019678e-16,2.06079343972e-09,0,9.20816325228e-18
-9.42,1,8.88768362925e-15,2.46206646708e-16,2.11293930121e-09,0,9.68001894295e-18
-9.408,1,9.2314284062e-15,2.57972665366e-16,2.16640453266e-09,0,1.01760551152e-17
-9.396,1,9.58846804534e-15,2.70300684361e-16,2.22122252019e-09,0,1.06975109213e-17
-9.384,1,9.95931673328e-15,2.83217531743e-16,2.27742749296e-09,0,1.1245688998e-17
-9.372,1,1.03445085559e-14,2.96751316294e-16,2.3350545467e-09,0,1.1821958742e-17
-9.36,1,1.07445982703e-14,3.1093148878e-16,2.39413966576e-09,0,1.24277597313e-17
-9.348,1,1.1160162044e-14,3.25788901947e-16,2.45471974301e-09,0,1.30646052962e-17
-9.336,1,1.15917983917e-14,3.41355884562e-16,2.51683260744e-09,0,1.3734086346e-17
-9.324,1,1.20401289296e-14,3.57666304466e-16,2.58051704321e-09,0,1.44378752962e-17
-9.312,1,1.25057993309e-14,3.7475564607e-16,2.64581281642e-09,0,1.51777302726e-17
-9.3,1,1.29894802586e-14,3.92661087638e-16,2.71276070002e-09,0,1.59554995054e-17
-9.288,1,1.34918682596e-14,4.11421577015e-16,2.78140249643e-09,0,1.67731259127e-17
-9.276,1,1.40136868971e-14,4.31077925056e-16,2.85178106874e-09,0,1.76326520139e-17
-9.264,1,1.45556876623e-14,4.51672885207e-16,2.92394036233e-09,0,1.85362249718e-17
-9.252,1,1.51186511294e-14,4.73251251297e-16,2.99792543521e-09,0,1.94861019899e-17
-9.24,1,1.57033880841e-14,4.95859955066e-16,3.07378248624e-09,0,2.04846559541e-17
-9.228,1,1.63107406035e-14,5.19548161733e-16,3.15155888073e-09,0,2.1534381317e-17
-9.216,1,1.69415834258e-14,5.44367387896e-16,3.23130318582e-09,0,2.26379004064e-17
-9.204,1,1.7596825052e-14,5.7037160196e-16,3.31306519503e-09,0,2.37979698984e-17
-9.192,1,1.82774091428e-14,5.97617347534e-16,3.3968959625e-09,0,2.50174877472e-17
-9.18,1,1.89843158822e-14,6.26163866517e-16,3.48284783509e-09,0,2.62995004279e-17
-9.168,1,1.97185632836e-14,6.56073219679e-16,3.57097448136e-09,0,2.76472104912e-17
-9.156,1,2.0481208845e-14,6.87410435455e-16,3.66133093161e-09,0,2.90639846632e-17
-9.144,1,2.12733508819e-14,7.20243636653e-16,3.75397360572e-09,0,3.05533621553e-17
-9.132,1,2.20961302151e-14,7.54644196183e-16,3.848960352e-09,0,3.21190635618e-17
-9.12,1,2.29507318193e-14,7.90686892362e-16,3.94635048349e-09,0,3.37650001578e-17
-9.108,1,2.3838386403e-14,8.28450061073e-16,4.04620481081e-09,0,3.54952836001e-17
-9.096,1,2.47603724084e-14,8.68015783518e-16,4.14858568759e-09,0,3.73142363241e-17
-9.084,1,2.57180176233e-14,9.09470046101e-16,4.2535570419e-09,0,3.92264022147e-17
-9.072,1,2.67127012216e-14,9.52902936928e-16,4.3611844204e-09,0,4.1236558028e-17
-9.06,1,2.77458557563e-14,9.98408841774e-16,4.47153502937e-09,0,4.334972533e-17
-9.048,1,2.8818969069e-14,1.04608663607e-15,4.58467777199e-09,0,4.55711829498e-17
-9.036,1,2.99335867086e-14,1.09603992181e-15,4.70068329977e-09,0,4.79064803293e-17
-9.024,1,3.10913138792e-14,1.1483772293e-15,4.81962404822e-09,0,5.03614512222e-17
-9.012,1,3.22938179069e-14,1.20321226506e-15,4.94157428683e-09,0,5.29422283587e-17
-9,1,3.35428306499e-14,1.2606641591e-15,5.06661016556e-09,1.11022302463e-16,5.56552587725e-17
-8.988,1,3.48401508063e-14,1.3208577072e-15,5.19480975711e-09,1.11022302463e-16,5.85073197899e-17
-8.976,1,3.61876468383e-14,1.38392366974e-15,5.32625311518e-09,1.11022302463e-16,6.15055361682e-17
-8.964,1,3.75872593272e-14,1.44999902631e-15,5.46102231489e-09,1.11022302463e-16,6.46573976842e-17
-8.952,1,3.90410039557e-14,1.51922728846e-15,5.59920150939e-09,1.11022302463e-16,6.79707779612e-17
-8.94,1,4.0550974421e-14,1.59175881174e-15,5.74087698255e-09,1.11022302463e-16,7.14539541472e-17
-8.928,1,4.21193452255e-14,1.66775110127e-15,5.8861371969e-09,1.11022302463e-16,7.51156274426e-17
-8.916,1,4.37483752113e-14,1.74736918888e-15,6.03507285955e-09,1.11022302463e-16,7.89649451039e-17
-8.904,1,4.54404104078e-14,1.83078595426e-15,6.18777696807e-09,1.11022302463e-16,8.30115230246e-17
-8.892,1,4.71978876365e-14,1.91818251962e-15,6.3443448746e-09,1.11022302463e-16,8.72654699075e-17
-8.88,1,4.90233380335e-14,2.00974864325e-15,6.50487434558e-09,1.11022302463e-16,9.17374125274e-17
-8.868,1,5.09193904224e-14,2.10568310514e-15,6.66946561599e-09,1.11022302463e-16,9.64385220878e-17
-8.856,1,5.2888775588e-14,2.20619418278e-15,6.83822146416e-09,1.11022302463e-16,1.01380542469e-16
-8.844,1,5.49343297182e-14,2.31150005624e-15,7.01124726366e-09,1.11022302463e-16,1.06575819222e-16
-8.832,1,5.70589987628e-14,2.42182930613e-15,7.18865105598e-09,1.11022302463e-16,1.12037330597e-16
-8.82,1,5.92658426911e-14,2.53742141014e-15,7.37054361822e-09,1.11022302463e-16,1.17778719983e-16
-8.808,1,6.15580395698e-14,2.65852722941e-15,7.55703852451e-09,1.11022302463e-16,1.23814329745e-16
-8.796,1,6.393889073e-14,2.78540960889e-15,7.74825223082e-09,1.11022302463e-16,1.30159237489e-16
-8.784,1,6.64118249277e-14,2.91834388831e-15,7.94430413374e-09,1.11022302463e-16,1.36829293286e-16
-8.772,1,6.89804036135e-14,3.05761853037e-15,8.14531665281e-09,1.11022302463e-16,1.43841159513e-16
-8.76,1,7.16483260797e-14,3.20353574714e-15,8.35141530721e-09,1.11022302463e-16,1.51212352497e-16
-8.748,1,7.44194343903e-14,3.35641211366e-15,8.56272878546e-09,1.11022302463e-16,1.58961285958e-16
-8.736,1,7.72977196275e-14,3.5165793252e-15,8.77938904134e-09,2.22044604925e-16,1.6710731757e-16
-8.724,1,8.02873269213e-14,3.6843848419e-15,9.00153136065e-09,2.22044604925e-16,1.7567079675e-16
-8.712,1,8.33925618205e-14,3.86019268123e-15,9.2292944544e-09,2.22044604925e-16,1.84673115812e-16
-8.7,1,8.66178965148e-14,4.04438420809e-15,9.46282054578e-09,2.22044604925e-16,1.94136763427e-16
-8.688,1,8.99679757954e-14,4.23735890889e-15,9.70225544905e-09,2.22044604925e-16,2.04085380403e-16
-8.676,1,9.34476246061e-14,4.43953534678e-15,9.9477486783e-09,2.22044604925e-16,2.14543819461e-16
-8.664,1,9.70618541238e-14,4.6513519748e-15,1.01994535231e-08,2.22044604925e-16,2.25538206592e-16
-8.652,1,1.00815869461e-13,4.87326813546e-15,1.04575271539e-08,2.22044604925e-16,2.37096006726e-16
-8.64,1,1.04715077186e-13,5.10576505742e-15,1.07221307209e-08,2.22044604925e-16,2.49246092379e-16
-8.628,1,1.08765092534e-13,5.34934683187e-15,1.09934294432e-08,2.22044604925e-16,2.62018815251e-16
-8.616,1,1.12971748528e-13,5.60454161742e-15,1.12715927322e-08,2.22044604925e-16,2.75446082989e-16
-8.604,1,1.17341103338e-13,5.8719026658e-15,1.1556794277e-08,3.33066907388e-16,2.89561437943e-16
-8.592,1,1.21879449585e-13,6.15200958264e-15,1.18492121642e-08,3.33066907388e-16,3.04400141496e-16
-8.58,1,1.2659332344e-13,6.44546958465e-15,1.21490289899e-08,3.33066907388e-16,3.19999262176e-16
-8.568,1,1.31489513334e-13,6.7529187311e-15,1.24564319603e-08,3.33066907388e-16,3.36397767599e-16
-8.556,1,1.36575070992e-13,7.07502344358e-15,1.2771613032e-08,3.33066907388e-16,3.53636623007e-16
-8.544,1,1.41857320323e-13,7.4124817997e-15,1.30947690084e-08,3.33066907388e-16,3.71758892392e-16
-8.532,1,1.47343868675e-13,7.76602512328e-15,1.34261016761e-08,4.4408920985e-16,3.90809846755e-16
-8.52,1,1.53042617828e-13,8.13641957e-15,1.37658179305e-08,4.4408920985e-16,4.10837077238e-16
-8.508,1,1.58961774527e-13,8.52446768059e-15,1.41141298914e-08,4.4408920985e-16,4.31890613161e-16
-8.496,0.999999999999,1.65109863825e-13,8.93101029763e-15,1.44712550607e-08,4.4408920985e-16,4.54023048537e-16
-8.484,0.999999999999,1.71495739821e-13,9.35692819716e-15,1.48374164324e-08,4.4408920985e-16,4.77289671897e-16
-8.472,0.999999999999,1.78128599277e-13,9.80314409431e-15,1.52128426465e-08,5.55111512313e-16,5.01748605283e-16
-8.46,0.999999999999,1.85017994901e-13,1.02706246431e-14,1.55977681323e-08,5.55111512313e-16,5.27460949497e-16
-8.448,0.999999999999,1.92173848083e-13,1.07603823951e-14,1.5992433238e-08,5.55111512313e-16,5.54490935641e-16
-8.436,0.999999999999,1.99606465025e-13,1.12734782173e-14,1.63970844107e-08,5.55111512313e-16,5.82906087544e-16
-8.424,0.999999999999,2.07326549725e-13,1.18110233494e-14,1.68119743203e-08,6.66133814775e-16,6.12777388451e-16
-8.412,0.999999999999,2.15345220434e-13,1.23741819333e-14,1.7237362034e-08,6.66133814775e-16,6.44179459458e-16
-8.4,0.999999999999,2.23674025719e-13,1.29641735354e-14,1.76735131789e-08,6.66133814775e-16,6.77190746e-16
-8.388,0.999999999999,2.32324959859e-13,1.35822756162e-14,1.81207000885e-08,6.66133814775e-16,7.1189371241e-16
-8.376,0.999999999999,2.41310482341e-13,1.422982658e-14,1.8579202007e-08,7.77156117238e-16,7.48375050452e-16
-8.364,0.999999999999,2.50643533564e-13,1.49082283689e-14,1.90493052294e-08,7.77156117238e-16,7.86725893323e-16
-8.352,0.999999999999,2.60337554727e-13,1.5618949653e-14,1.95313032996e-08,7.77156117238e-16,8.27042044748e-16
-8.34,0.999999999999,2.70406507254e-13,1.63635290107e-14,2.00254971938e-08,8.881784197e-16,8.69424218404e-16
-8.328,0.999999999999,2.80864891403e-13,1.7143578044e-14,2.05321954879e-08,8.881784197e-16,9.13978287706e-16
-8.316,0.999999999999,2.91727769837e-13,1.79607852229e-14,2.10517145876e-08,9.99200722163e-16,9.60815553535e-16
-8.304,0.999999999999,3.03010786606e-13,1.88169191575e-14,2.15843788879e-08,9.99200722163e-16,1.01005301899e-15
-8.292,0.999999999999,3.14730191196e-13,1.97138326208e-14,2.21305209972e-08,1.11022302463e-15,1.06181368353e-15
-8.28,0.999999999999,3.26902862009e-13,2.06534665585e-14,2.26904819457e-08,1.11022302463e-15,1.11622685033e-15
-8.268,0.999999999999,3.39546328858e-13,2.16378540176e-14,2.32646113743e-08,1.22124532709e-15,1.173428447e-15
-8.256,0.999999999999,3.52678801465e-13,2.26691249941e-14,2.38532677956e-08,1.22124532709e-15,1.23356136932e-15
-8.244,0.999999999999,3.66319192413e-13,2.37495105593e-14,2.44568187752e-08,1.33226762955e-15,1.29677583396e-15
-8.232,0.999999999999,3.80487146211e-13,2.48813479311e-14,2.50756411848e-08,1.33226762955e-15,1.36322975611e-15
-8.22,0.999999999999,3.95203067685e-13,2.60670855316e-14,2.57101214385e-08,1.44328993201e-15,1.43308914416e-15
-8.208,0.999999999999,4.10488149173e-13,2.73092879396e-14,2.63606557074e-08,1.55431223448e-15,1.50652851136e-15
-8.196,0.999999999999,4.26364404977e-13,2.86106420037e-14,2.70276502147e-08,1.55431223448e-15,1.58373131718e-15
-8.184,0.999999999999,4.42854699108e-13,2.99739620442e-14,2.77115214414e-08,1.66533453694e-15,1.6648904202e-15
-8.172,0.999999999999,4.59982780426e-13,3.14021962483e-14,2.84126964132e-08,1.7763568394e-15,1.75020856285e-15
-8.16,0.999999999999,4.77773316962e-13,3.28984330464e-14,2.91316129679e-08,1.88737914186e-15,1.83989887816e-15
-8.148,0.999999999998,4.96251928794e-13,3.44659073562e-14,2.98687199987e-08,1.88737914186e-15,1.93418541834e-15
-8.136,0.999999999998,5.15445229698e-13,3.61080082909e-14,3.0624477789e-08,1.99840144433e-15,2.03330372134e-15
-8.124,0.999999999998,5.35380860691e-13,3.7828285717e-14,3.13993582448e-08,2.10942374679e-15,2.13750139231e-15
-8.112,0.999999999998,5.56087532509e-13,3.9630458318e-14,3.219384522e-08,2.22044604925e-15,2.24703872604e-15
-8.1,0.999999999998,5.77595067106e-13,4.15184216328e-14,3.30084348198e-08,2.33146835171e-15,2.36218935743e-15
-8.088,0.999999999998,5.99934437393e-13,4.34962559285e-14,3.38436356758e-08,2.44249065418e-15,2.4832409402e-15
-8.076,0.999999999998,6.23137817594e-13,4.5568235918e-14,3.46999693257e-08,2.6645352591e-15,2.61049587426e-15
-8.064,0.999999999998,6.47238623797e-13,4.77388390282e-14,3.55779704764e-08,2.77555756156e-15,2.74427205222e-15
-8.052,0.999999999998,6.72271565306e-13,5.00127555653e-14,3.64781873728e-08,2.88657986403e-15,2.88490365852e-15
-8.04,0.999999999998,6.98272694812e-13,5.23948988495e-14,3.74011821417e-08,2.99760216649e-15,3.03274200458e-15
-8.028,0.999999999998,7.25279456432e-13,5.48904151394e-14,3.8347531103e-08,3.21964677141e-15,3.18815640012e-15
-8.016,0.999999999998,7.53330746591e-13,5.75046958831e-14,3.93178252003e-08,3.33066907388e-15,3.35153508706e-15
-8.004,0.999999999998,7.82466963038e-13,6.02433881415e-14,4.03126702991e-08,3.5527136788e-15,3.52328619791e-15
-7.992,0.999999999998,8.12730066936e-13,6.31124074026e-14,4.13326876045e-08,3.66373598126e-15,3.70383878176e-15
-7.98,0.999999999997,8.44163643505e-13,6.6117950358e-14,4.23785140507e-08,3.88578058619e-15,3.89364387648e-15
-7.968,0.999999999997,8.76812960109e-13,6.92665074131e-14,4.3450802654e-08,4.10782519111e-15,4.09317562744e-15
-7.956,0.999999999997,9.10725039847e-13,7.25648781314e-14,4.45502230004e-08,4.32986979604e-15,4.30293248644e-15
-7.944,0.999999999997,9.45948720819e-13,7.60201843729e-14,4.56774615837e-08,4.55191440096e-15,4.52343844221e-15
-7.932,0.999999999997,9.82534731184e-13,7.96398864482e-14,4.68332222787e-08,4.77395900589e-15,4.75524433761e-15
-7.92,0.999999999997,1.02053576247e-12,8.34317992227e-14,4.80182267823e-08,4.99600361081e-15,4.99892924628e-15
-7.908,0.999999999997,1.06000653982e-12,8.74041078868e-14,4.9233215014e-08,5.21804821574e-15,5.25510190879e-15
-7.896,0.999999999997,1.10100391091e-12,9.15653874235e-14,5.04789456679e-08,5.55111512313e-15,5.524402272e-15
-7.884,0.999999999997,1.14358691764e-12,9.59246191684e-14,5.17561965961e-08,5.77315972805e-15,5.80750306888e-15
-7.872,0.999999999996,1.18781688688e-12,1.00491211173e-13,5.30657653445e-08,6.10622663544e-15,6.10511150957e-15
-7.86,0.999999999996,1.23375751906e-12,1.05275018501e-13,5.44084696532e-08,6.43929354283e-15,6.41797104879e-15
-7.848,0.999999999996,1.28147497308e-12,1.10286363108e-13,5.57851479098e-08,6.77236045021e-15,6.74686322978e-15
-7.836,0.999999999996,1.33103797391e-12,1.15536058378e-13,5.71966597749e-08,7.1054273576e-15,7.09260966054e-15
-7.824,0.999999999996,1.38251789914e-12,1.21035429997e-13,5.86438866167e-08,7.43849426499e-15,7.45607404214e-15
-7.812,0.999999999996,1.43598888872e-12,1.26796341615e-13,6.01277321182e-08,7.88258347484e-15,7.83816433981e-15
-7.8,0.999999999995,1.49152795208e-12,1.32831220431e-13,6.16491228438e-08,8.21565038223e-15,8.23983505213e-15
-7.788,0.999999999995,1.54921507081e-12,1.39153082247e-13,6.32090087533e-08,8.65973959208e-15,8.66208957827e-15
-7.776,0.999999999995,1.60913332864e-12,1.45775562393e-13,6.48083639106e-08,9.10382880193e-15,9.10598275538e-15
-7.764,0.999999999995,1.67136901617e-12,1.52712942029e-13,6.64481869756e-08,9.54791801178e-15,9.57262346253e-15
-7.752,0.999999999995,1.7360117635e-12,1.59980180496e-13,6.81295018932e-08,1.01030295241e-14,1.00631774083e-14
-7.74,0.999999999995,1.80315466976e-12,1.67592947558e-13,6.98533585344e-08,1.05471187339e-14,1.05788700437e-14
-7.728,0.999999999994,1.87289442715e-12,1.7556765497e-13,7.16208332791e-08,1.11022302463e-14,1.11209896021e-14
-7.716,0.999999999994,1.9453314782e-12,1.83921495456e-13,7.3433029819e-08,1.16573417586e-14,1.16908903563e-14
-7.704,0.999999999994,2.02057014231e-12,1.92672475863e-13,7.52910797153e-08,1.23234755733e-14,1.22899959617e-14
-7.692,0.999999999994,2.0987187761e-12,2.01839457917e-13,7.71961431788e-08,1.28785870857e-14,1.29198030355e-14
-7.68,0.999999999993,2.17988993001e-12,2.11442198861e-13,7.91494097968e-08,1.35447209004e-14,1.35818848965e-14
-7.668,0.999999999993,2.26420049826e-12,2.21501391238e-13,8.11520991931e-08,1.43218770177e-14,1.42778954676e-14
-7.656,0.999999999993,2.35177190896e-12,2.32038712008e-13,8.32054619383e-08,1.49880108324e-14,1.50095734576e-14
-7.644,0.999999999993,2.44273027709e-12,2.43076864326e-13,8.5310780181e-08,1.57651669497e-14,1.57787466538e-14
-7.632,0.999999999992,2.53720659835e-12,2.54639628899e-13,8.74693685321e-08,1.65423230669e-14,1.65873365167e-14
-7.62,0.999999999992,2.63533693845e-12,2.667519152e-13,8.96825748887e-08,1.74305014866e-14,1.74373629816e-14
-7.608,0.999999999992,2.73726261449e-12,2.79439811591e-13,9.19517811814e-08,1.83186799063e-14,1.83309494687e-14
-7.596,0.999999999991,2.8431304247e-12,2.92730647221e-13,9.42784044058e-08,1.93178806285e-14,1.92703282526e-14
-7.584,0.999999999991,2.95309283339e-12,3.06653044659e-13,9.66638973384e-08,2.02060590482e-14,2.02578459729e-14
-7.572,0.999999999991,3.06730820536e-12,3.2123698462e-13,9.91097495376e-08,2.13162820728e-14,2.1295969533e-14
-7.56,0.99999999999,3.1859410347e-12,3.36513870481e-13,1.01617488278e-07,2.24265050974e-14,2.23872922654e-14
-7.548,0.99999999999,3.30916216406e-12,3.52516591445e-13,1.04188679396e-07,2.35367281221e-14,2.35345403635e-14
-7.536,0.99999999999,3.43714906239e-12,3.69279600531e-13,1.06824928462e-07,2.47579734491e-14,2.47405797756e-14
-7.524,0.999999999989,3.57008604855e-12,3.86838980885e-13,1.09527881585e-07,2.59792187762e-14,2.60084232793e-14
-7.512,0.999999999989,3.70816457469e-12,4.05232527337e-13,1.12299226554e-07,2.73114864058e-14,2.73412380556e-14
-7.5,0.999999999988,3.85158350286e-12,4.24499827681e-13,1.15140693892e-07,2.87547763378e-14,2.87423536038e-14
-7.488,0.999999999988,4.00054937005e-12,4.4468234226e-13,1.18054057818e-07,3.01980662698e-14,3.02152699989e-14
-7.476,0.999999999987,4.155276724e-12,4.65823502224e-13,1.21041137567e-07,3.17523785043e-14,3.17636667431e-14
-7.464,0.999999999987,4.31598839358e-12,4.87968793071e-13,1.24103798314e-07,3.34177130412e-14,3.33914118483e-14
-7.452,0.999999999986,4.48291583121e-12,5.11165857398e-13,1.27243952457e-07,3.50830475782e-14,3.51025715598e-14
-7.44,0.999999999986,4.65629944745e-12,5.35464597303e-13,1.30463560816e-07,3.68594044176e-14,3.69014205184e-14
-7.428,0.999999999985,4.83638893131e-12,5.6091727464e-13,1.33764633722e-07,3.87467835594e-14,3.87924523621e-14
-7.416,0.999999999985,5.02344365626e-12,5.87578634813e-13,1.37149232513e-07,4.07451850037e-14,4.07803910891e-14
-7.404,0.999999999984,5.21773300703e-12,6.15506012012e-13,1.4061947058e-07,4.28546087505e-14,4.28702027202e-14
-7.392,0.999999999983,5.41953679372e-12,6.44759458655e-13,1.44177514823e-07,4.50750547998e-14,4.50671077813e-14
-7.38,0.999999999983,5.62914565612e-12,6.7540187439e-13,1.47825587005e-07,4.74065231515e-14,4.73765943511e-14
-7.368,0.999999999982,5.84686145108e-12,7.07499132384e-13,1.51565964991e-07,4.98490138057e-14,4.98044316717e-14
-7.356,0.999999999981,6.07299774328e-12,7.4112023527e-13,1.55400984441e-07,5.24025267623e-14,5.23566847379e-14
-7.344,0.999999999981,6.30788020032e-12,7.76337447706e-13,1.59333039995e-07,5.50670620214e-14,5.50397292691e-14
-7.332,0.99999999998,6.55184709335e-12,8.13226459429e-13,1.63364586921e-07,5.7842619583e-14,5.78602677367e-14
-7.32,0.999999999979,6.80524978589e-12,8.51866547751e-13,1.67498142655e-07,6.08402217495e-14,6.0825346114e-14
-7.308,0.999999999978,7.06845320211e-12,8.92340736634e-13,1.71736288197e-07,6.39488462184e-14,6.39423713517e-14
-7.296,0.999999999978,7.3418364201e-12,9.34735993118e-13,1.76081670036e-07,6.71684929898e-14,6.72191301079e-14
-7.284,0.999999999977,7.62579314962e-12,9.79143394291e-13,1.80537001489e-07,7.06101843662e-14,7.06638079705e-14
-7.272,0.999999999976,7.92073233719e-12,1.02565833266e-12,1.8510506457e-07,7.42739203474e-14,7.42850100338e-14
-7.26,0.999999999975,8.22707875715e-12,1.07438072084e-12,1.89788711733e-07,7.80486786311e-14,7.80917824037e-14
-7.248,0.999999999974,8.54527357769e-12,1.12541519187e-12,1.94590867456e-07,8.20454815198e-14,8.20936346335e-14
-7.236,0.999999999973,8.87577507816e-12,1.17887134665e-12,1.99514530422e-07,8.62643290134e-14,8.63005637713e-14
-7.224,0.999999999972,9.21905922655e-12,1.23486396422e-12,2.04562775033e-07,9.07052211119e-14,9.07230790381e-14
-7.212,0.999999999971,9.57562041109e-12,1.29351326042e-12,2.09738753532e-07,9.53681578153e-14,9.53722282465e-14
-7.2,0.99999999997,9.9459721547e-12,1.35494514565e-12,2.15045697976e-07,1.00253139124e-13,1.0025962541e-13
-7.188,0.999999999969,1.03306477994e-11,1.41929147721e-12,2.20486922029e-07,1.05360165037e-13,1.05397479547e-13
-7.176,0.999999999967,1.07302013734e-11,1.48669037087e-12,2.26065823438e-07,1.10800257858e-13,1.10798625557e-13
-7.164,0.999999999966,1.11452082892e-11,1.55728646571e-12,2.31785885744e-07,1.16462395283e-13,1.16476555899e-13
-7.152,0.999999999965,1.15762662282e-11,1.63123124982e-12,2.37650680689e-07,1.22457599616e-13,1.22445454517e-13
-7.14,0.999999999963,1.20239960042e-11,1.70868338499e-12,2.43663870448e-07,1.28674848554e-13,1.28720232279e-13
-7.128,0.999999999962,1.24890423911e-11,1.78980902437e-12,2.49829209668e-07,1.35336186702e-13,1.35316563963e-13
-7.116,0.99999999996,1.29720751708e-11,1.87478220493e-12,2.56150548263e-07,1.42219569454e-13,1.42250927894e-13
-7.104,0.999999999959,1.34737899775e-11,1.96378518085e-12,2.62631833363e-07,1.49547041417e-13,1.49540646621e-13
-7.092,0.999999999957,1.39949093669e-11,2.0570088338e-12,2.69277112032e-07,1.57207580287e-13,1.57203930464e-13
-7.08,0.999999999956,1.45361838601e-11,2.15465308162e-12,2.76090533808e-07,1.65312208367e-13,1.65259923021e-13
-7.068,0.999999999954,1.50983929445e-11,2.25692727846e-12,2.83076353002e-07,1.73749903354e-13,1.73728748649e-13
-7.056,0.999999999952,1.56823463402e-11,2.36405070885e-12,2.90238931871e-07,1.82631687551e-13,1.82631563354e-13
-7.044,0.99999999995,1.62888850211e-11,2.47625300757e-12,2.97582742826e-07,1.91957560958e-13,1.91990607015e-13
-7.032,0.999999999948,1.69188825073e-11,2.59377467615e-12,3.05112371514e-07,2.01838545877e-13,2.01829259289e-13
-7.02,0.999999999946,1.75732461273e-11,2.71686759754e-12,3.12832519687e-07,2.12163620006e-13,2.12172098043e-13
-7.008,0.999999999944,1.82529182276e-11,2.84579553982e-12,3.20748007817e-07,2.23043805647e-13,2.23044960308e-13
-6.996,0.999999999942,1.89588777041e-11,2.98083477835e-12,3.28863778688e-07,2.34479102801e-13,2.34475007616e-13
-6.984,0.99999999994,1.96921412366e-11,3.12227462432e-12,3.37184899896e-07,2.46469511467e-13,2.4649079305e-13
-6.972,0.999999999938,2.04537648505e-11,3.27041807508e-12,3.45716567341e-07,2.59126053948e-13,2.59122333017e-13
-6.96,0.999999999935,2.12448454438e-11,3.42558246207e-12,3.5446410848e-07,2.72448730243e-13,2.7240118227e-13
-6.948,0.999999999933,2.20665222483e-11,3.58810008499e-12,3.63432985291e-07,2.86326518051e-13,2.86360512161e-13
-6.936,0.99999999993,2.2919978682e-11,3.75831899503e-12,3.72628798339e-07,3.00981461976e-13,3.01035194525e-13
-6.924,0.999999999927,2.38064438407e-11,3.93660366031e-12,3.82057289611e-07,3.16413562018e-13,3.16461887767e-13
-6.912,0.999999999925,2.47271943865e-11,4.1233357845e-12,3.91724346473e-07,3.3273384048e-13,3.32679129009e-13
-6.9,0.999999999922,2.56835563936e-11,4.31891512255e-12,4.01636005356e-07,3.49720252757e-13,3.49727430404e-13
-6.888,0.999999999919,2.66769071149e-11,4.52376027895e-12,4.11798455113e-07,3.67594843453e-13,3.67649379603e-13
-6.876,0.999999999916,2.77086772214e-11,4.73830969376e-12,4.22218041627e-07,3.86468634872e-13,3.8648974746e-13
-6.864,0.999999999912,2.87803526051e-11,4.9630224801e-12,4.32901271023e-07,4.06341627013e-13,4.06295598541e-13
-6.852,0.999999999909,2.98934766629e-11,5.19837945482e-12,4.43854814153e-07,4.27102797573e-13,4.27116409444e-13
-6.84,0.999999999905,3.10496525272e-11,5.44488416513e-12,4.55085510772e-07,4.48974191158e-13,4.49004192437e-13
-6.828,0.999999999902,3.22505452018e-11,5.70306389343e-12,4.66600373338e-07,4.72066830071e-13,4.72013624466e-13
-6.816,0.999999999898,3.34978842698e-11,5.97347089844e-12,4.78406592239e-07,4.96158669705e-13,4.96202185408e-13
-6.804,0.999999999894,3.47934660722e-11,6.25668346933e-12,4.9051153943e-07,5.21582776969e-13,5.21630299974e-13
-6.792,0.99999999989,3.61391564699e-11,6.55330722294e-12,5.02922773511e-07,5.48339151862e-13,5.48361489599e-13
-6.78,0.999999999886,3.75368935392e-11,6.86397639592e-12,5.15648044468e-07,5.76427794385e-13,5.76462531188e-13
-6.768,0.999999999881,3.89886901557e-11,7.18935510944e-12,5.28695297967e-07,6.0595972684e-13,6.06003622734e-13
-6.756,0.999999999877,4.04966372658e-11,7.5301389312e-12,5.42072681289e-07,6.3704597153e-13,6.37058560831e-13
-6.744,0.999999999872,4.20629065227e-11,7.88705620214e-12,5.55788547438e-07,6.69686528454e-13,6.69704922845e-13
-6.732,0.999999999867,4.36897536234e-11,8.26086966893e-12,5.69851460908e-07,7.03992419915e-13,7.04024261925e-13
-6.72,0.999999999862,4.53795215691e-11,8.65237811029e-12,5.84270203042e-07,7.40074668215e-13,7.40102310818e-13
-6.708,0.999999999856,4.71346437878e-11,9.06241792835e-12,5.9905377691e-07,7.78044295657e-13,7.78029194492e-13
-6.696,0.999999999851,4.89576480899e-11,9.4918651146e-12,6.14211414022e-07,8.17901302241e-13,8.17899658041e-13
-6.684,0.999999999845,5.08511598545e-11,9.94163691925e-12,6.29752578993e-07,8.59867732572e-13,8.59813300571e-13
-6.672,0.999999999839,5.28179060643e-11,1.04126939056e-11,6.45686976069e-07,9.03832564347e-13,9.03874825571e-13
-6.66,0.999999999833,5.48607192464e-11,1.09060419967e-11,6.62024555205e-07,9.50239886777e-13,9.50194302571e-13
-6.648,0.999999999826,5.69825412478e-11,1.14227344775e-11,6.78775517589e-07,9.98867655255e-13,9.98887440139e-13
-6.636,0.99999999982,5.91864280175e-11,1.19638744688e-11,6.9595032325e-07,1.05004893669e-12,1.05007587847e-12
-6.624,0.999999999813,6.14755534581e-11,1.25306170279e-11,7.13559696343e-07,1.10389475338e-12,1.10388748966e-12
-6.612,0.999999999805,6.3853214304e-11,1.31241717335e-11,7.31614632544e-07,1.16040510534e-12,1.16045669917e-12
-6.6,0.999999999798,6.63228348857e-11,1.37458052603e-11,7.50126405937e-07,1.21991305946e-12,1.21992482173e-12
-6.588,0.99999999979,6.88879716937e-11,1.43968438991e-11,7.69106575271e-07,1.28241861574e-12,1.28244041185e-12
-6.576,0.999999999782,7.15523191601e-11,1.50786766688e-11,7.88566992582e-07,1.3481438188e-12,1.34815963946e-12
-6.564,0.999999999774,7.43197143148e-11,1.57927579595e-11,8.08519809184e-07,1.41719969093e-12,1.41724667545e-12
-6.552,0.999999999765,7.71941426828e-11,1.65406107843e-11,8.28977484042e-07,1.48991929905e-12,1.48987410431e-12
-6.54,0.999999999756,8.01797440442e-11,1.73238300192e-11,8.49952791581e-07,1.56619162084e-12,1.56622335548e-12
-6.528,0.999999999746,8.32808179512e-11,1.81440855726e-11,8.71458828774e-07,1.64646074552e-12,1.64648515328e-12
-6.516,0.999999999736,8.65018307179e-11,1.90031263011e-11,8.9350902491e-07,1.73083769539e-12,1.73085999926e-12
-6.504,0.999999999726,8.98474210496e-11,1.99027833337e-11,9.16117148384e-07,1.81954451506e-12,1.81955866707e-12
-6.492,0.999999999716,9.33224071719e-11,2.08449741637e-11,9.39297316182e-07,1.91280324913e-12,1.91280273236e-12
-6.48,0.999999999705,9.69317937938e-11,2.18317067233e-11,9.63064002732e-07,2.0108359422e-12,2.01082512649e-12
-6.468,0.999999999693,1.00680778778e-10,2.28650833706e-11,9.87432047934e-07,2.11386463889e-12,2.11387071424e-12
-6.456,0.999999999681,1.04574761592e-10,2.39473058161e-11,1.01241666823e-06,2.22222240609e-12,2.22219691299e-12
-6.444,0.999999999669,1.0861935011e-10,2.50806793036e-11,1.03803346428e-06,2.33602026611e-12,2.33607432817e-12
-6.432,0.999999999656,1.12820369236e-10,2.62676177567e-11,1.06429843176e-06,2.45581333047e-12,2.45578743354e-12
-6.42,0.999999999643,1.17183869318e-10,2.75106489048e-11,1.09122797132e-06,2.58160159916e-12,2.58163528204e-12
-6.408,0.999999999629,1.21716134216e-10,2.88124192972e-11,1.11883889773e-06,2.7139401837e-12,2.71393224755e-12
-6.396,0.999999999615,1.26423691512e-10,3.01757004997e-11,1.14714845241e-06,2.85305112868e-12,2.85300881981e-12
-6.384,0.9999999996,1.31313320743e-10,3.16033943527e-11,1.17617431214e-06,2.99926750102e-12,2.99921242025e-12
-6.372,0.999999999584,1.36392063815e-10,3.30985394444e-11,1.20593460126e-06,3.15292236763e-12,3.15290827535e-12
-6.36,0.999999999568,1.41667235184e-10,3.4664317557e-11,1.23644790301e-06,3.31445981772e-12,3.31448032936e-12
-6.348,0.999999999552,1.47146431603e-10,3.63040599732e-11,1.26773326983e-06,3.48432394048e-12,3.48433219651e-12
-6.336,0.999999999534,1.52837544471e-10,3.80212552684e-11,1.2998102376e-06,3.66284780284e-12,3.66288818166e-12
-6.324,0.999999999516,1.58748769781e-10,3.98195559238e-11,1.33269883551e-06,3.85058651631e-12,3.85059432769e-12
-6.312,0.999999999497,1.64888620712e-10,4.1702786466e-11,1.36641959983e-06,4.04787314778e-12,4.04791953676e-12
-6.3,0.999999999478,1.7126593994e-10,4.36749515738e-11,1.40099358684e-06,4.25537383109e-12,4.25535674214e-12
-6.288,0.999999999458,1.77889911415e-10,4.57402440081e-11,1.43644238443e-06,4.47342163312e-12,4.4734241307e-12
-6.276,0.999999999437,1.84770075296e-10,4.79030544104e-11,1.4727881283e-06,4.70268268771e-12,4.70266645329e-12
-6.264,0.999999999415,1.91916339973e-10,5.01679796179e-11,1.51005351307e-06,4.94360108405e-12,4.94365636949e-12
-6.252,0.999999999392,1.99338997297e-10,5.25398328987e-11,1.54826180794e-06,5.19695397827e-12,5.19699588706e-12
-6.24,0.999999999369,2.07048737452e-10,5.50236541442e-11,1.58743687132e-06,5.46329648188e-12,5.4633178665e-12
-6.228,0.999999999345,2.15056663203e-10,5.76247198399e-11,1.62760316398e-06,5.74329472869e-12,5.74328759051e-12
-6.216,0.999999999319,2.23374307945e-10,6.03485553853e-11,1.66878576737e-06,6.03761485252e-12,6.03760444636e-12
-6.204,0.999999999293,2.32013650242e-10,6.32009455475e-11,1.71101039628e-06,6.34703400948e-12,6.34700365233e-12
-6.192,0.999999999266,2.40987132231e-10,6.61879473291e-11,1.75430341654e-06,6.67221833339e-12,6.67225810585e-12
-6.18,0.999999999237,2.50307677609e-10,6.93159027832e-11,1.79869186155e-06,7.01416702498e-12,7.01418031502e-12
-6.168,0.999999999208,2.59988708856e-10,7.25914515464e-11,1.84420344729e-06,7.37365724035e-12,7.37362441371e-12
-6.156,0.999999999177,2.70044169054e-10,7.60215463286e-11,1.89086659299e-06,7.75146613563e-12,7.7514883214e-12
-6.144,0.999999999145,2.8048853946e-10,7.9613466052e-11,1.9387104355e-06,8.14870393384e-12,8.14871595973e-12
-6.132,0.999999999112,2.91336861764e-10,8.33748320291e-11,1.98776484935e-06,8.5662588134e-12,8.56629962524e-12
-6.12,0.999999999078,3.02604759826e-10,8.73136240695e-11,2.03806046548e-06,9.00524099734e-12,9.0052824692e-12
-6.108,0.999999999042,3.143084605e-10,9.14381962349e-11,2.08962868825e-06,9.46676070868e-12,9.46676108469e-12
-6.096,0.999999999005,3.26464820013e-10,9.57572963094e-11,2.14250171886e-06,9.95192817044e-12,9.95188827956e-12
-6.084,0.999999998967,3.39091345208e-10,1.00280082314e-10,2.19671257159e-06,1.04618536056e-11,1.04618759221e-11
-6.072,0.999999998927,3.52206220453e-10,1.05016142839e-10,2.25229509661e-06,1.09979803042e-11,1.09979979875e-11
-6.06,0.999999998885,3.65828333922e-10,1.09975517291e-10,2.30928400115e-06,1.15616405338e-11,1.15615937413e-11
-6.048,0.999999998842,3.79977302762e-10,1.15168715693e-10,2.36771486877e-06,1.21540555398e-11,1.21540710611e-11
-6.036,0.999999998797,3.94673504993e-10,1.20606743153e-10,2.42762418591e-06,1.27768906566e-11,1.27769099966e-11
-6.024,0.999999998751,4.09938105185e-10,1.26301120619e-10,2.48904936031e-06,1.34317001965e-11,1.34316664229e-11
-6.012,0.999999998702,4.25793086986e-10,1.32263910436e-10,2.55202874682e-06,1.41199274495e-11,1.4119975952e-11
-6,0.999999998652,4.42261284897e-10,1.38507741784e-10,2.6166016714e-06,1.48435708169e-11,1.48435580194e-11
-5.988,0.9999999986,4.59366414703e-10,1.45045835558e-10,2.68280845296e-06,1.56041846111e-11,1.56042201495e-11
-5.976,0.999999998546,4.77133112026e-10,1.51892035125e-10,2.75069043345e-06,1.64038782557e-11,1.64038625254e-11
-5.964,0.99999999849,4.95586963373e-10,1.59060832399e-10,2.82028999871e-06,1.72444281077e-11,1.72444826796e-11
-5.952,0.999999998431,5.14754545466e-10,1.66567399949e-10,2.89165060773e-06,1.81281656353e-11,1.81281805157e-11
-5.94,0.999999998371,5.34663463643e-10,1.74427622972e-10,2.96481681984e-06,1.90572002623e-11,1.90571635555e-11
-5.928,0.999999998308,5.55342388656e-10,1.8265813055e-10,3.03983431946e-06,2.00337524348e-11,2.00337524141e-11
-5.916,0.999999998242,5.76821103276e-10,1.91276334291e-10,3.11674995019e-06,2.10603756656e-11,2.10603866679e-11
-5.904,0.999999998174,5.99130539833e-10,2.00300461093e-10,3.19561173841e-06,2.21396234679e-11,2.21396308765e-11
-5.892,0.999999998103,6.22302827752e-10,2.09749593482e-10,3.2764689265e-06,2.32741603767e-11,2.32741810293e-11
-5.88,0.99999999803,6.46371339989e-10,2.19643709783e-10,3.35937200356e-06,2.44668729721e-11,2.44668712829e-11
-5.868,0.999999997954,6.71370737509e-10,2.30003723381e-10,3.44437273355e-06,2.57206478338e-11,2.57206809897e-11
-5.856,0.999999997875,6.97337025635e-10,2.40851531275e-10,3.53152419379e-06,2.70387046086e-11,2.70387422318e-11
-5.844,0.999999997793,7.24307599423e-10,2.52210055222e-10,3.62088080188e-06,2.84243739657e-11,2.84243475524e-11
-5.832,0.999999997707,7.52321301138e-10,2.64103292425e-10,3.71249835314e-06,2.9880986574e-11,2.98809582318e-11
-5.82,0.999999997619,7.81418476389e-10,2.76556365975e-10,3.80643405557e-06,3.14122061695e-11,3.14122129378e-11
-5.808,0.999999997526,8.11641027897e-10,2.89595574185e-10,3.90274656166e-06,3.30219185329e-11,3.30219367492e-11
-5.796,0.999999997431,8.43032483619e-10,3.0324845156e-10,4.00149601203e-06,3.47141204671e-11,3.47141508279e-11
-5.784,0.999999997331,8.75638051605e-10,3.17543820489e-10,4.10274406594e-06,3.64930308194e-11,3.64930823455e-11
-5.772,0.999999997228,9.09504689482e-10,3.32511854897e-10,4.20655394369e-06,3.83632015044e-11,3.83631751081e-11
-5.76,0.999999997121,9.44681172313e-10,3.48184143604e-10,4.31299046629e-06,4.03290734141e-11,4.03291006621e-11
-5.748,0.99999999701,9.81218157606e-10,3.64593752277e-10,4.42212009138e-06,4.23957535745e-11,4.2395769879e-11
-5.736,0.999999996894,1.01916826767e-09,3.81775300012e-10,4.53401096287e-06,4.45684600336e-11,4.45683453736e-11
-5.724,0.999999996774,1.05858615592e-09,3.99765024234e-10,4.64873294528e-06,4.68522998176e-11,4.6852254247e-11
-5.712,0.999999996649,1.09952859089e-09,4.18600860639e-10,4.76635767198e-06,4.92532681307e-11,4.92532017289e-11
-5.7,0.999999996519,1.14205453829e-09,4.38322522762e-10,4.88695859001e-06,5.17772491548e-11,5.17771854341e-11
-5.688,0.999999996385,1.18622523956e-09,4.58971579755e-10,5.01061100088e-06,5.44305711614e-11,5.4430510237e-11
-5.676,0.999999996245,1.23210431144e-09,4.8059155256e-10,5.13739211668e-06,5.72198954885e-11,5.72198042139e-11
-5.664,0.9999999961,1.27975782615e-09,5.03227995395e-10,5.26738109916e-06,6.01521055188e-11,6.01520350035e-11
-5.652,0.999999995949,1.32925441296e-09,5.26928596126e-10,5.40065911424e-06,6.32346397467e-11,6.32345273213e-11
-5.64,0.999999995792,1.38066535733e-09,5.51743276169e-10,5.53730938288e-06,6.64750476886e-11,6.6474981263e-11
-5.628,0.99999999563,1.43406469596e-09,5.77724288136e-10,5.67741722726e-06,6.98814339728e-11,6.9881491401e-11
-5.616,0.999999995461,1.4895293371e-09,6.04926336584e-10,5.82107013441e-06,7.3462569361e-11,7.34625672518e-11
-5.604,0.999999995285,1.54713915755e-09,6.33406680301e-10,5.96835780043e-06,7.72271135929e-11,7.72271542804e-11
-5.592,0.999999995103,1.60697712533e-09,6.6322525832e-10,6.11937219228e-06,8.11846145865e-11,8.11846563861e-11
-5.58,0.999999994913,1.66912941969e-09,6.94444815323e-10,6.27420760546e-06,8.53448423044e-11,8.53449594016e-11
-5.568,0.999999994716,1.73368554589e-09,7.27131024211e-10,6.43296071624e-06,8.97184548876e-11,8.97184556093e-11
-5.556,0.999999994512,1.80073848072e-09,7.61352637683e-10,6.59573065385e-06,9.43161104772e-11,9.43160700183e-11
-5.544,0.9999999943,1.87038478972e-09,7.97181616614e-10,6.76261905053e-06,9.91493553926e-11,9.91492873319e-11
-5.532,0.999999994079,1.94272477555e-09,8.34693288223e-10,6.93373011156e-06,1.04230180042e-10,1.04230180814e-10
-5.52,0.99999999385,2.01786262296e-09,8.73966503471e-10,7.10917068058e-06,1.09571463014e-10,1.0957144246e-10
-5.508,0.999999993613,2.09590653765e-09,9.15083790892e-10,7.28905029885e-06,1.15186415961e-10,1.15186414471e-10
-5.496,0.999999993365,2.17696892219e-09,9.58131546828e-10,7.47348128697e-06,1.21089138716e-10,1.21089122988e-10
-5.484,0.999999993109,2.26116651765e-09,1.00320019653e-09,7.66257880159e-06,1.27294397245e-10,1.27294312718e-10
-5.472,0.999999992842,2.34862058304e-09,1.05038439268e-09,7.85646091482e-06,1.33817623649e-10,1.33817483988e-10
-5.46,0.999999992566,2.43945707057e-09,1.09978321284e-09,8.05524868819e-06,1.40675027183e-10,1.40674931485e-10
-5.448,0.999999992278,2.53380679349e-09,1.15150035256e-09,8.25906623979e-06,1.4788364977e-10,1.47883784659e-10
-5.436,0.999999991979,2.63180563875e-09,1.20564436403e-09,8.46804083689e-06,1.55461921114e-10,1.55462051038e-10
-5.424,0.999999991669,2.73359473828e-09,1.26232885824e-09,8.6823029602e-06,1.63428659494e-10,1.63428660675e-10
-5.412,0.999999991347,2.83932068589e-09,1.32167275404e-09,8.90198639381e-06,1.71803515858e-10,1.71803513726e-10
-5.4,0.999999991012,2.94913574912e-09,1.38380052595e-09,9.12722830901e-06,1.80607473421e-10,1.80607530182e-10
-5.388,0.999999990665,3.06319807219e-09,1.44884244629e-09,9.35816934038e-06,1.89862736644e-10,1.89862701741e-10
-5.376,0.999999990304,3.18167193308e-09,1.51693488472e-09,9.59495369068e-06,1.99592065098e-10,1.99592147416e-10
-5.364,0.999999989929,3.30472795058e-09,1.58822056177e-09,9.83772920372e-06,2.09820105734e-10,2.09820170598e-10
-5.352,0.999999989539,3.4325433465e-09,1.6628488613e-09,1.00866474662e-05,2.20572282661e-10,2.20572320142e-10
-5.34,0.999999989134,3.56530220184e-09,1.74097614135e-09,1.03418639029e-05,2.31875463275e-10,2.31875454204e-10
-5.328,0.999999988714,3.70319570207e-09,1.82276603784e-09,1.06035378624e-05,2.4375784724e-10,2.4375780685e-10
-5.316,0.999999988278,3.84642244796e-09,1.90838984034e-09,1.08718327365e-05,2.5624896649e-10,2.56249059436e-10
-5.304,0.999999987824,3.99518870589e-09,1.99802681e-09,1.11469160424e-05,2.69380462381e-10,2.69380413873e-10
-5.292,0.999999987353,4.14970872484e-09,2.09186457147e-09,1.14289595383e-05,2.83184753425e-10,2.83184671044e-10
-5.28,0.999999986864,4.31020504606e-09,2.19009950272e-09,1.17181393309e-05,2.97696201024e-10,2.97696312772e-10
-5.268,0.999999986356,4.47690879962e-09,2.29293711599e-09,1.20146359733e-05,3.1295155356e-10,3.1295158732e-10
-5.256,0.999999985828,4.6500600802e-09,2.40059252894e-09,1.23186345993e-05,3.28988614129e-10,3.28988601038e-10
-5.244,0.99999998528,4.82990824964e-09,2.51329086339e-09,1.26303250173e-05,3.4584746178e-10,3.45847412423e-10
-5.232,0.999999984711,5.01671232024e-09,2.63126773674e-09,1.29499018409e-05,3.63570173967e-10,3.6357013279e-10
-5.22,0.99999998412,5.21074132902e-09,2.7547697508e-09,1.32775646108e-05,3.82201048588e-10,3.82201031503e-10
-5.208,0.999999983506,5.41227469636e-09,2.8840549694e-09,1.36135179055e-05,4.0178671501e-10,4.01786645742e-10
-5.196,0.999999982868,5.62160268019e-09,3.01939350916e-09,1.39579714941e-05,4.22375856513e-10,4.22375898167e-10
-5.184,0.999999982205,5.83902674182e-09,3.16106803936e-09,1.43111404419e-05,4.44020098467e-10,4.44020217662e-10
-5.172,0.999999981517,6.06486000927e-09,3.30937439807e-09,1.46732452589e-05,4.66773675267e-10,4.66773668591e-10
-5.16,0.999999980802,6.29942772981e-09,3.46462220499e-09,1.50445120378e-05,4.90693097266e-10,4.9069308588e-10
-5.148,0.999999980059,6.54306770344e-09,3.62713546003e-09,1.54251725793e-05,5.15838149973e-10,5.15838215955e-10
-5.136,0.999999979288,6.79613083201e-09,3.7972532841e-09,1.58154645653e-05,5.42271783033e-10,5.42271867784e-10
-5.124,0.999999978487,7.0589815615e-09,3.97533054545e-09,1.62156316786e-05,5.70059999205e-10,5.70060067897e-10
-5.112,0.999999977655,7.33199844215e-09,4.16173863208e-09,1.6625923771e-05,5.99272298452e-10,5.99272226325e-10
-5.1,0.999999976791,7.61557467552e-09,4.35686621979e-09,1.704659702e-05,6.29981233846e-10,6.29981310023e-10
-5.088,0.999999975893,7.91011863853e-09,4.56112002244e-09,1.74779140704e-05,6.62263965889e-10,6.62264023793e-10
-5.076,0.999999974961,8.21605454739e-09,4.77492572028e-09,1.79201442305e-05,6.9620098575e-10,6.9620100421e-10
-5.064,0.999999973992,8.53382299221e-09,4.99872874494e-09,1.83735636083e-05,7.31877114468e-10,7.31877018625e-10
-5.052,0.999999972986,8.86388161415e-09,5.23299524732e-09,1.88384553011e-05,7.69381058863e-10,7.69381178199e-10
-5.04,0.999999971942,9.20670576685e-09,5.47821306009e-09,1.93151095737e-05,8.08807298913e-10,8.08807160546e-10
-5.028,0.999999970856,9.5627891499e-09,5.73489263766e-09,1.98038240186e-05,8.50253423224e-10,8.50253442e-10
-5.016,0.999999969729,9.93264461149e-09,6.0035682195e-09,2.03049037785e-05,8.93823570713e-10,8.93823546574e-10
-5.004,0.999999968559,1.03168047947e-08,6.28479881355e-09,2.08186617e-05,9.39626210172e-10,9.39626301439e-10
-4.992,0.999999967342,1.07158229563e-08,6.57916940889e-09,2.13454185495e-05,9.8777608315e-10,9.87776110418e-10
-4.98,0.999999966079,1.11302737659e-08,6.88729218156e-09,2.18855032138e-05,1.03839326027e-09,1.03839323981e-09
-4.968,0.999999964767,1.15607540726e-08,7.20980767202e-09,2.24392528826e-05,1.0916040849e-09,1.09160411656e-09
-4.956,0.999999963405,1.20078838743e-08,7.54738624256e-09,2.30070133003e-05,1.14754161729e-09,1.1475416479e-09
-4.944,0.999999961989,1.24723071e-08,7.90072930897e-09,2.35891389399e-05,1.20634552347e-09,1.2063455493e-09
-4.932,0.999999960519,1.29546925989e-08,8.27057085955e-09,2.41859932478e-05,1.26816268597e-09,1.26816269556e-09
-4.92,0.999999958992,1.34557351073e-08,8.65767896542e-09,2.47979488712e-05,1.33314753681e-09,1.33314748779e-09
-4.908,0.999999957406,1.39761561741e-08,9.06285725508e-09,2.5425387865e-05,1.40146227956e-09,1.40146223617e-09
-4.896,0.999999955759,1.45167053347e-08,9.48694673983e-09,2.60687019762e-05,1.47327761102e-09,1.47327757027e-09
-4.884,0.999999954048,1.50781610545e-08,9.93082735597e-09,2.6728292842e-05,1.54877283221e-09,1.5487728601e-09
-4.872,0.999999952271,1.56613319263e-08,1.03954198672e-08,2.74045722668e-05,1.62813657001e-09,1.62813666685e-09
-4.86,0.999999950425,1.62670578383e-08,1.08816877555e-08,2.80979624796e-05,1.71156733231e-09,1.71156721393e-09
-4.848,0.999999948507,1.68962110938e-08,1.13906390678e-08,2.88088963682e-05,1.79927284183e-09,1.7992728784e-09
-4.836,0.999999946516,1.7549697829e-08,1.19233287012e-08,2.95378178025e-05,1.8914727562e-09,1.89147271772e-09
-4.824,0.999999944447,1.82284591554e-08,1.24808603341e-08,3.02851818578e-05,1.98839711363e-09,1.98839701026e-09
-4.812,0.999999942298,1.89334726057e-08,1.30643888074e-08,3.1051455129e-05,2.09028783171e-09,2.09028783393e-09
-4.8,0.999999940067,1.96657535471e-08,1.36751224922e-08,3.18371160223e-05,2.19739970664e-09,2.19739967091e-09
-4.788,0.999999937749,2.04263565341e-08,1.43143256008e-08,3.2642655021e-05,2.30999991357e-09,2.31000003852e-09
-4.776,0.999999935341,2.1216377023e-08,1.49833210479e-08,3.34685750505e-05,2.42837017161e-09,2.42837016537e-09
-4.764,0.99999993284,2.20369527527e-08,1.56834928668e-08,3.43153917327e-05,2.55280568906e-09,2.55280568531e-09
-4.752,0.999999930243,2.2889265493e-08,1.64162891906e-08,3.51836337411e-05,2.68361743938e-09,2.68361738023e-09
-4.74,0.999999927545,2.37745427529e-08,1.7183225215e-08,3.60738431317e-05,2.82113193917e-09,2.82113195633e-09
-4.728,0.999999924742,2.46940594161e-08,1.79858860902e-08,3.69865756438e-05,2.96569285796e-09,2.965692854e-09
-4.716,0.999999921832,2.56491398139e-08,1.88259305018e-08,3.79224011138e-05,3.11766107375e-09,3.11766111587e-09
-4.704,0.999999918808,2.66411593942e-08,1.9705093694e-08,3.88819037633e-05,3.27741628281e-09,3.27741627758e-09
-4.692,0.999999915668,2.76715468353e-08,2.06251911999e-08,3.98656826015e-05,3.44535733277e-09,3.44535732134e-09
-4.68,0.999999912407,2.87417861109e-08,2.15881225484e-08,4.08743518e-05,3.62190372138e-09,3.62190367249e-09
-4.668,0.999999909019,2.98534184676e-08,2.25958748822e-08,4.19085410333e-05,3.8074961517e-09,3.80749623911e-09
-4.656,0.9999999055,3.10080449309e-08,2.3650527438e-08,4.29688959483e-05,4.00259858591e-09,4.00259852636e-09
-4.644,0.999999901845,3.22073283222e-08,2.47542553281e-08,4.40560784903e-05,4.2076978013e-09,4.20769777994e-09
-4.632,0.999999898049,3.34529958154e-08,2.59093342064e-08,4.51707673583e-05,4.42330616579e-09,4.42330621024e-09
-4.62,0.999999894106,3.47468414322e-08,2.71181449057e-08,4.63136584309e-05,4.64996224858e-09,4.64996227153e-09
-4.608,0.99999989001,3.60907284338e-08,2.83831779619e-08,4.74854651509e-05,4.88823198586e-09,4.88823199661e-09
-4.596,0.999999885756,3.74865923493e-08,2.97070392188e-08,4.86869190578e-05,5.13871034613e-09,5.13871042717e-09
-4.584,0.999999881337,3.89364434155e-08,3.10924545555e-08,4.99187701568e-05,5.40202310662e-09,5.40202308173e-09
-4.572,0.999999876748,4.04423696664e-08,3.25422757227e-08,5.11817874352e-05,5.67882757485e-09,5.67882752695e-09
-4.56,0.999999871981,4.20065399508e-08,3.40594861408e-08,5.24767593438e-05,5.96981497569e-09,5.96981501982e-09
-4.548,0.99999986703,4.36312068226e-08,3.56472065571e-08,5.38044942338e-05,6.27571222767e-09,6.27571222078e-09
-4.536,0.999999861887,4.53187102034e-08,3.7308702053e-08,5.51658209594e-05,6.59728305319e-09,6.59728302994e-09
-4.524,0.999999856545,4.70714803307e-08,3.90473879548e-08,5.65615892957e-05,6.93533047658e-09,6.93533047134e-09
-4.512,0.999999850997,4.88920414937e-08,4.08668371296e-08,5.79926705243e-05,7.29069871142e-09,7.29069871001e-09
-4.5,0.999999845234,5.07830156808e-08,4.27707872334e-08,5.94599579781e-05,7.66427510346e-09,7.66427515992e-09
-4.488,0.999999839248,5.27471260747e-08,4.47631477817e-08,6.09643675367e-05,8.05699279516e-09,8.05699268311e-09
-4.476,0.999999833031,5.47872014789e-08,4.68480089095e-08,6.25068383083e-05,8.46983200242e-09,8.46983194662e-09
-4.464,0.999999826573,5.6906179883e-08,4.90296487569e-08,6.40883331044e-05,8.90382373386e-09,8.90382384128e-09
-4.452,0.999999819865,5.91071129783e-08,5.13125425883e-08,6.57098391017e-05,9.36005206675e-09,9.36005207082e-09
-4.44,0.999999812898,6.13931705682e-08,5.37013718495e-08,6.73723684605e-05,9.83965592338e-09,9.83965585768e-09
-4.428,0.999999805662,6.37676447923e-08,5.62010330027e-08,6.90769588849e-05,1.03438326793e-08,1.03438327659e-08
-4.416,0.999999798146,6.62339554789e-08,5.88166484731e-08,7.08246743964e-05,1.08738417715e-08,1.08738417263e-08
-4.404,0.999999790339,6.87956544547e-08,6.15535758753e-08,7.26166058703e-05,1.14310061416e-08,1.14310061416e-08
-4.392,0.99999978223,7.14564310038e-08,6.44174194066e-08,7.44538717868e-05,1.20167172324e-08,1.20167172096e-08
-4.38,0.999999773807,7.42201171995e-08,6.74140411623e-08,7.63376189304e-05,1.26324373739e-08,1.2632437396e-08
-4.368,0.999999765059,7.70906930114e-08,7.054957217e-08,7.82690230254e-05,1.32797040586e-08,1.32797040584e-08
-4.356,0.999999755972,8.00722927757e-08,7.38304260653e-08,8.02492896117e-05,1.39601333826e-08,1.39601333293e-08
-4.344,0.999999746534,8.31692104054e-08,7.72633106128e-08,8.22796546526e-05,1.46754240427e-08,1.4675424101e-08
-4.332,0.99999973673,8.63859059903e-08,8.08552419371e-08,8.43613853853e-05,1.54273622766e-08,1.54273622916e-08
-4.32,0.999999726548,8.9727012242e-08,8.46135586522e-08,8.64957811137e-05,1.62178251939e-08,1.62178253034e-08
-4.308,0.999999715972,9.31973406688e-08,8.85459356404e-08,8.86841739281e-05,1.70487866602e-08,1.70487866726e-08
-4.296,0.999999704987,9.68018893974e-08,9.26604011293e-08,9.09279296967e-05,1.79223210717e-08,1.79223210548e-08
-4.284,0.999999693577,1.00545849472e-07,9.69653510745e-08,9.32284487548e-05,1.88406092949e-08,1.88406093391e-08
-4.272,0.999999681725,1.04434612832e-07,1.01469566927e-07,9.55871668678e-05,1.9805944218e-08,1.98059441241e-08
-4.26,0.999999669416,1.08473780106e-07,1.06182233272e-07,9.80055561297e-05,2.08207354691e-08,2.08207354392e-08
-4.248,0.99999965663,1.12669168074e-07,1.11112955029e-07,0.000100485125777,2.1887516688e-08,2.1887516714e-08
-4.236,0.999999643349,1.17026819126e-07,1.16271778764e-07,0.000103027423314,2.30089511888e-08,2.30089511759e-08
-4.224,0.999999629555,1.21553008875e-07,1.21669210644e-07,0.000105634035291,2.41878383989e-08,2.41878384147e-08
-4.212,0.999999615228,1.26254255803e-07,1.27316238609e-07,0.000108306588396,2.54271212974e-08,2.54271214106e-08
-4.2,0.999999600346,1.31137330681e-07,1.33224354382e-07,0.000111046750474,2.67298939094e-08,2.67298938773e-08
-4.188,0.999999584889,1.36209265594e-07,1.39405574928e-07,0.000113856231446,2.80994080226e-08,2.80994079236e-08
-4.176,0.999999568834,1.41477365373e-07,1.45872469058e-07,0.000116736784586,2.95390824023e-08,2.95390822642e-08
-4.164,0.999999552158,1.46949216844e-07,1.52638179908e-07,0.000119690207409,3.10525106184e-08,3.10525106489e-08
-4.152,0.999999534837,1.52632700283e-07,1.59716452172e-07,0.000122718342873,3.26434708708e-08,3.26434708652e-08
-4.14,0.999999516846,1.58536001163e-07,1.67121660306e-07,0.000125823080592,3.43159341498e-08,3.4315934192e-08
-4.128,0.999999498159,1.64667620817e-07,1.74868834781e-07,0.000129006357837,3.60740751715e-08,3.60740752125e-08
-4.116,0.99999947875,1.71036390253e-07,1.8297369525e-07,0.000132270160983,3.79222823699e-08,3.79222823513e-08
-4.104,0.99999945859,1.77651481318e-07,1.91452678535e-07,0.000135616526509,3.98651686107e-08,3.98651686903e-08
-4.092,0.99999943765,1.84522420857e-07,2.00322973256e-07,0.000139047542412,4.19075835145e-08,4.19075835489e-08
-4.08,0.9999994159,1.91659104486e-07,2.09602554086e-07,0.00014256534951,4.40546245595e-08,4.40546245802e-08
-4.068,0.999999393309,1.99071809727e-07,2.19310214995e-07,0.000146172142617,4.6311650459e-08,4.63116503848e-08
-4.056,0.999999369844,2.06771212652e-07,2.29465610492e-07,0.000149870172167,4.86842939851e-08,4.8684294029e-08
-4.044,0.999999345472,2.1476840139e-07,2.40089290511e-07,0.000153661745359,5.11784768453e-08,5.1178476925e-08
-4.032,0.999999320157,2.2307489323e-07,2.51202743572e-07,0.000157549227744,5.38004237272e-08,5.38004236915e-08
-4.02,0.999999293864,2.31702651285e-07,2.62828439483e-07,0.000161535044711,5.65566776189e-08,5.65566776771e-08
-4.008,0.999999266553,2.40664100362e-07,2.74989870758e-07,0.000165621682811,5.94541171295e-08,5.94541171469e-08
-3.996,0.999999238185,2.49972147091e-07,2.8771160402e-07,0.000169811691603,6.24999726972e-08,6.24999726295e-08
-3.984,0.999999208721,2.59640196243e-07,3.01019323465e-07,0.000174107684942,6.57018447425e-08,6.57018447295e-08
-3.972,0.999999178117,2.69682171421e-07,3.14939884638e-07,0.000178512342786,6.90677232074e-08,6.90677231964e-08
-3.96,0.99999914633,2.80112535191e-07,3.29501367632e-07,0.000183028412868,7.26060068734e-08,7.26060068444e-08
-3.948,0.999999113313,2.9094630828e-07,3.44733128676e-07,0.000187658712206,7.63255243452e-08,7.63255243232e-08
-3.936,0.999999079019,3.02199093898e-07,3.60665864173e-07,0.000192406129184,8.02355564211e-08,8.02355563772e-08
-3.924,0.999999043398,3.13887097479e-07,3.77331664817e-07,0.000197273625018,8.43458587418e-08,8.43458587017e-08
-3.912,0.9999990064,3.26027151683e-07,3.94764082573e-07,0.000202264235794,8.86666864375e-08,8.86666864111e-08
-3.9,0.999998967971,3.38636740742e-07,4.12998196919e-07,0.000207381074371,9.32088196071e-08,9.32088195987e-08
-3.888,0.999998928056,3.5173402366e-07,4.3207067907e-07,0.000212627332082,9.79835899084e-08,9.79835899874e-08
-3.876,0.999998886597,3.65337863626e-07,4.5201987172e-07,0.000218006281098,1.03002909424e-07,1.03002909491e-07
-3.864,0.999998843535,3.79467851873e-07,4.72885856392e-07,0.000223521276078,1.08279299527e-07,1.08279299539e-07
-3.852,0.999998798807,3.94144337903e-07,4.94710536821e-07,0.000229175756488,1.13825922465e-07,1.13825922471e-07
-3.84,0.999998752349,4.09388458926e-07,5.17537721399e-07,0.000234973248745,1.19656614228e-07,1.19656614334e-07
-3.828,0.999998704094,4.25222167899e-07,5.41413203093e-07,0.00024091736815,1.25785919125e-07,1.25785919068e-07
-3.816,0.999998653973,4.4166826909e-07,5.66384858684e-07,0.000247011821562,1.3222912526e-07,1.32229125157e-07
-3.804,0.999998601913,4.58750446919e-07,5.92502732552e-07,0.000253260409266,1.39002303223e-07,1.39002303248e-07
-3.792,0.99999854784,4.76493302499e-07,6.19819140424e-07,0.000259667027596,1.46122346445e-07,1.46122346432e-07
-3.78,0.999998491676,4.94922389223e-07,6.48388771934e-07,0.000266235671369,1.53607012332e-07,1.53607012311e-07
-3.768,0.999998433339,5.14064246666e-07,6.78268790012e-07,0.000272970436067,1.61474966953e-07,1.61474966868e-07
-3.756,0.999998372746,5.33946443574e-07,7.09518954333e-07,0.000279875520861,1.69745831446e-07,1.69745831476e-07
-3.744,0.99999830981,5.54597612731e-07,7.4220172549e-07,0.000286955230738,1.78440231091e-07,1.7844023116e-07
-3.732,0.999998244439,5.7604749514e-07,7.76382394005e-07,0.000294213979459,1.87579846322e-07,1.8757984627e-07
-3.72,0.99999817654,5.98326983038e-07,8.12129207852e-07,0.000301656292316,1.97187466522e-07,1.97187466447e-07
-3.708,0.999998106015,6.21468160882e-07,8.49513495988e-07,0.000309286808606,2.07287046861e-07,2.07287046897e-07
-3.696,0.999998032762,6.45504357326e-07,8.88609821844e-07,0.000317110285053,2.17903768696e-07,2.17903768687e-07
-3.684,0.999997956677,6.70470187361e-07,9.29496112759e-07,0.000325131598207,2.29064100632e-07,2.29064100661e-07
-3.672,0.999997877648,6.96401605738e-07,9.72253820337e-07,0.000333355747807,2.40795865802e-07,2.4079586571e-07
-3.66,0.999997795563,7.2333595896e-07,1.0169680789e-06,0.000341787859887,2.53128309924e-07,2.5312831e-07
-3.648,0.999997710303,7.51312034839e-07,1.06372785896e-06,0.000350433189586,2.66092175183e-07,2.66092175147e-07
-3.636,0.999997621746,7.80370125324e-07,1.11262615792e-06,0.000359297125013,2.79719775453e-07,2.79719775553e-07
-3.624,0.999997529763,8.10552077454e-07,1.16376016085e-06,0.00036838518997,2.94045077787e-07,2.94045077819e-07
-3.612,0.999997434223,8.41901357931e-07,1.21723143963e-06,0.000377703047749,3.09103785678e-07,3.09103785736e-07
-3.6,0.999997334988,8.74463115984e-07,1.2731461498e-06,0.000387256504655,3.24933429052e-07,3.24933429076e-07
-3.588,0.999997231915,9.08284243274e-07,1.331615221e-06,0.000397051513178,3.41573456186e-07,3.41573456144e-07
-3.576,0.999997124855,9.43413449848e-07,1.39275459391e-06,0.000407094176376,3.59065332911e-07,3.59065332969e-07
-3.564,0.999997013655,9.7990132574e-07,1.45668541968e-06,0.000417390750944,3.77452645084e-07,3.77452645133e-07
-3.552,0.999996898154,1.01780041903e-06,1.52353430722e-06,0.00042794765152,3.9678120678e-07,3.9678120677e-07
-3.54,0.999996778186,1.05716531184e-06,1.59343356745e-06,0.000438771454668,4.17099174421e-07,4.17099174414e-07
-3.528,0.999996653577,1.09805269277e-06,1.6665214497e-06,0.000449868902465,4.38457165686e-07,4.38457165689e-07
-3.516,0.99999652415,1.1405214487e-06,1.74294243564e-06,0.000461246907458,4.60908386402e-07,4.6090838649e-07
-3.504,0.999996389716,1.18463273925e-06,1.82284748669e-06,0.000472912556145,4.845087615e-07,4.84508761551e-07
-3.492,0.999996250083,1.23045009119e-06,1.90639435083e-06,0.000484873113836,5.09317074182e-07,5.09317074201e-07
-3.48,0.99999610505,1.27803949027e-06,1.99374786552e-06,0.00049713602916,5.353951123e-07,5.35395112332e-07
-3.468,0.999995954408,1.32746946881e-06,2.08508025082e-06,0.000509708938128,5.62807820625e-07,5.62807820572e-07
-3.456,0.999995797939,1.37881121666e-06,2.18057147393e-06,0.000522599669739,5.91623463386e-07,5.91623463332e-07
-3.444,0.999995635418,1.43213867127e-06,2.28040955586e-06,0.000535816249907,6.21913792298e-07,6.21913792199e-07
-3.432,0.999995466612,1.48752863173e-06,2.38479095183e-06,0.000549366906971,6.53754225088e-07,6.53754225096e-07
-3.42,0.999995291277,1.54506086989e-06,2.49392092664e-06,0.00056326007679,6.87224033458e-07,6.87224033397e-07
-3.408,0.99999510916,1.60481823613e-06,2.60801391796e-06,0.000577504407329,7.22406536979e-07,7.22406536992e-07
-3.396,0.99999492,1.66688679363e-06,2.72729398807e-06,0.000592108765008,7.59389313265e-07,7.59389313285e-07
-3.384,0.999994723524,1.73135592713e-06,2.85199520375e-06,0.00060708223914,7.9826441185e-07,7.98264411752e-07
-3.372,0.99999451945,1.79831848091e-06,2.98236210747e-06,0.000622434148157,8.39128583618e-07,8.39128583567e-07
-3.36,0.999994307482,1.86787089301e-06,3.11865018244e-06,0.000638174045375,8.82083521336e-07,8.82083521423e-07
-3.348,0.999994087316,1.94011332319e-06,3.26112630224e-06,0.000654311724177,9.2723610956e-07,9.27236109529e-07
-3.336,0.999993858635,2.0151498152e-06,3.41006929049e-06,0.000670857225192,9.74698691369e-07,9.74698691446e-07
-3.324,0.99999362111,2.09308842827e-06,3.56577039083e-06,0.000687820841309,1.02458934498e-06,1.02458934504e-06
-3.312,0.999993374398,2.17404140388e-06,3.72853385036e-06,0.000705213124719,1.07703217672e-06,1.07703217675e-06
-3.3,0.999993118144,2.2581253281e-06,3.89867749515e-06,0.000723044893427,1.13215762898e-06,1.13215762886e-06
-3.288,0.999992851979,2.3454612862e-06,4.07653328652e-06,0.000741327237112,1.19010279975e-06,1.19010279982e-06
-3.276,0.99999257552,2.43617505882e-06,4.26244801366e-06,0.000760071525238,1.25101178744e-06,1.25101178747e-06
-3.264,0.999992288369,2.530397281e-06,4.45678387476e-06,0.000779289412725,1.31503604123e-06,1.31503604123e-06
-3.252,0.999991990112,2.62826364372e-06,4.65991919882e-06,0.000798992847903,1.38233473918e-06,1.38233473912e-06
-3.24,0.999991680319,2.72991509014e-06,4.87224915727e-06,0.000819194079868,1.4530751814e-06,1.4530751814e-06
-3.228,0.999991358545,2.83549800256e-06,5.09418645164e-06,0.000839905665108,1.52743320092e-06,1.52743320092e-06
-3.216,0.999991024326,2.94516443952e-06,5.32616216998e-06,0.000861140476663,1.60559360274e-06,1.60559360267e-06
-3.204,0.999990677181,3.05907232807e-06,5.56862650495e-06,0.000882911710531,1.68775061504e-06,1.687750615e-06
-3.192,0.99999031661,3.1773857074e-06,5.82204964587e-06,0.000905232894653,1.77410837232e-06,1.77410837237e-06
-3.18,0.999989942093,3.30027496605e-06,6.08692265805e-06,0.000928117897226,1.86488141962e-06,1.8648814196e-06
-3.168,0.999989553091,3.42791706798e-06,6.36375833204e-06,0.000951580934175,1.9602952373e-06,1.96029523729e-06
-3.156,0.999989149045,3.56049584006e-06,6.65309224495e-06,0.000975636579559,2.0605868048e-06,2.06058680487e-06
-3.144,0.999988729372,3.69820220083e-06,6.9554836345e-06,0.00100029977261,2.16600517766e-06,2.16600517763e-06
-3.132,0.999988293467,3.84123446204e-06,7.27151652401e-06,0.00102558582822,2.27681210624e-06,2.27681210631e-06
-3.12,0.999987840704,3.98979860298e-06,7.60180076608e-06,0.00105151044573,2.39328267998e-06,2.39328267993e-06
-3.108,0.999987370429,4.14410856704e-06,7.94697316961e-06,0.00107808971851,2.51570600357e-06,2.51570600359e-06
-3.096,0.999986881967,4.30438657393e-06,8.30769868937e-06,0.00110534014396,2.64438591147e-06,2.64438591144e-06
-3.084,0.999986374613,4.47086343537e-06,8.68467163766e-06,0.00113327863336,2.77964171397e-06,2.77964171392e-06
-3.072,0.999985847637,4.64377888973e-06,9.07861697036e-06,0.00116192252228,2.9218089842e-06,2.92180898416e-06
-3.06,0.999985300279,4.82338194731e-06,9.49029162025e-06,0.00119128958114,3.07124038368e-06,3.07124038376e-06
-3.048,0.999984731752,5.00993124605e-06,9.92048587744e-06,0.00122139802587,3.22830652949e-06,3.22830652949e-06
-3.036,0.999984141238,5.20369542912e-06,1.03700248565e-05,0.00125226652923,3.39339690569e-06,3.39339690574e-06
-3.024,0.999983527885,5.40495352596e-06,1.08397699874e-05,0.00128391423189,3.56692082032e-06,3.56692082041e-06
-3.012,0.99998289081,5.61399535764e-06,1.13306206035e-05,0.0013163607542,3.74930841124e-06,3.74930841131e-06
-3,0.999982229096,5.83112195367e-06,1.18435155825e-05,0.00134962620807,3.94101170237e-06,3.94101170235e-06
-2.988,0.99998154179,6.05664598255e-06,1.23794350482e-05,0.00138373120904,4.14250571246e-06,4.14250571244e-06
-2.976,0.999980827903,6.29089220698e-06,1.29394021728e-05,0.00141869688894,4.35428962209e-06,4.35428962219e-06
-2.964,0.999980086406,6.53419794607e-06,1.35244850193e-05,0.0014545449085,4.57688799693e-06,4.57688799688e-06
-2.952,0.999979316231,6.78691356411e-06,1.41357984908e-05,0.00149129747054,4.81085207321e-06,4.8108520732e-06
-2.94,0.99997851627,7.04940297502e-06,1.47745063524e-05,0.00152897733339,5.05676110979e-06,5.05676110988e-06
-2.928,0.99997768537,7.32204416255e-06,1.54418233242e-05,0.00156760782447,5.31522380559e-06,5.31522380548e-06
-2.916,0.999976822336,7.60522973054e-06,1.61390172993e-05,0.00160721285459,5.58687978996e-06,5.58687979001e-06
-2.904,0.999975925923,7.89936746178e-06,1.68674116082e-05,0.00164781693213,5.87240118827e-06,5.87240118821e-06
-2.892,0.999974994842,8.2048809086e-06,1.76283874167e-05,0.00168944517788,6.17249426421e-06,6.17249426422e-06
-2.88,0.999974027752,8.52221000282e-06,1.8423386211e-05,0.00173212334017,6.48790114782e-06,6.4879011478e-06
-2.868,0.99997302326,8.85181168437e-06,1.92539123695e-05,0.00177587781019,6.8194016461e-06,6.81940164605e-06
-2.856,0.99997197992,9.19416056657e-06,2.01215358886e-05,0.00182073563803,7.16781514931e-06,7.16781514929e-06
-2.844,0.99997089623,9.54974961146e-06,2.10278951635e-05,0.00186672454867,7.53400262837e-06,7.53400262839e-06
-2.832,0.999969770628,9.91909084384e-06,2.19746999335e-05,0.0019138729587,7.91886873558e-06,7.91886873563e-06
-2.82,0.999968601494,1.03027160884e-05,2.29637343328e-05,0.00196220999332,8.32336400963e-06,8.32336400963e-06
-2.808,0.999967387145,1.07011777296e-05,2.39968600475e-05,0.00201176550356,8.74848718901e-06,8.74848718906e-06
-2.796,0.999966125833,1.11150495155e-05,2.50760196591e-05,0.00206257008436,9.19528764631e-06,9.19528764634e-06
-2.784,0.99996481574,1.15449273747e-05,2.62032400582e-05,0.00211465509252,9.66486793802e-06,9.66486793789e-06
-2.772,0.999963454981,1.19914302787e-05,2.73806360552e-05,0.00216805266552,1.01583864859e-05,1.0158386486e-05
-2.76,0.999962041597,1.24552011329e-05,2.86104141203e-05,0.00222279574059,1.06770603929e-05,1.0677060393e-05
-2.748,0.999960573551,1.29369076957e-05,2.9894876256e-05,0.00227891807409,1.12221683947e-05,1.12221683946e-05
-2.736,0.999959048732,1.34372435491e-05,3.12364240914e-05,0.00233645426185,1.17950539651e-05,1.17950539651e-05
-2.724,0.999957464942,1.39569290867e-05,3.26375630663e-05,0.00239543975928,1.2397128571e-05,1.2397128571e-05
-2.712,0.999955819903,1.44967125556e-05,3.41009068521e-05,0.0024559109025,1.30298750922e-05,1.30298750922e-05
-2.7,0.999954111244,1.50573711335e-05,3.56291819325e-05,0.00251790492984,1.36948514116e-05,1.36948514115e-05
-2.688,0.999952336507,1.56397120394e-05,3.72252323421e-05,0.00258146000348,1.43936941806e-05,1.43936941807e-05
-2.676,0.999950493135,1.62445737068e-05,3.88920246774e-05,0.00264661523235,1.51281227792e-05,1.51281227792e-05
-2.664,0.999948578476,1.68728269771e-05,4.06326532152e-05,0.00271341069463,1.58999434627e-05,1.58999434628e-05
-2.652,0.999946589772,1.75253763597e-05,4.24503453186e-05,0.00278188746153,1.67110537233e-05,1.67110537233e-05
-2.64,0.999944524161,1.82031613331e-05,4.43484670376e-05,0.00285208762131,1.75634468632e-05,1.75634468632e-05
-2.628,0.999942378668,1.89071576871e-05,4.63305289001e-05,0.0029240543036,1.84592167936e-05,1.84592167936e-05
-2.616,0.999940150204,1.96383789408e-05,4.8400192035e-05,0.00299783170501,1.94005630778e-05,1.94005630778e-05
-2.604,0.999937835562,2.03978777849e-05,5.05612744222e-05,0.00307346511439,2.03897962138e-05,2.03897962138e-05
-2.592,0.99993543141,2.11867476041e-05,5.2817757495e-05,0.0031510009394,2.14293431866e-05,2.14293431866e-05
-2.58,0.999932934286,2.20061240496e-05,5.5173792975e-05,0.00323048673345,2.25217532917e-05,2.25217532918e-05
-2.568,0.999930340595,2.28571866606e-05,5.76337099379e-05,0.00331197122287,2.36697042423e-05,2.36697042423e-05
-2.556,0.999927646604,2.37411605785e-05,6.02020222829e-05,0.00339550433562,2.48760085863e-05,2.48760085863e-05
-2.544,0.999924848436,2.46593182889e-05,6.28834363531e-05,0.00348113722947,2.61436204281e-05,2.6143620428e-05
-2.532,0.999921942061,2.56129814615e-05,6.56828589825e-05,0.00356892232176,2.74756424898e-05,2.74756424898e-05
-2.52,0.999918923296,2.660352285e-05,6.86054058249e-05,0.00365891331947,2.88753335179e-05,2.88753335179e-05
-2.508,0.999915787796,2.76323682516e-05,7.1656409959e-05,0.0037511652496,3.03461160451e-05,3.03461160451e-05
-2.496,0.999912531049,2.87009985775e-05,7.48414309845e-05,0.00384573449117,3.18915845492e-05,3.18915845492e-05
-2.484,0.999909148365,2.98109519582e-05,7.81662642944e-05,0.00394267880674,3.35155139922e-05,3.35155139922e-05
-2.472,0.999905634877,3.0963825966e-05,8.16369508675e-05,0.00404205737558,3.52218687918e-05,3.52218687918e-05
-2.46,0.999901985528,3.21612799105e-05,8.52597873967e-05,0.00414393082718,3.70148122263e-05,3.70148122262e-05
-2.448,0.999898195065,3.34050372058e-05,8.90413367496e-05,0.00424836127516,3.88987162908e-05,3.88987162909e-05
-2.436,0.999894258033,3.46968878715e-05,9.29884390226e-05,0.00435541235288,4.08781720527e-05,4.08781720527e-05
-2.424,0.999890168766,3.60386910765e-05,9.71082228042e-05,0.00446514924858,4.29580004861e-05,4.29580004862e-05
-2.412,0.999885921379,3.74323778231e-05,0.000101408117065,0.00457763874225,4.51432638538e-05,4.51432638539e-05
-2.4,0.99988150976,3.88799537203e-05,0.000105895863448,0.00469294924295,4.74392776323e-05,4.74392776322e-05
-2.388,0.99987692756,4.03835018425e-05,0.000110579528964,0.00481115082648,4.98516230079e-05,4.98516230078e-05
-2.376,0.999872168186,4.19451857514e-05,0.000115467519392,0.00493231527498,5.23861599988e-05,5.23861599988e-05
-2.364,0.999867224789,4.35672525669e-05,0.000120568592933,0.00505651611593,5.5049041183e-05,5.50490411831e-05
-2.352,0.999862090256,4.52520362102e-05,0.000125891874616,0.0051838286631,5.78467261106e-05,5.78467261107e-05
-2.34,0.9998567572,4.70019607521e-05,0.000131446871182,0.00531433005792,6.07859964019e-05,6.07859964018e-05
-2.328,0.999851217948,4.88195438658e-05,0.000137243486447,0.00544809931128,6.38739715609e-05,6.38739715611e-05
-2.316,0.99984546453,5.07074004758e-05,0.000143292037526,0.00558521734736,6.7118125576e-05,6.71181255762e-05
-2.304,0.99983948867,5.26682464666e-05,0.00014960327133,0.00572576704681,7.05263042783e-05,7.05263042783e-05
-2.292,0.99983328177,5.47049025977e-05,0.000156188381991,0.00586983329209,7.41067435593e-05,7.41067435595e-05
-2.28,0.999826834903,5.68202985472e-05,0.000163059028839,0.0060175030132,7.78680884501e-05,7.786808845e-05
-2.268,0.999820138795,5.901747708e-05,0.000170227354953,0.00616886523381,8.18194130905e-05,8.18194130907e-05
-2.256,0.999813183814,6.12995984535e-05,0.000177706006739,0.00632401111972,8.59702416883e-05,8.59702416885e-05
-2.244,0.999805959957,6.36699448938e-05,0.00018550815384,0.00648303402646,9.03305704228e-05,9.03305704229e-05
-2.232,0.999798456835,6.61319253224e-05,0.00019364751013,0.00664602954922,9.49108904235e-05,9.49108904236e-05
-2.22,0.999790663659,6.86890802367e-05,0.000202138355391,0.00681309557329,9.97222118214e-05,9.97222118212e-05
-2.208,0.99978256922,7.13450867408e-05,0.000210995557642,0.00698433232473,0.000104776088914,0.000104776088914
-2.196,0.999774161881,7.41037638622e-05,0.000220234596712,0.00715984242373,0.000110084646562,0.000110084646562
-2.184,0.999765429552,7.69690779545e-05,0.000229871588188,0.00733973093682,0.00011566060776,0.000115660607761
-2.172,0.99975635968,7.99451484005e-05,0.000239923308658,0.00752410543168,0.000121517322551,0.000121517322552
-2.16,0.999746939225,8.30362535009e-05,0.000250407221752,0.00771307603243,0.000127668798266,0.000127668798266
-2.148,0.999737154645,8.6246836544e-05,0.000261341504965,0.00790675547514,0.000134129731152,0.000134129731152
-2.136,0.999726991876,8.958151222e-05,0.00027274507794,0.00810525916612,0.000140915539525,0.000140915539526
-2.124,0.999716436311,9.30450731378e-05,0.000284637631193,0.00830870523905,0.000148042398385,0.000148042398385
-2.112,0.999705472781,9.66424967041e-05,0.000297039656371,0.00851721461477,0.000155527275681,0.000155527275682
-2.1,0.999694085531,0.000100378952225,0.000309972477445,0.00873091106152,0.000163387970229,0.000163387970229
-2.088,0.999682258198,0.000104259808227,0.000323458282814,0.00894992125538,0.000171643151339,0.000171643151339
-2.076,0.999669973791,0.000108290640189,0.000337520159149,0.00917437484372,0.000180312400323,0.000180312400323
-2.064,0.99965721466,0.000112477238401,0.000352182125719,0.00940440450714,0.000189416253802,0.000189416253802
-2.052,0.999643962479,0.000116825616257,0.000367469170549,0.00964014602435,0.000198976249059,0.00019897624906
-2.04,0.999630198214,0.000121342018816,0.000383407287653,0.00988173833741,0.000209014971406,0.000209014971406
-2.028,0.999615902098,0.000126032931622,0.000400023515325,0.0101293236171,0.000219556103657,0.000219556103657
-2.016,0.999601053603,0.000130905090024,0.000417345976493,0.0103830473312,0.000230624477914,0.000230624477914
-2.004,0.999585631409,0.000135965488649,0.000435403919601,0.0106430583117,0.000242246129548,0.000242246129548
-1.992,0.999569613378,0.000141221391383,0.000454227761638,0.0109095088241,0.00025444835368,0.000254448353681
-1.98,0.999552976517,0.000146680341691,0.000473849132431,0.0111825546378,0.000267259764132,0.000267259764132
-1.968,0.999535696951,0.000152350173239,0.000494300920138,0.0114623550961,0.000280710354937,0.000280710354938
-1.956,0.999517749883,0.000158239021115,0.000515617319169,0.0117490731893,0.000294831564664,0.000294831564664
-1.944,0.999499109566,0.000164355333232,0.000537833878683,0.0120428756263,0.000309656343415,0.000309656343416
-1.932,0.999479749259,0.000170707882349,0.0005609875536,0.0123439329088,0.000325219222855,0.000325219222856
-1.92,0.999459641195,0.000177305778488,0.000585116757052,0.0126524194056,0.000341556389225,0.000341556389225
-1.908,0.99943875654,0.000184158481714,0.00061026141422,0.0129685134276,0.000358705759458,0.000358705759459
-1.896,0.99941706535,0.00019127581564,0.00063646301899,0.0132923973046,0.000376707060689,0.00037670706069
-1.884,0.999394536532,0.000198667981137,0.000663764691227,0.013624257461,0.000395601912976,0.000395601912977
-1.872,0.999371137799,0.000206345570797,0.000692211236979,0.0139642844942,0.000415433915668,0.00041543391567
-1.86,0.999346835623,0.000214319583857,0.000721849210313,0.0143126732525,0.00043624873736,0.000436248737359
-1.848,0.999321595191,0.000222601441564,0.000752726976704,0.0146696229134,0.000458094209539,0.000458094209541
-1.836,0.999295380351,0.000231203003406,0.000784894779722,0.0150353370641,0.000481020424307,0.000481020424308
-1.824,0.999268153566,0.00024013658358,0.000818404808322,0.0154100237804,0.000505079835899,0.0005050798359
-1.812,0.999239875861,0.000249414968371,0.000853311267544,0.0157938957075,0.000530327366558,0.00053032736656
-1.8,0.999210506765,0.000259051434064,0.000889670451038,0.0161871701411,0.000556820516643,0.000556820516642
-1.788,0.999180004256,0.000269059765401,0.000927540815318,0.0165900691076,0.000584619479102,0.000584619479105
-1.776,0.999148324704,0.000279454275052,0.000966983057813,0.0170028194473,0.000613787258752,0.000613787258753
-1.764,0.999115422806,0.000290249823379,0.00100806019551,0.0174256528941,0.000644389796008,0.000644389796009
-1.752,0.999081251528,0.000301461839276,0.00105083764751,0.0178588061584,0.000676496095722,0.000676496095726
-1.74,0.999045762034,0.000313106341652,0.00109538331959,0.0183025210095,0.000710178360961,0.00071017836096
-1.728,0.999008903623,0.000325199961546,0.00114176769067,0.0187570443552,0.000745512131849,0.000745512131853
-1.716,0.998970623655,0.000337759965467,0.00119006390365,0.0192226283265,0.000782576430011,0.000782576430013
-1.704,0.998930867478,0.000350804279058,0.00124034785669,0.0196995303563,0.000821453908122,0.000821453908124
-1.692,0.998889578356,0.000364351512051,0.00129269829905,0.020188013262,0.000862231005354,0.000862231005359
-1.68,0.998846697385,0.000378420983983,0.00134719692904,0.020688345326,0.000904998108482,0.00090499810848
-1.668,0.998802163416,0.000393032750644,0.00140392849403,0.0212008003743,0.000949849718752,0.000949849718758
-1.656,0.998755912969,0.000408207631995,0.00146298089541,0.0217256578582,0.000996884625142,0.000996884625144
-1.644,0.998707880147,0.00042396724045,0.00152444529392,0.0222632029305,0.00104620608335,0.00104620608335
-1.632,0.998657996541,0.000440334010693,0.00158841621994,0.0228137265237,0.00109792200147,0.00109792200148
-1.62,0.998606191141,0.000457331230381,0.00165499168625,0.0233775254271,0.00115214513195,0.00115214513195
-1.608,0.99855239024,0.000474983071723,0.00172427330277,0.0239549023597,0.00120899327001,0.00120899327002
-1.596,0.998496517325,0.000493314624769,0.00179636639693,0.0245461660463,0.00126858945908,0.00126858945908
-1.584,0.998438492983,0.000512351931144,0.00187138013415,0.0251516312867,0.00133106220259,0.0013310622026
-1.572,0.998378234787,0.000532122019571,0.00194942764392,0.0257716190271,0.00139654568305,0.00139654568306
-1.56,0.998315657184,0.000552652942439,0.00203062614826,0.026406456428,0.00146517998792,0.00146517998792
-1.548,0.998250671382,0.000573973813382,0.00211509709242,0.0270564769283,0.00153711134246,0.00153711134247
-1.536,0.998183185229,0.000596114846886,0.00220296628162,0.0277220203107,0.0016124923501,0.0016124923501
-1.524,0.998113103089,0.000619107398377,0.00229436401759,0.0284034327597,0.0016914822395,0.00169148223951
-1.512,0.998040325714,0.000642984006418,0.00238942524132,0.0291010669206,0.00177424711929,0.00177424711931
-1.5,0.997964750109,0.00066777843612,0.00248828967811,0.0298152819532,0.0018609602399,0.00186096023989
-1.488,0.997886269397,0.000693525723708,0.00259110198476,0.0305464435818,0.00195180226243,0.00195180226245
-1.476,0.997804772677,0.000720262223473,0.00269801190347,0.0312949241441,0.00204696153548,0.00204696153549
-1.464,0.997720144876,0.000748025655234,0.00280917441486,0.0320611026315,0.00214663437833,0.00214663437833
-1.452,0.997632266595,0.000776855154278,0.00292474989782,0.03284536473,0.00225102537196,0.00225102537198
-1.44,0.997541013956,0.00080679132268,0.00304490429143,0.0336481028533,0.00236034765703,0.00236034765702
-1.428,0.997446258438,0.00083787628194,0.00316980925888,0.0344697161707,0.00247482323845,0.00247482323847
-1.416,0.997347866705,0.000870153728391,0.0032996423584,0.0353106106334,0.00259468329768,0.00259468329769
-1.404,0.997245700438,0.000903668989156,0.00343458721279,0.0361711989899,0.00272016851068,0.00272016851069
-1.392,0.997139616154,0.000938469080959,0.00357483368596,0.0370519007995,0.00285152937321,0.00285152937324
-1.38,0.997029465018,0.000974602770506,0.00372057806135,0.0379531424381,0.00298902653208,0.00298902653207
-1.368,0.996915092657,0.00101212063634,0.00387202322184,0.0388753570956,0.00313293112209,0.00313293112212
-1.356,0.996796338957,0.00105107513387,0.00402937883701,0.0398189847701,0.00328352510951,0.00328352510953
-1.344,0.996673037862,0.00109152066102,0.00419286154797,0.0407844722494,0.00344110163986,0.00344110163988
-1.332,0.996545017164,0.00113351362704,0.00436269515947,0.0417722730892,0.00360596539144,0.00360596539148
-1.32,0.996412098285,0.00117711252315,0.00453911083322,0.0427828475801,0.00377843293311,0.0037784329331
-1.308,0.996274096054,0.00122237799479,0.00472234728204,0.0438166627055,0.0039588330857,0.00395883308574
-1.296,0.996130818475,0.00126937291745,0.00491265097145,0.0448741920932,0.00414750728786,0.00414750728788
-1.284,0.995982066491,0.0013181624731,0.00511027631749,0.0459559159528,0.00434480996356,0.00434480996357
-1.272,0.995827633737,0.00136881423026,0.00531548589176,0.0470623210066,0.0045511088928,0.00455110889285
-1.26,0.995667306288,0.00142139822598,0.00552855062677,0.0481939004077,0.00476678558355,0.00476678558353
-1.248,0.995500862403,0.00147598704955,0.005749750021,0.0493511536462,0.0049922356439,0.00499223564395
-1.236,0.995328072248,0.00153265593034,0.00597937235133,0.0505345864467,0.00522786915537,0.0052278691554
-1.224,0.995148697632,0.00159148282598,0.00621771487978,0.051744710649,0.00547411104379,0.00547411104381
-1.212,0.994962491716,0.00165254851467,0.00646508406716,0.0529820440797,0.00573140144933,0.0057314014494
-1.2,0.994769198722,0.00171593668961,0.00672179578566,0.0542471104088,0.00600019609333,0.0060001960933
-1.188,0.99456855364,0.00178173405497,0.00698817552971,0.055540438991,0.00628096664041,0.00628096664048
-1.176,0.994360281912,0.00185003042666,0.00726455863349,0.056862564696,0.0065742010568,0.00657420105683
-1.164,0.994144099124,0.00192091883304,0.00755129048057,0.0582140277192,0.00688040396057,0.0068804039606
-1.152,0.993919710676,0.00199449562032,0.00784872671962,0.0595953733809,0.00720009696544,0.00720009696553
-1.14,0.993686811452,0.00207086055989,0.00815723347704,0.0610071519064,0.00753381901501,0.00753381901497
-1.128,0.993445085481,0.00215011695729,0.00847718756607,0.06244991819,0.00788212670592,0.00788212670602
-1.116,0.993194205583,0.00223237176628,0.00880897670122,0.0639242315433,0.00824559460041,0.00824559460045
-1.104,0.992933833015,0.00231773570248,0.00915299970201,0.0654306554226,0.00862481552348,0.00862481552352
-1.092,0.992663617104,0.00240632336198,0.00950966670138,0.06696975714,0.00902040084624,0.00902040084636
-1.08,0.992383194871,0.0024982533418,0.00987939934856,0.0685421075554,0.00943298075174,0.00943298075169
-1.068,0.99209219065,0.00259364836169,0.0102626310056,0.070148280747,0.00986320448165,0.00986320448178
-1.056,0.991790215697,0.00269263539135,0.0106598069478,0.0717888536647,0.0103117405638,0.0103117405638
-1.044,0.991476867787,0.0027953457765,0.0110713845492,0.0734644057596,0.0107792770153,0.0107792770154
-1.032,0.991151730811,0.00290191537025,0.0114978334714,0.0751755185951,0.0112665215237,0.0112665215238
-1.02,0.990814374359,0.00301248466571,0.0119396358432,0.0769227754351,0.0117742015996,0.0117742015995
-1.008,0.990464353301,0.00312719892972,0.0123972864305,0.0787067608096,0.0123030647026,0.0123030647028
-0.996,0.990101207347,0.00324620834185,0.0128712928073,0.0805280600595,0.0128538783365,0.0128538783366
-0.984,0.989724460623,0.00336966813144,0.0133621755086,0.0823872588571,0.0134274301116,0.0134274301116
-0.972,0.989333621219,0.00349773871975,0.0138704681819,0.0842849427038,0.0140245277729,0.0140245277731
-0.96,0.988928180741,0.00363058586279,0.0143967177267,0.086221696404,0.0146459991927,0.0146459991926
-0.948,0.988507613857,0.00376838079428,0.0149414844197,0.088198103516,0.0152926923219,0.0152926923221
-0.936,0.988071377831,0.00391130037377,0.0155053420382,0.0902147457772,0.0159654751041,0.0159654751042
-0.924,0.987618912064,0.00405952723133,0.0160888779587,0.0922722025067,0.0166652353436,0.0166652353437
-0.912,0.987149637618,0.00421324991699,0.0166926932519,0.094371049982,0.0173928805302,0.0173928805305
-0.9,0.986662956744,0.00437266304959,0.01731740276,0.0965118607914,0.0181493376168,0.0181493376167
-0.888,0.986158252407,0.00453796746464,0.0179636351551,0.0986952031634,0.0189355527469,0.0189355527471
-0.876,0.985634887803,0.00470937036643,0.01863203299,0.100921640268,0.0197524909326,0.0197524909327
-0.864,0.985092205887,0.00488708547496,0.0193232527201,0.103191729497,0.020601135678,0.0206011356781
-0.852,0.984529528884,0.00507133317657,0.0200379647154,0.105506021719,0.0214824885488,0.0214824885491
-0.84,0.983946157816,0.00526234067221,0.0207768532497,0.107865060508,0.0223975686843,0.0223975686842
-0.828,0.983341372027,0.0054603421229,0.0215406164648,0.110269381352,0.0233474122506,0.023347412251
-0.816,0.9827144287,0.00566557879805,0.022329966321,0.112719510833,0.0243330718344,0.0243330718346
-0.804,0.982064562399,0.00587829921596,0.0231456285128,0.115215965792,0.025355615773,0.0253556157731
-0.792,0.981390984602,0.00609875928638,0.023988342369,0.117759252462,0.0264161274213,0.0264161274217
-0.78,0.980692883241,0.00632722244825,0.0248588607214,0.120349865585,0.0275157043534,0.0275157043532
-0.768,0.979969422268,0.00656395980189,0.0257579497444,0.122988287512,0.0286554574956,0.028655457496
-0.756,0.979219741207,0.00680925024189,0.0266863887721,0.12567498727,0.029836510192,0.0298365101921
-0.744,0.978442954742,0.00706338057879,0.0276449700751,0.128410419625,0.031059997198,0.0310599971982
-0.732,0.977638152306,0.00732664566015,0.0286344986127,0.131195024116,0.0323270636028,0.0323270636033
-0.72,0.976804397691,0.00759934848347,0.0296557917487,0.134029224075,0.0336388636765,0.0336388636763
-0.708,0.975940728684,0.0078818002999,0.0307096789289,0.136913425637,0.034996559642,0.0349965596425
-0.696,0.97504615671,0.00817432071549,0.0317970013291,0.139848016726,0.0364013203685,0.0364013203686
-0.684,0.974119666515,0.00847723777678,0.0329186114558,0.142833366038,0.0378543199853,0.0378543199854
-0.672,0.973160215869,0.00879088805209,0.0340753727138,0.145869822003,0.0393567364125,0.039356736413
-0.66,0.972166735295,0.00911561670027,0.0352681589296,0.148957711747,0.040909749807,0.0409097498067
-0.648,0.971138127844,0.00945177752553,0.0364978538298,0.152097340045,0.0425145409205,0.0425145409211
-0.636,0.970073268886,0.00979973302529,0.0377653504804,0.155288988257,0.0441722893656,0.0441722893657
-0.624,0.968971005967,0.0101598544171,0.0390715506726,0.158532913281,0.0458841717873,0.0458841717874
-0.612,0.967830158683,0.0105325216564,0.0404173642668,0.161829346482,0.0476513599353,0.0476513599358
-0.6,0.966649518614,0.0109181234355,0.041803708484,0.165178492641,0.0494750186316,0.0494750186312
-0.588,0.965427849316,0.011317057164,0.0432315071467,0.1685805289,0.0513563036301,0.0513563036306
-0.576,0.964163886343,0.0117297289354,0.0447016898692,0.172035603701,0.0532963593579,0.0532963593581
-0.564,0.962856337352,0.0121565534669,0.0462151911917,0.175543835761,0.0552963165378,0.055296316538
-0.552,0.961503882259,0.0125979540237,0.0477729496606,0.179105313031,0.057357289678,0.0573572896785
-0.54,0.96010517346,0.013054362318,0.0493759068526,0.182720091679,0.0594803744238,0.0594803744234
-0.528,0.958658836134,0.0135262183822,0.0510250063394,0.186388195099,0.0616666447635,0.0616666447641
-0.516,0.957163468604,0.0140139704217,0.0527211925951,0.190109612917,0.0639171500707,0.0639171500709
-0.504,0.9556176428,0.0145180746335,0.0544654098429,0.193884300043,0.0662329119827,0.0662329119829
-0.492,0.954019904791,0.015038995002,0.0562586008399,0.197712175734,0.0686149210917,0.0686149210923
-0.48,0.952368775411,0.015577203062,0.058101705601,0.201593122685,0.0710641334414,0.0710641334408
-0.468,0.950662750993,0.0161331776282,0.0599956600601,0.205526986165,0.0735814668148,0.0735814668154
-0.456,0.948900304174,0.0167074044964,0.0619413946654,0.209513573161,0.0761677967902,0.0761677967904
-0.444,0.947079884843,0.0173003761033,0.0639398329147,0.213552651592,0.0788239525611,0.0788239525613
-0.432,0.945199921166,0.0179125911552,0.0659918898229,0.217643949532,0.0815507124906,0.0815507124912
-0.42,0.943258820745,0.0185445542154,0.068098470326,0.221787154497,0.0843487993887,0.084348799388
-0.408,0.941254971894,0.0191967752525,0.0702604676234,0.225981912776,0.0872188754954,0.087218875496
-0.396,0.939186745034,0.0198697691495,0.0724787614489,0.230227828791,0.0901615371398,0.0901615371399
-0.384,0.937052494225,0.020564055167,0.0747542162871,0.234524464536,0.0931773090736,0.0931773090737
-0.372,0.934850558829,0.0212801563655,0.0770876795192,0.238871339055,0.0962666384423,0.0962666384429
-0.36,0.932579265309,0.0220185989807,0.0794799795089,0.243267927974,0.0994298883853,0.0994298883845
-0.348,0.930236929183,0.0227799117524,0.0819319236327,0.24771366311,0.10266733125,0.102667331251
-0.336,0.927821857106,0.0235646252067,0.0844442962371,0.252207932113,0.105979141386,0.105979141386
-0.324,0.925332349126,0.024373270888,0.087017856556,0.256750078204,0.109365387533,0.109365387533
-0.312,0.92276670107,0.0252063805426,0.0896533365587,0.261339399958,0.112826024764,0.112826024764
-0.3,0.920123207109,0.0260644852513,0.092351438749,0.265975151158,0.116360885981,0.11636088598
-0.288,0.917400162468,0.0269481145115,0.0951128339227,0.270656540734,0.11996967298,0.11996967298
-0.276,0.914595866305,0.0278577952669,0.0979381588583,0.275382732746,0.123651947032,0.123651947032
-0.264,0.911708624746,0.0287940508867,0.10082801399,0.280152846471,0.127407119051,0.127407119051
-0.252,0.908736754096,0.0297574000929,0.103782961022,0.28496595654,0.131234439295,0.131234439295
-0.24,0.9056785842,0.0307483558353,0.106803520514,0.289821093163,0.135132986648,0.135132986647
-0.228,0.902532461977,0.0317674241176,0.10989016945,0.294717242434,0.139101657517,0.139101657518
-0.216,0.899296755111,0.0328151027697,0.113043338753,0.299653346691,0.143139154321,0.14313915432
-0.204,0.895969855904,0.0338918801758,0.11626341082,0.304628304988,0.14724397368,0.14724397368
-0.192,0.892550185283,0.0349982339506,0.119550717015,0.309640973611,0.151414394301,0.151414394301
-0.18,0.889036196962,0.0361346295704,0.12290553517,0.31469016669,0.155648464633,0.155648464632
-0.168,0.885426381745,0.0373015189637,0.126328087097,0.319774656895,0.159943990383,0.159943990383
-0.156,0.881719271983,0.0384993390519,0.129818536084,0.324893176181,0.16429852192,0.16429852192
-0.144,0.877913446141,0.0397285102617,0.133376984445,0.330044416645,0.168709341735,0.168709341734
-0.132,0.874007533514,0.0409894349931,0.137003471074,0.335227031434,0.173173451982,0.173173451981
-0.12,0.870000219044,0.0422824960582,0.140697969039,0.340439635734,0.177687562271,0.177687562269
-0.108,0.865890248234,0.0436080550964,0.144460383246,0.345680807843,0.182248077836,0.182248077835
-0.096,0.861676432178,0.0449664509532,0.148290548114,0.350949090294,0.186851088167,0.186851088166
-0.084,0.857357652633,0.0463579980566,0.152188225379,0.356242991079,0.191492356349,0.191492356348
-0.072,0.852932867184,0.0477829847656,0.15615310193,0.361560984913,0.196167309181,0.19616730918
-0.06,0.848401114443,0.0492416717162,0.160184787752,0.366901514582,0.200871028302,0.2008710283
-0.048,0.843761519255,0.0507342901705,0.164282813992,0.372262992359,0.205598242511,0.20559824251
-0.036,0.839013297968,0.0522610403535,0.168446631089,0.377643801463,0.210343321407,0.210343321405
-0.024,0.834155763621,0.053822089823,0.172675607102,0.383042297604,0.215100270644,0.215100270642
-0.012,0.829188331157,0.05541757184,0.176969026115,0.38845681057,0.219862728911,0.219862728909
0,0.824110522555,0.0570475837708,0.181326086827,0.393885645873,0.224623966884,0.224623966882
0.012,0.818921971869,0.058712185531,0.185745901315,0.399327086454,0.229376888361,0.229376888358
0.024,0.813622430215,0.0604113980495,0.190227493928,0.404779394428,0.234114033707,0.234114033704
0.036,0.80821177056,0.0621452018106,0.194769800441,0.410240812888,0.238827585915,0.238827585912
0.048,0.802689992407,0.0639135354319,0.199371667347,0.415709567745,0.24350937934,0.243509379336
0.06,0.797057226287,0.0657162943185,0.204031851395,0.421183869616,0.24815091135,0.248150911348
0.072,0.791313738004,0.0675533294019,0.208749019361,0.426661915745,0.252743357034,0.252743357029
0.084,0.785459932724,0.0694244459386,0.213521748013,0.432141891963,0.25727758703,0.257277587025
0.096,0.779496358698,0.071329402436,0.21834852438,0.437621974678,0.261744188695,0.26174418869
0.108,0.773423710771,0.0732679096542,0.223227746223,0.443100332899,0.266133490566,0.266133490559
0.12,0.767242833543,0.0752396297285,0.228157722799,0.448575130277,0.270435590232,0.27043559023
0.132,0.760954724149,0.077244175423,0.233136675899,0.454044527177,0.274640385629,0.274640385622
0.144,0.754560534755,0.0792811094821,0.238162741129,0.459506682762,0.278737609644,0.278737609638
0.156,0.748061574543,0.0813499441554,0.243233969519,0.464959757096,0.282716868093,0.282716868087
0.168,0.741459311358,0.0834501408356,0.248348329386,0.470401913259,0.28656768083,0.28656768082
0.18,0.734755372882,0.0855811098574,0.253503708489,0.475831319467,0.290279525907,0.290279525906
0.192,0.727951547303,0.0877422104622,0.258697916501,0.481246151196,0.293841886583,0.293841886573
0.204,0.721049783597,0.0899327508952,0.263928687715,0.486644593316,0.29724430086,0.297244300852
0.216,0.714052191181,0.0921519887065,0.269193684098,0.492024842204,0.300476413373,0.300476413364
0.228,0.706961039148,0.0943991311919,0.274490498586,0.497385107867,0.303528029185,0.303528029172
0.24,0.699778754931,0.0966733360186,0.279816658666,0.502723616047,0.30638916917,0.306389169169
0.252,0.692507922406,0.0989737120366,0.285169630242,0.508038610304,0.309050126569,0.309050126555
0.264,0.685151279524,0.101299320238,0.290546821731,0.513328354099,0.311501524207,0.311501524197
0.276,0.677711715294,0.103649174929,0.295945588443,0.518591132827,0.313734371974,0.313734371963
0.288,0.670192266294,0.106022245051,0.301363237175,0.52382525585,0.315740123979,0.315740123963
0.3,0.662596112611,0.108417455685,0.306797031027,0.529029058478,0.317510734891,0.31751073489
0.312,0.654926573205,0.110833689735,0.312244194445,0.534200903921,0.319038714919,0.319038714902
0.324,0.647187100822,0.113269789756,0.317701918419,0.53933918521,0.320317182848,0.320317182836
0.336,0.639381276297,0.115724559976,0.323167365889,0.544442327057,0.321339916628,0.321339916616
0.348,0.63151280242,0.11819676844,0.328637677268,0.549508787679,0.322101400935,0.322101400917
0.36,0.623585497306,0.120685149326,0.334109976111,0.554537060566,0.322596871192,0.322596871191
0.372,0.615603287273,0.12318840539,0.339581374879,0.559525676185,0.32282235356,0.322822353542
0.384,0.607570199352,0.125705210539,0.345048980792,0.564473203643,0.322774700401,0.322774700388
0.396,0.599490353327,0.128234212534,0.35050990173,0.569378252254,0.322451620816,0.322451620803
0.408,0.59136795345,0.13077403579,0.355961252169,0.574239473068,0.32185170585,0.321851705831
0.42,0.583207279803,0.133323284278,0.361400159123,0.579055560308,0.320974448046,0.320974448046
0.432,0.575012679351,0.135880544516,0.36682376806,0.583825252729,0.319820255074,0.319820255054
0.444,0.566788556771,0.138444388614,0.372229248781,0.58854733492,0.318390457214,0.318390457201
0.456,0.55853936501,0.141013377397,0.377613801212,0.593220638485,0.316687308581,0.316687308568
0.468,0.550269595712,0.143586063558,0.38297466111,0.597844043173,0.314713981986,0.314713981966
0.48,0.54198376949,0.146160994838,0.388309105645,0.602416477897,0.312474557449,0.312474557448
0.492,0.533686426111,0.148736717224,0.393614458816,0.606936921658,0.30997400445,0.309974004432
0.504,0.525382114642,0.151311778148,0.398888096733,0.611404404402,0.307218158023,0.30721815801
0.516,0.517075383597,0.153884729666,0.404127452661,0.615818007738,0.304213688944,0.304213688932
0.528,0.508770771127,0.156454131604,0.409330021884,0.620176865592,0.300968068273,0.300968068255
0.54,0.500472795299,0.159018554667,0.414493366326,0.624480164744,0.297489526575,0.297489526575
0.552,0.492185944521,0.161576583484,0.419615118897,0.628727145256,0.293787008267,0.293787008251
0.564,0.483914668121,0.164126819586,0.424692987621,0.632917100829,0.289870121458,0.289870121447
0.576,0.475663367166,0.166667884292,0.42972475942,0.637049379012,0.285749083871,0.285749083861
0.588,0.467436385519,0.169198421507,0.434708303652,0.641123381342,0.281434665293,0.281434665278
0.6,0.459238001192,0.171717100407,0.439641575319,0.645138563374,0.276938127151,0.27693812715
0.612,0.45107241804,0.174222618006,0.444522617944,0.649094434586,0.272271159811,0.272271159798
0.624,0.442943757776,0.176713701603,0.449349566182,0.652990558226,0.267445818123,0.267445818114
0.636,0.434856052417,0.179189111077,0.454120648028,0.65682655101,0.262474455903,0.262474455895
0.648,0.426813237116,0.181647641052,0.458834186753,0.660602082759,0.257369659863,0.257369659852
0.66,0.418819143421,0.184088122911,0.46348860249,0.664316875923,0.252144183612,0.252144183611
0.672,0.410877493039,0.186509426635,0.468082413466,0.667970705007,0.246810882308,0.246810882299
0.684,0.40299189199,0.188910462517,0.472614236968,0.67156339593,0.241382648422,0.241382648415
0.696,0.395165825336,0.191290182669,0.477082789906,0.675094825259,0.23587234924,0.235872349234
0.708,0.387402652346,0.1936475824,0.481486889128,0.678564919394,0.230292766465,0.230292766457
0.72,0.379705602175,0.195981701405,0.485825451397,0.681973653653,0.224656538394,0.224656538393
0.732,0.372077770094,0.198291624785,0.490097493053,0.685321051276,0.218976105099,0.218976105093
0.744,0.364522114139,0.200576483921,0.494302129441,0.688607182383,0.213263656819,0.213263656815
0.756,0.357041452375,0.20283545715,0.498438573992,0.691832162829,0.207531086035,0.207531086032
0.768,0.349638460574,0.205067770309,0.502506137101,0.69499615302,0.20178994329,0.201789943286
0.78,0.342315670428,0.207272697097,0.50650422473,0.698099356661,0.196051397044,0.196051397042
0.792,0.335075468266,0.209449559285,0.510432336758,0.701142019447,0.190326197697,0.190326197694
0.804,0.327920094165,0.211597726792,0.514290065173,0.704124427719,0.184624645775,0.184624645773
0.816,0.320851641631,0.213716617586,0.518077091984,0.707046907053,0.178956564469,0.178956564467
0.828,0.31387205763,0.215805697469,0.521793187007,0.709909820832,0.173331276372,0.173331276371
0.84,0.306983143077,0.217864479722,0.525438205459,0.712713568774,0.167757584461,0.167757584459
0.852,0.300186553767,0.219892524608,0.529012085383,0.715458585421,0.162243757224,0.162243757223
0.864,0.293483801598,0.22188943879,0.532514844984,0.718145338633,0.156797517738,0.156797517737
0.876,0.286876256273,0.223854874599,0.535946579787,0.720774328028,0.151426036687,0.151426036687
0.888,0.280365147248,0.225788529222,0.539307459737,0.723346083431,0.146135928987,0.146135928988
0.9,0.273951566042,0.227690143791,0.542597726201,0.725861163311,0.140933253913,0.140933253911
0.912,0.26763646886,0.229559502369,0.545817688874,0.728320153197,0.135823518495,0.135823518496
0.924,0.261420679408,0.231396430886,0.548967722683,0.730723664119,0.130811683882,0.130811683883
0.936,0.255304892063,0.233200795965,0.552048264586,0.733072331032,0.125902174532,0.125902174532
0.948,0.249289675175,0.234972503716,0.555059810396,0.735366811254,0.121098889864,0.121098889866
0.96,0.243375474606,0.236711498459,0.55800291157,0.737607782923,0.116405218189,0.116405218187
0.972,0.237562617468,0.238417761395,0.560878171984,0.739795943458,0.111824052638,0.11182405264
0.984,0.23185131594,0.240091309255,0.563686244759,0.741932008051,0.107357808785,0.107357808785
0.996,0.226241671303,0.241732192887,0.566427829064,0.744016708169,0.103008443804,0.103008443804
1.008,0.220733678026,0.243340495843,0.569103666983,0.746050790092,0.0987774768183,0.0987774768203
1.02,0.21532722795,0.244916332934,0.571714540417,0.748035013475,0.0946660102626,0.0946660102611
1.032,0.210022114571,0.246459848761,0.574261268021,0.749970149939,0.0906747520242,0.0906747520262
1.044,0.204818037309,0.247971216267,0.576744702234,0.751856981701,0.0868040381107,0.0868040381116
1.056,0.199714605886,0.249450635254,0.579165726338,0.753696300232,0.0830538557157,0.0830538557166
1.068,0.194711344656,0.250898330928,0.581525251616,0.755488904956,0.0794238664199,0.0794238664219
1.08,0.189807696956,0.252314552438,0.583824214582,0.757235601994,0.0759134294056,0.0759134294044
1.092,0.185003029454,0.253699571437,0.58606357428,0.758937202936,0.0725216245203,0.0725216245223
1.104,0.180296636427,0.255053680656,0.5882443097,0.760594523664,0.069247275019,0.0692472750199
1.116,0.175687744045,0.256377192497,0.590367417253,0.762208383214,0.0660889699114,0.0660889699123
1.128,0.171175514554,0.257670437659,0.592433908362,0.763779602688,0.0630450857521,0.0630450857539
1.14,0.166759050421,0.258933763778,0.59444480714,0.765309004195,0.0601138078092,0.0601138078082
1.152,0.1624373984,0.260167534114,0.596401148167,0.766797409856,0.0572931505238,0.0572931505255
1.164,0.158209553492,0.261372126258,0.59830397437,0.768245640839,0.0545809771745,0.0545809771753
1.176,0.154074462844,0.262547930882,0.600154334993,0.769654516448,0.0519750187214,0.0519750187222
1.188,0.150031029528,0.263695350521,0.601953283678,0.77102485325,0.049472891756,0.0494728917575
1.2,0.146078116214,0.2648147984,0.603701876639,0.772357464254,0.0470721155412,0.0470721155404
1.212,0.142214548754,0.265906697294,0.605401170932,0.77365315813,0.0447701281164,0.0447701281178
1.224,0.138439119623,0.266971478436,0.607052222832,0.77491273847,0.0425643014458,0.0425643014465
1.236,0.134750591266,0.268009580461,0.608656086295,0.776137003103,0.0404519556186,0.0404519556192
1.248,0.131147699313,0.269021448397,0.610213811524,0.777326743436,0.0384303720908,0.038430372092
1.26,0.127629155675,0.270007532694,0.611726443622,0.778482743854,0.0364968059868,0.0364968059862
1.272,0.124193651517,0.270968288304,0.613195021337,0.779605781149,0.0346484974723,0.0346484974734
1.284,0.120839860106,0.271904173796,0.614620575895,0.780696623998,0.0328826822197,0.0328826822203
1.296,0.117566439532,0.272815650514,0.61600412992,0.781756032472,0.0311966009923,0.0311966009928
1.308,0.114372035312,0.273703181787,0.617346696431,0.78278475759,0.0295875083737,0.0295875083747
1.32,0.111255282863,0.274567232167,0.61864927793,0.783783540905,0.0280526806772,0.0280526806768
1.332,0.108214809855,0.275408266722,0.619912865558,0.784753114133,0.0265894230651,0.0265894230659
1.344,0.105249238448,0.276226750356,0.621138438325,0.785694198806,0.0251950759202,0.0251950759206
1.356,0.1023571874,0.277023147183,0.622326962419,0.78660750597,0.0238670204996,0.0238670205
1.368,0.0995372740721,0.277797919926,0.623479390578,0.787493735906,0.0226026839152,0.0226026839159
1.38,0.0967881163038,0.278551529364,0.624596661525,0.788353577887,0.0213995434769,0.0213995434766
1.392,0.0941083341893,0.279284433813,0.625679699472,0.789187709965,0.0202551304363,0.0202551304369
1.404,0.0914965517395,0.27999708864,0.626729413675,0.789996798783,0.0191670331755,0.0191670331757
1.416,0.0889513984374,0.280689945814,0.627746698055,0.790781499416,0.0181328998691,0.0181328998694
1.428,0.0864715106937,0.281363453489,0.628732430861,0.791542455242,0.0171504406682,0.0171504406687
1.44,0.0840555332018,0.282018055624,0.629687474393,0.792280297828,0.016217429435,0.0162174294348
1.452,0.0817021201943,0.282654191625,0.63061267477,0.792995646851,0.0153317050654,0.0153317050659
1.464,0.0794099366135,0.283272296026,0.631508861734,0.79368911003,0.0144911724387,0.0144911724388
1.476,0.0771776591837,0.283872798192,0.632376848513,0.794361283089,0.0136938030171,0.0136938030172
1.488,0.0750039774058,0.284456122053,0.633217431706,0.795012749732,0.0129376351378,0.0129376351382
1.5,0.0728875944665,0.285022685861,0.634031391218,0.795644081643,0.0122207740203,0.0122207740201
1.512,0.0708272280648,0.285572901978,0.63481949022,0.796255838499,0.0115413915168,0.0115413915171
1.524,0.068821611174,0.286107176679,0.635582475146,0.796848568,0.0108977256414,0.0108977256415
1.536,0.0668694927182,0.286625909981,0.636321075723,0.797422805916,0.0102880798886,0.0102880798887
1.548,0.0649696381913,0.2871294955,0.637036005015,0.79797907615,0.00971082238004,0.00971082238029
1.56,0.0631208302071,0.287618320317,0.637727959511,0.798517890808,0.00916438485098,0.00916438485089
1.572,0.0613218689828,0.288092764869,0.638397619222,0.79903975029,0.00864726149982,0.00864726150003
1.584,0.0595715727753,0.28855320286,0.639045647803,0.799545143383,0.00815800772504,0.00815800772511
1.596,0.0578687782486,0.289000001182,0.6396726927,0.800034547375,0.0076952387566,0.00769523875667
1.608,0.0562123407983,0.289433519863,0.640279385308,0.800508428167,0.00725762820902,0.00725762820918
1.62,0.0546011348244,0.289854112014,0.640866341148,0.800967240406,0.00684390656432,0.00684390656427
1.632,0.0530340539515,0.290262123807,0.641434160062,0.801411427618,0.00645285959875,0.00645285959889
1.644,0.0515100112177,0.290657894455,0.641983426413,0.801841422348,0.00608332677162,0.00608332677167
1.656,0.050027939207,0.291041756207,0.642514709302,0.802257646313,0.00573419957789,0.00573419957793
1.668,0.0485867901553,0.291414034355,0.643028562802,0.802660510554,0.00540441988426,0.00540441988437
1.68,0.0471855360156,0.291775047251,0.643525526183,0.803050415599,0.00509297825214,0.0050929782521
1.692,0.0458231684848,0.292125106337,0.644006124166,0.803427751627,0.00479891225601,0.0047989122561
1.704,0.044498699012,0.292464516176,0.644470867167,0.803792898635,0.00452130480953,0.00452130480956
1.716,0.0432111587609,0.292793574499,0.644920251559,0.804146226615,0.00425928249766,0.00425928249769
1.728,0.0419595985585,0.293112572259,0.645354759931,0.804488095726,0.00401201392865,0.00401201392872
1.74,0.0407430888134,0.293421793686,0.645774861354,0.804818856471,0.00377870810604,0.00377870810602
1.752,0.0395607194064,0.293721516354,0.646181011653,0.805138849886,0.00355861282518,0.00355861282524
1.764,0.0384115995725,0.294012011252,0.646573653672,0.805448407707,0.0033510131023,0.00335101310232
1.776,0.0372948577468,0.294293542863,0.646953217555,0.805747852568,0.00315522963241,0.00315522963243
1.788,0.0362096414057,0.294566369239,0.647320121015,0.806037498174,0.0029706172855,0.00297061728555
1.8,0.0351551168864,0.294830742093,0.647674769611,0.806317649492,0.00279656363909,0.00279656363907
1.812,0.0341304691873,0.295086906884,0.648017557022,0.806588602932,0.0026324875493,0.00263248754934
1.824,0.0331349017666,0.29533510291,0.64834886532,0.806850646531,0.00247783776508,0.0024778377651
1.836,0.0321676363137,0.295575563405,0.648669065243,0.807104060139,0.00233209158125,0.00233209158127
1.848,0.031227912522,0.295808515636,0.648978516468,0.8073491156,0.00219475353646,0.00219475353649
1.86,0.0303149878464,0.296034181003,0.649277567877,0.807586076934,0.00206535415327,0.00206535415326
1.872,0.0294281372491,0.296252775141,0.649566557828,0.807815200521,0.00194344872094,0.00194344872097
1.884,0.0285666529483,0.296464508024,0.649845814414,0.808036735275,0.00182861612332,0.00182861612333
1.896,0.0277298441463,0.296669584068,0.65011565573,0.808250922827,0.00172045770753,0.00172045770754
1.908,0.0269170367632,0.296868202241,0.650376390128,0.808457997697,0.00161859619734,0.00161859619736
1.92,0.0261275731611,0.297060556164,0.650628316469,0.808658187472,0.00152267464798,0.00152267464797
1.932,0.0253608118611,0.297246834225,0.650871724382,0.808851712973,0.00143235544218,0.0014323554422
1.944,0.0246161272667,0.297427219676,0.651106894501,0.809038788429,0.00134731932857,0.00134731932858
1.956,0.023892909372,0.297601890752,0.651334098716,0.809219621643,0.00126726449833,0.00126726449833
1.968,0.0231905634779,0.297771020769,0.651553600411,0.809394414156,0.00119190570243,0.00119190570244
1.98,0.0225085099036,0.297934778235,0.651765654695,0.809563361411,0.00112097340659,0.00112097340658
1.992,0.0218461836929,0.298093326956,0.651970508635,0.809726652913,0.00105421298296,0.00105421298297
2.004,0.021203034331,0.298246826141,0.652168401485,0.809884472383,0.000991383939091,0.000991383939095
2.016,0.0205785254484,0.298395430509,0.6523595649,0.810036997917,0.000932259180531,0.000932259180534
2.028,0.0199721345359,0.29853929039,0.652544223163,0.810184402136,0.0008766243084,0.000876624308408
2.04,0.0193833526561,0.29867855183,0.652722593387,0.810326852332,0.000824276949359,0.000824276949355
2.052,0.0188116841541,0.298813356694,0.652894885734,0.81046451062,0.000775026116884,0.000775026116891
2.064,0.018256646378,0.298943842765,0.653061303609,0.810597534075,0.000728691603947,0.000728691603949
2.076,0.0177177693914,0.299070143844,0.653222043862,0.810726074876,0.000685103403949,0.000685103403953
2.088,0.0171945956958,0.299192389851,0.653377296984,0.810850280443,0.000644101160783,0.000644101160788
2.1,0.0166866799534,0.299310706919,0.653527247296,0.810970293569,0.000605533645661,0.000605533645659
2.112,0.0161935887096,0.29942521749,0.653672073131,0.811086252556,0.000569258259778,0.000569258259782
2.124,0.0157149001259,0.299536040411,0.653811947018,0.811198291339,0.000535140562597,0.000535140562598
2.136,0.0152502037077,0.299643291024,0.653947035856,0.811306539614,0.000503053823202,0.000503053823203
2.148,0.0147991000413,0.29974708126,0.654077501086,0.811411122962,0.000472878595203,0.000472878595206
2.16,0.0143612005335,0.299847519725,0.654203498858,0.811512162965,0.000444502313252,0.000444502313251
2.172,0.0139361271516,0.29994471179,0.654325180195,0.811609777329,0.000417818910295,0.000417818910298
2.184,0.0135235121734,0.300038759677,0.654442691149,0.811704079992,0.000392728455282,0.000392728455284
2.196,0.0131229979343,0.300129762543,0.654556172958,0.811795181242,0.000369136809307,0.000369136809307
2.208,0.0127342365838,0.300217816564,0.654665762194,0.811883187819,0.000346955300366,0.000346955300368
2.22,0.012356889844,0.300303015012,0.654771590911,0.811968203027,0.00032610041526,0.00032610041526
2.232,0.0119906287705,0.30038544834,0.654873786785,0.812050326834,0.000306493507803,0.000306493507804
2.244,0.0116351335226,0.300465204258,0.654972473253,0.812129655973,0.000288060523104,0.000288060523104
2.256,0.0112900931316,0.300542367805,0.655067769648,0.812206284043,0.000270731736291,0.000270731736291
2.268,0.0109552052777,0.300617021431,0.655159791328,0.812280301599,0.00025444150577,0.000254441505771
2.28,0.0106301760708,0.300689245063,0.655248649802,0.81235179625,0.000239128039815,0.000239128039814
2.292,0.0103147198317,0.300759116179,0.655334452856,0.812420852748,0.00022473317585,0.000224733175851
2.304,0.010008558885,0.300826709878,0.655417304671,0.812487553077,0.000211202172157,0.000211202172158
2.316,0.00971142334785,0.300892098946,0.655497305937,0.812551976534,0.000198483510759,0.000198483510759
2.328,0.00942305092935,0.300955353924,0.655574553968,0.812614199818,0.0001865287115,0.0001865287115
2.34,0.00914318673198,0.301016543171,0.655649142809,0.81267429711,0.000175292156382,0.000175292156382
2.352,0.00887158305549,0.301075732929,0.655721163347,0.812732340149,0.000164730923661,0.000164730923661
2.364,0.00860799920971,0.301132987382,0.655790703405,0.81278839831,0.00015480463143,0.000154804631431
2.376,0.00835220132585,0.301188368719,0.655857847852,0.81284253868,0.000145475289785,0.000145475289785
2.388,0.00810396217644,0.301241937189,0.65592267869,0.812894826126,0.000136707161503,0.000136707161503
2.4,0.00786306099765,0.301293751162,0.655985275154,0.812945323371,0.000128466630563,0.000128466630563
2.412,0.00762928331429,0.301343867179,0.656045713802,0.812994091058,0.000120722078069,0.000120722078068
2.424,0.00740242077277,0.301392340012,0.656104068601,0.813041187815,0.000113443765384,0.000113443765385
2.436,0.00718227097307,0.301439222713,0.656160411012,0.813086670325,0.000106603723783,0.000106603723784
2.448,0.00696863730857,0.301484566666,0.656214810075,0.813130593382,0.000100175650531,0.000100175650531
2.46,0.00676132880822,0.301528421637,0.65626733249,0.813173009956,9.41348108981e-05,9.41348108987e-05
2.472,0.00656015998123,0.301570835822,0.656318042689,0.81321397125,8.84579457727e-05,8.84579457732e-05
2.484,0.00636495066905,0.301611855896,0.656367002918,0.813253526754,8.31231846976e-05,8.31231846975e-05
2.496,0.00617552589663,0.301651527057,0.656414273304,0.813291724307,7.8109963813e-05,7.8109963813e-05
2.508,0.00599171573074,0.301689893071,0.65645991193,0.813328610144,7.33989486525e-05,7.33989486531e-05
2.52,0.00581335514055,0.301726996317,0.656503974899,0.813364228952,6.89719613796e-05,6.89719613792e-05
2.532,0.00564028386058,0.301762877826,0.656546516404,0.813398623919,6.48119122221e-05,6.48119122222e-05
2.544,0.00547234626015,0.301797577326,0.65658758879,0.813431836781,6.09027349945e-05,6.09027349945e-05
2.556,0.00530939121239,0.301831133279,0.656627242614,0.813463907873,5.72293262715e-05,5.72293262711e-05
2.568,0.00515127196951,0.301863582922,0.656665526709,0.813494876172,5.37774882001e-05,5.37774882004e-05
2.58,0.00499784604018,0.301894962302,0.65670248824,0.813524779344,5.0533874636e-05,5.05338746351e-05
2.592,0.00484897506915,0.301925306314,0.656738172758,0.813553653782,4.74859404035e-05,4.74859404032e-05
2.604,0.00470452472259,0.301954648738,0.656772624257,0.813581534656,4.46218936154e-05,4.46218936151e-05
2.616,0.00456436457316,0.301983022271,0.656805885226,0.813608455943,4.19306507062e-05,4.19306507068e-05
2.628,0.00442836799067,0.302010458562,0.656837996699,0.813634450478,3.94017941848e-05,3.94017941853e-05
2.64,0.00429641203467,0.302036988245,0.656868998305,0.81365954998,3.70255328461e-05,3.70255328452e-05
2.652,0.00416837734901,0.302062640969,0.656898928314,0.813683785097,3.47926643198e-05,3.47926643208e-05
2.664,0.00404414806154,0.302087445429,0.656927823684,0.81370718544,3.26945398939e-05,3.26945398941e-05
2.676,0.00392361168361,0.302111429397,0.656955720106,0.813729779615,3.07230313353e-05,3.07230313343e-05
2.688,0.00380665901451,0.302134619751,0.656982652046,0.813751595256,2.88704997427e-05,2.88704997432e-05
2.7,0.00369318404768,0.3021570425,0.657008652787,0.813772659063,2.71297662336e-05,2.71297662334e-05
2.712,0.00358308387865,0.302178722816,0.657033754468,0.813792996826,2.54940843367e-05,2.54940843366e-05
2.724,0.00347625861753,0.302199685057,0.657057988127,0.813812633459,2.3957114084e-05,2.39571140841e-05
2.736,0.00337261130139,0.302219952791,0.65708138373,0.81383159303,2.25128975905e-05,2.25128975907e-05
2.748,0.00327204781099,0.302239548827,0.657103970218,0.813849898787,2.11558361231e-05,2.1155836123e-05
2.76,0.003174476789,0.302258495234,0.657125775534,0.813867573187,1.9880668523e-05,1.98806685227e-05
2.772,0.00307980955995,0.302276813364,0.657146826659,0.813884637921,1.86824509096e-05,1.86824509098e-05
2.784,0.00298796005398,0.30229452388,0.657167149649,0.813901113941,1.75565376206e-05,1.75565376199e-05
2.796,0.00289884473065,0.30231164677,0.657186769658,0.813917021486,1.64985632533e-05,1.64985632531e-05
2.808,0.00281238250653,0.302328201375,0.657205710979,0.813932380101,1.55044258166e-05,1.5504425817e-05
2.82,0.00272849468408,0.302344206409,0.657223997064,0.813947208667,1.45702708716e-05,1.45702708716e-05
2.832,0.00264710488213,0.302359679975,0.657241650561,0.813961525419,1.36924766166e-05,1.3692476616e-05
2.844,0.00256813896964,0.302374639585,0.657258693333,0.813975347968,1.28676398864e-05,1.28676398865e-05
2.856,0.00249152499954,0.302389102186,0.657275146494,0.813988693323,1.20925629734e-05,1.2092562973e-05
2.868,0.00241719314585,0.302403084167,0.657291030428,0.814001577914,1.13642412418e-05,1.13642412422e-05
2.88,0.00234507564205,0.302416601387,0.657306364814,0.814014017604,1.06798514981e-05,1.06798514979e-05
2.892,0.00227510672069,0.302429669183,0.657321168656,0.814026027717,1.00367410358e-05,1.00367410352e-05
2.904,0.00220722255598,0.302442302396,0.6573354603,0.81403762305,9.43241736545e-06,9.43241736527e-06
2.916,0.00214136120649,0.302454515379,0.657349257459,0.814048817894,8.86453854199e-06,8.86453854206e-06
2.928,0.00207746256056,0.302466322016,0.657362577236,0.814059626051,8.33090408292e-06,8.33090408296e-06
2.94,0.002015468283,0.302477735738,0.657375436143,0.814070060847,7.82944643213e-06,7.82944643067e-06
2.952,0.00195532176272,0.302488769535,0.657387850121,0.814080135154,7.35822292686e-06,7.35822292595e-06
2.964,0.00189696806306,0.302499435974,0.657399834562,0.8140898614,6.91540827302e-06,6.91540827277e-06
2.976,0.00184035387211,0.302509747209,0.657411404325,0.814099251589,6.49928744562e-06,6.49928744592e-06
2.988,0.00178542745559,0.302519714994,0.657422573756,0.814108317309,6.10824903424e-06,6.10824903479e-06
3,0.00173213861061,0.3025293507,0.657433356707,0.814117069755,5.74077898519e-06,5.74077898482e-06
3.012,0.00168043862044,0.302538665323,0.657443766549,0.814125519733,5.3954547144e-06,5.39545471395e-06
3.024,0.00163028021151,0.302547669501,0.657453816193,0.814133677679,5.07093959135e-06,5.07093959062e-06
3.036,0.00158161751049,0.302556373519,0.657463518103,0.814141553673,4.76597773713e-06,4.76597773651e-06
3.048,0.00153440600352,0.302564787326,0.657472884311,0.814149157444,4.47938915021e-06,4.47938914933e-06
3.06,0.00148860249623,0.302572920545,0.657481926435,0.814156498389,4.2100651183e-06,4.21006511749e-06
3.072,0.00144416507473,0.302580782479,0.657490655691,0.814163585581,3.95696390976e-06,3.95696390976e-06
3.084,0.00140105306836,0.30258838213,0.657499082905,0.814170427782,3.71910672992e-06,3.71910673017e-06
3.096,0.00135922701269,0.302595728199,0.657507218531,0.814177033451,3.49557391227e-06,3.49557391106e-06
3.108,0.00131864861423,0.302602829103,0.657515072661,0.814183410755,3.28550134127e-06,3.28550134084e-06
3.12,0.00127928071602,0.302609692981,0.657522655038,0.814189567583,3.08807710631e-06,3.0880771057e-06
3.132,0.00124108726381,0.302616327705,0.657529975067,0.814195511549,2.90253833241e-06,2.9025383329e-06
3.144,0.00120403327399,0.302622740885,0.657537041828,0.814201250006,2.72816822866e-06,2.72816822856e-06
3.156,0.00116808480164,0.302628939884,0.657543864087,0.814206790054,2.56429329026e-06,2.56429328987e-06
3.168,0.00113320891007,0.302634931817,0.657550450309,0.814212138548,2.41028068876e-06,2.4102806894e-06
3.18,0.00109937364111,0.302640723569,0.657556808661,0.814217302106,2.26553581656e-06,2.26553581607e-06
3.192,0.00106654798594,0.302646321794,0.657562947033,0.814222287119,2.12949996375e-06,2.12949996396e-06
3.204,0.00103470185745,0.302651732929,0.657568873037,0.814227099757,2.00164816289e-06,2.00164816345e-06
3.216,0.00100380606264,0.302656963197,0.657574594026,0.814231745977,1.88148714125e-06,1.88148714022e-06
3.228,0.000973832276381,0.302662018615,0.657580117096,0.814236231531,1.76855340067e-06,1.76855340029e-06
3.24,0.000944753015752,0.302666905002,0.657585449096,0.814240561973,1.66241143035e-06,1.6624114298e-06
3.252,0.000916541614951,0.302671627985,0.657590596642,0.814244742664,1.56265200363e-06,1.56265200302e-06
3.264,0.000889172201418,0.302676193003,0.657595566118,0.814248778781,1.46889059488e-06,1.46889059466e-06
3.276,0.000862619672049,0.302680605317,0.657600363687,0.814252675321,1.38076588518e-06,1.38076588577e-06
3.288,0.000836859670594,0.302684870012,0.657604995301,0.814256437112,1.29793836223e-06,1.29793836188e-06
3.3,0.000811868565531,0.302688992007,0.657609466703,0.814260068811,1.22008899572e-06,1.22008899527e-06
3.312,0.000787623428438,0.302692976055,0.657613783439,0.814263574916,1.14691800707e-06,1.14691800634e-06
3.324,0.000764102013422,0.302696826755,0.657617950863,0.814266959771,1.07814370193e-06,1.07814370144e-06
3.336,0.000741282736625,0.302700548551,0.657621974143,0.814270227568,1.01350137954e-06,1.01350137914e-06
3.348,0.000719144656752,0.302704145741,0.657625858267,0.814273382355,9.52742304328e-07,9.52742304139e-07
3.36,0.000697667456007,0.30270762248,0.657629608054,0.81427642804,8.95632743025e-07,8.95632742576e-07
3.372,0.000676831421461,0.302710982784,0.657633228152,0.814279368396,8.41953054831e-07,8.41953055429e-07
3.384,0.000656617427342,0.302714230539,0.65763672305,0.814282207066,7.91496848174e-07,7.91496847761e-07
3.396,0.00063700691737,0.302717369499,0.657640097081,0.814284947567,7.44070167924e-07,7.44070168103e-07
3.408,0.000617981887997,0.302720403295,0.657643354429,0.814287593294,6.99490756872e-07,6.99490757315e-07
3.42,0.000599524871992,0.302723335436,0.657646499133,0.814290147525,6.57587342745e-07,6.57587342458e-07
3.432,0.000581618922385,0.302726169316,0.657649535091,0.814292613425,6.18198972846e-07,6.1819897308e-07
3.444,0.000564247597233,0.302728908217,0.657652466065,0.814294994049,5.81174398273e-07,5.81174398464e-07
3.456,0.000547394944399,0.302731555308,0.657655295691,0.814297292347,5.46371481724e-07,5.46371481523e-07
3.468,0.00053104548713,0.302734113658,0.657658027475,0.814299511166,5.13656649659e-07,5.13656648918e-07
3.48,0.000515184209923,0.302736586229,0.657660664803,0.814301653256,4.82904373433e-07,4.8290437412e-07
3.492,0.000499796544702,0.302738975889,0.657663210944,0.814303721271,4.53996691352e-07,4.53996691513e-07
3.504,0.000484868357708,0.302741285407,0.657665669054,0.814305717773,4.26822740485e-07,4.26822740472e-07
3.516,0.000470385936401,0.302743517462,0.657668042179,0.814307645236,4.01278336726e-07,4.01278336274e-07
3.528,0.000456335977037,0.302745674643,0.657670333259,0.814309506049,3.7726556773e-07,3.77265567496e-07
3.54,0.000442705572514,0.302747759453,0.657672545135,0.814311302516,3.54692417992e-07,3.54692417544e-07
3.552,0.000429482200467,0.302749774313,0.657674680545,0.814313036865,3.33472409186e-07,3.33472408894e-07
3.564,0.000416653712002,0.30275172156,0.657676742137,0.814314711243,3.13524269768e-07,3.13524269283e-07
3.576,0.000404208320407,0.302753603457,0.657678732465,0.814316327726,2.94771618004e-07,2.94771617504e-07
3.588,0.000392134590475,0.30275542219,0.657680653993,0.814317888316,2.7714266948e-07,2.77142668623e-07
3.6,0.000380421428033,0.302757179872,0.657682509103,0.814319394947,2.60569956556e-07,2.60569956837e-07
3.612,0.000369058069712,0.302758878545,0.657684300093,0.814320849486,2.44990074783e-07,2.44990074957e-07
3.624,0.00035803407325,0.302760520185,0.65768602918,0.814322253734,2.30343431218e-07,2.30343429988e-07
3.636,0.000347339307783,0.3027621067,0.657687698506,0.814323609432,2.16574013612e-07,2.16574013001e-07
3.648,0.000336963944561,0.302763639936,0.65768931014,0.814324918258,2.03629183071e-07,2.03629183152e-07
3.66,0.000326898448402,0.302765121676,0.657690866076,0.814326181835,1.91459464838e-07,1.91459465293e-07
3.672,0.00031713356789,0.302766553645,0.657692368241,0.814327401727,1.80018357554e-07,1.80018357889e-07
3.684,0.000307660328349,0.30276793751,0.657693818496,0.814328579446,1.69262155347e-07,1.69262155673e-07
3.696,0.0002984700223,0.302769274881,0.657695218636,0.814329716451,1.59149780077e-07,1.59149779606e-07
3.708,0.000289554202264,0.302770567316,0.657696570394,0.814330814151,1.49642618685e-07,1.49642619634e-07
3.72,0.000280904672989,0.30277181632,0.657697875444,0.814331873904,1.40704385809e-07,1.40704385952e-07
3.732,0.000272513483262,0.302773023349,0.657699135402,0.814332897023,1.32300969125e-07,1.32300968564e-07
3.744,0.000264372919734,0.30277418981,0.657700351826,0.814333884777,1.24400306778e-07,1.24400307228e-07
3.756,0.000256475498751,0.302775317061,0.657701526224,0.814334838387,1.16972267483e-07,1.16972266927e-07
3.768,0.000248813960161,0.302776406417,0.657702660047,0.814335759036,1.09988523067e-07,1.09988522675e-07
3.78,0.000241381260632,0.302777459149,0.657703754699,0.814336647862,1.03422450826e-07,1.03422450545e-07
3.792,0.000234170566604,0.302778476485,0.657704811536,0.814337505968,9.7249024722e-08,9.72490247722e-08
3.804,0.00022717524899,0.30277945961,0.657705831864,0.814338334416,9.14447222944e-08,9.14447224725e-08
3.816,0.00022038887614,0.302780409674,0.657706816946,0.81433913423,8.59874320081e-08,8.59874323907e-08
3.828,0.000213805208525,0.302781327783,0.657707768001,0.814339906403,8.0856370599e-08,8.08563704953e-08
3.84,0.000207418192982,0.302782215011,0.657708686205,0.814340651889,7.60320003623e-08,7.60320001251e-08
3.852,0.000201221956665,0.302783072393,0.657709572694,0.814341371613,7.14959570991e-08,7.14959565895e-08
3.864,0.000195210802476,0.302783900931,0.657710428565,0.814342066464,6.7230978007e-08,6.72309773378e-08
3.876,0.000189379203027,0.302784701592,0.657711254876,0.814342737303,6.32208352891e-08,6.32208350871e-08
3.888,0.00018372179606,0.302785475311,0.65771205265,0.814343384961,5.9450276535e-08,5.94502759612e-08
3.9,0.000178233379507,0.302786222994,0.657712822872,0.814344010239,5.59049619375e-08,5.59049609639e-08
3.912,0.00017290890628,0.302786945514,0.657713566496,0.814344613912,5.25714106692e-08,5.25714107138e-08
3.924,0.000167743480354,0.302787643716,0.65771428444,0.814345196726,4.94369544191e-08,4.94369542595e-08
3.936,0.000162732351564,0.302788318416,0.657714977593,0.814345759402,4.64896800501e-08,4.64896800613e-08
3.948,0.000157870911677,0.302788970403,0.657715646811,0.814346302638,4.37183904634e-08,4.37183906429e-08
3.96,0.00015315469014,0.302789600441,0.657716292922,0.814346827105,4.11125601341e-08,4.11125596874e-08
3.972,0.000148579349603,0.302790209265,0.657716916724,0.814347333452,3.86622920345e-08,3.8662291521e-08
3.984,0.000144140682548,0.302790797589,0.657717518988,0.814347822307,3.6358283495e-08,3.63582835877e-08
3.996,0.000139834606824,0.302791366102,0.657718100459,0.814348294273,3.41917901769e-08,3.41917905093e-08
4.008,0.000135657162261,0.302791915468,0.657718661856,0.814348749935,3.21545907123e-08,3.21545908363e-08
4.02,0.000131604507021,0.302792446331,0.657719203872,0.814349189856,3.02389558948e-08,3.02389555888e-08
4.032,0.000127672913746,0.302792959314,0.657719727176,0.814349614581,2.84376184823e-08,2.84376185469e-08
4.044,0.000123858766663,0.302793455015,0.657720232416,0.814350024636,2.67437492707e-08,2.67437487331e-08
4.056,0.000120158557744,0.302793934018,0.657720720216,0.814350420526,2.51509241211e-08,2.51509240564e-08
4.068,0.000116568883795,0.302794396882,0.657721191178,0.814350802743,2.3653106862e-08,2.36531069287e-08
4.08,0.000113086443321,0.30279484415,0.657721645884,0.814351171758,2.22446215337e-08,2.2244621192e-08
4.092,0.000109708033214,0.302795276347,0.657722084896,0.814351528028,2.09201308499e-08,2.09201303289e-08
4.104,0.000106430546266,0.302795693979,0.657722508756,0.814351871994,1.96746166026e-08,1.96746172795e-08
4.116,0.000103250967862,0.302796097536,0.657722917987,0.814352204081,1.85033665057e-08,1.85033651094e-08
4.128,0.000100166373489,0.302796487492,0.657723313095,0.814352524699,1.74019390009e-08,1.74019391232e-08
4.14,9.71739260304e-05,0.302796864303,0.657723694568,0.814352834246,1.63661704189e-08,1.63661699399e-08
4.152,9.42708729261e-05,0.302797228412,0.657724062876,0.814353133103,1.53921366763e-08,1.53921375078e-08
4.164,9.14545440305e-05,0.302797580246,0.657724418475,0.81435342164,1.44761569398e-08,1.44761562982e-08
4.176,8.87223487754e-05,0.302797920217,0.657724761804,0.814353700215,1.36147609298e-08,1.36147611217e-08
4.188,8.60717740219e-05,0.302798248726,0.657725093286,0.81435396917,1.28046939163e-08,1.28046940057e-08
4.2,8.35003817409e-05,0.302798566158,0.65772541333,0.814354228839,1.20428925721e-08,1.20428917764e-08
4.212,8.10058065699e-05,0.302798872885,0.657725722332,0.814354479543,1.13264760904e-08,1.13264743295e-08
4.224,7.85857539713e-05,0.302799169268,0.657726020673,0.814354721591,1.06527341948e-08,1.06527337657e-08
4.236,7.62379977953e-05,0.302799455655,0.657726308721,0.814354955283,1.00191237529e-08,1.00191239827e-08
4.248,7.39603784325e-05,0.302799732381,0.657726586832,0.814355180907,9.42325117936e-09,9.42325104515e-09
4.26,7.17508008215e-05,0.302799999774,0.657726855348,0.814355398742,8.86286477542e-09,8.86286407148e-09
4.272,6.96072323478e-05,0.302800258146,0.657727114602,0.814355609057,8.33584740123e-09,8.33584662554e-09
4.284,6.75277012622e-05,0.302800507801,0.657727364912,0.814355812113,7.84020909306e-09,7.84020874288e-09
4.296,6.55102945849e-05,0.302800749033,0.657727606588,0.814356008159,7.37407790385e-09,7.37407929152e-09
4.308,6.35531565193e-05,0.302800982126,0.657727839928,0.814356197438,6.93569807142e-09,6.93569890351e-09
4.32,6.16544867378e-05,0.302801207353,0.657728065219,0.814356380184,6.52341303198e-09,6.52341328553e-09
4.332,5.98125385778e-05,0.302801424979,0.65772828274,0.814356556623,6.13566725205e-09,6.13566689996e-09
4.344,5.80256176813e-05,0.302801635261,0.657728492759,0.814356726972,5.77099718013e-09,5.77099711129e-09
4.356,5.62920801941e-05,0.302801838446,0.657728695535,0.814356891442,5.42802919279e-09,5.42802857804e-09
4.368,5.4610331402e-05,0.302802034773,0.657728891317,0.814357050236,5.10546765975e-09,5.10546806347e-09
4.38,5.29788242586e-05,0.302802224472,0.657729080348,0.81435720355,4.80209894071e-09,4.80209952425e-09
4.392,5.1396057834e-05,0.302802407768,0.65772926286,0.814357351574,4.51677961699e-09,4.51677947108e-09
4.404,4.98605761459e-05,0.302802584876,0.657729439078,0.814357494489,4.24843182856e-09,4.2484326707e-09
4.416,4.83709666122e-05,0.302802756004,0.65772960922,0.814357632473,3.99604788148e-09,3.99604802803e-09
4.428,4.69258588788e-05,0.302802921354,0.657729773495,0.814357765695,3.75867537095e-09,3.75867477562e-09
4.44,4.55239235545e-05,0.302803081121,0.657729932106,0.814357894321,3.53541906861e-09,3.53541886717e-09
4.452,4.41638708774e-05,0.302803235493,0.657730085248,0.814358018509,3.32543986792e-09,3.32543957043e-09
4.464,4.28444497055e-05,0.302803384652,0.657730233111,0.814358138412,3.12794667945e-09,3.12794631006e-09
4.476,4.15644462084e-05,0.302803528773,0.657730375875,0.814358254179,2.94219582031e-09,2.94219564668e-09
4.488,4.032268283e-05,0.302803668026,0.657730513717,0.814358365951,2.76748851613e-09,2.76748847354e-09
4.5,3.91180172129e-05,0.302803802576,0.657730646808,0.814358473868,2.60316679324e-09,2.60316736957e-09
4.512,3.79493410563e-05,0.30280393258,0.65773077531,0.814358578062,2.44861392273e-09,2.44861409737e-09
4.524,3.68155792567e-05,0.302804058193,0.657730899383,0.814358678661,2.30324809225e-09,2.3032472852e-09
4.536,3.571568876e-05,0.302804179563,0.657731019179,0.81435877579,2.16652018548e-09,2.16652020474e-09
4.548,3.46486576913e-05,0.302804296831,0.657731134846,0.814358869569,2.03791955533e-09,2.03791871457e-09
4.56,3.36135044207e-05,0.302804410138,0.657731246525,0.814358960114,1.9169597576e-09,1.91695931441e-09
4.572,3.26092765839e-05,0.302804519616,0.657731354356,0.814359047535,1.80318865395e-09,1.80318730723e-09
4.584,3.16350503437e-05,0.302804625394,0.657731458469,0.814359131941,1.69617481172e-09,1.69617509632e-09
4.596,3.06899294036e-05,0.302804727598,0.657731558995,0.814359213436,1.59552082657e-09,1.59552055249e-09
4.608,2.977304426e-05,0.302804826348,0.657731656056,0.81435929212,1.50084566997e-09,1.50084550316e-09
4.62,2.88835513993e-05,0.302804921761,0.657731749772,0.814359368091,1.41179490321e-09,1.41179430267e-09
4.632,2.80206324563e-05,0.302805013948,0.657731840258,0.814359441442,1.32803262831e-09,1.32803248176e-09
4.644,2.71834935796e-05,0.302805103019,0.657731927626,0.814359512264,1.24924565137e-09,1.24924549629e-09
4.656,2.63713645839e-05,0.30280518908,0.657732011984,0.814359580643,1.17513770936e-09,1.17513752734e-09
4.668,2.55834983073e-05,0.302805272231,0.657732093435,0.814359646664,1.10543108001e-09,1.10543037093e-09
4.68,2.48191699215e-05,0.302805352571,0.657732172079,0.814359710409,1.03986252942e-09,1.03986238726e-09
4.692,2.40776762086e-05,0.302805430194,0.657732248013,0.814359771956,9.78187586487e-10,9.78187508261e-10
4.704,2.33583350154e-05,0.302805505193,0.657732321331,0.814359831381,9.20173270913e-10,9.20174317919e-10
4.716,2.26604845254e-05,0.302805577657,0.657732392123,0.814359888757,8.65605975786e-10,8.65605170393e-10
4.728,2.19834827063e-05,0.302805647669,0.657732460476,0.814359944155,8.14275313843e-10,8.14275373915e-10
4.74,2.13267067171e-05,0.302805715315,0.657732526474,0.814359997643,7.65993213303e-10,7.65992418498e-10
4.752,2.06895522869e-05,0.302805780672,0.657732590198,0.814360049287,7.20575599189e-10,7.20575246398e-10
4.764,2.00714332457e-05,0.302805843819,0.657732651727,0.814360099151,6.77853995157e-10,6.77853576072e-10
4.776,1.94717808992e-05,0.30280590483,0.657732711136,0.814360147296,6.37666863756e-10,6.37667253913e-10
4.788,1.88900435533e-05,0.302805963778,0.657732768499,0.814360193781,5.99866711859e-10,5.998656543e-10
4.8,1.83256860054e-05,0.302806020732,0.657732823886,0.814360238664,5.64307600648e-10,5.64307111839e-10
4.812,1.77781890101e-05,0.302806075759,0.657732877365,0.814360282,5.30858912384e-10,5.30858385014e-10
4.824,1.72470488764e-05,0.302806128924,0.657732929003,0.814360323842,4.99394747777e-10,4.99394159161e-10
4.836,1.67317769298e-05,0.302806180291,0.657732978861,0.814360364242,4.69796479496e-10,4.69796569834e-10
4.848,1.62318991045e-05,0.30280622992,0.657733027002,0.81436040325,4.41955305686e-10,4.41954761688e-10
4.86,1.57469555055e-05,0.302806277869,0.657733073486,0.814360440913,4.15764367379e-10,4.15764471014e-10
4.872,1.52764999501e-05,0.302806324196,0.657733118368,0.814360477278,3.91127186194e-10,3.91127631358e-10
4.884,1.48200996212e-05,0.302806368956,0.657733161705,0.81436051239,3.6795244629e-10,3.67952008037e-10
4.896,1.43773346057e-05,0.302806412201,0.657733203549,0.814360546292,3.46150885733e-10,3.46150847648e-10
4.908,1.39477975435e-05,0.302806453982,0.657733243952,0.814360579026,3.25642013355e-10,3.25642553675e-10
4.92,1.35310932516e-05,0.302806494349,0.657733282964,0.814360610632,3.06350445012e-10,3.06350379484e-10
4.932,1.31268383297e-05,0.30280653335,0.657733320632,0.814360641148,2.88202239851e-10,2.88202138283e-10
4.944,1.27346608628e-05,0.302806571031,0.657733357004,0.814360670613,2.71130173868e-10,2.71129934327e-10
4.956,1.23542000241e-05,0.302806607437,0.657733392123,0.814360699063,2.55070575772e-10,2.5506990514e-10
4.968,1.19851057736e-05,0.30280664261,0.657733426033,0.814360726533,2.39961717163e-10,2.39961982925e-10
4.98,1.16270385349e-05,0.302806676592,0.657733458775,0.814360753056,2.25749585692e-10,2.25749668751e-10
4.992,1.12796688567e-05,0.302806709424,0.65773349039,0.814360778666,2.12379669406e-10,2.12379819223e-10
5.004,1.09426771567e-05,0.302806741145,0.657733520917,0.814360803393,1.99804506273e-10,1.9980244876e-10
5.016,1.06157533806e-05,0.302806771791,0.657733550392,0.814360827269,1.8797091661e-10,1.87970539975e-10
5.028,1.02985967434e-05,0.3028068014,0.657733578853,0.814360850321,1.76840264654e-10,1.76839868167e-10
5.04,9.99091545131e-06,0.302806830006,0.657733606334,0.81436087258,1.66368141485e-10,1.6636883521e-10
5.052,9.69242641076e-06,0.302806857644,0.657733632869,0.814360894072,1.56518131789e-10,1.56518312605e-10
5.064,9.40285500877e-06,0.302806884345,0.657733658491,0.814360914824,1.47251599802e-10,1.4725149603e-10
5.076,9.12193481968e-06,0.302806910143,0.65773368323,0.814360934861,1.38532740834e-10,1.3853376583e-10
5.088,8.84940738268e-06,0.302806935066,0.657733707118,0.814360954208,1.30331967441e-10,1.30332557897e-10
5.1,8.58502196325e-06,0.302806959146,0.657733730184,0.814360972888,1.22616972131e-10,1.2261724145e-10
5.112,8.32853530283e-06,0.30280698241,0.657733752456,0.814360990925,1.15358722574e-10,1.15359003561e-10
5.124,8.07971143012e-06,0.302807004886,0.657733773961,0.814361008341,1.08530295861e-10,1.08530742133e-10
5.136,7.83832140914e-06,0.302807026601,0.657733794726,0.814361025157,1.02107156064e-10,1.02106963254e-10
5.148,7.60414314805e-06,0.30280704758,0.657733814776,0.814361041394,9.60643231629e-11,9.60636861753e-11
5.16,7.37696119409e-06,0.302807067848,0.657733834137,0.814361057071,9.03779828754e-11,9.03783533868e-11
5.172,7.15656651856e-06,0.30280708743,0.657733852831,0.814361072209,8.50302050992e-11,8.50297456381e-11
5.184,6.94275635462e-06,0.302807106348,0.657733870882,0.814361086826,7.99976751509e-11,7.99979031841e-11
5.196,6.73533398082e-06,0.302807124625,0.657733888311,0.814361100939,7.52640727519e-11,7.5264050243e-11
5.208,6.53410855676e-06,0.302807142283,0.657733905141,0.814361114566,7.08104685998e-11,7.08105250737e-11
5.22,6.338894947e-06,0.302807159343,0.657733921391,0.814361127724,6.66208754829e-11,6.66207137892e-11
5.232,6.14951353618e-06,0.302807175825,0.657733937083,0.814361140429,6.26791396563e-11,6.26789878187e-11
5.244,5.96579008969e-06,0.302807191748,0.657733952234,0.814361152697,5.89710502652e-11,5.89706459436e-11
5.256,5.78755556766e-06,0.302807207131,0.657733966864,0.814361164542,5.54828405441e-11,5.54818586982e-11
5.268,5.61464598377e-06,0.302807221994,0.657733980991,0.814361175979,5.22004661718e-11,5.21996169048e-11
5.28,5.44690225385e-06,0.302807236352,0.657733994632,0.814361187023,4.91118812285e-11,4.91116829572e-11
5.292,5.2841700371e-06,0.302807250224,0.657734007803,0.814361197686,4.62067051288e-11,4.62065447886e-11
5.304,5.12629961635e-06,0.302807263625,0.657734020521,0.814361207982,4.34744462652e-11,4.34733732051e-11
5.316,4.97314573817e-06,0.302807276573,0.657734032802,0.814361217924,4.09020595171e-11,4.09019809589e-11
5.328,4.8245674916e-06,0.302807289081,0.65773404466,0.814361227524,3.84831055911e-11,3.84827848637e-11
5.34,4.68042817805e-06,0.302807301166,0.657734056111,0.814361236793,3.62074259463e-11,3.62067699327e-11
5.352,4.54059517481e-06,0.302807312841,0.657734067167,0.814361245743,3.40654726649e-11,3.4065455491e-11
5.364,4.40493983224e-06,0.30280732412,0.657734077843,0.814361254385,3.20509729868e-11,3.20508637663e-11
5.376,4.2733373363e-06,0.302807335016,0.657734088152,0.81436126273,3.01562663729e-11,3.0155489758e-11
5.388,4.1456666044e-06,0.302807345543,0.657734098106,0.814361270787,2.83730816619e-11,2.83722733466e-11
5.4,4.02181017355e-06,0.302807355714,0.657734107717,0.814361278567,2.66939803595e-11,2.66945728903e-11
5.412,3.90165408317e-06,0.302807365539,0.657734116999,0.81436128608,2.51158538411e-11,2.51161402757e-11
5.424,3.78508778661e-06,0.302807375031,0.65773412596,0.814361293333,2.36314301461e-11,2.36310977923e-11
5.436,3.67200403317e-06,0.302807384202,0.657734134614,0.814361300337,2.22344920253e-11,2.22339159471e-11
5.448,3.56229877847e-06,0.302807393061,0.65773414297,0.8143613071,2.09193773415e-11,2.09193929288e-11
5.46,3.45587108845e-06,0.30280740162,0.657734151039,0.814361313631,1.96836991151e-11,1.96826351667e-11
5.472,3.35262303859e-06,0.302807409889,0.65773415883,0.814361319936,1.85190196511e-11,1.85190389596e-11
5.484,3.25245963794e-06,0.302807417877,0.657734166353,0.814361326025,1.74247283269e-11,1.74242734467e-11
5.496,3.15528872767e-06,0.302807425594,0.657734173617,0.814361331904,1.63944968712e-11,1.63942642719e-11
5.508,3.06102090414e-06,0.30280743305,0.657734180632,0.814361337581,1.54258272822e-11,1.54251784604e-11
5.52,2.96956943634e-06,0.302807440252,0.657734187405,0.814361343062,1.45130019114e-11,1.45134101033e-11
5.532,2.88085017932e-06,0.302807447211,0.657734193946,0.814361348355,1.36554656471e-11,1.36555668279e-11
5.544,2.7947815089e-06,0.302807453933,0.657734200261,0.814361353466,1.28487775974e-11,1.28484572572e-11
5.556,2.7112842345e-06,0.302807460427,0.65773420636,0.814361358401,1.20883303367e-11,1.20890789793e-11
5.568,2.63028153303e-06,0.302807466701,0.657734212248,0.814361363166,1.13754006215e-11,1.137460741e-11
5.58,2.55169887797e-06,0.302807472762,0.657734217935,0.814361367767,1.0703493647e-11,1.07023852489e-11
5.592,2.47546396492e-06,0.302807478618,0.657734223425,0.81436137221,1.00702224337e-11,1.00699125152e-11
5.604,2.40150665559e-06,0.302807484274,0.657734228727,0.8143613765,9.47425471409e-12,9.47483731187e-12
5.616,2.32975890282e-06,0.302807489739,0.657734233847,0.814361380643,8.9154794658e-12,8.91494696382e-12
5.628,2.26015469379e-06,0.302807495019,0.65773423879,0.814361384643,8.38779046219e-12,8.38815981531e-12
5.64,2.1926299891e-06,0.302807500119,0.657734243564,0.814361388505,7.89285303782e-12,7.89251746355e-12
5.652,2.12712265878e-06,0.302807505046,0.657734248174,0.814361392235,7.42639283402e-12,7.4261774194e-12
5.664,2.06357243417e-06,0.302807509806,0.657734252625,0.814361395836,6.98596736015e-12,6.98740630398e-12
5.676,2.00192084348e-06,0.302807514405,0.657734256923,0.814361399313,6.57485177413e-12,6.57457332147e-12
5.688,1.942111163e-06,0.302807518847,0.657734261073,0.814361402671,6.18632922667e-12,6.18614421652e-12
5.7,1.88408836473e-06,0.302807523139,0.657734265081,0.814361405913,5.8205662512e-12,5.82067555343e-12
5.712,1.82779906146e-06,0.302807527285,0.65773426895,0.814361409044,5.4778404035e-12,5.47680930956e-12
5.724,1.77319146531e-06,0.30280753129,0.657734272687,0.814361412067,5.15359976916e-12,5.15326786353e-12
5.736,1.72021533247e-06,0.30280753516,0.657734276296,0.814361414986,4.84956519387e-12,4.84884918677e-12
5.748,1.66882192121e-06,0.302807538898,0.65773427978,0.814361417805,4.56251703085e-12,4.56242239197e-12
5.76,1.61896394691e-06,0.302807542509,0.657734283144,0.814361420527,4.29323243623e-12,4.2929235185e-12
5.772,1.57059553483e-06,0.302807545997,0.657734286393,0.814361423155,4.03993505316e-12,4.03935154923e-12
5.784,1.52367218453e-06,0.302807549367,0.657734289531,0.814361425692,3.80101505826e-12,3.8007647182e-12
5.796,1.47815072235e-06,0.302807552623,0.65773429256,0.814361428143,3.57602836232e-12,3.57627696796e-12
5.808,1.43398926535e-06,0.302807555768,0.657734295485,0.814361430509,3.36453087613e-12,3.36505466984e-12
5.82,1.39114718266e-06,0.302807558807,0.65773429831,0.814361432794,3.16613402163e-12,3.16631351872e-12
5.832,1.34958505491e-06,0.302807561742,0.657734301038,0.814361435,2.97972757579e-12,2.97931559831e-12
5.844,1.30926464361e-06,0.302807564578,0.657734303672,0.814361437131,2.80353518178e-12,2.80336666057e-12
5.856,1.27014885038e-06,0.302807567317,0.657734306215,0.814361439188,2.63794541766e-12,2.63781351543e-12
5.868,1.23220168593e-06,0.302807569963,0.657734308671,0.814361441175,2.48268072767e-12,2.48204161421e-12
5.88,1.19538823685e-06,0.30280757252,0.657734311043,0.814361443093,2.33574271036e-12,2.33547276152e-12
5.892,1.15967463073e-06,0.302807574989,0.657734313333,0.814361444945,2.19840812221e-12,2.19756295279e-12
5.904,1.12502800992e-06,0.302807577375,0.657734315544,0.814361446733,2.06767936106e-12,2.06780036959e-12
5.916,1.09141649641e-06,0.30280757968,0.65773431768,0.81436144846,1.94572136181e-12,1.94570345614e-12
5.928,1.05880916521e-06,0.302807581906,0.657734319742,0.814361450128,1.8306467453e-12,1.83081913852e-12
5.94,1.02717601583e-06,0.302807584057,0.657734321733,0.814361451738,1.72378777918e-12,1.7227211386e-12
5.952,9.96487942296e-07,0.302807586135,0.657734323656,0.814361453293,1.62003743753e-12,1.62100838044e-12
5.964,9.66716710592e-07,0.302807588142,0.657734325512,0.814361454795,1.52555745814e-12,1.52530351299e-12
5.976,9.37834928493e-07,0.302807590081,0.657734327305,0.814361456245,1.43496325933e-12,1.43525149255e-12
5.988,9.09816022698e-07,0.302807591954,0.657734329037,0.814361457645,1.35069733176e-12,1.35051827048e-12
6,8.82634214296e-07,0.302807593764,0.657734330708,0.814361458997,1.2691514506e-12,1.27078955054e-12
6.012,8.56264493031e-07,0.302807595512,0.657734332323,0.814361460302,1.19593224213e-12,1.19576961449e-12
6.024,8.30682597897e-07,0.302807597201,0.657734333882,0.814361461563,1.1247114351e-12,1.1251802333e-12
6.036,8.0586499123e-07,0.302807598832,0.657734335387,0.81436146278,1.05820907592e-12,1.05875962245e-12
6.048,7.81788839054e-07,0.302807600408,0.657734336841,0.814361463956,9.97368854172e-13,9.96261474706e-13
6.06,7.58431989997e-07,0.302807601931,0.657734338245,0.814361465091,9.37860900052e-13,9.37454044286e-13
6.072,7.3577295318e-07,0.302807603401,0.6577343396,0.814361466187,8.82849349182e-13,8.82119281261e-13
6.084,7.13790881541e-07,0.302807604822,0.657734340909,0.814361467245,8.30391311268e-13,8.3005202907e-13
6.096,6.92465549575e-07,0.302807606194,0.657734342173,0.814361468267,7.80986386673e-13,7.81059254509e-13
6.108,6.71777336443e-07,0.30280760752,0.657734343393,0.814361469254,7.36466443385e-13,7.34959334815e-13
6.12,6.51707207856e-07,0.302807608801,0.657734344572,0.814361470207,6.91779966644e-13,6.9158138263e-13
6.132,6.32236697075e-07,0.302807610038,0.65773434571,0.814361471127,6.5103478164e-13,6.50764607956e-13
6.144,6.13347890584e-07,0.302807611234,0.657734346809,0.814361472016,6.13065154198e-13,6.12357726654e-13
6.156,5.95023408958e-07,0.302807612388,0.657734347871,0.814361472874,5.76150238629e-13,5.7621839285e-13
6.168,5.77246392352e-07,0.302807613504,0.657734348895,0.814361473702,5.42177414076e-13,5.42212673422e-13
6.18,5.60000484934e-07,0.302807614581,0.657734349885,0.814361474502,5.09758901757e-13,5.1021455041e-13
6.192,5.43269818556e-07,0.302807615622,0.657734350841,0.814361475275,4.8017145815e-13,4.80105450683e-13
6.204,5.27039000446e-07,0.302807616627,0.657734351764,0.814361476021,4.5130565951e-13,4.51773809905e-13
6.216,5.11293096769e-07,0.302807617599,0.657734352655,0.814361476741,4.26381152607e-13,4.25114654126e-13
6.228,4.96017620154e-07,0.302807618537,0.657734353515,0.814361477437,3.99680288865e-13,4.00029212384e-13
6.24,4.81198516319e-07,0.302807619443,0.657734354346,0.814361478109,3.76032538441e-13,3.76424549887e-13
6.252,4.66822150044e-07,0.302807620319,0.657734355149,0.814361478757,3.53772566797e-13,3.5421322128e-13
6.264,4.52875294589e-07,0.302807621165,0.657734355923,0.814361479384,3.33566507749e-13,3.33312949201e-13
6.276,4.3934511757e-07,0.302807621982,0.657734356672,0.814361479989,3.1380453791e-13,3.13646315821e-13
6.288,4.26219170242e-07,0.302807622771,0.657734357394,0.814361480573,2.95541369155e-13,2.95140477237e-13
6.3,4.13485376009e-07,0.302807623534,0.657734358092,0.814361481137,2.77555756156e-13,2.77726893053e-13
6.312,4.01132018363e-07,0.30280762427,0.657734358766,0.814361481681,2.6151303345e-13,2.61341070735e-13
6.324,3.89147731798e-07,0.302807624982,0.657734359417,0.814361482207,2.46025422257e-13,2.45922328634e-13
6.336,3.77521489672e-07,0.302807625669,0.657734360045,0.814361482715,2.30926389122e-13,2.31413568567e-13
6.348,3.66242594997e-07,0.302807626333,0.657734360652,0.814361483206,2.18491891246e-13,2.17761065245e-13
6.36,3.55300670565e-07,0.302807626975,0.657734361237,0.814361483679,2.05557793009e-13,2.0491426689e-13
6.372,3.44685648587e-07,0.302807627594,0.657734361803,0.814361484136,1.93289828587e-13,1.92825606761e-13
6.384,3.34387762883e-07,0.302807628193,0.65773436235,0.814361484578,1.8168799798e-13,1.81450328423e-13
6.396,3.24397538452e-07,0.302807628771,0.657734362877,0.814361485004,1.71418435002e-13,1.70746318064e-13
6.408,3.14705783562e-07,0.302807629329,0.657734363387,0.814361485416,1.61204383176e-13,1.60673949241e-13
6.42,3.05303581258e-07,0.302807629869,0.657734363879,0.814361485814,1.51212375954e-13,1.51195935869e-13
6.432,2.96182280468e-07,0.30280763039,0.657734364354,0.814361486198,1.43107747874e-13,1.42277193245e-13
6.444,2.87333489283e-07,0.302807630894,0.657734364813,0.814361486569,1.33670852165e-13,1.33884709216e-13
6.456,2.78749066004e-07,0.30280763138,0.657734365256,0.814361486927,1.26565424807e-13,1.25987420533e-13
6.468,2.70421112334e-07,0.30280763185,0.657734365683,0.814361487272,1.18627330181e-13,1.18556098376e-13
6.48,2.62341966092e-07,0.302807632304,0.657734366097,0.814361487606,1.11244347067e-13,1.11563239944e-13
6.492,2.54504193564e-07,0.302807632742,0.657734366496,0.814361487929,1.04860564676e-13,1.04982965987e-13
6.504,2.4690058373e-07,0.302807633165,0.657734366881,0.81436148824,9.76441150158e-14,9.87909257918e-14
6.516,2.39524140571e-07,0.302807633575,0.657734367253,0.814361488541,9.27591337074e-14,9.29642060213e-14
6.528,2.3236807722e-07,0.30280763397,0.657734367612,0.814361488831,8.82627304577e-14,8.74812462862e-14
6.54,2.254258097e-07,0.302807634351,0.657734367959,0.814361489111,8.27116153346e-14,8.23217592094e-14
6.552,2.1869095035e-07,0.30280763472,0.657734368294,0.814361489382,7.84372566898e-14,7.7466654858e-14
6.564,2.12157302868e-07,0.302807635076,0.657734368618,0.814361489643,7.29971638691e-14,7.28979706833e-14
6.576,2.05818855699e-07,0.30280763542,0.65773436893,0.814361489896,6.89448498292e-14,6.85988042858e-14
6.588,1.99669777007e-07,0.302807635753,0.657734369232,0.81436149014,6.46704911844e-14,6.45532511629e-14
6.6,1.93704409296e-07,0.302807636074,0.657734369523,0.814361490375,6.11732886568e-14,6.07463457523e-14
6.612,1.87917263762e-07,0.302807636384,0.657734369804,0.814361490602,5.73985303731e-14,5.71640057078e-14
6.624,1.82303016033e-07,0.302807636684,0.657734370076,0.814361490822,5.33462163332e-14,5.37929802296e-14
6.636,1.76856500483e-07,0.302807636973,0.657734370338,0.814361491034,5.05151476204e-14,5.06208004811e-14
6.648,1.71572705921e-07,0.302807637253,0.657734370592,0.814361491239,4.76840789077e-14,4.76357336759e-14
6.66,1.66446770959e-07,0.302807637523,0.657734370836,0.814361491436,4.54081217072e-14,4.48267396008e-14
6.672,1.61473979165e-07,0.302807637784,0.657734371073,0.814361491627,4.2243986087e-14,4.21834295168e-14
6.684,1.56649755399e-07,0.302807638036,0.657734371301,0.814361491812,3.92463839205e-14,3.96960280523e-14
6.696,1.51969660931e-07,0.302807638279,0.657734371521,0.81436149199,3.77475828373e-14,3.7355336635e-14
6.708,1.47429389731e-07,0.302807638514,0.657734371734,0.814361492161,3.48610029732e-14,3.51526996291e-14
6.72,1.43024764496e-07,0.302807638741,0.657734371939,0.814361492327,3.28626015289e-14,3.30799722706e-14
6.732,1.38751732478e-07,0.302807638961,0.657734372138,0.814361492488,3.1918911958e-14,3.11294903541e-14
6.744,1.34606362342e-07,0.302807639173,0.657734372329,0.814361492642,2.93653990013e-14,2.92940421279e-14
6.756,1.30584839963e-07,0.302807639378,0.657734372514,0.814361492792,2.69784194984e-14,2.75668413222e-14
6.768,1.26683465247e-07,0.302807639575,0.657734372693,0.814361492936,2.57016630201e-14,2.59415021739e-14
6.78,1.22898648711e-07,0.302807639766,0.657734372866,0.814361493076,2.35367281221e-14,2.4412015776e-14
6.792,1.19226907899e-07,0.302807639951,0.657734373032,0.81436149321,2.26485497024e-14,2.29727277203e-14
6.804,1.15664864685e-07,0.302807640129,0.657734373193,0.81436149334,2.12607709216e-14,2.16183173656e-14
6.816,1.1220924166e-07,0.302807640301,0.657734373349,0.814361493466,2.14828155265e-14,2.03437779458e-14
6.828,1.08856859397e-07,0.302807640468,0.657734373499,0.814361493587,1.89293025699e-14,1.91443981476e-14
6.84,1.05604633517e-07,0.302807640628,0.657734373644,0.814361493704,1.79856129989e-14,1.80157446651e-14
6.852,1.02449571607e-07,0.302807640784,0.657734373783,0.814361493817,1.67088565206e-14,1.69536457091e-14
6.864,9.93887709037e-08,0.302807640934,0.657734373919,0.814361493926,1.57096557984e-14,1.59541757154e-14
6.876,9.64194151861e-08,0.302807641078,0.657734374049,0.814361494032,1.50990331349e-14,1.50136406718e-14
6.888,9.35387724298e-08,0.302807641218,0.657734374175,0.814361494133,1.38222766566e-14,1.4128564529e-14
6.9,9.07441922819e-08,0.302807641353,0.657734374297,0.814361494232,1.29896093881e-14,1.32956763325e-14
6.912,8.80331034158e-08,0.302807641484,0.657734374414,0.814361494327,1.29896093881e-14,1.25118980584e-14
6.924,8.54030115365e-08,0.30280764161,0.657734374528,0.814361494418,1.16573417586e-14,1.17743333334e-14
6.936,8.28514967163e-08,0.302807641732,0.657734374637,0.814361494507,1.21014309684e-14,1.10802566112e-14
6.948,8.03762113746e-08,0.30280764185,0.657734374743,0.814361494592,1.01030295241e-14,1.04271031479e-14
6.96,7.797487811e-08,0.302807641963,0.657734374845,0.814361494675,1.09356967926e-14,9.81245951047e-15
6.972,7.5645287427e-08,0.302807642073,0.657734374944,0.814361494755,9.10382880193e-15,9.23405460261e-15
6.984,7.33852960219e-08,0.302807642179,0.657734375039,0.814361494832,9.27036225562e-15,8.68975134507e-15
6.996,7.11928244938e-08,0.302807642281,0.657734375131,0.814361494906,8.54871728961e-15,8.17753868951e-15
7.008,6.90658556079e-08,0.30280764238,0.65773437522,0.814361494978,7.82707232361e-15,7.69552422479e-15
7.02,6.70024324336e-08,0.302807642476,0.657734375306,0.814361495047,8.43769498715e-15,7.24192717434e-15
7.032,6.50006563905e-08,0.302807642568,0.657734375389,0.814361495114,6.77236045021e-15,6.8150717764e-15
7.044,6.30586857755e-08,0.302807642657,0.657734375469,0.814361495179,5.55111512313e-15,6.41338114582e-15
7.056,6.11747337962e-08,0.302807642744,0.657734375546,0.814361495241,6.55031584529e-15,6.03537138355e-15
7.068,5.93470670785e-08,0.302807642827,0.657734375621,0.814361495301,5.77315972805e-15,5.67964612137e-15
7.08,5.75740040665e-08,0.302807642907,0.657734375693,0.81436149536,4.32986979604e-15,5.34489135619e-15
7.092,5.58539133435e-08,0.302807642985,0.657734375763,0.814361495416,5.55111512313e-15,5.0298705662e-15
7.104,5.41852123668e-08,0.30280764306,0.65773437583,0.81436149547,5.44009282066e-15,4.73342018277e-15
7.116,5.25663657771e-08,0.302807643132,0.657734375895,0.814361495522,3.94129173742e-15,4.45444524468e-15
7.128,5.09958841167e-08,0.302807643202,0.657734375958,0.814361495573,4.71844785466e-15,4.19191537342e-15
7.14,4.94723224544e-08,0.30280764327,0.657734376018,0.814361495622,3.66373598126e-15,3.94486096231e-15
7.152,4.79942789428e-08,0.302807643335,0.657734376077,0.814361495669,3.71924713249e-15,3.71236957311e-15
7.164,4.65603937307e-08,0.302807643398,0.657734376133,0.814361495715,4.21884749358e-15,3.49358259596e-15
7.176,4.51693475111e-08,0.302807643459,0.657734376188,0.814361495759,2.99760216649e-15,3.28769204234e-15
7.188,4.38198604195e-08,0.302807643518,0.65773437624,0.814361495801,2.83106871279e-15,3.0939375764e-15
7.2,4.25106908519e-08,0.302807643575,0.657734376291,0.814361495842,2.44249065418e-15,2.91160370323e-15
7.212,4.12406342257e-08,0.30280764363,0.65773437634,0.814361495882,2.72004641033e-15,2.74001711024e-15
7.224,4.00085220448e-08,0.302807643683,0.657734376388,0.81436149592,2.55351295664e-15,2.57854420274e-15
7.236,3.8813220652e-08,0.302807643734,0.657734376433,0.814361495957,2.10942374679e-15,2.42658873829e-15
7.248,3.76536302824e-08,0.302807643784,0.657734376478,0.814361495993,1.94289029309e-15,2.28358963597e-15
7.26,3.65286840477e-08,0.302807643831,0.65773437652,0.814361496028,1.11022302463e-15,2.14901890195e-15
7.272,3.54373468712e-08,0.302807643878,0.657734376562,0.814361496061,1.60982338571e-15,2.0223796682e-15
7.284,3.4378614685e-08,0.302807643922,0.657734376601,0.814361496093,2.27595720048e-15,1.90320437393e-15
7.296,3.33515133577e-08,0.302807643965,0.65773437664,0.814361496124,1.66533453694e-15,1.79105302006e-15
7.308,3.23550978804e-08,0.302807644007,0.657734376677,0.814361496154,1.94289029309e-15,1.6855115532e-15
7.32,3.13884514951e-08,0.302807644047,0.657734376713,0.814361496183,1.72084568817e-15,1.58619033495e-15
7.332,3.04506847787e-08,0.302807644086,0.657734376747,0.814361496211,1.7763568394e-15,1.49272269459e-15
7.344,2.95409349534e-08,0.302807644123,0.657734376781,0.814361496238,8.881784197e-16,1.40476358752e-15
7.356,2.86583649653e-08,0.30280764416,0.657734376813,0.814361496264,1.38777878078e-15,1.32198830718e-15
7.368,2.7802162785e-08,0.302807644195,0.657734376844,0.814361496289,1.60982338571e-15,1.24409129287e-15
7.38,2.69715406585e-08,0.302807644228,0.657734376875,0.814361496314,2.05391259556e-15,1.17078500001e-15
7.392,2.61657343203e-08,0.302807644261,0.657734376904,0.814361496337,1.88737914186e-15,1.10179883251e-15
7.404,2.53840024007e-08,0.302807644293,0.657734376932,0.81436149636,2.33146835171e-15,1.03687815273e-15
7.416,2.46256256341e-08,0.302807644323,0.657734376959,0.814361496382,1.72084568817e-15,9.75783331295e-16
7.428,2.38899062581e-08,0.302807644353,0.657734376985,0.814361496403,-5.55111512313e-16,9.18288866927e-16
7.44,2.31761673695e-08,0.302807644381,0.65773437701,0.814361496423,0,8.64182553336e-16
7.452,2.24837522485e-08,0.302807644408,0.657734377035,0.814361496443,1.27675647832e-15,8.13264691236e-16
7.464,2.18120238493e-08,0.302807644435,0.657734377058,0.814361496462,2.22044604925e-15,7.65347357741e-16
7.476,2.11603641196e-08,0.302807644461,0.657734377081,0.81436149648,1.55431223448e-15,7.20253705266e-16
7.488,2.05281734846e-08,0.302807644485,0.657734377103,0.814361496498,2.22044604925e-16,6.7781731232e-16
7.5,1.99148702934e-08,0.302807644509,0.657734377124,0.814361496515,4.4408920985e-16,6.37881568353e-16
7.512,1.93198902382e-08,0.302807644532,0.657734377145,0.814361496532,-2.22044604925e-16,6.00299092529e-16
7.524,1.87426859169e-08,0.302807644555,0.657734377165,0.814361496548,9.43689570931e-16,5.64931194576e-16
7.536,1.8182726248e-08,0.302807644576,0.657734377184,0.814361496563,7.21644966006e-16,5.31647357565e-16
7.548,1.76394960275e-08,0.302807644597,0.657734377202,0.814361496578,7.21644966006e-16,5.00324758471e-16
7.56,1.71124954531e-08,0.302807644617,0.65773437722,0.814361496593,9.43689570931e-16,4.70847814715e-16
7.572,1.66012396252e-08,0.302807644637,0.657734377238,0.814361496607,3.33066907388e-16,4.43107754972e-16
7.584,1.61052581707e-08,0.302807644655,0.657734377254,0.81436149662,9.99200722163e-16,4.17002221376e-16
7.596,1.56240947407e-08,0.302807644673,0.65773437727,0.814361496633,7.77156117238e-16,3.92434887851e-16
7.608,1.51573066297e-08,0.302807644691,0.657734377286,0.814361496646,5.55111512313e-16,3.69315106434e-16
7.62,1.47044643662e-08,0.302807644708,0.657734377301,0.814361496658,5.55111512313e-16,3.47557572437e-16
7.632,1.42651512846e-08,0.302807644724,0.657734377315,0.814361496669,1.11022302463e-16,3.27082007881e-16
7.644,1.38389632017e-08,0.30280764474,0.657734377329,0.814361496681,-3.33066907388e-16,3.07812867938e-16
7.656,1.34255079849e-08,0.302807644755,0.657734377343,0.814361496691,5.55111512313e-16,2.89679059204e-16
7.668,1.30244052252e-08,0.30280764477,0.657734377356,0.814361496702,5.55111512313e-16,2.72613678776e-16
7.68,1.26352858855e-08,0.302807644784,0.657734377368,0.814361496712,8.32667268469e-16,2.56553767113e-16
7.692,1.22577919322e-08,0.302807644798,0.657734377381,0.814361496722,3.88578058619e-16,2.41440074473e-16
7.704,1.1891576058e-08,0.302807644811,0.657734377392,0.814361496731,1.27675647832e-15,2.27216844206e-16
7.716,1.15363013102e-08,0.302807644824,0.657734377404,0.814361496741,1.66533453694e-16,2.1383160496e-16
7.728,1.11916408101e-08,0.302807644836,0.657734377415,0.814361496749,-1.11022302463e-16,2.01234977917e-16
7.74,1.08572774506e-08,0.302807644848,0.657734377425,0.814361496758,1.66533453694e-16,1.89380494674e-16
7.752,1.05329035799e-08,0.30280764486,0.657734377435,0.814361496766,-2.22044604925e-16,1.78224424739e-16
7.764,1.02182207628e-08,0.302807644871,0.657734377445,0.814361496774,1.66533453694e-16,1.67725615637e-16
7.776,9.91293946209e-09,0.302807644882,0.657734377455,0.814361496782,1.66533453694e-16,1.5784533946e-16
7.788,9.61677879641e-09,0.302807644892,0.657734377464,0.814361496789,3.88578058619e-16,1.48547150797e-16
7.8,9.32946628135e-09,0.302807644902,0.657734377473,0.814361496797,3.88578058619e-16,1.39796752236e-16
7.812,9.05073755718e-09,0.302807644912,0.657734377481,0.814361496803,-4.4408920985e-16,1.31561866958e-16
7.824,8.78033618382e-09,0.302807644921,0.65773437749,0.81436149681,6.10622663544e-16,1.23812120898e-16
7.836,8.51801336698e-09,0.30280764493,0.657734377498,0.814361496817,6.10622663544e-16,1.16518929429e-16
7.848,8.2635277504e-09,0.302807644939,0.657734377505,0.814361496823,1.49880108324e-15,1.09655392549e-16
7.86,8.01664519299e-09,0.302807644947,0.657734377513,0.814361496829,1.27675647832e-15,1.03196195548e-16
7.872,7.77713853512e-09,0.302807644956,0.65773437752,0.814361496835,-2.22044604925e-16,9.71175150393e-17
7.884,7.54478742237e-09,0.302807644963,0.657734377527,0.81436149684,6.10622663544e-16,9.13969319751e-17
7.896,7.31937807021e-09,0.302807644971,0.657734377534,0.814361496846,4.4408920985e-16,8.60133480335e-17
7.908,7.10070308548e-09,0.302807644978,0.65773437754,0.814361496851,-2.22044604925e-16,8.09469082492e-17
7.92,6.88856127489e-09,0.302807644986,0.657734377547,0.814361496856,2.22044604925e-16,7.61789276792e-17
7.932,6.68275744418e-09,0.302807644992,0.657734377553,0.814361496861,8.881784197e-16,7.16918221203e-17
7.944,6.48310224672e-09,0.302807644999,0.657734377558,0.814361496866,8.881784197e-16,6.74690438501e-17
7.956,6.28941198123e-09,0.302807645005,0.657734377564,0.81436149687,4.4408920985e-16,6.34950199392e-17
7.968,6.10150843843e-09,0.302807645012,0.65773437757,0.814361496875,-4.4408920985e-16,5.9755095144e-17
7.98,5.91921873651e-09,0.302807645018,0.657734377575,0.814361496879,4.4408920985e-16,5.62354778081e-17
7.992,5.7423751485e-09,0.302807645023,0.65773437758,0.814361496883,0,5.29231887076e-17
8.004,5.57081497216e-09,0.302807645029,0.657734377585,0.814361496887,-2.22044604925e-16,4.98060136189e-17
8.016,5.40438035626e-09,0.302807645034,0.65773437759,0.814361496891,2.22044604925e-16,4.68724578036e-17
8.028,5.24291816872e-09,0.30280764504,0.657734377594,0.814361496894,0,4.41117038582e-17
8.04,5.08627985525e-09,0.302807645045,0.657734377599,0.814361496898,4.4408920985e-16,4.15135717837e-17
8.052,4.93432129103e-09,0.302807645049,0.657734377603,0.814361496901,-2.22044604925e-16,3.90684812322e-17
8.064,4.78690266893e-09,0.302807645054,0.657734377607,0.814361496905,0,3.67674164826e-17
8.076,4.64388835016e-09,0.302807645059,0.657734377611,0.814361496908,-2.22044604925e-16,3.46018929087e-17
8.088,4.50514675104e-09,0.302807645063,0.657734377615,0.814361496911,-2.22044604925e-16,3.25639257864e-17
8.1,4.3705502215e-09,0.302807645067,0.657734377619,0.814361496914,-8.881784197e-16,3.06460008725e-17
8.112,4.23997491764e-09,0.302807645071,0.657734377622,0.814361496917,6.66133814775e-16,2.884104653e-17
8.124,4.11330070565e-09,0.302807645075,0.657734377626,0.81436149692,2.22044604925e-16,2.71424078982e-17
8.136,3.99041103354e-09,0.302807645079,0.657734377629,0.814361496922,8.881784197e-16,2.5543822082e-17
8.148,3.87119283378e-09,0.302807645083,0.657734377632,0.814361496925,2.22044604925e-16,2.40393952005e-17
8.16,3.75553641891e-09,0.302807645086,0.657734377635,0.814361496928,-2.22044604925e-16,2.26235806303e-17
8.172,3.64333537206e-09,0.30280764509,0.657734377638,0.81436149693,2.22044604925e-16,2.12911584524e-17
8.184,3.5344864644e-09,0.302807645093,0.657734377641,0.814361496932,6.66133814775e-16,2.00372163638e-17
8.196,3.42888954483e-09,0.302807645096,0.657734377644,0.814361496935,-2.22044604925e-16,1.8857131389e-17
8.208,3.32644745645e-09,0.302807645099,0.657734377647,0.814361496937,0,1.77465529338e-17
8.22,3.22706594677e-09,0.302807645102,0.657734377649,0.814361496939,8.881784197e-16,1.67013867196e-17
8.232,3.13065357364e-09,0.302807645105,0.657734377652,0.814361496941,-6.66133814775e-16,1.57177796084e-17
8.244,3.03712163436e-09,0.302807645108,0.657734377654,0.814361496943,0,1.47921055349e-17
8.256,2.94638407088e-09,0.302807645111,0.657734377657,0.814361496945,-6.66133814775e-16,1.3920951998e-17
8.268,2.85835739797e-09,0.302807645113,0.657734377659,0.814361496947,-4.4408920985e-16,1.31011075364e-17
8.28,2.77296062614e-09,0.302807645116,0.657734377661,0.814361496948,-2.22044604925e-16,1.23295498956e-17
8.292,2.69011518078e-09,0.302807645118,0.657734377663,0.81436149695,-2.22044604925e-16,1.16034348115e-17
8.304,2.60974484122e-09,0.30280764512,0.657734377665,0.814361496952,-1.33226762955e-15,1.09200856356e-17
8.316,2.53177565931e-09,0.302807645123,0.657734377667,0.814361496953,4.4408920985e-16,1.02769833554e-17
8.328,2.45613589766e-09,0.302807645125,0.657734377669,0.814361496955,-4.4408920985e-16,9.67175735527e-18
8.34,2.38275596344e-09,0.302807645127,0.657734377671,0.814361496956,4.4408920985e-16,9.10217668377e-18
8.352,2.31156833889e-09,0.302807645129,0.657734377673,0.814361496958,-2.22044604925e-16,8.56614177231e-18
8.364,2.24250752892e-09,0.302807645131,0.657734377675,0.814361496959,-4.4408920985e-16,8.06167677582e-18
8.376,2.17550999119e-09,0.302807645133,0.657734377676,0.814361496961,-2.22044604925e-16,7.58692220793e-18
8.388,2.11051408305e-09,0.302807645135,0.657734377678,0.814361496962,2.22044604925e-16,7.14012813032e-18
8.4,2.04746000461e-09,0.302807645137,0.657734377679,0.814361496963,4.4408920985e-16,6.7196476899e-18
8.412,1.98628973903e-09,0.302807645138,0.657734377681,0.814361496964,2.22044604925e-16,6.32393101822e-18
8.424,1.92694700757e-09,0.30280764514,0.657734377682,0.814361496966,2.22044604925e-16,5.95151957408e-18
8.436,1.86937720941e-09,0.302807645142,0.657734377684,0.814361496967,0,5.60104070463e-18
8.448,1.8135273761e-09,0.302807645143,0.657734377685,0.814361496968,-6.66133814775e-16,5.27120262517e-18
8.46,1.75934612267e-09,0.302807645145,0.657734377686,0.814361496969,-4.4408920985e-16,4.96078964279e-18
8.472,1.70678359627e-09,0.302807645146,0.657734377688,0.81436149697,2.22044604925e-16,4.66865765542e-18
8.484,1.65579143757e-09,0.302807645147,0.657734377689,0.814361496971,-6.66133814775e-16,4.39372997573e-18
8.496,1.60632272906e-09,0.302807645149,0.65773437769,0.814361496972,-2.22044604925e-16,4.13499331906e-18
8.508,1.55833195589e-09,0.30280764515,0.657734377691,0.814361496973,4.4408920985e-16,3.89149409242e-18
8.52,1.51177496385e-09,0.302807645151,0.657734377692,0.814361496974,-6.66133814775e-16,3.66233487318e-18
8.532,1.46660891529e-09,0.302807645152,0.657734377693,0.814361496974,-2.22044604925e-16,3.44667108516e-18
8.544,1.42279225587e-09,0.302807645154,0.657734377694,0.814361496975,4.4408920985e-16,3.24370791834e-18
8.556,1.38028467022e-09,0.302807645155,0.657734377695,0.814361496976,-6.66133814775e-16,3.0526973605e-18
8.568,1.33904704823e-09,0.302807645156,0.657734377696,0.814361496977,-2.22044604925e-16,2.87293546645e-18
8.58,1.29904144898e-09,0.302807645157,0.657734377697,0.814361496978,-2.22044604925e-16,2.70375975131e-18
8.592,1.26023106281e-09,0.302807645158,0.657734377698,0.814361496978,8.881784197e-16,2.54454674648e-18
8.604,1.22258018284e-09,0.302807645159,0.657734377699,0.814361496979,0,2.39470971359e-18
8.616,1.18605416677e-09,0.30280764516,0.6577343777,0.81436149698,6.66133814775e-16,2.2536964615e-18
8.628,1.15061940797e-09,0.302807645161,0.657734377701,0.81436149698,-2.22044604925e-16,2.1209873307e-18
8.64,1.11624330449e-09,0.302807645162,0.657734377701,0.814361496981,-4.4408920985e-16,1.99609326853e-18
8.652,1.08289422644e-09,0.302807645163,0.657734377702,0.814361496982,-4.4408920985e-16,1.87855401921e-18
8.664,1.05054149152e-09,0.302807645163,0.657734377703,0.814361496982,6.66133814775e-16,1.76793644399e-18
8.676,1.01915533222e-09,0.302807645164,0.657734377704,0.814361496983,0,1.66383290738e-18
8.688,9.88706870973e-10,0.302807645165,0.657734377704,0.814361496983,-1.11022302463e-15,1.56585978502e-18
8.7,9.5916809347e-10,0.302807645166,0.657734377705,0.814361496984,-4.4408920985e-16,1.47365604947e-18
8.712,9.30511820729e-10,0.302807645166,0.657734377706,0.814361496984,-8.881784197e-16,1.38688193029e-18
8.724,9.02711687986e-10,0.302807645167,0.657734377706,0.814361496985,2.22044604925e-16,1.30521767439e-18
8.736,8.75742116545e-10,0.302807645168,0.657734377707,0.814361496985,2.22044604925e-16,1.22836235665e-18
8.748,8.49578292418e-10,0.302807645168,0.657734377707,0.814361496986,-1.33226762955e-15,1.15603277702e-18
8.76,8.24196143415e-10,0.302807645169,0.657734377708,0.814361496986,4.4408920985e-16,1.08796241359e-18
8.772,7.99572315114e-10,0.30280764517,0.657734377708,0.814361496987,-6.66133814775e-16,1.02390043992e-18
8.784,7.75684152739e-10,0.30280764517,0.657734377709,0.814361496987,2.22044604925e-16,9.63610804382e-19
8.796,7.52509676969e-10,0.302807645171,0.657734377709,0.814361496987,-6.66133814775e-16,9.06871356086e-19
8.808,7.30027565583e-10,0.302807645171,0.65773437771,0.814361496988,4.4408920985e-16,8.53473026258e-19
8.82,7.08217133774e-10,0.302807645172,0.65773437771,0.814361496988,2.22044604925e-16,8.03219061713e-19
8.832,6.870583135e-10,0.302807645172,0.657734377711,0.814361496988,-2.22044604925e-16,7.55924293984e-19
8.844,6.66531637912e-10,0.302807645173,0.657734377711,0.814361496989,2.22044604925e-16,7.11414461456e-19
8.856,6.46618220569e-10,0.302807645173,0.657734377712,0.814361496989,-4.4408920985e-16,6.69525563934e-19
8.868,6.27299739663e-10,0.302807645174,0.657734377712,0.814361496989,1.99840144433e-15,6.30103259454e-19
8.88,6.08558421105e-10,0.302807645174,0.657734377712,0.81436149699,2.22044604925e-16,5.93002297716e-19
8.892,5.9037702078e-10,0.302807645175,0.657734377713,0.81436149699,4.4408920985e-16,5.58085979546e-19
8.904,5.72738811171e-10,0.302807645175,0.657734377713,0.81436149699,-4.4408920985e-16,5.25225658134e-19
8.916,5.55627563492e-10,0.302807645175,0.657734377713,0.814361496991,8.881784197e-16,4.94300261944e-19
8.928,5.39027534136e-10,0.302807645176,0.657734377714,0.814361496991,-4.4408920985e-16,4.65195849474e-19
8.94,5.22923450144e-10,0.302807645176,0.657734377714,0.814361496991,0,4.37805190032e-19
8.952,5.07300493952e-10,0.302807645177,0.657734377714,0.814361496991,0,4.12027366224e-19
8.964,4.921442919e-10,0.302807645177,0.657734377715,0.814361496992,-2.22044604925e-16,3.87767406451e-19
8.976,4.77440898878e-10,0.302807645177,0.657734377715,0.814361496992,-2.22044604925e-16,3.64935928874e-19
8.988,4.63176786684e-10,0.302807645178,0.657734377715,0.814361496992,2.22044604925e-16,3.43448816364e-19
9,4.49338831532e-10,0.302807645178,0.657734377716,0.814361496992,-2.22044604925e-16,3.23226906414e-19
9.012,4.35914300953e-10,0.302807645178,0.657734377716,0.814361496993,0,3.04195696986e-19
9.024,4.22890843912e-10,0.302807645179,0.657734377716,0.814361496993,-4.4408920985e-16,2.86285074616e-19
9.036,4.10256477624e-10,0.302807645179,0.657734377716,0.814361496993,-4.4408920985e-16,2.69429053215e-19
9.048,3.97999577544e-10,0.302807645179,0.657734377717,0.814361496993,-2.22044604925e-16,2.53565533566e-19
9.06,3.86108866633e-10,0.302807645179,0.657734377717,0.814361496993,-4.4408920985e-16,2.38636073086e-19
9.072,3.74573404104e-10,0.30280764518,0.657734377717,0.814361496994,-4.4408920985e-16,2.24585670268e-19
9.084,3.63382576932e-10,0.30280764518,0.657734377717,0.814361496994,2.22044604925e-16,2.11362562962e-19
9.096,3.5252608852e-10,0.30280764518,0.657734377717,0.814361496994,4.4408920985e-16,1.98918037495e-19
9.108,3.41993950102e-10,0.30280764518,0.657734377718,0.814361496994,2.22044604925e-16,1.87206248507e-19
9.12,3.31776471516e-10,0.302807645181,0.657734377718,0.814361496994,0,1.76184050135e-19
9.132,3.21864251537e-10,0.302807645181,0.657734377718,0.814361496994,1.11022302463e-15,1.65810836572e-19
9.144,3.12248170579e-10,0.302807645181,0.657734377718,0.814361496994,0,1.56048394512e-19
9.156,3.02919380958e-10,0.302807645181,0.657734377718,0.814361496995,2.22044604925e-16,1.46860760392e-19
9.168,2.93869299501e-10,0.302807645181,0.657734377719,0.814361496995,2.22044604925e-16,1.38214087921e-19
9.18,2.85089599625e-10,0.302807645182,0.657734377719,0.814361496995,1.7763568394e-15,1.30076523987e-19
9.192,2.7657220302e-10,0.302807645182,0.657734377719,0.814361496995,6.66133814775e-16,1.22418091366e-19
9.204,2.68309273388e-10,0.302807645182,0.657734377719,0.814361496995,0,1.1521057819e-19
9.216,2.60293208067e-10,0.302807645182,0.657734377719,0.814361496995,-2.22044604925e-16,1.08427433469e-19
9.228,2.52516631689e-10,0.302807645182,0.657734377719,0.814361496995,-4.4408920985e-16,1.02043669891e-19
9.24,2.44972389366e-10,0.302807645182,0.657734377719,0.814361496995,0,9.60357716302e-20
9.252,2.37653539549e-10,0.302807645183,0.65773437772,0.814361496996,6.66133814775e-16,9.0381606979e-20
9.264,2.30553348643e-10,0.302807645183,0.65773437772,0.814361496996,-8.881784197e-16,8.50603482695e-20
9.276,2.23665283814e-10,0.302807645183,0.65773437772,0.814361496996,-4.4408920985e-16,8.00523933762e-20
9.288,2.16983007537e-10,0.302807645183,0.65773437772,0.814361496996,8.881784197e-16,7.53392952065e-20
9.3,2.10500371741e-10,0.302807645183,0.65773437772,0.814361496996,0,7.09036926902e-20
9.312,2.04211411676e-10,0.302807645183,0.65773437772,0.814361496996,-2.22044604925e-16,6.67292464596e-20
9.324,1.98110341279e-10,0.302807645183,0.65773437772,0.814361496996,6.66133814775e-16,6.28005796556e-20
9.336,1.92191547001e-10,0.302807645183,0.65773437772,0.814361496996,0,5.91032211875e-20
9.348,1.86449583116e-10,0.302807645184,0.65773437772,0.814361496996,6.66133814775e-16,5.562355142e-20
9.36,1.80879166695e-10,0.302807645184,0.657734377721,0.814361496996,-2.22044604925e-16,5.23487533271e-20
9.372,1.7547517233e-10,0.302807645184,0.657734377721,0.814361496996,-2.22044604925e-16,4.92667641297e-20
9.384,1.70232628159e-10,0.302807645184,0.657734377721,0.814361496997,-2.22044604925e-16,4.63662314264e-20
9.396,1.65146710555e-10,0.302807645184,0.657734377721,0.814361496997,-2.22044604925e-16,4.36364712599e-20
9.408,1.60212740101e-10,0.302807645184,0.657734377721,0.814361496997,2.22044604925e-16,4.10674288987e-20
9.42,1.55426177267e-10,0.302807645184,0.657734377721,0.814361496997,4.4408920985e-16,3.86496414208e-20
9.432,1.50782617878e-10,0.302807645184,0.657734377721,0.814361496997,-2.22044604925e-16,3.63742031502e-20
9.444,1.46277789698e-10,0.302807645184,0.657734377721,0.814361496997,-4.4408920985e-16,3.42327330204e-20
9.456,1.41907547868e-10,0.302807645184,0.657734377721,0.814361496997,-1.11022302463e-15,3.22173431595e-20
9.468,1.37667871446e-10,0.302807645184,0.657734377721,0.814361496997,2.22044604925e-16,3.0320610129e-20
9.48,1.33554859689e-10,0.302807645185,0.657734377721,0.814361496997,-6.66133814775e-16,2.85355476962e-20
9.492,1.29564728166e-10,0.302807645185,0.657734377721,0.814361496997,0,2.68555810704e-20
9.504,1.25693805818e-10,0.302807645185,0.657734377721,0.814361496997,-2.22044604925e-16,2.527452251e-20
9.516,1.21938531038e-10,0.302807645185,0.657734377722,0.814361496997,6.66133814775e-16,2.37865485404e-20
9.528,1.18295448696e-10,0.302807645185,0.657734377722,0.814361496997,4.4408920985e-16,2.23861786793e-20
9.54,1.14761206953e-10,0.302807645185,0.657734377722,0.814361496997,-1.11022302463e-15,2.10682550641e-20
9.552,1.1133255391e-10,0.302807645185,0.657734377722,0.814361496997,-2.22044604925e-16,1.98279234465e-20
9.564,1.08006335086e-10,0.302807645185,0.657734377722,0.814361496997,6.66133814775e-16,1.86606155661e-20
9.576,1.04779490054e-10,0.302807645185,0.657734377722,0.814361496997,0,1.75620320083e-20
9.588,1.01649049877e-10,0.302807645185,0.657734377722,0.814361496997,8.881784197e-16,1.65281265553e-20
9.6,9.86121343755e-11,0.302807645185,0.657734377722,0.814361496997,-2.22044604925e-16,1.55550911694e-20
9.612,9.56659492462e-11,0.302807645185,0.657734377722,0.814361496998,2.22044604925e-16,1.46393421888e-20
9.624,9.28077838969e-11,0.302807645185,0.657734377722,0.814361496998,4.4408920985e-16,1.37775067957e-20
9.636,9.00350085508e-11,0.302807645185,0.657734377722,0.814361496998,4.4408920985e-16,1.29664106215e-20
9.648,8.73450720508e-11,0.302807645185,0.657734377722,0.814361496998,2.22044604925e-16,1.22030665255e-20
9.66,8.47354995039e-11,0.302807645185,0.657734377722,0.814361496998,2.22044604925e-16,1.14846630161e-20
9.672,8.22038898108e-11,0.302807645186,0.657734377722,0.814361496998,2.22044604925e-16,1.08085541766e-20
9.684,7.97479138029e-11,0.302807645186,0.657734377722,0.814361496998,0,1.01722499445e-20
9.696,7.7365311755e-11,0.302807645186,0.657734377722,0.814361496998,0,9.57340696822e-21
9.708,7.50538914979e-11,0.302807645186,0.657734377722,0.814361496998,6.66133814775e-16,9.00981951426e-21
9.72,7.2811526395e-11,0.302807645186,0.657734377722,0.814361496998,1.11022302463e-15,8.47941204063e-21
9.732,7.06361532191e-11,0.302807645186,0.657734377722,0.814361496998,-4.4408920985e-16,7.98023099567e-21
9.744,6.85257705513e-11,0.302807645186,0.657734377722,0.814361496998,6.66133814775e-16,7.51043798442e-21
9.756,6.64784366444e-11,0.302807645186,0.657734377722,0.814361496998,-4.4408920985e-16,7.06830278976e-21
9.768,6.44922678005e-11,0.302807645186,0.657734377722,0.814361496998,-2.22044604925e-16,6.65219716029e-21
9.78,6.25654366327e-11,0.302807645186,0.657734377722,0.814361496998,-8.881784197e-16,6.26058855746e-21
9.792,6.06961702402e-11,0.302807645186,0.657734377722,0.814361496998,6.66133814775e-16,5.89203478113e-21
9.804,5.88827488332e-11,0.302807645186,0.657734377723,0.814361496998,-4.4408920985e-16,5.54517846409e-21
9.816,5.71235038961e-11,0.302807645186,0.657734377723,0.814361496998,0,5.21874223533e-21
9.828,5.54168167942e-11,0.302807645186,0.657734377723,0.814361496998,2.22044604925e-16,4.91152387183e-21
9.84,5.37611172795e-11,0.302807645186,0.657734377723,0.814361496998,2.22044604925e-16,4.62239195125e-21
9.852,5.21548819226e-11,0.302807645186,0.657734377723,0.814361496998,6.66133814775e-16,4.35028167239e-21
9.864,5.05966329315e-11,0.302807645186,0.657734377723,0.814361496998,2.22044604925e-16,4.0941909219e-21
9.876,4.90849365728e-11,0.302807645186,0.657734377723,0.814361496998,4.4408920985e-16,3.85317658663e-21
9.888,4.76184019747e-11,0.302807645186,0.657734377723,0.814361496998,8.881784197e-16,3.62635105049e-21
9.9,4.61956798429e-11,0.302807645186,0.657734377723,0.814361496998,8.881784197e-16,3.41287896153e-21
9.912,4.48154611136e-11,0.302807645186,0.657734377723,0.814361496998,2.22044604925e-16,3.21197420946e-21
9.924,4.34764759376e-11,0.302807645186,0.657734377723,0.814361496998,8.881784197e-16,3.02289692241e-21
9.936,4.21774923247e-11,0.302807645186,0.657734377723,0.814361496998,-6.66133814775e-16,2.84495076795e-21
9.948,4.09173151144e-11,0.302807645186,0.657734377723,0.814361496998,4.4408920985e-16,2.67748042708e-21
9.96,3.96947848728e-11,0.302807645186,0.657734377723,0.814361496998,-2.22044604925e-16,2.51986915504e-21
9.972,3.85087767351e-11,0.302807645186,0.657734377723,0.814361496998,2.22044604925e-16,2.37153654751e-21
9.984,3.73581995326e-11,0.302807645186,0.657734377723,0.814361496998,-2.22044604925e-16,2.23193635004e-21
9.996,3.62419946278e-11,0.302807645186,0.657734377723,0.814361496998,6.66133814775e-16,2.10055446286e-21
10.008,3.51591350302e-11,0.302807645186,0.657734377723,0.814361496998,4.4408920985e-16,1.97690704919e-21
10.02,3.41086244479e-11,0.302807645186,0.657734377723,0.814361496998,0,1.86053879941e-21
10.032,3.30894962936e-11,0.302807645186,0.657734377723,0.814361496998,6.66133814775e-16,1.75102115644e-21
10.044,3.21008129339e-11,0.302807645186,0.657734377723,0.814361496998,-2.22044604925e-16,1.64795080476e-21
10.056,3.11416646886e-11,0.302807645186,0.657734377723,0.814361496998,1.11022302463e-15,1.55094818628e-21
10.068,3.0211169071e-11,0.302807645186,0.657734377723,0.814361496998,-2.22044604925e-16,1.45965609138e-21
10.08,2.93084699725e-11,0.302807645186,0.657734377723,0.814361496998,-2.22044604925e-16,1.37373831584e-21
10.092,2.8432736809e-11,0.302807645186,0.657734377723,0.814361496998,6.66133814775e-16,1.29287849803e-21
10.104,2.75831638754e-11,0.302807645186,0.657734377723,0.814361496998,0,1.21677886365e-21
10.116,2.67589694861e-11,0.302807645186,0.657734377723,0.814361496998,6.66133814775e-16,1.1451591665e-21
10.128,2.59593953216e-11,0.302807645186,0.657734377723,0.814361496998,4.4408920985e-16,1.0777556943e-21
10.14,2.51837057288e-11,0.302807645186,0.657734377723,0.814361496998,2.22044604925e-16,1.01432021032e-21
10.152,2.44311869862e-11,0.302807645186,0.657734377723,0.814361496998,2.22044604925e-16,9.54619110908e-22
10.164,2.37011467505e-11,0.302807645186,0.657734377723,0.814361496998,-2.22044604925e-16,8.98432553429e-22
10.176,2.29929133172e-11,0.302807645186,0.657734377723,0.814361496998,4.4408920985e-16,8.45553647501e-22
10.188,2.23058350593e-11,0.302807645186,0.657734377723,0.814361496998,-2.22044604925e-16,7.95787675887e-22
10.2,2.16392798263e-11,0.302807645186,0.657734377723,0.814361496998,-2.22044604925e-16,7.48951366281e-22
10.212,2.09926343126e-11,0.302807645187,0.657734377723,0.814361496998,2.22044604925e-16,7.04872253504e-22
10.224,2.03653035819e-11,0.302807645187,0.657734377723,0.814361496998,0,6.63388021264e-22
10.236,1.97567104319e-11,0.302807645187,0.657734377723,0.814361496998,2.22044604925e-16,6.24345903627e-22
10.248,1.91662949121e-11,0.302807645187,0.657734377723,0.814361496998,0,5.87602146385e-22
10.26,1.85935138071e-11,0.302807645187,0.657734377723,0.814361496998,6.66133814775e-16,5.53021437873e-22
10.272,1.8037840094e-11,0.302807645187,0.657734377723,0.814361496998,-2.22044604925e-16,5.20476424519e-22
10.284,1.74987625337e-11,0.302807645187,0.657734377723,0.814361496998,-2.22044604925e-16,4.89847288814e-22
10.296,1.6975785125e-11,0.302807645187,0.657734377723,0.814361496998,-2.22044604925e-16,4.61021244414e-22
10.308,1.64684266902e-11,0.302807645187,0.657734377723,0.814361496998,1.11022302463e-15,4.33892138188e-22
10.32,1.59762204311e-11,0.302807645187,0.657734377723,0.814361496998,-6.66133814775e-16,4.08360064049e-22
10.332,1.54987134626e-11,0.302807645187,0.657734377723,0.814361496998,-8.881784197e-16,3.84331017538e-22
10.344,1.50354664619e-11,0.302807645187,0.657734377723,0.814361496998,4.4408920985e-16,3.61716501588e-22
10.356,1.45860531987e-11,0.302807645187,0.657734377723,0.814361496998,-2.22044604925e-16,3.40433258987e-22
10.368,1.41500601799e-11,0.302807645187,0.657734377723,0.814361496998,8.881784197e-16,3.20402905607e-22
10.38,1.37270862674e-11,0.302807645187,0.657734377723,0.814361496998,-6.66133814775e-16,3.01551701788e-22
10.392,1.33167422777e-11,0.302807645187,0.657734377723,0.814361496998,1.11022302463e-15,2.83810224917e-22
10.404,1.29186506801e-11,0.302807645187,0.657734377723,0.814361496998,-4.4408920985e-16,2.67113140354e-22
10.416,1.25324451936e-11,0.302807645187,0.657734377723,0.814361496998,4.4408920985e-16,2.51398975449e-22
10.428,1.21577704806e-11,0.302807645187,0.657734377723,0.814361496998,4.4408920985e-16,2.36609864961e-22
10.44,1.17942818194e-11,0.302807645187,0.657734377723,0.814361496998,6.66133814775e-16,2.22691347367e-22
10.452,1.14416447597e-11,0.302807645187,0.657734377723,0.814361496998,2.22044604925e-16,2.09592177538e-22
10.464,1.10995348631e-11,0.302807645187,0.657734377723,0.814361496998,0,1.97264117809e-22
10.476,1.07676373568e-11,0.302807645187,0.657734377723,0.814361496998,0,1.85661775092e-22
10.488,1.04456468708e-11,0.302807645187,0.657734377723,0.814361496998,4.4408920985e-16,1.74742432602e-22
10.5,1.01332671557e-11,0.302807645187,0.657734377723,0.814361496998,2.22044604925e-16,1.64465884388e-22
10.512,9.83021078715e-12,0.302807645187,0.657734377723,0.814361496998,2.22044604925e-16,1.54794286807e-22
10.524,9.53619894275e-12,0.302807645187,0.657734377723,0.814361496998,2.22044604925e-16,1.45692021e-22
10.536,9.25096110441e-12,0.302807645187,0.657734377723,0.814361496998,-2.22044604925e-16,1.37125578543e-22
10.548,8.97423483235e-12,0.302807645187,0.657734377723,0.814361496998,4.4408920985e-16,1.29063411525e-22
10.56,8.70576552283e-12,0.302807645187,0.657734377723,0.814361496999,2.22044604925e-16,1.21475840497e-22
10.572,8.445306154e-12,0.302807645187,0.657734377723,0.814361496999,4.4408920985e-16,1.1433491957e-22
10.584,8.19261709419e-12,0.302807645187,0.657734377723,0.814361496999,6.66133814775e-16,1.07614363751e-22
10.596,7.94746584609e-12,0.302807645187,0.657734377723,0.814361496999,-2.22044604925e-16,1.01289426732e-22
10.608,7.70962685252e-12,0.302807645187,0.657734377723,0.814361496999,2.22044604925e-16,9.53368172244e-23
10.62,7.47888128824e-12,0.302807645187,0.657734377723,0.814361496999,-2.22044604925e-16,8.973461778e-23
10.632,7.25501684145e-12,0.302807645187,0.657734377723,0.814361496999,8.881784197e-16,8.4462195206e-23
10.644,7.03782754911e-12,0.302807645187,0.657734377723,0.814361496999,-2.22044604925e-16,7.95001434525e-23
10.656,6.82711357695e-12,0.302807645187,0.657734377723,0.814361496999,6.66133814775e-16,7.48301911888e-23
10.668,6.62268105264e-12,0.302807645187,0.657734377723,0.814361496999,2.22044604925e-16,7.04351420353e-23
10.68,6.42434188675e-12,0.302807645187,0.657734377723,0.814361496999,-2.22044604925e-16,6.62988143865e-23
10.692,6.23191358503e-12,0.302807645187,0.657734377723,0.814361496999,8.881784197e-16,6.24059741117e-23
10.704,6.04521910674e-12,0.302807645187,0.657734377723,0.814361496999,2.22044604925e-16,5.87422881261e-23
10.716,5.8640866757e-12,0.302807645187,0.657734377723,0.814361496999,0,5.52942710156e-23
10.728,5.68834963676e-12,0.302807645187,0.657734377723,0.814361496999,6.66133814775e-16,5.20492252216e-23
10.74,5.51784630194e-12,0.302807645187,0.657734377723,0.814361496999,-2.22044604925e-16,4.89952032054e-23
10.752,5.35241978908e-12,0.302807645187,0.657734377723,0.814361496999,2.22044604925e-16,4.61209618925e-23
10.764,5.19191790003e-12,0.302807645187,0.657734377723,0.814361496999,-2.22044604925e-16,4.34159161051e-23
10.776,5.03619295822e-12,0.302807645187,0.657734377723,0.814361496999,-2.22044604925e-16,4.08701060178e-23
10.788,4.88510168524e-12,0.302807645187,0.657734377723,0.814361496999,-2.22044604925e-16,3.84741553493e-23
10.8,4.73850506861e-12,0.302807645187,0.657734377723,0.814361496999,0,3.62192447007e-23
10.812,4.59626822304e-12,0.302807645187,0.657734377723,0.814361496999,0,3.40970720586e-23
10.824,4.45826028567e-12,0.302807645187,0.657734377723,0.814361496999,4.4408920985e-16,3.20998235304e-23
10.836,4.32435427643e-12,0.302807645187,0.657734377723,0.814361496999,2.22044604925e-16,3.02201445432e-23
10.848,4.19442699197e-12,0.302807645187,0.657734377723,0.814361496999,-4.4408920985e-16,2.84511177337e-23
10.86,4.06835889184e-12,0.302807645187,0.657734377723,0.814361496999,-2.22044604925e-16,2.67862267739e-23
10.872,3.94603397929e-12,0.302807645187,0.657734377723,0.814361496999,-2.22044604925e-16,2.52193424481e-23
10.884,3.82733971115e-12,0.302807645187,0.657734377723,0.814361496999,-2.22044604925e-16,2.37446951907e-23
10.896,3.71216687769e-12,0.302807645187,0.657734377723,0.814361496999,2.22044604925e-16,2.23568565028e-23
10.908,3.60040951146e-12,0.302807645187,0.657734377723,0.814361496999,2.22044604925e-16,2.1050712752e-23
10.92,3.49196478937e-12,0.302807645187,0.657734377723,0.814361496999,2.22044604925e-16,1.98214569621e-23
10.932,3.38673293016e-12,0.302807645187,0.657734377723,0.814361496999,2.22044604925e-16,1.86645635762e-23
10.944,3.28461711682e-12,0.302807645187,0.657734377723,0.814361496999,-4.4408920985e-16,1.75757748212e-23
10.956,3.18552339339e-12,0.302807645187,0.657734377723,0.814361496999,-2.22044604925e-16,1.65510799061e-23
10.968,3.08936058634e-12,0.302807645187,0.657734377723,0.814361496999,-2.22044604925e-16,1.55867076428e-23
10.98,2.99604022047e-12,0.302807645187,0.657734377723,0.814361496999,1.11022302463e-15,1.46791059139e-23
10.992,2.90547643062e-12,0.302807645187,0.657734377723,0.814361496999,8.881784197e-16,1.3824932561e-23
11.004,2.81758589492e-12,0.302807645187,0.657734377723,0.814361496999,6.66133814775e-16,1.30210445129e-23
11.016,2.73228774596e-12,0.302807645187,0.657734377723,0.814361496999,-2.22044604925e-16,1.22644816552e-23
11.028,2.64950350318e-12,0.302807645187,0.657734377723,0.814361496999,0,1.15524575285e-23
11.04,2.56915700039e-12,0.302807645187,0.657734377723,0.814361496999,-2.22044604925e-16,1.088235095e-23
11.052,2.49117430985e-12,0.302807645187,0.657734377723,0.814361496999,-2.22044604925e-16,1.02516945453e-23
11.064,2.41548368473e-12,0.302807645187,0.657734377723,0.814361496999,-8.881784197e-16,9.6581669941e-24
11.076,2.34201548268e-12,0.302807645187,0.657734377723,0.814361496999,0,9.09958194987e-24
11.088,2.27070210755e-12,0.302807645187,0.657734377723,0.814361496999,-4.4408920985e-16,8.5738834218e-24
11.1,2.201477947e-12,0.302807645187,0.657734377723,0.814361496999,-2.22044604925e-16,8.07913532629e-24
11.112,2.13427930709e-12,0.302807645187,0.657734377723,0.814361496999,-2.22044604925e-16,7.61351574061e-24
11.124,2.06904436269e-12,0.302807645187,0.657734377723,0.814361496999,0,7.17531133912e-24
11.136,2.00571309163e-12,0.302807645187,0.657734377723,0.814361496999,0,6.76290888312e-24
11.148,1.94422722451e-12,0.302807645187,0.657734377723,0.814361496999,6.66133814775e-16,6.37478977012e-24
11.16,1.88453019081e-12,0.302807645187,0.657734377723,0.814361496999,6.66133814775e-16,6.00952480381e-24
11.172,1.82656706266e-12,0.302807645187,0.657734377723,0.814361496999,2.22044604925e-16,5.66576938988e-24
11.184,1.77028451189e-12,0.302807645187,0.657734377723,0.814361496999,2.22044604925e-16,5.34225831109e-24
11.196,1.71563075339e-12,0.302807645187,0.657734377723,0.814361496999,0,5.03780019389e-24
11.208,1.66255550167e-12,0.302807645187,0.657734377723,0.814361496999,6.66133814775e-16,4.75127363787e-24
11.22,1.61100992448e-12,0.302807645187,0.657734377723,0.814361496999,-4.4408920985e-16,4.48162423539e-24
11.232,1.56094659419e-12,0.302807645187,0.657734377723,0.814361496999,4.4408920985e-16,4.22785939858e-24
11.244,1.51231945072e-12,0.302807645187,0.657734377723,0.814361496999,-2.22044604925e-16,3.9890441914e-24
11.256,1.46508375264e-12,0.302807645187,0.657734377723,0.814361496999,8.881784197e-16,3.76429967393e-24
11.268,1.41919603964e-12,0.302807645187,0.657734377723,0.814361496999,-4.4408920985e-16,3.55279805594e-24
11.28,1.37461409238e-12,0.302807645187,0.657734377723,0.814361496999,-6.66133814775e-16,3.35376136108e-24
11.292,1.33129689058e-12,0.302807645187,0.657734377723,0.814361496999,-4.4408920985e-16,3.16645656964e-24
11.304,1.28920458082e-12,0.302807645187,0.657734377723,0.814361496999,8.881784197e-16,2.99019397041e-24
11.316,1.24829843431e-12,0.302807645187,0.657734377723,0.814361496999,2.22044604925e-16,2.82432439076e-24
11.328,1.2085408144e-12,0.302807645187,0.657734377723,0.814361496999,6.66133814775e-16,2.66823789007e-24
11.34,1.16989514179e-12,0.302807645187,0.657734377723,0.814361496999,-8.881784197e-16,2.52135892568e-24
11.352,1.13232585823e-12,0.302807645187,0.657734377723,0.814361496999,0,2.38314723677e-24
11.364,1.09579839858e-12,0.302807645187,0.657734377723,0.814361496999,-2.22044604925e-16,2.25309321011e-24
11.376,1.06027915425e-12,0.302807645187,0.657734377723,0.814361496999,6.66133814775e-16,2.13071884371e-24
11.388,1.0257354449e-12,0.302807645187,0.657734377723,0.814361496999,8.881784197e-16,2.01557329136e-24
11.4,9.92135488346e-13,0.302807645187,0.657734377723,0.814361496999,-8.881784197e-16,1.90723265818e-24
11.412,9.59448368965e-13,0.302807645187,0.657734377723,0.814361496999,0,1.80529859028e-24
11.424,9.27644013358e-13,0.302807645187,0.657734377723,0.814361496999,-6.66133814775e-16,1.70939505599e-24
11.436,8.96693158631e-13,0.302807645187,0.657734377723,0.814361496999,8.881784197e-16,1.619169029e-24
11.448,8.66567327723e-13,0.302807645187,0.657734377723,0.814361496999,4.4408920985e-16,1.53428856886e-24
11.46,8.37238803113e-13,0.302807645187,0.657734377723,0.814361496999,-6.66133814775e-16,1.4544410961e-24
11.472,8.08680599405e-13,0.302807645187,0.657734377723,0.814361496999,1.11022302463e-15,1.37933271865e-24
11.484,7.80866441924e-13,0.302807645187,0.657734377723,0.814361496999,-2.22044604925e-16,1.30868739833e-24
11.496,7.53770739135e-13,0.302807645187,0.657734377723,0.814361496999,-1.55431223448e-15,1.24224401753e-24
11.508,7.27368561002e-13,0.302807645187,0.657734377723,0.814361496999,4.4408920985e-16,1.17975847952e-24
11.52,7.01635615964e-13,0.302807645187,0.657734377723,0.814361496999,-8.881784197e-16,1.12100067893e-24
11.532,6.76548226983e-13,0.302807645187,0.657734377723,0.814361496999,4.4408920985e-16,1.06575434544e-24
11.544,6.5208331263e-13,0.302807645187,0.657734377723,0.814361496999,-1.33226762955e-15,1.01381576548e-24
11.556,6.28218362996e-13,0.302807645187,0.657734377723,0.814361496999,6.66133814775e-16,9.64993858578e-25
11.568,6.04931420576e-13,0.302807645187,0.657734377723,0.814361496999,2.22044604925e-16,9.19109093252e-25
11.58,5.82201059988e-13,0.302807645187,0.657734377723,0.814361496999,0,8.75992510183e-25
11.592,5.60006366935e-13,0.302807645187,0.657734377723,0.814361496999,8.881784197e-16,8.3548537241e-25
11.604,5.38326921341e-13,0.302807645187,0.657734377723,0.814361496999,4.4408920985e-16,7.97438565533e-25
11.616,5.17142776201e-13,0.302807645187,0.657734377723,0.814361496999,6.66133814775e-16,7.61711942006e-25
11.628,4.96434440544e-13,0.302807645187,0.657734377723,0.814361496999,0,7.28173988185e-25
11.64,4.7618286144e-13,0.302807645187,0.657734377723,0.814361496999,1.11022302463e-15,6.96701495993e-25
11.652,4.56369405378e-13,0.302807645187,0.657734377723,0.814361496999,6.66133814775e-16,6.6717797994e-25
11.664,4.36975843072e-13,0.302807645187,0.657734377723,0.814361496999,4.4408920985e-16,6.39495416085e-25
11.676,4.17984330756e-13,0.302807645187,0.657734377723,0.814361496999,-2.22044604925e-16,6.13551684865e-25
11.688,3.99377394843e-13,0.302807645187,0.657734377723,0.814361496999,-6.66133814775e-16,5.89251020006e-25
11.7,3.81137915791e-13,0.302807645187,0.657734377723,0.814361496999,8.881784197e-16,5.66504408752e-25
11.712,3.63249111485e-13,0.302807645187,0.657734377723,0.814361496999,4.4408920985e-16,5.45227720317e-25
11.724,3.45694523346e-13,0.302807645187,0.657734377723,0.814361496999,-4.4408920985e-16,5.25342665346e-25
11.736,3.28457999654e-13,0.302807645187,0.657734377723,0.814361496999,2.22044604925e-16,5.06776109601e-25
11.748,3.1152368154e-13,0.302807645187,0.657734377723,0.814361496999,2.22044604925e-16,4.89459895649e-25
11.76,2.94875988346e-13,0.302807645187,0.657734377723,0.814361496999,2.22044604925e-16,4.73329904142e-25
11.772,2.78499602617e-13,0.302807645187,0.657734377723,0.814361496999,2.22044604925e-16,4.58326963061e-25
11.784,2.62379457214e-13,0.302807645187,0.657734377723,0.814361496999,4.4408920985e-16,4.44395862984e-25
11.796,2.46500720254e-13,0.302807645187,0.657734377723,0.814361496999,0,4.31485049614e-25
11.808,2.30848782131e-13,0.302807645187,0.657734377723,0.814361496999,1.11022302463e-15,4.1954743654e-25
11.82,2.1540924203e-13,0.302807645187,0.657734377723,0.814361496999,0,4.08538845735e-25
11.832,2.00167894179e-13,0.302807645187,0.657734377723,0.814361496999,4.4408920985e-16,3.98418558466e-25
11.844,1.85110715662e-13,0.302807645187,0.657734377723,0.814361496999,1.33226762955e-15,3.89149534667e-25
11.856,1.70223852649e-13,0.302807645187,0.657734377723,0.814361496999,4.4408920985e-16,3.80697598605e-25
11.868,1.55493608133e-13,0.302807645187,0.657734377723,0.814361496999,-6.66133814775e-16,3.73031512071e-25
11.88,1.40906429281e-13,0.302807645187,0.657734377723,0.814361496999,-6.66133814775e-16,3.66123326967e-25
11.892,1.26448894645e-13,0.302807645187,0.657734377723,0.814361496999,-6.66133814775e-16,3.59947611727e-25
11.904,1.12107702388e-13,0.302807645187,0.657734377723,0.814361496999,2.22044604925e-16,3.54481468084e-25
11.916,9.78696574805e-14,0.302807645187,0.657734377723,0.814361496999,-2.22044604925e-16,3.49704782479e-25
11.928,8.37216598755e-14,0.302807645187,0.657734377723,0.814361496999,2.22044604925e-16,3.45599883268e-25
11.94,6.96506924118e-14,0.302807645187,0.657734377723,0.814361496999,2.22044604925e-16,3.42151699798e-25
11.952,5.56438086767e-14,0.302807645187,0.657734377723,0.814361496999,4.4408920985e-16,3.39347626701e-25
11.964,4.16881213828e-14,0.302807645187,0.657734377723,0.814361496999,8.881784197e-16,3.37177317509e-25
11.976,2.77707902324e-14,0.302807645187,0.657734377723,0.814361496999,6.66133814775e-16,3.35632792357e-25
11.988,1.38790102582e-14,0.302807645187,0.657734377723,0.814361496999,-8.881784197e-16,3.34708230763e-25
12,1.3646176621e-30,0.302807645187,0.657734377723,0.814361496999,2.22044604925e-16,3.34400258563e-25
